# Exported by split_tank_mesh.py
o ztz88a_hull
usemtl mat_61
v -247.5218 177.1304 75.5146
v -203.6544 177.1304 76.1721
v -195.9813 177.1304 68.2825
v -203.6544 177.1304 84.5050
v -309.9771 177.1304 123.0050
v -319.6130 177.1304 104.8712
v -333.5316 177.1304 85.7282
v -337.4276 177.1304 85.7282
v -221.1121 177.0758 123.4331
v -188.3082 177.1304 84.5050
v -100.1571 177.1304 84.5050
v -104.4992 177.0758 123.4331
v -122.4328 177.1851 139.9615
v -203.1488 177.1851 139.9615
v -209.6025 177.1195 140.0379
v -215.5209 177.0976 137.3163
v -219.7143 177.0758 132.1178
v -122.4328 177.3164 149.8540
v -203.1191 177.3164 153.3095
v -116.0089 177.1195 140.0379
v -105.8673 177.0758 132.1178
v -110.0607 177.0976 137.3163
v -84.8110 177.1304 84.5050
v 3.3699 177.1304 84.5050
v 18.7161 177.1304 84.5050
v 282.4260 177.1304 124.2893
v 106.8672 177.1304 84.5050
v 122.2133 177.1304 84.5050
v 210.3645 177.1304 84.5050
v 225.7107 177.1304 84.5050
v 269.5780 177.1304 75.5146
v 225.7107 177.1304 76.1721
v 218.0376 177.1304 68.2825
v 210.3645 177.1304 76.1721
v 166.2889 177.1304 75.5146
v 122.2133 177.1304 76.1721
v 114.5403 177.1304 68.2825
v 106.8672 177.1304 76.1721
v 62.7916 177.1304 75.5146
v 18.7161 177.1304 76.1721
v 11.0430 177.1304 68.2825
v 3.3699 177.1304 76.1721
v -40.7057 177.1304 75.5146
v -84.8110 177.1304 76.1721
v -92.4840 177.1304 68.2825
v -100.1571 177.1304 76.1721
v -144.2327 177.1304 75.5146
v -188.3082 177.1304 76.1721
v 309.0438 177.1304 123.0814
v 327.6911 177.1304 115.6505
v 282.4260 177.1304 124.2893
v 338.7249 177.1304 105.9568
v 282.4260 177.1304 124.2893
v 309.0438 93.6921 123.0814
v 309.0438 177.1304 123.0814
v 282.4260 93.6921 124.2893
v 327.6911 177.1304 115.6505
v 338.7249 93.6921 105.9568
v 338.7249 177.1304 105.9568
v 327.6911 93.6921 115.6505
v 309.0438 177.1304 123.0814
v 327.6911 93.6921 115.6505
v 327.6911 177.1304 115.6505
v 309.0438 93.6921 123.0814
v -122.4626 105.6243 149.5941
v -203.1191 177.3164 153.3095
v -203.1488 106.3571 153.4930
v -203.1191 177.3164 153.3095
v -122.4626 105.6243 149.5941
v -122.4328 177.3164 149.8540
v 327.6911 93.6921 115.6505
v 330.1299 93.6921 104.0302
v 338.7249 93.6921 105.9568
v 280.1360 93.6921 119.4883
v 282.4260 93.6921 124.2893
v 309.0438 93.6921 123.0814
v 265.0872 103.8854 124.1211
v 196.1187 -106.1707 145.5423
v 280.1360 93.6921 119.4883
v 196.1187 106.1712 145.5423
v 278.8571 -93.6916 119.8858
v 265.0872 -103.8849 124.1211
v 330.1299 -93.6916 104.0302
v 330.1299 93.6921 104.0302
v 265.0872 103.8854 124.1211
v 265.0872 103.8854 124.1211
v 282.4260 93.6921 124.2893
v 282.4260 177.1304 124.2893
v 330.1299 -93.6916 104.0302
v 235.0789 93.6921 39.4916
v 330.1299 93.6921 104.0302
v 235.0789 -93.6916 39.4916
v -310.1555 105.9306 143.4170
v -220.1604 105.9306 132.3012
v -309.9771 105.9306 123.0509
v -215.5209 105.9196 137.3163
v -209.5728 105.9196 140.0379
v -203.1488 105.9306 145.5423
v -204.6358 105.9306 149.3342
v -203.1488 105.9306 140.3590
v -221.7962 105.9306 123.2190
v -204.4277 -106.1707 145.5423
v -122.4626 105.4384 145.2671
v -203.1488 105.9306 145.5423
v -309.9771 177.1304 123.0050
v -337.4276 106.1712 85.7282
v -309.9771 105.9306 123.0509
v -337.4276 177.1304 85.7282
v -337.4276 177.1304 85.7282
v -333.5019 108.4789 85.7282
v -337.4276 106.1712 85.7282
v -333.5019 108.4789 85.7282
v -337.4276 177.1304 85.7282
v -333.5316 177.1304 85.7282
v -333.5316 177.1304 85.7282
v -319.6130 177.1304 104.8712
v -319.6130 171.6401 104.8712
v -309.9771 105.9306 123.0509
v -309.9771 106.1712 85.7435
v -309.9771 83.3675 85.7435
v -306.0810 83.3675 67.1510
v -306.1405 106.1712 67.1663
v -290.3185 83.3675 55.3625
v -290.3780 106.1712 55.3778
v -272.0875 83.3675 51.1425
v -272.0280 106.1712 51.2037
v -309.9771 -106.1707 123.0509
v -309.9771 -83.3671 85.7435
v -309.9771 -106.1707 85.7435
v -306.0810 -83.3671 67.1510
v -306.1405 -106.1707 67.1663
v -290.3185 -83.3671 55.3625
v -290.3780 -106.1707 55.3778
v -272.0875 -83.3671 51.1425
v -272.0280 -106.1707 51.2037
v -310.1555 105.9306 143.4170
v -310.1555 -106.1707 143.4170
v -272.0875 83.3675 51.1425
v -306.0810 83.3675 67.1510
v -290.3185 83.3675 55.3625
v -309.9771 83.3675 85.7435
v -337.4276 106.1712 85.7282
v -309.9771 106.1712 85.7435
v -309.9771 105.9306 123.0509
v -337.4276 106.1712 85.7282
v -309.9473 108.5336 85.7435
v -309.9771 106.1712 85.7435
v -333.5019 108.4789 85.7282
v 235.0789 -93.6916 39.4916
v -272.0875 83.3675 51.1425
v 235.0789 93.6921 39.4916
v -272.0875 -83.3671 51.1425
v -272.0280 -106.1707 51.2037
v 235.0789 93.6921 39.4916
v -272.0875 83.3675 51.1425
v -272.0280 106.1712 51.2037
v -195.9813 177.1304 68.2825
v -247.5218 171.6401 75.5146
v -247.5218 177.1304 75.5146
v -195.9813 171.6401 68.2825
v -144.2327 177.1304 75.5146
v -195.9813 171.6401 68.2825
v -195.9813 177.1304 68.2825
v -144.2327 171.6401 75.5146
v -92.4840 177.1304 68.2825
v -144.2327 171.6401 75.5146
v -144.2327 177.1304 75.5146
v -92.4840 171.6401 68.2825
v -40.7057 177.1304 75.5146
v -92.4840 171.6401 68.2825
v -92.4840 177.1304 68.2825
v -40.7057 171.6401 75.5146
v 11.0430 177.1304 68.2825
v -40.7057 171.6401 75.5146
v -40.7057 177.1304 75.5146
v 11.0430 171.6401 68.2825
v 62.7916 177.1304 75.5146
v 11.0430 171.6401 68.2825
v 11.0430 177.1304 68.2825
v 62.7916 171.6401 75.5146
v 114.5403 177.1304 68.2825
v 62.7916 171.6401 75.5146
v 62.7916 177.1304 75.5146
v 114.5403 171.6401 68.2825
v 166.2889 177.1304 75.5146
v 114.5403 171.6401 68.2825
v 114.5403 177.1304 68.2825
v 166.2889 171.6401 75.5146
v 218.0376 177.1304 68.2825
v 166.2889 171.6401 75.5146
v 166.2889 177.1304 75.5146
v 218.0376 171.6401 68.2825
v 269.5780 177.1304 75.5146
v 218.0376 171.6401 68.2825
v 218.0376 177.1304 68.2825
v 269.5780 171.6401 75.5146
v -247.5218 177.1304 75.5146
v -319.6130 171.6401 104.8712
v -319.6130 177.1304 104.8712
v -247.5218 171.6401 75.5146
v -333.5316 177.1304 85.7282
v -309.9473 108.4242 118.3874
v -333.5019 108.4789 85.7282
v -309.9473 108.4242 118.3874
v -333.5316 177.1304 85.7282
v -319.6130 171.6401 104.8712
v -203.6544 177.1304 76.1721
v -188.3082 171.7604 76.1721
v -188.3082 177.1304 76.1721
v -203.6544 171.7604 76.1721
v -203.6544 177.1304 84.5050
v -203.6544 171.7604 76.1721
v -203.6544 177.1304 76.1721
v -203.6544 171.7604 84.5050
v -188.3082 177.1304 84.5050
v -203.6544 171.7604 84.5050
v -203.6544 177.1304 84.5050
v -188.3082 171.7604 84.5050
v -188.3082 177.1304 76.1721
v -188.3082 171.7604 84.5050
v -188.3082 177.1304 84.5050
v -188.3082 171.7604 76.1721
v -100.1571 177.1304 76.1721
v -84.8110 171.7604 76.1721
v -84.8110 177.1304 76.1721
v -100.1571 171.7604 76.1721
v -100.1571 177.1304 84.5050
v -100.1571 171.7604 76.1721
v -100.1571 177.1304 76.1721
v -100.1571 171.7604 84.5050
v -84.8110 177.1304 84.5050
v -100.1571 171.7604 84.5050
v -100.1571 177.1304 84.5050
v -84.8110 171.7604 84.5050
v -84.8110 177.1304 76.1721
v -84.8110 171.7604 84.5050
v -84.8110 177.1304 84.5050
v -84.8110 171.7604 76.1721
v 3.3699 177.1304 76.1721
v 18.7161 171.7604 76.1721
v 18.7161 177.1304 76.1721
v 3.3699 171.7604 76.1721
v 3.3699 177.1304 84.5050
v 3.3699 171.7604 76.1721
v 3.3699 177.1304 76.1721
v 3.3699 171.7604 84.5050
v 18.7161 177.1304 84.5050
v 3.3699 171.7604 84.5050
v 3.3699 177.1304 84.5050
v 18.7161 171.7604 84.5050
v 18.7161 177.1304 76.1721
v 18.7161 171.7604 84.5050
v 18.7161 177.1304 84.5050
v 18.7161 171.7604 76.1721
v 106.8672 177.1304 76.1721
v 122.2133 171.7604 76.1721
v 122.2133 177.1304 76.1721
v 106.8672 171.7604 76.1721
v 106.8672 177.1304 84.5050
v 106.8672 171.7604 76.1721
v 106.8672 177.1304 76.1721
v 106.8672 171.7604 84.5050
v 122.2133 177.1304 84.5050
v 106.8672 171.7604 84.5050
v 106.8672 177.1304 84.5050
v 122.2133 171.7604 84.5050
v 122.2133 177.1304 76.1721
v 122.2133 171.7604 84.5050
v 122.2133 177.1304 84.5050
v 122.2133 171.7604 76.1721
v 210.3645 177.1304 76.1721
v 225.7107 171.7604 76.1721
v 225.7107 177.1304 76.1721
v 210.3645 171.7604 76.1721
v 210.3645 177.1304 84.5050
v 210.3645 171.7604 76.1721
v 210.3645 177.1304 76.1721
v 210.3645 171.7604 84.5050
v 225.7107 177.1304 84.5050
v 210.3645 171.7604 84.5050
v 210.3645 177.1304 84.5050
v 225.7107 171.7604 84.5050
v 225.7107 177.1304 76.1721
v 225.7107 171.7604 84.5050
v 225.7107 177.1304 84.5050
v 225.7107 171.7604 76.1721
v 338.7249 177.1304 105.9568
v 269.5780 171.6401 75.5146
v 269.5780 177.1304 75.5146
v 269.5780 171.6401 75.5146
v 338.7249 177.1304 105.9568
v 336.2862 171.6401 104.8712
v 338.7249 93.6921 105.9568
v 336.2862 171.6401 104.8712
v 338.7249 177.1304 105.9568
v 336.2862 171.6401 104.8712
v 338.7249 93.6921 105.9568
v 336.2862 96.1966 104.9018
v 330.1299 93.6921 104.0302
v 336.2862 96.1966 104.9018
v 338.7249 93.6921 105.9568
v 336.2862 96.1966 104.9018
v 330.1299 93.6921 104.0302
v 330.1299 96.2294 104.0302
v -272.0280 106.1712 51.2037
v -306.1405 106.1712 67.1663
v -309.9771 106.1712 85.7435
v -290.3780 106.1712 55.3778
v 235.0789 93.6921 39.4916
v 330.1299 93.6921 104.0302
v -309.9473 108.4242 118.3874
v 297.3260 96.1966 118.0664
v -309.9473 108.5336 85.7435
v -333.5019 108.4789 85.7282
v -309.9473 108.4242 118.3874
v -309.9473 108.5336 85.7435
v -309.9473 108.4242 118.3874
v -309.9771 106.1712 85.7435
v -319.6130 171.6401 104.8712
v 297.3260 96.1966 118.0664
v -309.9473 108.4242 118.3874
v 297.3260 96.1966 118.0664
v -319.6130 171.6401 104.8712
v 297.3260 171.6401 118.0511
v 336.2862 96.1966 104.9018
v 297.3260 171.6401 118.0511
v 336.2862 171.6401 104.8712
v 297.3260 96.1966 118.0664
v 330.1299 96.2294 104.0302
v 297.3260 96.1966 118.0664
v 336.2862 96.1966 104.9018
v 297.3260 96.1966 118.0664
v 330.1299 96.2294 104.0302
v 330.1299 93.6921 104.0302
v 297.3260 171.6401 118.0511
v 269.5780 171.6401 75.5146
v 336.2862 171.6401 104.8712
v -247.5218 -177.1300 75.5146
v -195.9813 -177.1300 68.2825
v -203.6544 -177.1300 76.1721
v -188.3082 -177.1300 76.1721
v -144.2327 -177.1300 75.5146
v -188.3082 -177.1300 84.5050
v -100.1571 -177.1300 84.5050
v -100.1571 -177.1300 76.1721
v -92.4840 -177.1300 68.2825
v -84.8110 -177.1300 76.1721
v -40.7057 -177.1300 75.5146
v -84.8110 -177.1300 84.5050
v 3.3699 -177.1300 84.5050
v 3.3699 -177.1300 76.1721
v 11.0430 -177.1300 68.2825
v 18.7161 -177.1300 76.1721
v 62.7916 -177.1300 75.5146
v 18.7161 -177.1300 84.5050
v 106.8672 -177.1300 84.5050
v 106.8672 -177.1300 76.1721
v 114.5403 -177.1300 68.2825
v 122.2133 -177.1300 76.1721
v 166.2889 -177.1300 75.5146
v 122.2133 -177.1300 84.5050
v 210.3645 -177.1300 84.5050
v 210.3645 -177.1300 76.1721
v 218.0376 -177.1300 68.2825
v 225.7107 -177.1300 76.1721
v 269.5780 -177.1300 75.5146
v 225.7107 -177.1300 84.5050
v 282.4260 -177.1300 124.2893
v 309.0438 -177.1300 123.0814
v 327.6911 -177.1300 115.6505
v 338.7249 -177.1300 105.9568
v -309.9771 -177.1300 123.0050
v -203.6544 -177.1300 84.5050
v -319.6130 -177.1300 104.8712
v -333.5316 -177.1300 85.7282
v -337.4276 -177.1300 85.7282
v 282.4260 -177.1300 124.2893
v 309.0438 -93.6916 123.0814
v 282.4260 -93.6916 124.2893
v 309.0438 -177.1300 123.0814
v 327.6911 -177.1300 115.6505
v 338.7249 -93.6916 105.9568
v 327.6911 -93.6916 115.6505
v 338.7249 -177.1300 105.9568
v 309.0438 -177.1300 123.0814
v 327.6911 -93.6916 115.6505
v 309.0438 -93.6916 123.0814
v 327.6911 -177.1300 115.6505
v 265.0872 -103.8849 124.1211
v -309.9771 -177.1300 123.0050
v 282.4260 -177.1300 124.2893
v -309.9771 -177.1300 123.0050
v 265.0872 -103.8849 124.1211
v -309.9771 -106.1707 123.0509
v 327.6911 -93.6916 115.6505
v 278.8571 -93.6916 119.8858
v 282.4260 -93.6916 124.2893
v 330.1299 -93.6916 104.0302
v 338.7249 -93.6916 105.9568
v 265.0872 -103.8849 124.1211
v 309.0438 -93.6916 123.0814
v 265.0872 -103.8849 124.1211
v 282.4260 -177.1300 124.2893
v 282.4260 -93.6916 124.2893
v -309.9771 -106.1707 123.0509
v -204.4277 -106.1707 145.5423
v -310.1555 -106.1707 143.4170
v 265.0872 -103.8849 124.1211
v 196.1187 -106.1707 145.5423
v -309.9771 -177.1300 123.0050
v -337.4276 -106.1707 85.7282
v -337.4276 -177.1300 85.7282
v -337.4276 -106.1707 85.7282
v -309.9771 -177.1300 123.0050
v -309.9771 -106.1707 123.0509
v -337.4276 -177.1300 85.7282
v -333.5019 -108.4784 85.7282
v -333.5316 -177.1300 85.7282
v -333.5019 -108.4784 85.7282
v -337.4276 -177.1300 85.7282
v -337.4276 -106.1707 85.7282
v -333.5316 -177.1300 85.7282
v -319.6130 -171.6396 104.8712
v -319.6130 -177.1300 104.8712
v -272.0875 -83.3671 51.1425
v -306.0810 -83.3671 67.1510
v -309.9771 -83.3671 85.7435
v -290.3185 -83.3671 55.3625
v -337.4276 -106.1707 85.7282
v -309.9771 -106.1707 123.0509
v -309.9771 -106.1707 85.7435
v -337.4276 -106.1707 85.7282
v -309.9473 -108.5331 85.7435
v -333.5019 -108.4784 85.7282
v -309.9771 -106.1707 85.7435
v -195.9813 -177.1300 68.2825
v -247.5218 -171.6396 75.5146
v -195.9813 -171.6396 68.2825
v -247.5218 -171.6396 75.5146
v -195.9813 -177.1300 68.2825
v -247.5218 -177.1300 75.5146
v -144.2327 -177.1300 75.5146
v -195.9813 -171.6396 68.2825
v -144.2327 -171.6396 75.5146
v -195.9813 -177.1300 68.2825
v -92.4840 -177.1300 68.2825
v -144.2327 -171.6396 75.5146
v -92.4840 -171.6396 68.2825
v -144.2327 -177.1300 75.5146
v -40.7057 -177.1300 75.5146
v -92.4840 -171.6396 68.2825
v -40.7057 -171.6396 75.5146
v -92.4840 -177.1300 68.2825
v 11.0430 -177.1300 68.2825
v -40.7057 -171.6396 75.5146
v 11.0430 -171.6396 68.2825
v -40.7057 -177.1300 75.5146
v 62.7916 -177.1300 75.5146
v 11.0430 -171.6396 68.2825
v 62.7916 -171.6396 75.5146
v 11.0430 -177.1300 68.2825
v 114.5403 -177.1300 68.2825
v 62.7916 -171.6396 75.5146
v 114.5403 -171.6396 68.2825
v 62.7916 -177.1300 75.5146
v 166.2889 -177.1300 75.5146
v 114.5403 -171.6396 68.2825
v 166.2889 -171.6396 75.5146
v 114.5403 -177.1300 68.2825
v 218.0376 -177.1300 68.2825
v 166.2889 -171.6396 75.5146
v 218.0376 -171.6396 68.2825
v 166.2889 -177.1300 75.5146
v 269.5780 -177.1300 75.5146
v 218.0376 -171.6396 68.2825
v 269.5780 -171.6396 75.5146
v 218.0376 -177.1300 68.2825
v -247.5218 -177.1300 75.5146
v -319.6130 -171.6396 104.8712
v -247.5218 -171.6396 75.5146
v -319.6130 -177.1300 104.8712
v -333.5316 -177.1300 85.7282
v -309.9473 -108.4238 118.3874
v -319.6130 -171.6396 104.8712
v -309.9473 -108.4238 118.3874
v -333.5316 -177.1300 85.7282
v -333.5019 -108.4784 85.7282
v -203.6544 -177.1300 76.1721
v -188.3082 -171.7599 76.1721
v -203.6544 -171.7599 76.1721
v -188.3082 -177.1300 76.1721
v -203.6544 -177.1300 84.5050
v -203.6544 -171.7599 76.1721
v -203.6544 -171.7599 84.5050
v -203.6544 -177.1300 76.1721
v -188.3082 -177.1300 84.5050
v -203.6544 -171.7599 84.5050
v -188.3082 -171.7599 84.5050
v -203.6544 -177.1300 84.5050
v -188.3082 -177.1300 76.1721
v -188.3082 -171.7599 84.5050
v -188.3082 -171.7599 76.1721
v -188.3082 -177.1300 84.5050
v -100.1571 -177.1300 76.1721
v -84.8110 -171.7599 76.1721
v -100.1571 -171.7599 76.1721
v -84.8110 -177.1300 76.1721
v -100.1571 -177.1300 84.5050
v -100.1571 -171.7599 76.1721
v -100.1571 -171.7599 84.5050
v -100.1571 -177.1300 76.1721
v -84.8110 -177.1300 84.5050
v -100.1571 -171.7599 84.5050
v -84.8110 -171.7599 84.5050
v -100.1571 -177.1300 84.5050
v -84.8110 -177.1300 76.1721
v -84.8110 -171.7599 84.5050
v -84.8110 -171.7599 76.1721
v -84.8110 -177.1300 84.5050
v 3.3699 -177.1300 76.1721
v 18.7161 -171.7599 76.1721
v 3.3699 -171.7599 76.1721
v 18.7161 -177.1300 76.1721
v 3.3699 -177.1300 84.5050
v 3.3699 -171.7599 76.1721
v 3.3699 -171.7599 84.5050
v 3.3699 -177.1300 76.1721
v 18.7161 -177.1300 84.5050
v 3.3699 -171.7599 84.5050
v 18.7161 -171.7599 84.5050
v 3.3699 -177.1300 84.5050
v 18.7161 -177.1300 76.1721
v 18.7161 -171.7599 84.5050
v 18.7161 -171.7599 76.1721
v 18.7161 -177.1300 84.5050
v 106.8672 -177.1300 76.1721
v 122.2133 -171.7599 76.1721
v 106.8672 -171.7599 76.1721
v 122.2133 -177.1300 76.1721
v 106.8672 -177.1300 84.5050
v 106.8672 -171.7599 76.1721
v 106.8672 -171.7599 84.5050
v 106.8672 -177.1300 76.1721
v 122.2133 -177.1300 84.5050
v 106.8672 -171.7599 84.5050
v 122.2133 -171.7599 84.5050
v 106.8672 -177.1300 84.5050
v 122.2133 -177.1300 76.1721
v 122.2133 -171.7599 84.5050
v 122.2133 -171.7599 76.1721
v 122.2133 -177.1300 84.5050
v 210.3645 -177.1300 76.1721
v 225.7107 -171.7599 76.1721
v 210.3645 -171.7599 76.1721
v 225.7107 -177.1300 76.1721
v 210.3645 -177.1300 84.5050
v 210.3645 -171.7599 76.1721
v 210.3645 -171.7599 84.5050
v 210.3645 -177.1300 76.1721
v 225.7107 -177.1300 84.5050
v 210.3645 -171.7599 84.5050
v 225.7107 -171.7599 84.5050
v 210.3645 -177.1300 84.5050
v 225.7107 -177.1300 76.1721
v 225.7107 -171.7599 84.5050
v 225.7107 -171.7599 76.1721
v 225.7107 -177.1300 84.5050
v 338.7249 -177.1300 105.9568
v 269.5780 -171.6396 75.5146
v 336.2862 -171.6396 104.8712
v 269.5780 -177.1300 75.5146
v 338.7249 -93.6916 105.9568
v 336.2862 -171.6396 104.8712
v 336.2862 -96.1962 104.9018
v 336.2862 -171.6396 104.8712
v 338.7249 -93.6916 105.9568
v 338.7249 -177.1300 105.9568
v 330.1299 -93.6916 104.0302
v 336.2862 -96.1962 104.9018
v 330.1299 -96.2290 104.0302
v 336.2862 -96.1962 104.9018
v 330.1299 -93.6916 104.0302
v 338.7249 -93.6916 105.9568
v -272.0280 -106.1707 51.2037
v -309.9771 -106.1707 85.7435
v -306.1405 -106.1707 67.1663
v 235.0789 -93.6916 39.4916
v 330.1299 -93.6916 104.0302
v -309.9473 -108.4238 118.3874
v 297.3260 -96.1962 118.0664
v -290.3780 -106.1707 55.3778
v -309.9473 -108.5331 85.7435
v -309.9473 -108.4238 118.3874
v -333.5019 -108.4784 85.7282
v -309.9473 -108.5331 85.7435
v -309.9771 -106.1707 85.7435
v -309.9473 -108.4238 118.3874
v -319.6130 -171.6396 104.8712
v 297.3260 -96.1962 118.0664
v 297.3260 -171.6396 118.0511
v 297.3260 -96.1962 118.0664
v -319.6130 -171.6396 104.8712
v -309.9473 -108.4238 118.3874
v 336.2862 -96.1962 104.9018
v 297.3260 -171.6396 118.0511
v 297.3260 -96.1962 118.0664
v 336.2862 -171.6396 104.8712
v 330.1299 -96.2290 104.0302
v 336.2862 -96.1962 104.9018
v 297.3260 -96.1962 118.0664
v 297.3260 -96.1962 118.0664
v 330.1299 -93.6916 104.0302
v 330.1299 -96.2290 104.0302
v 297.3260 -171.6396 118.0511
v 336.2862 -171.6396 104.8712
v 269.5780 -171.6396 75.5146
v -309.9771 -83.3671 85.7435
v -272.0875 83.3675 51.1425
v -272.0875 -83.3671 51.1425
v -309.9771 83.3675 85.7435
v -310.1555 -106.1707 143.4170
v -204.6358 105.9306 149.3342
v -310.1555 105.9306 143.4170
v -204.6358 -106.1707 149.3342
v -203.1488 105.9306 145.5423
v -204.6358 -106.1707 149.3342
v -204.4277 -106.1707 145.5423
v -204.6358 -106.1707 149.3342
v -203.1488 105.9306 145.5423
v -204.6358 105.9306 149.3342
v -204.4277 -106.1707 145.5423
v -204.6358 -106.1707 149.3342
v 282.4260 177.1304 124.2893
v -104.4992 105.3728 123.4331
v 265.0872 103.8854 124.1211
v -104.4992 177.0758 123.4331
v -122.4626 105.4384 145.2671
v -122.4328 177.1851 139.9615
v -122.4328 177.3164 149.8540
v -122.4626 105.6243 149.5941
v -122.4328 177.1851 139.9615
v -122.4626 105.4384 145.2671
v -122.4626 105.4384 139.9921
v -203.1488 177.1851 139.9615
v -203.1488 105.9306 145.5423
v -203.1191 177.3164 153.3095
v -203.1488 106.3571 153.4930
v -203.1488 105.9306 145.5423
v -203.1488 177.1851 139.9615
v -203.1488 105.9306 140.3590
v -122.4626 105.4384 145.2671
v -203.1488 106.3571 153.4930
v -203.1488 105.9306 145.5423
v -203.1488 106.3571 153.4930
v -122.4626 105.4384 145.2671
v -122.4626 105.6243 149.5941
v -122.4626 105.4384 145.2671
v 196.1187 -106.1707 145.5423
v 196.1187 106.1712 145.5423
v 196.1187 -106.1707 145.5423
v -122.4626 105.4384 145.2671
v -204.4277 -106.1707 145.5423
v -207.4315 106.4665 147.1783
v -119.8156 106.4665 146.1539
v -207.4315 106.4665 149.3495
v -119.8156 106.4665 143.9827
v -207.4315 181.2428 147.1783
v -119.8156 181.2428 146.1539
v -119.8156 181.2428 143.9827
v -207.4315 181.2428 149.3495
v -207.4315 106.4665 147.1783
v -119.8156 181.2428 143.9827
v -119.8156 106.4665 143.9827
v -207.4315 181.2428 147.1783
v -119.8156 106.4665 143.9827
v -119.8156 181.2428 146.1539
v -119.8156 106.4665 146.1539
v -119.8156 181.2428 143.9827
v -119.8156 106.4665 146.1539
v -207.4315 181.2428 149.3495
v -207.4315 106.4665 149.3495
v -119.8156 181.2428 146.1539
v -207.4315 106.4665 149.3495
v -207.4315 181.2428 147.1783
v -207.4315 106.4665 147.1783
v -207.4315 181.2428 149.3495
v -104.4992 105.3728 123.4331
v 196.1187 106.1712 145.5423
v 265.0872 103.8854 124.1211
v -105.8673 105.3728 132.1178
v -110.0607 105.3946 137.3163
v -116.0089 105.4165 140.0379
v -122.4626 105.4384 145.2671
v -122.4626 105.4384 139.9921
v -104.4992 105.3728 123.4331
v -105.8673 177.0758 132.1178
v -105.8673 105.3728 132.1178
v -104.4992 177.0758 123.4331
v -110.0607 177.0976 137.3163
v -110.0607 105.3946 137.3163
v -116.0089 177.1195 140.0379
v -116.0089 105.4165 140.0379
v -122.4328 177.1851 139.9615
v -122.4626 105.4384 139.9921
v -221.7962 105.9306 123.2190
v -219.7143 177.0758 132.1178
v -221.1121 177.0758 123.4331
v -220.1604 105.9306 132.3012
v -215.5209 177.0976 137.3163
v -215.5209 105.9196 137.3163
v -209.6025 177.1195 140.0379
v -209.5728 105.9196 140.0379
v -203.1488 177.1851 139.9615
v -203.1488 105.9306 140.3590
v -309.9771 105.9306 123.0509
v -221.1121 177.0758 123.4331
v -309.9771 177.1304 123.0050
v -221.1121 177.0758 123.4331
v -309.9771 105.9306 123.0509
v -221.7962 105.9306 123.2190
v -278.7197 -19.6262 57.7936
v -297.6049 -31.7773 74.6278
v -297.6049 -19.6262 57.7936
v -297.6049 0.1151 51.3107
v -271.7306 0.1151 51.7847
v -297.6049 19.8782 57.6713
v -278.8386 19.8782 57.6713
v -297.6049 32.1277 74.4443
v -297.6049 -19.6262 57.7936
v -297.6049 32.1277 74.4443
v -297.6049 19.8782 57.6713
v -297.6049 -31.7773 74.6278
v -297.6049 0.1151 51.3107
v -307.7465 -103.7755 146.3680
v -271.0466 103.5244 148.4168
v -307.7465 103.5244 146.3680
v -271.0466 -103.7755 148.4168
v -270.8979 -103.7755 145.5576
v -307.7465 -103.7755 146.3680
v -307.5681 -103.7755 143.5087
v -271.0466 -103.7755 148.4168
v -307.5681 -103.7755 143.5087
v -307.7465 103.5244 146.3680
v -307.5681 103.5244 143.5087
v -307.7465 -103.7755 146.3680
v -307.5681 103.5244 143.5087
v -271.0466 103.5244 148.4168
v -270.8979 103.5244 145.5576
v -307.7465 103.5244 146.3680
v -270.8979 103.5244 145.5576
v -271.0466 -103.7755 148.4168
v -270.8979 -103.7755 145.5576
v -271.0466 103.5244 148.4168
v 287.8982 -95.1681 119.8400
v 286.1138 94.6326 122.3628
v 286.1138 -95.1681 122.3628
v 287.8982 94.6326 119.8400
v 285.3703 -95.1681 118.0358
v 285.3703 94.6326 118.0358
v 283.5858 -95.1681 120.5586
v 283.5858 94.6326 120.5586
v 286.1138 -95.1681 122.3628
v 286.1138 94.6326 122.3628
v -325.7990 -23.4761 104.7489
v -309.9771 23.4765 104.7489
v -325.7990 23.4765 104.7489
v -309.9771 -23.4761 104.7489
v -325.7990 -23.4761 104.7489
v -309.9473 -23.4761 79.5970
v -309.9771 -23.4761 104.7489
v -325.7693 -23.4761 79.5970
v -325.7990 23.4765 104.7489
v -325.7693 -23.4761 79.5970
v -325.7990 -23.4761 104.7489
v -325.7693 23.4765 79.5970
v -309.9771 23.4765 104.7489
v -325.7693 23.4765 79.5970
v -325.7990 23.4765 104.7489
v -309.9473 23.4765 79.5970
v -309.9473 -23.4761 79.5970
v -325.7693 23.4765 79.5970
v -309.9473 23.4765 79.5970
v -325.7693 -23.4761 79.5970
v -73.0634 159.5547 127.4849
v -84.1864 144.1991 124.6869
v -82.6994 143.3242 126.4146
v -74.3720 160.7359 125.7725
v -56.8548 171.1698 127.4849
v -57.4199 172.8869 125.7725
v 78.3757 172.3291 127.4849
v 78.2865 174.0572 125.7725
v 110.7632 175.5555 127.4849
v 110.6443 177.2836 125.7725
v 245.9937 177.2726 127.4849
v 246.3803 178.9569 125.7725
v 258.0089 172.5697 127.4849
v 259.6149 173.5431 125.7725
v 260.4179 161.6983 127.4849
v 262.1726 161.5780 125.7725
v 257.6521 152.3909 127.2250
v 259.0498 151.9863 125.7725
v 260.4179 161.6983 124.0447
v 257.6521 152.3909 124.3199
v 258.6335 161.8186 125.7725
v 256.2542 152.8066 125.7725
v 256.4029 171.5854 125.7725
v 258.0089 172.5697 124.0447
v 245.6071 175.5993 125.7725
v 245.9937 177.2726 124.0447
v 110.8524 173.8384 125.7725
v 110.7632 175.5555 124.0447
v 78.4649 170.6011 125.7725
v 78.3757 172.3291 124.0447
v -56.2897 169.4527 125.7725
v -56.8548 171.1698 124.0447
v -71.7549 158.3626 125.7725
v -73.0634 159.5547 124.0447
v -81.4205 142.4492 124.6869
v -82.6994 143.3242 123.4178
v -71.7549 158.3626 125.7725
v -81.4205 142.4492 124.6869
v -56.2897 169.4527 125.7725
v 78.4649 170.6011 125.7725
v 110.8524 173.8384 125.7725
v 245.6071 175.5993 125.7725
v 256.4029 171.5854 125.7725
v 258.6335 161.8186 125.7725
v 256.2542 152.8066 125.7725
v -40.7057 173.5322 123.4637
v -34.6386 173.7837 128.7234
v -40.7057 173.7837 128.7234
v -34.6386 173.5322 123.4637
v -40.7057 175.6211 123.4637
v -34.6386 175.3696 128.7234
v -34.6386 175.6211 123.4637
v -40.7057 175.3696 128.7234
v -34.6386 173.5322 123.4637
v -34.6386 175.3696 128.7234
v -34.6386 173.7837 128.7234
v -34.6386 175.6211 123.4637
v -34.6386 173.7837 128.7234
v -40.7057 175.3696 128.7234
v -40.7057 173.7837 128.7234
v -34.6386 175.3696 128.7234
v -40.7057 173.7837 128.7234
v -40.7057 175.6211 123.4637
v -40.7057 173.5322 123.4637
v -40.7057 175.3696 128.7234
v 79.5059 174.7571 123.4637
v 85.5729 175.0087 128.7234
v 79.5059 175.0087 128.7234
v 85.5729 174.7571 123.4637
v 79.5059 176.8461 123.4637
v 85.5729 176.5946 128.7234
v 85.5729 176.8461 123.4637
v 79.5059 176.5946 128.7234
v 85.5729 174.7571 123.4637
v 85.5729 176.5946 128.7234
v 85.5729 175.0087 128.7234
v 85.5729 176.8461 123.4637
v 85.5729 175.0087 128.7234
v 79.5059 176.5946 128.7234
v 79.5059 175.0087 128.7234
v 85.5729 176.5946 128.7234
v 79.5059 175.0087 128.7234
v 79.5059 176.8461 123.4637
v 79.5059 174.7571 123.4637
v 79.5059 176.5946 128.7234
v 244.9528 137.2869 129.7937
v 243.9713 135.9855 124.0141
v 242.6925 137.1557 124.0141
v 245.9640 136.0948 128.5399
v 252.8044 137.7354 129.8396
v 251.9121 136.4339 128.5858
v 254.7077 137.8447 124.0141
v 253.5478 136.5323 123.9988
v 252.9530 135.2417 129.8396
v 254.8267 135.3511 124.0141
v 253.8750 136.5432 131.0933
v 255.9866 136.6636 124.0141
v 252.8044 137.7354 129.8396
v 254.7077 137.8447 124.0141
v 244.9528 137.2869 129.7937
v 244.0904 135.9855 131.0322
v 242.6925 137.1557 124.0141
v 241.5921 135.8433 124.0294
v 245.1015 134.7933 129.7937
v 242.8412 134.6730 124.0141
v -58.5203 -163.3931 126.5217
v -35.6200 -146.2767 124.9009
v -36.6609 -145.2159 126.3688
v -57.6281 -164.8806 124.8092
v -86.2385 -171.0600 126.5217
v -86.0303 -172.7880 124.8092
v -276.1025 -173.5974 126.5217
v -276.4891 -175.3254 124.8092
v -302.2445 -161.1620 127.4238
v -303.3152 -162.5947 125.7266
v -324.6094 -141.1801 130.3136
v -325.9775 -142.3066 128.6622
v -334.9294 -128.5479 129.8243
v -336.3272 -129.6525 128.1730
v -342.3943 -107.3738 120.5586
v -343.7029 -108.6863 118.9837
v -341.1452 -96.2509 110.2226
v -342.5132 -97.5305 108.6478
v -329.6653 -92.7182 95.2080
v -330.4088 -93.7901 93.4343
v -340.6396 -99.3679 108.6325
v -329.7248 -95.5509 94.2753
v -339.2715 -98.0883 110.1921
v -329.6356 -94.4791 96.4312
v -340.2827 -108.0628 119.3048
v -341.6210 -109.3643 117.7300
v -333.1747 -128.1760 128.1118
v -334.5725 -129.2806 126.4452
v -323.3900 -139.9989 128.5093
v -324.7581 -141.1363 126.8580
v -301.4415 -159.6636 125.6807
v -302.5121 -161.0854 123.9835
v -275.7159 -171.8803 124.7939
v -276.1025 -173.6083 123.0814
v -86.4170 -169.3429 124.7939
v -86.2385 -171.0709 123.0814
v -59.3828 -161.9166 124.7939
v -58.5203 -163.4150 123.0814
v -37.7316 -144.2206 124.9009
v -36.7204 -145.2815 123.4331
v -59.3828 -161.9166 124.7939
v -37.7316 -144.2206 124.9009
v -86.4170 -169.3429 124.7939
v -275.7159 -171.8803 124.7939
v -301.4415 -159.6636 125.6807
v -323.3900 -139.9989 128.5093
v -333.1747 -128.1760 128.1118
v -340.2827 -108.0628 119.3048
v -339.2715 -98.0883 110.1921
v -329.6356 -94.4791 96.4312
v -123.7711 -176.6160 123.3567
v -117.7338 -176.3644 128.6164
v -123.7711 -176.3644 128.6164
v -117.7338 -176.6160 123.3567
v -123.7711 -174.5270 123.3567
v -117.7338 -174.7786 128.6164
v -117.7338 -174.5270 123.3567
v -123.7711 -174.7786 128.6164
v -117.7338 -176.6160 123.3567
v -117.7338 -174.7786 128.6164
v -117.7338 -176.3644 128.6164
v -117.7338 -174.5270 123.3567
v -117.7338 -176.3644 128.6164
v -123.7711 -174.7786 128.6164
v -123.7711 -176.3644 128.6164
v -117.7338 -174.7786 128.6164
v -123.7711 -176.3644 128.6164
v -123.7711 -174.5270 123.3567
v -123.7711 -176.6160 123.3567
v -123.7711 -174.7786 128.6164
v -345.5765 91.1547 146.9948
v -315.1222 91.1547 143.2029
v -345.4873 91.1547 145.6493
v -314.9140 91.1547 144.5331
v -345.5765 9.2475 146.9948
v -315.1222 9.2475 143.2029
v -314.9140 9.2475 144.5331
v -345.4873 9.2475 145.6493
v -345.5765 91.1547 146.9948
v -314.9140 9.2475 144.5331
v -314.9140 91.1547 144.5331
v -345.5765 9.2475 146.9948
v -314.9140 91.1547 144.5331
v -315.1222 9.2475 143.2029
v -315.1222 91.1547 143.2029
v -314.9140 9.2475 144.5331
v -315.1222 91.1547 143.2029
v -345.4873 9.2475 145.6493
v -345.4873 91.1547 145.6493
v -315.1222 9.2475 143.2029
v -345.4873 91.1547 145.6493
v -345.5765 9.2475 146.9948
v -345.5765 91.1547 146.9948
v -345.4873 9.2475 145.6493
v -315.0032 16.3128 144.0133
v -310.1257 16.3128 142.6219
v -315.1222 16.3128 143.2794
v -310.1257 16.3128 143.2488
v -315.0032 10.8661 144.0133
v -310.1257 10.8661 142.6219
v -310.1257 10.8661 143.2488
v -315.1222 10.8661 143.2794
v -315.0032 16.3128 144.0133
v -310.1257 10.8661 143.2488
v -310.1257 16.3128 143.2488
v -315.0032 10.8661 144.0133
v -310.1257 16.3128 142.6219
v -315.1222 10.8661 143.2794
v -315.1222 16.3128 143.2794
v -310.1257 10.8661 142.6219
v -315.0032 89.6891 144.0133
v -310.1257 89.6891 142.6219
v -315.1222 89.6891 143.2794
v -310.1257 89.6891 143.2488
v -315.0032 84.2425 144.0133
v -310.1257 84.2425 142.6219
v -310.1257 84.2425 143.2488
v -315.1222 84.2425 143.2794
v -315.0032 89.6891 144.0133
v -310.1257 84.2425 143.2488
v -310.1257 89.6891 143.2488
v -315.0032 84.2425 144.0133
v -310.1257 89.6891 142.6219
v -315.1222 84.2425 143.2794
v -315.1222 89.6891 143.2794
v -310.1257 84.2425 142.6219
v -315.0032 56.3641 144.0133
v -310.1257 56.3641 142.6219
v -315.1222 56.3641 143.2794
v -310.1257 56.3641 143.2488
v -315.0032 50.9174 144.0133
v -310.1257 50.9174 142.6219
v -310.1257 50.9174 143.2488
v -315.1222 50.9174 143.2794
v -315.0032 56.3641 144.0133
v -310.1257 50.9174 143.2488
v -310.1257 56.3641 143.2488
v -315.0032 50.9174 144.0133
v -310.1257 56.3641 142.6219
v -315.1222 50.9174 143.2794
v -315.1222 56.3641 143.2794
v -310.1257 50.9174 142.6219
v -315.0032 50.3815 144.0133
v -310.1257 50.3815 142.6219
v -315.1222 50.3815 143.2794
v -310.1257 50.3815 143.2488
v -315.0032 44.9349 144.0133
v -310.1257 44.9349 142.6219
v -310.1257 44.9349 143.2488
v -315.1222 44.9349 143.2794
v -315.0032 50.3815 144.0133
v -310.1257 44.9349 143.2488
v -310.1257 50.3815 143.2488
v -315.0032 44.9349 144.0133
v -310.1257 50.3815 142.6219
v -315.1222 44.9349 143.2794
v -315.1222 50.3815 143.2794
v -310.1257 44.9349 142.6219
v -331.7472 -145.5768 104.4278
v -322.8250 146.5615 105.6357
v -322.8250 -145.5768 105.6357
v -331.7472 146.5615 104.4278
v -339.0039 -145.5768 110.1003
v -339.0039 146.5615 110.1003
v -340.1340 -145.5768 119.2284
v -340.1340 146.5615 119.2284
v -334.4536 -145.5768 126.4911
v -334.4536 146.5615 126.4911
v -324.6094 -145.5768 126.8580
v -324.6094 146.5615 126.8580
v -317.0851 -145.5768 121.3231
v -317.0851 146.5615 121.3231
v -317.5014 -145.5768 113.1583
v -317.5014 146.5615 113.1583
v -322.8250 -145.5768 105.6357
v -322.8250 146.5615 105.6357
v -340.1340 -145.5768 119.2284
v -324.6094 -145.5768 126.8580
v -334.4536 -145.5768 126.4911
v -317.0851 -145.5768 121.3231
v -317.5014 -145.5768 113.1583
v -339.0039 -145.5768 110.1003
v -322.8250 -145.5768 105.6357
v -331.7472 -145.5768 104.4278
v -324.6094 146.5615 126.8580
v -340.1340 146.5615 119.2284
v -334.4536 146.5615 126.4911
v -317.0851 146.5615 121.3231
v -317.5014 146.5615 113.1583
v -339.0039 146.5615 110.1003
v -331.7472 146.5615 104.4278
v -322.8250 146.5615 105.6357
v -93.1978 132.3981 129.0139
v -94.6848 131.6872 123.2343
v -95.2499 133.3168 123.2343
v -92.8409 130.8779 127.7601
v -86.0006 129.1826 129.0598
v -87.4281 128.4498 127.8060
v -84.2756 128.4170 123.2343
v -85.9114 127.7718 123.2190
v -87.0415 126.9077 129.0598
v -85.3166 126.1421 123.2343
v -85.6140 127.6405 130.3136
v -83.6808 126.7874 123.2343
v -86.0006 129.1826 129.0598
v -84.2756 128.4170 123.2343
v -93.1978 132.3981 129.0139
v -94.5659 131.6434 130.2524
v -95.2499 133.3168 123.2343
v -96.8559 132.6715 123.2496
v -94.2090 130.1123 129.0139
v -96.2611 131.0419 123.2343
v -29.4934 -129.9915 129.1515
v -31.0399 -130.5056 123.3719
v -31.4266 -128.8213 123.3719
v -29.3150 -131.5446 127.9130
v -22.7423 -134.0492 129.1974
v -24.2294 -134.6069 127.9436
v -21.1364 -135.0226 123.3719
v -22.8018 -135.4600 123.3567
v -24.0212 -136.1819 129.1974
v -22.4152 -137.1662 123.3719
v -22.5341 -135.6241 130.4512
v -20.7497 -136.7178 123.3719
v -22.7423 -134.0492 129.1974
v -21.1364 -135.0226 123.3719
v -29.4934 -129.9915 129.1515
v -30.9210 -130.5712 130.3900
v -31.4266 -128.8213 123.3719
v -33.0921 -129.2697 123.3872
v -30.7723 -132.1243 129.1515
v -32.7054 -130.9540 123.3719
v -315.5683 -89.7543 92.5628
v -309.8283 -88.6497 91.1867
v -309.8283 -87.4466 92.4405
v -314.3489 -90.6839 91.2937
v -315.5683 -97.6180 92.5781
v -314.3489 -96.6227 91.3090
v -309.7094 -99.4554 92.4711
v -309.7391 -98.2414 91.2173
v -315.5980 -97.6180 90.0858
v -309.7689 -99.4664 89.9635
v -316.8471 -98.6133 91.3549
v -309.7391 -100.6694 91.2173
v -315.5683 -97.6180 92.5781
v -309.7094 -99.4554 92.4711
v -315.5683 -89.7543 92.5628
v -316.8471 -88.8247 91.3396
v -309.8283 -87.4466 92.4405
v -309.8581 -86.2435 91.1867
v -315.6277 -89.7543 90.0706
v -309.8581 -87.4466 89.9482
v 118.0199 105.7337 143.5546
v -80.0227 126.4265 143.5546
v -111.3693 105.3509 143.5546
v 86.6733 126.4265 143.5546
v -40.4975 139.7040 143.5546
v 47.1481 139.7040 143.5546
v 3.3104 144.2866 143.5546
v 86.6733 126.4265 137.9585
v 3.3104 144.2866 137.9585
v 47.1481 139.7040 137.9585
v 118.0199 105.7337 137.9585
v -80.0227 126.4265 137.9585
v -111.3693 105.3509 137.9585
v -40.4975 139.7040 137.9585
v -80.0227 126.4265 137.9585
v -40.4975 139.7040 143.5546
v -40.4975 139.7040 137.9585
v -80.0227 126.4265 143.5546
v -111.3693 105.3509 137.9585
v -111.3693 105.3509 143.5546
v 3.3104 144.2866 143.5546
v 3.3104 144.2866 137.9585
v 47.1481 139.7040 143.5546
v 47.1481 139.7040 137.9585
v 86.6733 126.4265 143.5546
v 86.6733 126.4265 137.9585
v 118.0199 105.7337 143.5546
v 118.0199 105.7337 137.9585
v 236.5659 143.6960 123.8153
v 233.2945 139.7915 128.1730
v 233.2945 139.7915 123.8153
v 236.5659 143.6960 128.1730
v 233.2945 147.6005 123.8153
v 233.2945 147.6005 128.1730
v 233.2945 139.7915 123.8153
v 229.9933 143.6960 128.1730
v 229.9933 143.6960 123.8153
v 233.2945 139.7915 128.1730
v 233.2945 147.6005 128.1730
v 233.2945 147.6005 123.8153
v 236.5659 119.0440 123.8153
v 233.2945 115.1505 128.1730
v 233.2945 115.1505 123.8153
v 236.5659 119.0440 128.1730
v 233.2945 122.9485 123.8153
v 233.2945 122.9485 128.1730
v 233.2945 115.1505 123.8153
v 229.9933 119.0440 128.1730
v 229.9933 119.0440 123.8153
v 233.2945 115.1505 128.1730
v 233.2945 122.9485 128.1730
v 233.2945 122.9485 123.8153
v 236.8336 162.4421 126.2311
v 236.8336 157.9907 134.1666
v 236.8336 157.9251 128.9222
v 236.8336 162.5733 136.7353
v 236.8336 167.0903 134.0596
v 236.8336 167.0247 128.7999
v 238.5288 143.6851 126.0324
v 238.5288 151.1551 144.0592
v 238.5288 143.6851 147.1477
v 238.5288 151.1551 129.1209
v 238.5288 154.2503 136.5977
v 238.5288 136.2261 129.1209
v 238.5288 136.2261 144.0592
v 238.5288 133.1309 136.5977
v 231.8670 158.5157 133.8608
v 231.8670 162.4530 126.8580
v 231.8670 158.4610 129.2127
v 231.8670 162.5624 136.1237
v 231.8670 166.5544 133.7538
v 231.8670 166.4997 129.1209
v 226.4839 150.2801 143.1877
v 226.4839 143.6851 127.2709
v 226.4839 143.6851 145.9092
v 226.4839 150.2801 130.0078
v 226.4839 153.0144 136.5977
v 226.4839 137.1010 130.0078
v 226.4839 137.1010 143.1877
v 226.4839 134.3668 136.5977
v 231.8670 158.5157 133.8608
v 236.8336 162.5733 136.7353
v 231.8670 162.5624 136.1237
v 236.8336 157.9907 134.1666
v 231.8670 158.4610 129.2127
v 236.8336 157.9251 128.9222
v 231.8670 162.4530 126.8580
v 236.8336 162.4421 126.2311
v 231.8670 166.5544 133.7538
v 236.8336 167.0247 128.7999
v 231.8670 166.4997 129.1209
v 236.8336 167.0903 134.0596
v 231.8670 162.5624 136.1237
v 236.8336 162.5733 136.7353
v 236.8336 162.4421 126.2311
v 231.8670 162.4530 126.8580
v 226.4839 150.2801 130.0078
v 238.5288 143.6851 126.0324
v 226.4839 143.6851 127.2709
v 238.5288 151.1551 129.1209
v 226.4839 153.0144 136.5977
v 238.5288 154.2503 136.5977
v 226.4839 150.2801 143.1877
v 238.5288 151.1551 144.0592
v 238.5288 136.2261 129.1209
v 226.4839 137.1010 130.0078
v 238.5288 133.1309 136.5977
v 226.4839 134.3668 136.5977
v 238.5288 136.2261 144.0592
v 226.4839 137.1010 143.1877
v 238.5288 143.6851 147.1477
v 226.4839 143.6851 145.9092
v 238.5288 151.1551 144.0592
v 226.4839 150.2801 143.1877
v 238.5288 119.1097 126.0324
v 238.5288 126.5687 144.0592
v 238.5288 119.1097 147.1477
v 238.5288 126.5687 129.1209
v 238.5288 129.6639 136.5977
v 238.5288 111.6397 129.1209
v 238.5288 111.6397 144.0592
v 238.5288 108.5554 136.5977
v 226.4839 125.7047 143.1877
v 226.4839 119.1097 127.2709
v 226.4839 119.1097 145.9092
v 226.4839 125.7047 130.0078
v 226.4839 128.4280 136.5977
v 226.4839 112.5146 130.0078
v 226.4839 112.5146 143.1877
v 226.4839 109.7804 136.5977
v 226.4839 125.7047 130.0078
v 238.5288 119.1097 126.0324
v 226.4839 119.1097 127.2709
v 238.5288 126.5687 129.1209
v 226.4839 128.4280 136.5977
v 238.5288 129.6639 136.5977
v 226.4839 125.7047 143.1877
v 238.5288 126.5687 144.0592
v 238.5288 111.6397 129.1209
v 226.4839 112.5146 130.0078
v 238.5288 108.5554 136.5977
v 226.4839 109.7804 136.5977
v 238.5288 111.6397 144.0592
v 226.4839 112.5146 143.1877
v 238.5288 119.1097 147.1477
v 226.4839 119.1097 145.9092
v 238.5288 126.5687 144.0592
v 226.4839 125.7047 143.1877
v 234.5436 158.4501 123.9988
v 236.0901 158.1438 133.9373
v 234.5436 158.4501 133.9373
v 236.0901 158.1438 123.9988
v 234.5436 166.5544 123.9988
v 236.0901 166.5544 133.9373
v 236.0901 166.5544 123.9988
v 234.5436 166.5544 133.9373
v 236.0901 158.1438 123.9988
v 236.0901 166.5544 133.9373
v 236.0901 158.1438 133.9373
v 236.0901 166.5544 123.9988
v 234.5436 158.4501 133.9373
v 234.5436 166.5544 123.9988
v 234.5436 158.4501 123.9988
v 234.5436 166.5544 133.9373
v 241.1758 173.8493 134.1207
v 241.1758 172.8213 125.3138
v 241.1758 173.8384 124.1517
v 241.1758 172.8432 133.5244
v 241.1758 168.2277 139.5334
v 241.1758 167.7574 138.6771
v 241.1758 144.3960 148.8908
v 241.1758 144.2757 148.1416
v 241.1758 112.2631 149.1354
v 241.1758 112.4818 148.1874
v 241.1758 105.9196 145.2212
v 241.1758 106.8493 144.6402
v 241.1758 105.7228 124.0141
v 241.1758 106.6633 125.1609
v 241.1758 167.8996 124.1670
v 241.1758 167.8778 125.3138
v 238.0530 173.8493 134.1207
v 241.1758 173.8384 124.1517
v 238.0530 173.8384 124.1517
v 241.1758 173.8493 134.1207
v 238.0530 172.8432 133.5244
v 238.0530 173.8384 124.1517
v 238.0530 172.8213 125.3138
v 238.0530 173.8493 134.1207
v 238.0530 167.7574 138.6771
v 238.0530 168.2277 139.5334
v 238.0530 144.2757 148.1416
v 238.0530 144.3960 148.8908
v 238.0530 112.4818 148.1874
v 238.0530 112.2631 149.1354
v 238.0530 106.8493 144.6402
v 238.0530 105.9196 145.2212
v 238.0530 106.6633 125.1609
v 238.0530 105.7228 124.0141
v 238.0530 111.5850 124.0141
v 238.0530 111.5959 125.1609
v 238.0530 167.8778 125.2985
v 238.0530 167.8996 124.1670
v 241.1758 172.8432 133.5244
v 238.0530 172.8213 125.3138
v 241.1758 172.8213 125.3138
v 238.0530 172.8432 133.5244
v 238.0530 168.2277 139.5334
v 241.1758 173.8493 134.1207
v 238.0530 173.8493 134.1207
v 241.1758 168.2277 139.5334
v 238.0530 144.3960 148.8908
v 241.1758 144.3960 148.8908
v 238.0530 112.2631 149.1354
v 241.1758 112.2631 149.1354
v 238.0530 105.9196 145.2212
v 241.1758 105.9196 145.2212
v 241.1758 167.7574 138.6771
v 238.0530 172.8432 133.5244
v 241.1758 172.8432 133.5244
v 238.0530 167.7574 138.6771
v 241.1758 144.2757 148.1416
v 238.0530 144.2757 148.1416
v 241.1758 112.4818 148.1874
v 238.0530 112.4818 148.1874
v 241.1758 106.8493 144.6402
v 238.0530 106.8493 144.6402
v 238.0530 105.7228 124.0141
v 241.1758 105.9196 145.2212
v 238.0530 105.9196 145.2212
v 241.1758 105.7228 124.0141
v 241.1758 106.6633 125.1609
v 238.0530 106.8493 144.6402
v 241.1758 106.8493 144.6402
v 238.0530 106.6633 125.1609
v 238.0530 172.8213 125.3138
v 241.1758 167.8778 125.3138
v 241.1758 172.8213 125.3138
v 241.1758 167.8778 125.3138
v 238.0530 172.8213 125.3138
v 238.0530 167.8778 125.2985
v 241.1758 105.7228 124.0141
v 241.1758 111.5959 125.1609
v 241.1758 111.5850 124.0141
v 241.1758 106.6633 125.1609
v 238.0530 111.5959 125.1609
v 238.0530 106.6633 125.1609
v 241.1758 111.5959 125.1609
v 241.1758 111.5959 125.1609
v 238.0530 111.5850 124.0141
v 238.0530 111.5959 125.1609
v 241.1758 111.5850 124.0141
v 238.0530 167.8778 125.2985
v 241.1758 167.8996 124.1670
v 241.1758 167.8778 125.3138
v 241.1758 167.8996 124.1670
v 238.0530 167.8778 125.2985
v 238.0530 167.8996 124.1670
v 240.6701 106.5212 127.2862
v 239.9267 172.8978 128.0507
v 239.9267 106.5212 128.0507
v 240.6701 172.8978 127.2862
v 239.9267 106.5212 126.5217
v 239.9267 172.8978 126.5217
v 239.1534 106.5212 127.2862
v 239.1534 172.8978 127.2862
v 239.1534 172.8978 127.2862
v 239.1534 106.5212 127.2862
v 240.6701 154.6549 127.3473
v 239.9267 153.9003 144.8237
v 239.9267 153.9003 127.3473
v 240.6701 154.6549 144.5943
v 239.9267 155.4205 127.3473
v 239.9267 155.4205 144.2732
v 239.1534 154.6549 144.5943
v 239.1534 154.6549 127.3473
v 239.9267 155.4205 144.2732
v 239.9267 155.4205 127.3473
v 240.6701 131.1732 127.3473
v 239.9267 130.4076 148.2027
v 239.9267 130.4076 127.3473
v 240.6701 131.1732 148.2027
v 239.1534 131.1732 148.2027
v 239.1534 131.1732 127.3473
v 239.9267 131.9388 148.2027
v 239.9267 131.9388 127.3473
v 240.6701 131.1732 148.2027
v 240.6701 131.1732 127.3473
v 238.2909 135.6683 148.8908
v 227.1977 135.6683 148.2639
v 227.1977 135.6683 148.8908
v 238.2909 135.6683 148.2792
v 238.2909 132.7372 148.8908
v 227.1977 135.6683 148.8908
v 227.1977 132.7372 148.8908
v 238.2909 135.6683 148.8908
v 238.2909 132.7372 148.2792
v 227.1977 132.7372 148.8908
v 227.1977 132.7372 148.2639
v 238.2909 132.7372 148.8908
v 238.2909 135.6683 148.2792
v 227.1977 132.7372 148.2639
v 227.1977 135.6683 148.2639
v 238.2909 132.7372 148.2792
v 238.2909 152.5550 145.5729
v 227.1977 152.3253 144.9919
v 227.1977 152.5550 145.5729
v 238.2909 152.3253 144.9919
v 238.2909 149.8426 146.6737
v 227.1977 152.5550 145.5729
v 227.1977 149.8426 146.6584
v 238.2909 152.5550 145.5729
v 238.2909 149.6130 146.0927
v 227.1977 149.8426 146.6584
v 227.1977 149.6130 146.0927
v 238.2909 149.8426 146.6737
v 238.2909 152.3253 144.9919
v 227.1977 149.6130 146.0927
v 227.1977 152.3253 144.9919
v 238.2909 149.6130 146.0927
v 238.2909 167.7684 139.5028
v 227.1977 167.5278 138.9218
v 227.1977 167.7574 139.4875
v 238.2909 167.5278 138.9218
v 238.2909 165.0560 140.6036
v 227.1977 167.7574 139.4875
v 227.1977 165.0451 140.5883
v 238.2909 167.7684 139.5028
v 238.2909 164.8154 140.0226
v 227.1977 165.0451 140.5883
v 227.1977 164.8154 140.0226
v 238.2909 165.0560 140.6036
v 238.2909 167.5278 138.9218
v 227.1977 164.8154 140.0226
v 227.1977 167.5278 138.9218
v 238.2909 164.8154 140.0226
v 238.2909 173.6853 128.9528
v 227.1977 173.0619 128.9528
v 227.1977 173.6853 128.9528
v 238.2909 173.0728 128.9528
v 238.2909 173.6962 131.8884
v 227.1977 173.6853 128.9528
v 227.1977 173.6853 131.8884
v 238.2909 173.6853 128.9528
v 238.2909 173.0728 131.8884
v 227.1977 173.6853 131.8884
v 227.1977 173.0728 131.8884
v 238.2909 173.6962 131.8884
v 238.2909 173.0728 128.9528
v 227.1977 173.0728 131.8884
v 227.1977 173.0619 128.9528
v 238.2909 173.0728 131.8884
v 238.2909 116.7254 148.8908
v 227.1977 116.7254 148.2639
v 227.1977 116.7254 148.8908
v 238.2909 116.7254 148.2792
v 238.2909 113.8052 148.8908
v 227.1977 116.7254 148.8908
v 227.1977 113.8052 148.8908
v 238.2909 116.7254 148.8908
v 238.2909 113.8052 148.2792
v 227.1977 113.8052 148.8908
v 227.1977 113.8052 148.2639
v 238.2909 113.8052 148.8908
v 238.2909 116.7254 148.2792
v 227.1977 113.8052 148.2639
v 227.1977 116.7254 148.2639
v 238.2909 113.8052 148.2792
v 238.2909 106.0071 136.4448
v 227.1977 106.6415 136.4448
v 227.1977 106.0181 136.4448
v 238.2909 106.6305 136.4448
v 238.2909 106.0181 133.5244
v 227.1977 106.0181 136.4448
v 227.1977 106.0290 133.5244
v 238.2909 106.0071 136.4448
v 238.2909 106.6415 133.5091
v 227.1977 106.0290 133.5244
v 227.1977 106.6415 133.5091
v 238.2909 106.0181 133.5244
v 238.2909 106.6305 136.4448
v 227.1977 106.6415 133.5091
v 227.1977 106.6415 136.4448
v 238.2909 106.6415 133.5091
v 267.5854 109.2117 126.9192
v 269.1617 110.3382 123.9835
v 269.1319 110.3382 126.9192
v 267.6151 109.2117 123.9682
v 266.0389 110.3382 126.9039
v 266.0984 110.3382 123.9530
v 269.1319 110.3382 126.9192
v 267.6151 111.4647 123.9682
v 267.5854 111.4647 126.9192
v 269.1617 110.3382 123.9835
v 266.0984 110.3382 123.9530
v 266.0389 110.3382 126.9039
v 265.6225 107.7680 129.7631
v 269.6078 110.3273 131.5673
v 265.6225 110.3273 131.5673
v 269.6078 107.7680 129.7631
v 265.6225 108.6976 126.7816
v 269.6078 108.6976 126.7816
v 265.6225 111.8256 126.7357
v 269.6078 111.8256 126.7357
v 265.6225 112.8318 129.6867
v 269.6078 112.8318 129.6867
v 265.6225 110.3273 131.5673
v 269.6078 110.3273 131.5673
v 262.4700 110.2944 129.3656
v 265.6225 108.6976 126.7816
v 265.6225 111.8256 126.7357
v 265.6225 112.8318 129.6867
v 265.6225 110.3273 131.5673
v 269.6078 110.3273 131.5673
v 269.6078 111.8256 126.7357
v 269.6078 112.8318 129.6867
v 269.6078 108.6976 126.7816
v 269.6078 107.7680 129.7631
v 286.4409 105.3400 129.4726
v 289.1474 106.3024 127.8978
v 286.4409 106.3024 129.4726
v 289.1474 105.3400 127.8978
v 289.0879 106.3024 123.9224
v 289.0879 105.3400 123.9224
v 283.7048 105.3400 127.8978
v 283.7048 106.3024 127.8978
v 283.7048 105.3400 124.1059
v 283.7048 106.3024 124.1059
v 286.4409 106.3024 129.4726
v 287.8388 106.3024 127.1333
v 286.4409 106.3024 127.9436
v 289.1474 106.3024 127.8978
v 287.8388 106.3024 125.5278
v 289.0879 106.3024 123.9224
v 285.0134 106.3024 125.5125
v 283.7048 106.3024 124.1059
v 285.0134 106.3024 127.1333
v 283.7048 106.3024 127.8978
v 286.4409 106.3024 127.9436
v 287.8388 105.3400 127.1333
v 286.4409 105.3400 127.9436
v 287.8388 106.3024 127.1333
v 287.8388 105.3400 125.5278
v 287.8388 106.3024 125.5278
v 285.0134 105.3400 125.5125
v 285.0134 106.3024 125.5125
v 285.0134 106.3024 127.1333
v 285.0134 105.3400 127.1333
v 285.0134 106.3024 125.5125
v 285.0134 105.3400 125.5125
v 286.4409 105.3400 127.9436
v 289.1474 105.3400 127.8978
v 286.4409 105.3400 129.4726
v 287.8388 105.3400 127.1333
v 289.0879 105.3400 123.9224
v 287.8388 105.3400 125.5278
v 283.7048 105.3400 124.1059
v 285.0134 105.3400 125.5125
v 283.7048 105.3400 127.8978
v 285.0134 105.3400 127.1333
v 280.8794 44.3115 119.1825
v 280.5523 47.2754 124.1059
v 282.1880 44.3115 123.6166
v 279.2437 47.2754 119.6718
v 277.2809 47.2754 125.0844
v 275.9425 47.2754 120.6350
v 275.6154 44.3115 125.5737
v 274.3068 44.3115 121.1243
v 274.3068 44.3115 121.1243
v 277.2809 41.3476 125.0844
v 275.6154 44.3115 125.5737
v 275.9425 41.3476 120.6350
v 280.5523 41.3476 124.1059
v 279.2437 41.3476 119.6718
v 282.1880 44.3115 123.6166
v 280.8794 44.3115 119.1825
v 280.5523 47.2754 124.1059
v 275.6154 44.3115 125.5737
v 282.1880 44.3115 123.6166
v 277.2809 47.2754 125.0844
v 277.2809 41.3476 125.0844
v 280.5523 41.3476 124.1059
v 328.7024 57.0422 89.3061
v 329.4458 61.7779 103.7703
v 329.4458 57.0422 103.7703
v 328.7024 61.7779 89.3061
v 324.8658 57.0422 85.8811
v 324.8658 61.7779 85.8811
v 320.3155 57.0422 87.6853
v 320.3155 61.7779 87.6853
v 315.8841 57.0422 94.6422
v 315.8841 61.7779 94.6422
v 315.8841 57.0422 94.6422
v 328.7024 57.0422 89.3061
v 329.4458 57.0422 103.7703
v 324.8658 57.0422 85.8811
v 320.3155 57.0422 87.6853
v 315.8841 61.7779 94.6422
v 324.8658 61.7779 85.8811
v 320.3155 61.7779 87.6853
v 328.7024 61.7779 89.3061
v 329.4458 61.7779 103.7703
v 325.5498 61.7560 82.2116
v 326.2934 63.8887 94.3517
v 326.2934 61.7560 94.3517
v 325.3416 63.8887 81.6152
v 323.4085 63.8887 96.0183
v 323.4085 61.7560 96.0183
v 320.4939 63.8887 94.3517
v 320.4939 61.7560 94.3517
v 326.2934 63.8887 94.3517
v 320.4939 63.8887 94.3517
v 323.4085 63.8887 96.0183
v 325.3416 63.8887 81.6152
v 319.9586 63.8887 83.6794
v 318.9177 61.7560 78.2056
v 325.5498 61.7560 82.2116
v 318.9177 61.7560 78.2056
v 318.9177 57.0968 78.2056
v 325.5498 57.0968 82.2116
v 325.3416 54.9641 81.6152
v 326.2934 57.0968 94.3517
v 326.2934 54.9641 94.3517
v 325.5498 57.0968 82.2116
v 323.4085 57.0968 96.0183
v 323.4085 54.9641 96.0183
v 320.4939 57.0968 94.3517
v 320.4939 54.9641 94.3517
v 320.4939 54.9641 94.3517
v 326.2934 54.9641 94.3517
v 323.4085 54.9641 96.0183
v 325.3416 54.9641 81.6152
v 319.9586 54.9641 83.6794
v 318.9177 57.0968 78.2056
v 325.5498 57.0968 82.2116
v 320.4939 57.0968 94.3517
v 326.2934 57.0968 94.3517
v 320.1668 57.0968 84.2604
v 318.9177 57.0968 78.2056
v 325.5498 57.0968 82.2116
v 325.5498 61.7560 82.2116
v 320.4939 61.7560 94.3517
v 320.1668 61.7560 84.2604
v 326.2934 61.7560 94.3517
v 325.5498 57.0968 82.2116
v 320.1668 61.7560 84.2604
v 320.1668 57.0968 84.2604
v 320.1668 61.7560 84.2604
v 325.5498 57.0968 82.2116
v 325.5498 61.7560 82.2116
v 322.9029 52.3283 80.8660
v 322.1594 66.3386 82.7926
v 322.1594 52.3283 82.7926
v 322.9029 66.3386 80.8660
v 321.0293 52.3283 79.7193
v 321.0293 66.3386 79.7193
v 320.0775 66.3386 81.8140
v 320.0775 52.3283 81.8140
v 321.0293 66.3386 79.7193
v 321.0293 52.3283 79.7193
v 320.0775 52.3283 81.8140
v 322.9029 52.3283 80.8660
v 322.1594 52.3283 82.7926
v 321.0293 52.3283 79.7193
v 322.1594 66.3386 82.7926
v 321.0293 66.3386 79.7193
v 320.0775 66.3386 81.8140
v 322.9029 66.3386 80.8660
v -301.5010 127.4765 123.0050
v -300.9656 128.8108 130.0536
v -301.5010 128.8108 129.5796
v -300.9656 127.4765 123.0050
v -301.5010 158.3188 123.0050
v -300.9656 156.9845 130.0536
v -300.9656 158.3188 123.0050
v -301.5010 156.9845 129.5796
v -300.9656 127.4765 123.0050
v -300.9656 156.9845 130.0536
v -300.9656 128.8108 130.0536
v -300.9656 158.3188 123.0050
v -300.9656 128.8108 130.0536
v -301.5010 156.9845 129.5796
v -301.5010 128.8108 129.5796
v -300.9656 156.9845 130.0536
v -301.5010 128.8108 129.5796
v -301.5010 158.3188 123.0050
v -301.5010 127.4765 123.0050
v -301.5010 156.9845 129.5796
v -301.0549 127.0718 125.0080
v -290.4375 127.0718 136.4907
v -301.0549 127.0718 136.4907
v -290.4375 127.0718 125.0080
v -290.4375 127.0718 137.8973
v -305.3078 127.0718 137.8973
v -305.3078 127.0718 136.4907
v -301.0549 158.7453 125.0080
v -290.4375 158.7453 136.4907
v -290.4375 158.7453 125.0080
v -301.0549 158.7453 136.4907
v -290.4375 129.1826 139.9156
v -290.4375 158.7453 136.4907
v -290.4375 156.6236 139.9156
v -290.4375 127.0718 136.4907
v -290.4375 127.0718 137.8973
v -290.4375 158.7453 125.0080
v -290.4375 127.0718 125.0080
v -290.4375 158.7672 137.6374
v -301.0549 127.0718 136.4907
v -301.0549 155.9346 139.3040
v -301.0549 158.7453 136.4907
v -301.0549 129.8717 139.3040
v -301.0549 127.0718 125.0080
v -301.0549 158.7453 125.0080
v -305.3078 127.0718 136.4907
v -305.3078 129.1826 139.9156
v -305.3078 129.8717 139.3040
v -305.3078 127.0718 137.8973
v -305.3078 156.6236 139.9156
v -305.3078 155.9346 139.3040
v -305.3078 158.7672 137.6374
v -305.3078 158.7453 136.4907
v -301.0549 158.7453 136.4907
v -290.4375 158.7672 137.6374
v -290.4375 158.7453 136.4907
v -301.0549 129.8717 139.3040
v -305.3078 155.9346 139.3040
v -301.0549 155.9346 139.3040
v -305.3078 129.8717 139.3040
v -301.0549 155.9346 139.3040
v -305.3078 158.7453 136.4907
v -301.0549 158.7453 136.4907
v -305.3078 155.9346 139.3040
v -301.0549 158.7453 136.4907
v -305.3078 158.7453 136.4907
v -305.3078 158.7672 137.6374
v -290.4375 158.7672 137.6374
v -290.4375 158.7672 137.6374
v -305.3078 156.6236 139.9156
v -290.4375 156.6236 139.9156
v -305.3078 158.7672 137.6374
v -290.4375 156.6236 139.9156
v -305.3078 129.1826 139.9156
v -290.4375 129.1826 139.9156
v -305.3078 156.6236 139.9156
v -290.4375 129.1826 139.9156
v -305.3078 127.0718 137.8973
v -290.4375 127.0718 137.8973
v -305.3078 129.1826 139.9156
v -301.0549 127.0718 136.4907
v -305.3078 129.8717 139.3040
v -301.0549 129.8717 139.3040
v -305.3078 127.0718 136.4907
v -318.5721 97.6513 142.4232
v -324.6689 104.6728 139.8086
v -318.5721 103.9947 142.4232
v -324.6689 96.9732 139.8086
v -333.2937 104.6728 137.9279
v -333.2937 96.9732 137.9279
v -343.4352 104.1697 139.2734
v -343.4352 97.4763 139.2734
v -350.6324 103.3822 142.7595
v -350.6324 98.2637 142.7595
v -318.5721 103.9947 142.4232
v -325.5016 104.6728 141.0012
v -319.9699 103.9947 143.1112
v -324.6689 104.6728 139.8086
v -333.2937 104.6728 139.3040
v -333.2937 104.6728 137.9279
v -342.6025 104.1697 140.4660
v -343.4352 104.1697 139.2734
v -350.4540 103.3822 143.9827
v -350.6324 103.3822 142.7595
v -319.9699 103.9947 143.1112
v -325.5016 96.9732 141.0012
v -319.9699 97.6513 143.1112
v -325.5016 104.6728 141.0012
v -333.2937 96.9732 139.3040
v -333.2937 104.6728 139.3040
v -342.6025 97.4763 140.4660
v -342.6025 104.1697 140.4660
v -350.4540 98.2637 143.9827
v -350.4540 103.3822 143.9827
v -319.9699 97.6513 143.1112
v -324.6689 96.9732 139.8086
v -318.5721 97.6513 142.4232
v -325.5016 96.9732 141.0012
v -333.2937 96.9732 137.9279
v -333.2937 96.9732 139.3040
v -343.4352 97.4763 139.2734
v -342.6025 97.4763 140.4660
v -350.6324 98.2637 142.7595
v -350.4540 98.2637 143.9827
v -350.4540 103.3822 143.9827
v -350.6324 98.2637 142.7595
v -350.4540 98.2637 143.9827
v -350.6324 103.3822 142.7595
v -319.9699 97.6513 143.1112
v -318.5721 103.9947 142.4232
v -319.9699 103.9947 143.1112
v -318.5721 97.6513 142.4232
v -309.9176 102.3979 133.1422
v -324.6986 102.3979 139.8239
v -318.6018 102.3979 142.4079
v -333.3531 102.3979 137.9126
v -333.3531 102.3979 133.3715
v -343.4055 102.3979 139.2581
v -343.4650 102.3979 135.1605
v -350.5730 102.3870 142.7137
v -350.6919 102.3870 139.5181
v -309.9176 102.3979 142.3926
v -318.6018 99.4887 142.4079
v -324.6986 99.4777 139.8239
v -309.9176 99.4777 133.1422
v -333.3531 99.4777 133.3715
v -333.3531 99.4777 137.9126
v -343.4650 99.4777 135.1605
v -343.4055 99.4777 139.2581
v -350.6919 99.4996 139.5181
v -350.5730 99.4996 142.7137
v -309.9176 99.4887 142.3926
v -309.9176 99.4777 133.1422
v -333.3531 102.3979 133.3715
v -309.9176 102.3979 133.1422
v -333.3531 99.4777 133.3715
v -343.4650 102.3979 135.1605
v -343.4650 99.4777 135.1605
v -350.6919 102.3870 139.5181
v -350.6919 99.4996 139.5181
v -350.5730 102.3870 142.7137
v -350.6919 99.4996 139.5181
v -350.5730 99.4996 142.7137
v -350.6919 102.3870 139.5181
v -318.6018 99.4887 142.4079
v -309.9176 102.3979 142.3926
v -318.6018 102.3979 142.4079
v -309.9176 99.4887 142.3926
v 227.4654 173.8493 134.1207
v 227.4654 172.8213 125.3138
v 227.4654 173.8384 124.1517
v 227.4654 172.8432 133.5244
v 227.4654 168.2277 139.5334
v 227.4654 167.7574 138.6771
v 227.4654 144.3960 148.8908
v 227.4654 144.2757 148.1416
v 227.4654 112.2631 149.1354
v 227.4654 112.4818 148.1874
v 227.4654 105.9196 145.2212
v 227.4654 106.8493 144.6402
v 227.4654 105.7228 124.0141
v 227.4654 106.6633 125.1609
v 227.4654 167.8996 124.1670
v 227.4654 167.8778 125.3138
v 224.3426 173.8493 134.1207
v 227.4654 173.8384 124.1517
v 224.3426 173.8384 124.1517
v 227.4654 173.8493 134.1207
v 224.3426 172.8432 133.5244
v 224.3426 173.8384 124.1517
v 224.3426 172.8213 125.3138
v 224.3426 173.8493 134.1207
v 224.3426 167.7574 138.6771
v 224.3426 168.2277 139.5334
v 224.3426 144.2757 148.1416
v 224.3426 144.3960 148.8908
v 224.3426 112.4818 148.1874
v 224.3426 112.2631 149.1354
v 224.3426 106.8493 144.6402
v 224.3426 105.9196 145.2212
v 224.3426 106.6633 125.1609
v 224.3426 105.7228 124.0141
v 224.3426 111.5850 124.0141
v 224.3426 111.5959 125.1609
v 224.3426 167.8778 125.2985
v 224.3426 167.8996 124.1670
v 227.4654 172.8432 133.5244
v 224.3426 172.8213 125.3138
v 227.4654 172.8213 125.3138
v 224.3426 172.8432 133.5244
v 224.3426 168.2277 139.5334
v 227.4654 173.8493 134.1207
v 224.3426 173.8493 134.1207
v 227.4654 168.2277 139.5334
v 224.3426 144.3960 148.8908
v 227.4654 144.3960 148.8908
v 224.3426 112.2631 149.1354
v 227.4654 112.2631 149.1354
v 224.3426 105.9196 145.2212
v 227.4654 105.9196 145.2212
v 227.4654 167.7574 138.6771
v 224.3426 172.8432 133.5244
v 227.4654 172.8432 133.5244
v 224.3426 167.7574 138.6771
v 227.4654 144.2757 148.1416
v 224.3426 144.2757 148.1416
v 227.4654 112.4818 148.1874
v 224.3426 112.4818 148.1874
v 227.4654 106.8493 144.6402
v 224.3426 106.8493 144.6402
v 224.3426 105.7228 124.0141
v 227.4654 105.9196 145.2212
v 224.3426 105.9196 145.2212
v 227.4654 105.7228 124.0141
v 227.4654 106.6633 125.1609
v 224.3426 106.8493 144.6402
v 227.4654 106.8493 144.6402
v 224.3426 106.6633 125.1609
v 224.3426 172.8213 125.3138
v 227.4654 167.8778 125.3138
v 227.4654 172.8213 125.3138
v 227.4654 167.8778 125.3138
v 224.3426 172.8213 125.3138
v 224.3426 167.8778 125.2985
v 227.4654 105.7228 124.0141
v 227.4654 111.5959 125.1609
v 227.4654 111.5850 124.0141
v 227.4654 106.6633 125.1609
v 224.3426 111.5959 125.1609
v 224.3426 106.6633 125.1609
v 227.4654 111.5959 125.1609
v 227.4654 111.5959 125.1609
v 224.3426 111.5850 124.0141
v 224.3426 111.5959 125.1609
v 227.4654 111.5850 124.0141
v 224.3426 167.8778 125.2985
v 227.4654 167.8996 124.1670
v 227.4654 167.8778 125.3138
v 227.4654 167.8996 124.1670
v 224.3426 167.8778 125.2985
v 224.3426 167.8996 124.1670
v -318.5721 25.6311 142.4232
v -324.6689 32.6417 139.8086
v -318.5721 31.9636 142.4232
v -324.6689 24.9530 139.8086
v -333.2937 32.6417 137.9279
v -333.2937 24.9530 137.9279
v -343.4352 32.1386 139.2734
v -343.4352 25.4452 139.2734
v -350.6324 31.3511 142.7595
v -350.6324 26.2436 142.7595
v -318.5721 31.9636 142.4232
v -325.5016 32.6417 141.0012
v -319.9699 31.9636 143.1112
v -324.6689 32.6417 139.8086
v -333.2937 32.6417 139.3040
v -333.2937 32.6417 137.9279
v -342.6025 32.1386 140.4660
v -343.4352 32.1386 139.2734
v -350.4540 31.3511 143.9827
v -350.6324 31.3511 142.7595
v -319.9699 31.9636 143.1112
v -325.5016 24.9530 141.0012
v -319.9699 25.6311 143.1112
v -325.5016 32.6417 141.0012
v -333.2937 24.9530 139.3040
v -333.2937 32.6417 139.3040
v -342.6025 25.4452 140.4660
v -342.6025 32.1386 140.4660
v -350.4540 26.2436 143.9827
v -350.4540 31.3511 143.9827
v -319.9699 25.6311 143.1112
v -324.6689 24.9530 139.8086
v -318.5721 25.6311 142.4232
v -325.5016 24.9530 141.0012
v -333.2937 24.9530 137.9279
v -333.2937 24.9530 139.3040
v -343.4352 25.4452 139.2734
v -342.6025 25.4452 140.4660
v -350.6324 26.2436 142.7595
v -350.4540 26.2436 143.9827
v -350.4540 31.3511 143.9827
v -350.6324 26.2436 142.7595
v -350.4540 26.2436 143.9827
v -350.6324 31.3511 142.7595
v -319.9699 25.6311 143.1112
v -318.5721 31.9636 142.4232
v -319.9699 31.9636 143.1112
v -318.5721 25.6311 142.4232
v -309.9176 30.3668 133.1422
v -324.6986 30.3777 139.8239
v -318.6018 30.3668 142.4079
v -333.3531 30.3777 137.9126
v -333.3531 30.3777 133.3715
v -343.4055 30.3668 139.2581
v -343.4650 30.3668 135.1605
v -350.5730 30.3559 142.7137
v -350.6919 30.3559 139.5181
v -309.9176 30.3668 142.3926
v -318.6018 27.4576 142.4079
v -324.6986 27.4466 139.8239
v -309.9176 27.4466 133.1422
v -333.3531 27.4466 133.3715
v -333.3531 27.4466 137.9126
v -343.4650 27.4576 135.1605
v -343.4055 27.4576 139.2581
v -350.6919 27.4685 139.5181
v -350.5730 27.4685 142.7137
v -309.9176 27.4576 142.3926
v -309.9176 27.4466 133.1422
v -333.3531 30.3777 133.3715
v -309.9176 30.3668 133.1422
v -333.3531 27.4466 133.3715
v -343.4650 30.3668 135.1605
v -343.4650 27.4576 135.1605
v -350.6919 30.3559 139.5181
v -350.6919 27.4685 139.5181
v -350.5730 30.3559 142.7137
v -350.6919 27.4685 139.5181
v -350.5730 27.4685 142.7137
v -350.6919 30.3559 139.5181
v -318.6018 27.4576 142.4079
v -309.9176 30.3668 142.3926
v -318.6018 30.3668 142.4079
v -309.9176 27.4576 142.3926
v -318.5721 -31.8210 142.4232
v -324.6689 -24.8104 139.8086
v -318.5721 -25.4885 142.4232
v -324.6689 -32.4991 139.8086
v -333.2937 -24.8104 137.9279
v -333.2937 -32.4991 137.9279
v -343.4352 -25.3135 139.2734
v -343.4352 -32.0069 139.2734
v -350.6324 -26.1009 142.7595
v -350.6324 -31.2085 142.7595
v -318.5721 -25.4885 142.4232
v -325.5016 -24.8104 141.0012
v -319.9699 -25.4885 143.1112
v -324.6689 -24.8104 139.8086
v -333.2937 -24.8104 139.3040
v -333.2937 -24.8104 137.9279
v -342.6025 -25.3135 140.4660
v -343.4352 -25.3135 139.2734
v -350.4540 -26.1009 143.9827
v -350.6324 -26.1009 142.7595
v -319.9699 -25.4885 143.1112
v -325.5016 -32.4991 141.0012
v -319.9699 -31.8210 143.1112
v -325.5016 -24.8104 141.0012
v -333.2937 -32.4991 139.3040
v -333.2937 -24.8104 139.3040
v -342.6025 -32.0069 140.4660
v -342.6025 -25.3135 140.4660
v -350.4540 -31.2085 143.9827
v -350.4540 -26.1009 143.9827
v -319.9699 -31.8210 143.1112
v -324.6689 -32.4991 139.8086
v -318.5721 -31.8210 142.4232
v -325.5016 -32.4991 141.0012
v -333.2937 -32.4991 137.9279
v -333.2937 -32.4991 139.3040
v -343.4352 -32.0069 139.2734
v -342.6025 -32.0069 140.4660
v -350.6324 -31.2085 142.7595
v -350.4540 -31.2085 143.9827
v -350.4540 -26.1009 143.9827
v -350.6324 -31.2085 142.7595
v -350.4540 -31.2085 143.9827
v -350.6324 -26.1009 142.7595
v -319.9699 -31.8210 143.1112
v -318.5721 -25.4885 142.4232
v -319.9699 -25.4885 143.1112
v -318.5721 -31.8210 142.4232
v -309.9176 -27.0853 133.1422
v -324.6986 -27.0743 139.8239
v -318.6018 -27.0853 142.4079
v -333.3531 -27.0743 137.9126
v -333.3531 -27.0743 133.3715
v -343.4055 -27.0853 139.2581
v -343.4650 -27.0853 135.1605
v -350.5730 -27.0962 142.7137
v -350.6919 -27.0962 139.5181
v -309.9176 -27.0853 142.3926
v -318.6018 -29.9945 142.4079
v -324.6986 -30.0054 139.8239
v -309.9176 -30.0054 133.1422
v -333.3531 -30.0054 133.3715
v -333.3531 -30.0054 137.9126
v -343.4650 -29.9945 135.1605
v -343.4055 -29.9945 139.2581
v -350.6919 -29.9836 139.5181
v -350.5730 -29.9836 142.7137
v -309.9176 -29.9945 142.3926
v -309.9176 -30.0054 133.1422
v -333.3531 -27.0743 133.3715
v -309.9176 -27.0853 133.1422
v -333.3531 -30.0054 133.3715
v -343.4650 -27.0853 135.1605
v -343.4650 -29.9945 135.1605
v -350.6919 -27.0962 139.5181
v -350.6919 -29.9836 139.5181
v -350.5730 -27.0962 142.7137
v -350.6919 -29.9836 139.5181
v -350.5730 -29.9836 142.7137
v -350.6919 -27.0962 139.5181
v -318.6018 -29.9945 142.4079
v -309.9176 -27.0853 142.3926
v -318.6018 -27.0853 142.4079
v -309.9176 -29.9945 142.3926
v -302.9880 67.7714 63.1145
v -303.4936 63.0466 80.2086
v -303.4936 67.7714 80.2086
v -302.9880 63.0466 63.1145
v -299.1515 67.7714 59.6895
v -299.1515 63.0466 59.6895
v -294.6012 67.7714 61.4938
v -294.6012 63.0466 61.4938
v -290.1698 67.7714 67.6862
v -290.1698 63.0466 67.6862
v -290.1698 67.7714 67.6862
v -302.9880 67.7714 63.1145
v -303.4936 67.7714 80.2086
v -299.1515 67.7714 59.6895
v -294.6012 67.7714 61.4938
v -290.1698 63.0466 67.6862
v -299.1515 63.0466 59.6895
v -294.6012 63.0466 61.4938
v -302.9880 63.0466 63.1145
v -303.4936 63.0466 80.2086
v -299.8355 63.0575 56.0047
v -300.5790 60.9248 68.1449
v -300.5790 63.0575 68.1449
v -299.6273 60.9248 55.4237
v -297.6942 60.9248 69.8267
v -297.6942 63.0575 69.8267
v -294.7796 60.9248 68.1449
v -294.7796 63.0575 68.1449
v -300.5790 60.9248 68.1449
v -294.7796 60.9248 68.1449
v -297.6942 60.9248 69.8267
v -299.6273 60.9248 55.4237
v -294.2443 60.9248 57.4878
v -293.2033 63.0575 52.0140
v -299.8355 63.0575 56.0047
v -293.2033 63.0575 52.0140
v -293.2033 67.7167 52.0140
v -299.8355 67.7167 56.0047
v -299.6273 69.8494 55.4237
v -300.5790 67.7167 68.1449
v -300.5790 69.8494 68.1449
v -299.8355 67.7167 56.0047
v -297.6942 67.7167 69.8267
v -297.6942 69.8494 69.8267
v -294.7796 67.7167 68.1449
v -294.7796 69.8494 68.1449
v -294.7796 69.8494 68.1449
v -300.5790 69.8494 68.1449
v -297.6942 69.8494 69.8267
v -299.6273 69.8494 55.4237
v -294.2443 69.8494 57.4878
v -293.2033 67.7167 52.0140
v -299.8355 67.7167 56.0047
v -294.7796 67.7167 68.1449
v -300.5790 67.7167 68.1449
v -294.4525 67.7167 58.0688
v -293.2033 67.7167 52.0140
v -299.8355 67.7167 56.0047
v -299.8355 63.0575 56.0047
v -294.7796 63.0575 68.1449
v -294.4525 63.0575 58.0688
v -300.5790 63.0575 68.1449
v -299.8355 67.7167 56.0047
v -294.4525 63.0575 58.0688
v -294.4525 67.7167 58.0688
v -294.4525 63.0575 58.0688
v -299.8355 67.7167 56.0047
v -299.8355 63.0575 56.0047
v -297.1886 72.4961 54.6745
v -296.4451 58.4749 56.6010
v -296.4451 72.4961 56.6010
v -297.1886 58.4749 54.6745
v -295.3149 72.4961 53.5277
v -295.3149 58.4749 53.5277
v -294.3335 58.4749 55.6224
v -294.3335 72.4961 55.6224
v -295.3149 58.4749 53.5277
v -295.3149 72.4961 53.5277
v -294.3335 72.4961 55.6224
v -297.1886 72.4961 54.6745
v -296.4451 72.4961 56.6010
v -295.3149 72.4961 53.5277
v -296.4451 58.4749 56.6010
v -295.3149 58.4749 53.5277
v -294.3335 58.4749 55.6224
v -297.1886 58.4749 54.6745
v -302.9880 -63.7789 63.1145
v -303.4936 -68.5146 80.2086
v -303.4936 -63.7789 80.2086
v -302.9880 -68.5146 63.1145
v -299.1515 -63.7789 59.6895
v -299.1515 -68.5146 59.6895
v -294.6012 -63.7789 61.4938
v -294.6012 -68.5146 61.4938
v -290.1698 -63.7789 67.6862
v -290.1698 -68.5146 67.6862
v -290.1698 -63.7789 67.6862
v -302.9880 -63.7789 63.1145
v -303.4936 -63.7789 80.2086
v -299.1515 -63.7789 59.6895
v -294.6012 -63.7789 61.4938
v -290.1698 -68.5146 67.6862
v -299.1515 -68.5146 59.6895
v -294.6012 -68.5146 61.4938
v -302.9880 -68.5146 63.1145
v -303.4936 -68.5146 80.2086
v -299.8355 -68.4928 56.0047
v -300.5790 -70.6255 68.1449
v -300.5790 -68.4928 68.1449
v -299.6273 -70.6255 55.4237
v -297.6942 -70.6255 69.8267
v -297.6942 -68.4928 69.8267
v -294.7796 -70.6255 68.1449
v -294.7796 -68.4928 68.1449
v -300.5790 -70.6255 68.1449
v -294.7796 -70.6255 68.1449
v -297.6942 -70.6255 69.8267
v -299.6273 -70.6255 55.4237
v -294.2443 -70.6255 57.4878
v -293.2033 -68.4928 52.0140
v -299.8355 -68.4928 56.0047
v -293.2033 -68.4928 52.0140
v -293.2033 -63.8336 52.0140
v -299.8355 -63.8336 56.0047
v -299.6273 -61.7009 55.4237
v -300.5790 -63.8336 68.1449
v -300.5790 -61.7009 68.1449
v -299.8355 -63.8336 56.0047
v -297.6942 -63.8336 69.8267
v -297.6942 -61.7009 69.8267
v -294.7796 -63.8336 68.1449
v -294.7796 -61.7009 68.1449
v -294.7796 -61.7009 68.1449
v -300.5790 -61.7009 68.1449
v -297.6942 -61.7009 69.8267
v -299.6273 -61.7009 55.4237
v -294.2443 -61.7009 57.4878
v -293.2033 -63.8336 52.0140
v -299.8355 -63.8336 56.0047
v -294.7796 -63.8336 68.1449
v -300.5790 -63.8336 68.1449
v -294.4525 -63.8336 58.0688
v -293.2033 -63.8336 52.0140
v -299.8355 -63.8336 56.0047
v -299.8355 -68.4928 56.0047
v -294.7796 -68.4928 68.1449
v -294.4525 -68.4928 58.0688
v -300.5790 -68.4928 68.1449
v -299.8355 -63.8336 56.0047
v -294.4525 -68.4928 58.0688
v -294.4525 -63.8336 58.0688
v -294.4525 -68.4928 58.0688
v -299.8355 -63.8336 56.0047
v -299.8355 -68.4928 56.0047
v -297.1886 -59.0651 54.6745
v -296.4451 -73.0754 56.6010
v -296.4451 -59.0651 56.6010
v -297.1886 -73.0754 54.6745
v -295.3149 -59.0651 53.5277
v -295.3149 -73.0754 53.5277
v -294.3335 -73.0754 55.6224
v -294.3335 -59.0651 55.6224
v -295.3149 -73.0754 53.5277
v -295.3149 -59.0651 53.5277
v -294.3335 -59.0651 55.6224
v -297.1886 -59.0651 54.6745
v -296.4451 -59.0651 56.6010
v -295.3149 -59.0651 53.5277
v -296.4451 -73.0754 56.6010
v -295.3149 -73.0754 53.5277
v -294.3335 -73.0754 55.6224
v -297.1886 -73.0754 54.6745
v -111.3693 -105.3505 143.5546
v 86.6733 -126.4261 143.5546
v 118.0199 -105.7333 143.5546
v -80.0227 -126.4261 143.5546
v 47.1481 -139.7036 143.5546
v -40.4975 -139.7036 143.5546
v 3.3104 -144.2862 143.5546
v 118.0199 -105.7333 137.9585
v -80.0227 -126.4261 137.9585
v -111.3693 -105.3505 137.9585
v 3.3104 -144.2862 137.9585
v 86.6733 -126.4261 137.9585
v 47.1481 -139.7036 137.9585
v -40.4975 -139.7036 137.9585
v -80.0227 -126.4261 137.9585
v -40.4975 -139.7036 143.5546
v -80.0227 -126.4261 143.5546
v -40.4975 -139.7036 137.9585
v 3.3104 -144.2862 143.5546
v 3.3104 -144.2862 137.9585
v 47.1481 -139.7036 143.5546
v 47.1481 -139.7036 137.9585
v 86.6733 -126.4261 143.5546
v 86.6733 -126.4261 137.9585
v 118.0199 -105.7333 143.5546
v 118.0199 -105.7333 137.9585
v -111.3693 -105.3505 137.9585
v -111.3693 -105.3505 143.5546
v 236.5659 -143.6956 123.8153
v 233.2945 -139.7911 128.1730
v 236.5659 -143.6956 128.1730
v 233.2945 -139.7911 123.8153
v 233.2945 -147.6001 123.8153
v 233.2945 -147.6001 128.1730
v 233.2945 -139.7911 123.8153
v 229.9933 -143.6956 128.1730
v 233.2945 -139.7911 128.1730
v 229.9933 -143.6956 123.8153
v 233.2945 -147.6001 128.1730
v 233.2945 -147.6001 123.8153
v 236.5659 -119.0545 123.8153
v 233.2945 -115.1500 128.1730
v 236.5659 -119.0545 128.1730
v 233.2945 -115.1500 123.8153
v 233.2945 -122.9481 123.8153
v 233.2945 -122.9481 128.1730
v 233.2945 -115.1500 123.8153
v 229.9933 -119.0545 128.1730
v 233.2945 -115.1500 128.1730
v 229.9933 -119.0545 123.8153
v 233.2945 -122.9481 128.1730
v 233.2945 -122.9481 123.8153
v 236.8336 -162.4416 126.2311
v 236.8336 -157.9903 134.1666
v 236.8336 -162.5729 136.7353
v 236.8336 -157.9246 128.9222
v 236.8336 -167.0898 134.0596
v 236.8336 -167.0242 128.7999
v 238.5288 -143.6847 126.0324
v 238.5288 -151.1546 144.0592
v 238.5288 -151.1546 129.1209
v 238.5288 -143.6847 147.1477
v 238.5288 -136.2256 129.1209
v 238.5288 -136.2256 144.0592
v 238.5288 -133.1305 136.5977
v 238.5288 -154.2498 136.5977
v 231.8670 -158.5152 133.8608
v 231.8670 -162.4526 126.8580
v 231.8670 -162.5619 136.1237
v 231.8670 -158.4606 129.2127
v 231.8670 -166.5539 133.7538
v 231.8670 -166.4993 129.1209
v 226.4839 -150.2797 143.1877
v 226.4839 -143.6847 127.2709
v 226.4839 -150.2797 130.0078
v 226.4839 -143.6847 145.9092
v 226.4839 -137.1006 130.0078
v 226.4839 -137.1006 143.1877
v 226.4839 -134.3663 136.5977
v 226.4839 -153.0139 136.5977
v 231.8670 -158.5152 133.8608
v 236.8336 -162.5729 136.7353
v 236.8336 -157.9903 134.1666
v 231.8670 -162.5619 136.1237
v 231.8670 -158.4606 129.2127
v 236.8336 -157.9246 128.9222
v 231.8670 -162.4526 126.8580
v 236.8336 -162.4416 126.2311
v 231.8670 -166.5539 133.7538
v 236.8336 -167.0242 128.7999
v 236.8336 -167.0898 134.0596
v 231.8670 -166.4993 129.1209
v 236.8336 -162.4416 126.2311
v 231.8670 -162.4526 126.8580
v 231.8670 -162.5619 136.1237
v 236.8336 -162.5729 136.7353
v 226.4839 -150.2797 130.0078
v 238.5288 -143.6847 126.0324
v 238.5288 -151.1546 129.1209
v 226.4839 -143.6847 127.2709
v 238.5288 -136.2256 129.1209
v 226.4839 -137.1006 130.0078
v 238.5288 -133.1305 136.5977
v 226.4839 -134.3663 136.5977
v 238.5288 -136.2256 144.0592
v 226.4839 -137.1006 143.1877
v 238.5288 -143.6847 147.1477
v 226.4839 -143.6847 145.9092
v 238.5288 -151.1546 144.0592
v 226.4839 -150.2797 143.1877
v 226.4839 -153.0139 136.5977
v 238.5288 -154.2498 136.5977
v 226.4839 -150.2797 143.1877
v 238.5288 -151.1546 144.0592
v 238.5288 -119.1092 126.0324
v 238.5288 -126.5683 144.0592
v 238.5288 -126.5683 129.1209
v 238.5288 -119.1092 147.1477
v 238.5288 -111.6392 129.1209
v 238.5288 -111.6392 144.0592
v 238.5288 -108.5550 136.5977
v 238.5288 -129.6634 136.5977
v 226.4839 -125.7042 143.1877
v 226.4839 -119.1092 127.2709
v 226.4839 -125.7042 130.0078
v 226.4839 -119.1092 145.9092
v 226.4839 -112.5142 130.0078
v 226.4839 -112.5142 143.1877
v 226.4839 -109.7909 136.5977
v 226.4839 -128.4276 136.5977
v 226.4839 -125.7042 130.0078
v 238.5288 -119.1092 126.0324
v 238.5288 -126.5683 129.1209
v 226.4839 -119.1092 127.2709
v 238.5288 -111.6392 129.1209
v 226.4839 -112.5142 130.0078
v 238.5288 -108.5550 136.5977
v 226.4839 -109.7909 136.5977
v 238.5288 -111.6392 144.0592
v 226.4839 -112.5142 143.1877
v 238.5288 -119.1092 147.1477
v 226.4839 -119.1092 145.9092
v 238.5288 -126.5683 144.0592
v 226.4839 -125.7042 143.1877
v 226.4839 -128.4276 136.5977
v 238.5288 -129.6634 136.5977
v 226.4839 -125.7042 143.1877
v 238.5288 -126.5683 144.0592
v 234.5436 -158.4496 123.9988
v 236.0901 -158.1434 133.9373
v 236.0901 -158.1434 123.9988
v 234.5436 -158.4496 133.9373
v 234.5436 -166.5539 123.9988
v 236.0901 -166.5539 133.9373
v 234.5436 -166.5539 133.9373
v 236.0901 -166.5539 123.9988
v 236.0901 -158.1434 123.9988
v 236.0901 -166.5539 133.9373
v 236.0901 -166.5539 123.9988
v 236.0901 -158.1434 133.9373
v 234.5436 -158.4496 133.9373
v 234.5436 -166.5539 123.9988
v 234.5436 -166.5539 133.9373
v 234.5436 -158.4496 123.9988
v 241.1758 -173.8489 134.1207
v 241.1758 -172.8208 125.3138
v 241.1758 -172.8427 133.5244
v 241.1758 -173.8380 124.1517
v 241.1758 -167.8992 124.1670
v 241.1758 -167.8773 125.3138
v 241.1758 -168.2273 139.5334
v 241.1758 -167.7570 138.6771
v 241.1758 -144.3956 148.8908
v 241.1758 -144.2753 148.1416
v 241.1758 -112.2626 149.1354
v 241.1758 -112.4814 148.1874
v 241.1758 -105.9192 145.2212
v 241.1758 -106.8488 144.6402
v 241.1758 -105.7223 124.0141
v 241.1758 -106.6629 125.1609
v 238.0530 -173.8489 134.1207
v 241.1758 -173.8380 124.1517
v 241.1758 -173.8489 134.1207
v 238.0530 -173.8380 124.1517
v 238.0530 -172.8427 133.5244
v 238.0530 -173.8380 124.1517
v 238.0530 -173.8489 134.1207
v 238.0530 -172.8208 125.3138
v 238.0530 -167.8773 125.2985
v 238.0530 -167.8992 124.1670
v 238.0530 -167.7570 138.6771
v 238.0530 -168.2273 139.5334
v 238.0530 -144.2753 148.1416
v 238.0530 -144.3956 148.8908
v 238.0530 -112.4814 148.1874
v 238.0530 -112.2626 149.1354
v 238.0530 -106.8488 144.6402
v 238.0530 -105.9192 145.2212
v 238.0530 -106.6629 125.1609
v 238.0530 -105.7223 124.0141
v 238.0530 -111.5846 124.0141
v 238.0530 -111.5955 125.1609
v 241.1758 -172.8427 133.5244
v 238.0530 -172.8208 125.3138
v 238.0530 -172.8427 133.5244
v 241.1758 -172.8208 125.3138
v 238.0530 -168.2273 139.5334
v 241.1758 -173.8489 134.1207
v 241.1758 -168.2273 139.5334
v 238.0530 -173.8489 134.1207
v 238.0530 -144.3956 148.8908
v 241.1758 -144.3956 148.8908
v 238.0530 -112.2626 149.1354
v 241.1758 -112.2626 149.1354
v 238.0530 -105.9192 145.2212
v 241.1758 -105.9192 145.2212
v 241.1758 -167.7570 138.6771
v 238.0530 -172.8427 133.5244
v 238.0530 -167.7570 138.6771
v 241.1758 -172.8427 133.5244
v 241.1758 -144.2753 148.1416
v 238.0530 -144.2753 148.1416
v 241.1758 -112.4814 148.1874
v 238.0530 -112.4814 148.1874
v 241.1758 -106.8488 144.6402
v 238.0530 -106.8488 144.6402
v 238.0530 -105.7223 124.0141
v 241.1758 -105.9192 145.2212
v 241.1758 -105.7223 124.0141
v 238.0530 -105.9192 145.2212
v 241.1758 -106.6629 125.1609
v 238.0530 -106.8488 144.6402
v 238.0530 -106.6629 125.1609
v 241.1758 -106.8488 144.6402
v 238.0530 -172.8208 125.3138
v 241.1758 -167.8773 125.3138
v 238.0530 -167.8773 125.2985
v 241.1758 -172.8208 125.3138
v 241.1758 -105.7223 124.0141
v 241.1758 -111.5955 125.1609
v 241.1758 -111.5846 124.0141
v 241.1758 -106.6629 125.1609
v 238.0530 -111.5955 125.1609
v 241.1758 -111.5955 125.1609
v 238.0530 -106.6629 125.1609
v 241.1758 -111.5955 125.1609
v 238.0530 -111.5846 124.0141
v 241.1758 -111.5846 124.0141
v 238.0530 -111.5955 125.1609
v 238.0530 -167.8773 125.2985
v 241.1758 -167.8992 124.1670
v 238.0530 -167.8992 124.1670
v 241.1758 -167.8992 124.1670
v 238.0530 -167.8773 125.2985
v 241.1758 -167.8773 125.3138
v 240.6701 -106.5207 127.2862
v 239.9267 -172.8974 128.0507
v 240.6701 -172.8974 127.2862
v 239.9267 -106.5207 128.0507
v 239.1534 -172.8974 127.2862
v 239.1534 -106.5207 127.2862
v 239.9267 -106.5207 126.5217
v 239.9267 -172.8974 126.5217
v 239.1534 -106.5207 127.2862
v 239.1534 -172.8974 127.2862
v 240.6701 -154.6545 127.3473
v 239.9267 -153.8998 144.8237
v 240.6701 -154.6545 144.5943
v 239.9267 -153.8998 127.3473
v 239.1534 -154.6654 144.5943
v 239.1534 -154.6545 127.3473
v 239.9267 -155.4201 144.2732
v 239.9267 -155.4201 127.3473
v 239.9267 -155.4201 127.3473
v 239.9267 -155.4201 144.2732
v 240.6701 -131.1727 127.3473
v 239.9267 -130.4071 148.2027
v 240.6701 -131.1727 148.2027
v 239.9267 -130.4071 127.3473
v 239.1534 -131.1727 148.2027
v 239.1534 -131.1727 127.3473
v 239.9267 -131.9383 148.2027
v 239.9267 -131.9383 127.3473
v 240.6701 -131.1727 148.2027
v 240.6701 -131.1727 127.3473
v 238.2909 -135.6678 148.8908
v 227.1977 -135.6678 148.2639
v 238.2909 -135.6678 148.2792
v 227.1977 -135.6678 148.8908
v 238.2909 -132.7367 148.8908
v 227.1977 -135.6678 148.8908
v 238.2909 -135.6678 148.8908
v 227.1977 -132.7367 148.8908
v 238.2909 -132.7367 148.2792
v 227.1977 -132.7367 148.8908
v 238.2909 -132.7367 148.8908
v 227.1977 -132.7367 148.2639
v 238.2909 -135.6678 148.2792
v 227.1977 -132.7367 148.2639
v 238.2909 -132.7367 148.2792
v 227.1977 -135.6678 148.2639
v 238.2909 -152.5546 145.5729
v 227.1977 -152.3249 144.9919
v 238.2909 -152.3249 144.9919
v 227.1977 -152.5546 145.5729
v 238.2909 -149.8422 146.6737
v 227.1977 -152.5546 145.5729
v 238.2909 -152.5546 145.5729
v 227.1977 -149.8422 146.6584
v 238.2909 -149.6125 146.0927
v 227.1977 -149.8422 146.6584
v 238.2909 -149.8422 146.6737
v 227.1977 -149.6125 146.0927
v 238.2909 -152.3249 144.9919
v 227.1977 -149.6125 146.0927
v 238.2909 -149.6125 146.0927
v 227.1977 -152.3249 144.9919
v 238.2909 -167.7679 139.5028
v 227.1977 -167.5273 138.9218
v 238.2909 -167.5273 138.9218
v 227.1977 -167.7570 139.4875
v 238.2909 -165.0556 140.6036
v 227.1977 -167.7570 139.4875
v 238.2909 -167.7679 139.5028
v 227.1977 -165.0446 140.5883
v 238.2909 -164.8150 140.0226
v 227.1977 -165.0446 140.5883
v 238.2909 -165.0556 140.6036
v 227.1977 -164.8150 140.0226
v 238.2909 -167.5273 138.9218
v 227.1977 -164.8150 140.0226
v 238.2909 -164.8150 140.0226
v 227.1977 -167.5273 138.9218
v 238.2909 -173.6849 128.9528
v 227.1977 -173.0615 128.9528
v 238.2909 -173.0724 128.9528
v 227.1977 -173.6849 128.9528
v 238.2909 -173.6958 131.8884
v 227.1977 -173.6849 128.9528
v 238.2909 -173.6849 128.9528
v 227.1977 -173.6849 131.8884
v 238.2909 -173.0724 131.8884
v 227.1977 -173.6849 131.8884
v 238.2909 -173.6958 131.8884
v 227.1977 -173.0724 131.8884
v 238.2909 -173.0724 128.9528
v 227.1977 -173.0724 131.8884
v 238.2909 -173.0724 131.8884
v 227.1977 -173.0615 128.9528
v 238.2909 -116.7359 148.8908
v 227.1977 -116.7359 148.2639
v 238.2909 -116.7359 148.2792
v 227.1977 -116.7359 148.8908
v 238.2909 -113.8048 148.8908
v 227.1977 -116.7359 148.8908
v 238.2909 -116.7359 148.8908
v 227.1977 -113.8048 148.8908
v 238.2909 -113.8048 148.2792
v 227.1977 -113.8048 148.8908
v 238.2909 -113.8048 148.8908
v 227.1977 -113.8048 148.2639
v 238.2909 -116.7359 148.2792
v 227.1977 -113.8048 148.2639
v 238.2909 -113.8048 148.2792
v 227.1977 -116.7359 148.2639
v 238.2909 -106.0067 136.4448
v 227.1977 -106.6410 136.4448
v 238.2909 -106.6301 136.4448
v 227.1977 -106.0176 136.4448
v 238.2909 -106.0176 133.5244
v 227.1977 -106.0176 136.4448
v 238.2909 -106.0067 136.4448
v 227.1977 -106.0286 133.5244
v 238.2909 -106.6410 133.5091
v 227.1977 -106.0286 133.5244
v 238.2909 -106.0176 133.5244
v 227.1977 -106.6410 133.5091
v 238.2909 -106.6301 136.4448
v 227.1977 -106.6410 133.5091
v 238.2909 -106.6410 133.5091
v 227.1977 -106.6410 136.4448
v 267.5854 -109.2112 126.9192
v 269.1617 -110.3377 123.9835
v 267.6151 -109.2112 123.9682
v 269.1319 -110.3377 126.9192
v 266.0389 -110.3377 126.9039
v 266.0984 -110.3377 123.9530
v 269.1319 -110.3377 126.9192
v 267.6151 -111.4642 123.9682
v 269.1617 -110.3377 123.9835
v 267.5854 -111.4642 126.9192
v 266.0984 -110.3377 123.9530
v 266.0389 -110.3377 126.9039
v 265.6225 -107.7675 129.7631
v 269.6078 -110.3268 131.5673
v 269.6078 -107.7675 129.7631
v 265.6225 -110.3268 131.5673
v 262.4700 -110.2940 129.3656
v 265.6225 -108.6972 126.7816
v 265.6225 -111.8252 126.7357
v 265.6225 -112.8314 129.6867
v 265.6225 -110.3268 131.5673
v 265.6225 -108.6972 126.7816
v 269.6078 -108.6972 126.7816
v 265.6225 -111.8252 126.7357
v 269.6078 -111.8252 126.7357
v 265.6225 -112.8314 129.6867
v 269.6078 -112.8314 129.6867
v 265.6225 -110.3268 131.5673
v 269.6078 -110.3268 131.5673
v 269.6078 -110.3268 131.5673
v 269.6078 -112.8314 129.6867
v 269.6078 -111.8252 126.7357
v 269.6078 -108.6972 126.7816
v 269.6078 -107.7675 129.7631
v 286.4409 -105.3395 129.4726
v 289.1474 -106.3020 127.8978
v 289.1474 -105.3395 127.8978
v 286.4409 -106.3020 129.4726
v 283.7048 -105.3395 127.8978
v 283.7048 -106.3020 127.8978
v 283.7048 -105.3395 124.1059
v 283.7048 -106.3020 124.1059
v 289.0879 -106.3020 123.9224
v 289.0879 -105.3395 123.9224
v 286.4409 -106.3020 129.4726
v 287.8388 -106.3020 127.1333
v 289.1474 -106.3020 127.8978
v 286.4409 -106.3020 127.9436
v 283.7048 -106.3020 127.8978
v 285.0134 -106.3020 127.1333
v 283.7048 -106.3020 124.1059
v 285.0134 -106.3020 125.5125
v 289.0879 -106.3020 123.9224
v 287.8388 -106.3020 125.5278
v 286.4409 -106.3020 127.9436
v 287.8388 -105.3395 127.1333
v 287.8388 -106.3020 127.1333
v 286.4409 -105.3395 127.9436
v 285.0134 -106.3020 127.1333
v 285.0134 -105.3395 127.1333
v 285.0134 -106.3020 125.5125
v 285.0134 -105.3395 125.5125
v 287.8388 -105.3395 125.5278
v 287.8388 -106.3020 125.5278
v 285.0134 -105.3395 125.5125
v 285.0134 -106.3020 125.5125
v 286.4409 -105.3395 127.9436
v 289.1474 -105.3395 127.8978
v 287.8388 -105.3395 127.1333
v 286.4409 -105.3395 129.4726
v 285.0134 -105.3395 127.1333
v 283.7048 -105.3395 127.8978
v 285.0134 -105.3395 125.5125
v 283.7048 -105.3395 124.1059
v 287.8388 -105.3395 125.5278
v 289.0879 -105.3395 123.9224
v 280.8794 -44.3111 119.1825
v 280.5523 -47.2750 124.1059
v 279.2437 -47.2750 119.6718
v 282.1880 -44.3111 123.6166
v 277.2809 -47.2750 125.0844
v 275.9425 -47.2750 120.6350
v 275.6154 -44.3111 125.5737
v 274.3068 -44.3111 121.1243
v 274.3068 -44.3111 121.1243
v 277.2809 -41.3471 125.0844
v 275.9425 -41.3471 120.6350
v 275.6154 -44.3111 125.5737
v 280.5523 -41.3471 124.1059
v 279.2437 -41.3471 119.6718
v 282.1880 -44.3111 123.6166
v 280.8794 -44.3111 119.1825
v 280.5523 -47.2750 124.1059
v 275.6154 -44.3111 125.5737
v 277.2809 -47.2750 125.0844
v 282.1880 -44.3111 123.6166
v 277.2809 -41.3471 125.0844
v 280.5523 -41.3471 124.1059
v 328.7024 -57.0417 89.3061
v 329.4458 -61.7774 103.7703
v 328.7024 -61.7774 89.3061
v 329.4458 -57.0417 103.7703
v 324.8658 -57.0417 85.8811
v 324.8658 -61.7774 85.8811
v 320.3155 -57.0417 87.6853
v 320.3155 -61.7774 87.6853
v 315.8841 -57.0417 94.6422
v 315.8841 -61.7774 94.6422
v 315.8841 -57.0417 94.6422
v 329.4458 -57.0417 103.7703
v 328.7024 -57.0417 89.3061
v 324.8658 -57.0417 85.8811
v 320.3155 -57.0417 87.6853
v 315.8841 -61.7774 94.6422
v 324.8658 -61.7774 85.8811
v 328.7024 -61.7774 89.3061
v 320.3155 -61.7774 87.6853
v 329.4458 -61.7774 103.7703
v 325.5498 -61.7556 82.2116
v 326.2934 -63.8883 94.3517
v 325.3416 -63.8883 81.6152
v 326.2934 -61.7556 94.3517
v 323.4085 -63.8883 96.0183
v 323.4085 -61.7556 96.0183
v 320.4939 -63.8883 94.3517
v 320.4939 -61.7556 94.3517
v 326.2934 -63.8883 94.3517
v 323.4085 -63.8883 96.0183
v 320.4939 -63.8883 94.3517
v 325.3416 -63.8883 81.6152
v 319.9586 -63.8883 83.6794
v 318.9177 -61.7556 78.2056
v 325.5498 -61.7556 82.2116
v 318.9177 -61.7556 78.2056
v 318.9177 -57.0964 78.2056
v 325.5498 -57.0964 82.2116
v 325.3416 -54.9637 81.6152
v 326.2934 -57.0964 94.3517
v 325.5498 -57.0964 82.2116
v 326.2934 -54.9637 94.3517
v 323.4085 -57.0964 96.0183
v 323.4085 -54.9637 96.0183
v 320.4939 -57.0964 94.3517
v 320.4939 -54.9637 94.3517
v 320.4939 -54.9637 94.3517
v 323.4085 -54.9637 96.0183
v 326.2934 -54.9637 94.3517
v 325.3416 -54.9637 81.6152
v 319.9586 -54.9637 83.6794
v 318.9177 -57.0964 78.2056
v 325.5498 -57.0964 82.2116
v 320.4939 -57.0964 94.3517
v 320.1668 -57.0964 84.2604
v 326.2934 -57.0964 94.3517
v 325.5498 -57.0964 82.2116
v 318.9177 -57.0964 78.2056
v 325.5498 -61.7556 82.2116
v 320.4939 -61.7556 94.3517
v 326.2934 -61.7556 94.3517
v 320.1668 -61.7556 84.2604
v 325.5498 -57.0964 82.2116
v 320.1668 -61.7556 84.2604
v 325.5498 -61.7556 82.2116
v 320.1668 -61.7556 84.2604
v 325.5498 -57.0964 82.2116
v 320.1668 -57.0964 84.2604
v 322.9029 -52.3279 80.8660
v 322.1594 -66.3382 82.7926
v 322.9029 -66.3382 80.8660
v 322.1594 -52.3279 82.7926
v 320.0775 -66.3382 81.8140
v 320.0775 -52.3279 81.8140
v 321.0293 -66.3382 79.7193
v 321.0293 -52.3279 79.7193
v 321.0293 -52.3279 79.7193
v 321.0293 -66.3382 79.7193
v 320.0775 -52.3279 81.8140
v 322.9029 -52.3279 80.8660
v 321.0293 -52.3279 79.7193
v 322.1594 -52.3279 82.7926
v 322.1594 -66.3382 82.7926
v 321.0293 -66.3382 79.7193
v 322.9029 -66.3382 80.8660
v 320.0775 -66.3382 81.8140
v -301.5010 -127.4760 123.0050
v -300.9656 -128.8103 130.0536
v -300.9656 -127.4760 123.0050
v -301.5010 -128.8103 129.5796
v -301.5010 -158.3184 123.0050
v -300.9656 -156.9841 130.0536
v -301.5010 -156.9841 129.5796
v -300.9656 -158.3184 123.0050
v -300.9656 -127.4760 123.0050
v -300.9656 -156.9841 130.0536
v -300.9656 -158.3184 123.0050
v -300.9656 -128.8103 130.0536
v -300.9656 -128.8103 130.0536
v -301.5010 -156.9841 129.5796
v -300.9656 -156.9841 130.0536
v -301.5010 -128.8103 129.5796
v -301.5010 -128.8103 129.5796
v -301.5010 -158.3184 123.0050
v -301.5010 -156.9841 129.5796
v -301.5010 -127.4760 123.0050
v -301.0549 -127.0714 125.0080
v -290.4375 -127.0714 136.4907
v -290.4375 -127.0714 125.0080
v -301.0549 -127.0714 136.4907
v -290.4375 -127.0714 137.8973
v -305.3078 -127.0714 137.8973
v -305.3078 -127.0714 136.4907
v -301.0549 -158.7449 125.0080
v -290.4375 -158.7449 136.4907
v -301.0549 -158.7449 136.4907
v -290.4375 -158.7449 125.0080
v -290.4375 -129.1822 139.9156
v -290.4375 -158.7449 136.4907
v -290.4375 -127.0714 136.4907
v -290.4375 -156.6231 139.9156
v -290.4375 -158.7668 137.6374
v -290.4375 -158.7449 125.0080
v -290.4375 -127.0714 125.0080
v -290.4375 -127.0714 137.8973
v -301.0549 -127.0714 136.4907
v -301.0549 -155.9341 139.3040
v -301.0549 -129.8712 139.3040
v -301.0549 -158.7449 136.4907
v -301.0549 -127.0714 125.0080
v -301.0549 -158.7449 125.0080
v -305.3078 -127.0714 136.4907
v -305.3078 -129.1822 139.9156
v -305.3078 -127.0714 137.8973
v -305.3078 -129.8712 139.3040
v -305.3078 -156.6231 139.9156
v -305.3078 -155.9341 139.3040
v -305.3078 -158.7668 137.6374
v -305.3078 -158.7449 136.4907
v -301.0549 -158.7449 136.4907
v -290.4375 -158.7449 136.4907
v -290.4375 -158.7668 137.6374
v -301.0549 -129.8712 139.3040
v -305.3078 -155.9341 139.3040
v -305.3078 -129.8712 139.3040
v -301.0549 -155.9341 139.3040
v -301.0549 -155.9341 139.3040
v -305.3078 -158.7449 136.4907
v -305.3078 -155.9341 139.3040
v -301.0549 -158.7449 136.4907
v -301.0549 -158.7449 136.4907
v -305.3078 -158.7668 137.6374
v -305.3078 -158.7449 136.4907
v -290.4375 -158.7668 137.6374
v -290.4375 -158.7668 137.6374
v -305.3078 -156.6231 139.9156
v -305.3078 -158.7668 137.6374
v -290.4375 -156.6231 139.9156
v -290.4375 -156.6231 139.9156
v -305.3078 -129.1822 139.9156
v -305.3078 -156.6231 139.9156
v -305.3078 -129.1822 139.9156
v -290.4375 -156.6231 139.9156
v -290.4375 -129.1822 139.9156
v -290.4375 -129.1822 139.9156
v -305.3078 -127.0714 137.8973
v -305.3078 -129.1822 139.9156
v -290.4375 -127.0714 137.8973
v -301.0549 -127.0714 136.4907
v -305.3078 -129.8712 139.3040
v -305.3078 -127.0714 136.4907
v -301.0549 -129.8712 139.3040
v -318.5721 -97.6508 142.4232
v -324.6689 -104.6724 139.8086
v -324.6689 -96.9727 139.8086
v -318.5721 -103.9943 142.4232
v -333.2937 -104.6724 137.9279
v -333.2937 -96.9727 137.9279
v -343.4352 -104.1693 139.2734
v -343.4352 -97.4758 139.2734
v -350.6324 -103.3818 142.7595
v -350.6324 -98.2633 142.7595
v -318.5721 -103.9943 142.4232
v -325.5016 -104.6724 141.0012
v -324.6689 -104.6724 139.8086
v -319.9699 -103.9943 143.1112
v -333.2937 -104.6724 139.3040
v -333.2937 -104.6724 137.9279
v -342.6025 -104.1693 140.4660
v -343.4352 -104.1693 139.2734
v -350.4540 -103.3818 143.9827
v -350.6324 -103.3818 142.7595
v -319.9699 -103.9943 143.1112
v -325.5016 -96.9727 141.0012
v -325.5016 -104.6724 141.0012
v -319.9699 -97.6508 143.1112
v -333.2937 -96.9727 139.3040
v -333.2937 -104.6724 139.3040
v -342.6025 -97.4758 140.4660
v -342.6025 -104.1693 140.4660
v -350.4540 -98.2633 143.9827
v -350.4540 -103.3818 143.9827
v -319.9699 -97.6508 143.1112
v -324.6689 -96.9727 139.8086
v -325.5016 -96.9727 141.0012
v -318.5721 -97.6508 142.4232
v -333.2937 -96.9727 137.9279
v -333.2937 -96.9727 139.3040
v -343.4352 -97.4758 139.2734
v -342.6025 -97.4758 140.4660
v -350.6324 -98.2633 142.7595
v -350.4540 -98.2633 143.9827
v -350.4540 -103.3818 143.9827
v -350.6324 -98.2633 142.7595
v -350.6324 -103.3818 142.7595
v -350.4540 -98.2633 143.9827
v -319.9699 -97.6508 143.1112
v -318.5721 -103.9943 142.4232
v -318.5721 -97.6508 142.4232
v -319.9699 -103.9943 143.1112
v -309.9176 -102.3975 133.1422
v -318.6018 -102.3975 142.4079
v -324.6986 -102.3975 139.8239
v -309.9176 -102.3975 142.3926
v -333.3531 -102.3975 137.9126
v -333.3531 -102.3975 133.3715
v -343.4055 -102.3975 139.2581
v -343.4650 -102.3975 135.1605
v -350.5730 -102.3865 142.7137
v -350.6919 -102.3865 139.5181
v -318.6018 -99.4882 142.4079
v -309.9176 -99.4773 133.1422
v -324.6986 -99.4773 139.8239
v -309.9176 -99.4882 142.3926
v -333.3531 -99.4773 133.3715
v -333.3531 -99.4773 137.9126
v -343.4650 -99.4773 135.1605
v -343.4055 -99.4773 139.2581
v -350.6919 -99.4992 139.5181
v -350.5730 -99.4992 142.7137
v -309.9176 -99.4773 133.1422
v -333.3531 -102.3975 133.3715
v -333.3531 -99.4773 133.3715
v -309.9176 -102.3975 133.1422
v -343.4650 -102.3975 135.1605
v -343.4650 -99.4773 135.1605
v -350.6919 -102.3865 139.5181
v -350.6919 -99.4992 139.5181
v -350.5730 -102.3865 142.7137
v -350.6919 -99.4992 139.5181
v -350.6919 -102.3865 139.5181
v -350.5730 -99.4992 142.7137
v -318.6018 -99.4882 142.4079
v -309.9176 -102.3975 142.3926
v -309.9176 -99.4882 142.3926
v -318.6018 -102.3975 142.4079
v 227.4654 -173.8489 134.1207
v 227.4654 -172.8208 125.3138
v 227.4654 -172.8427 133.5244
v 227.4654 -173.8380 124.1517
v 227.4654 -167.8992 124.1670
v 227.4654 -167.8773 125.3138
v 227.4654 -168.2273 139.5334
v 227.4654 -167.7570 138.6771
v 227.4654 -144.3956 148.8908
v 227.4654 -144.2753 148.1416
v 227.4654 -112.2626 149.1354
v 227.4654 -112.4814 148.1874
v 227.4654 -105.9192 145.2212
v 227.4654 -106.8488 144.6402
v 227.4654 -105.7223 124.0141
v 227.4654 -106.6629 125.1609
v 224.3426 -173.8489 134.1207
v 227.4654 -173.8380 124.1517
v 227.4654 -173.8489 134.1207
v 224.3426 -173.8380 124.1517
v 224.3426 -172.8427 133.5244
v 224.3426 -173.8380 124.1517
v 224.3426 -173.8489 134.1207
v 224.3426 -172.8208 125.3138
v 224.3426 -167.8773 125.2985
v 224.3426 -167.8992 124.1670
v 224.3426 -167.7570 138.6771
v 224.3426 -168.2273 139.5334
v 224.3426 -144.2753 148.1416
v 224.3426 -144.3956 148.8908
v 224.3426 -112.4814 148.1874
v 224.3426 -112.2626 149.1354
v 224.3426 -106.8488 144.6402
v 224.3426 -105.9192 145.2212
v 224.3426 -106.6629 125.1609
v 224.3426 -105.7223 124.0141
v 224.3426 -111.5846 124.0141
v 224.3426 -111.5955 125.1609
v 227.4654 -172.8427 133.5244
v 224.3426 -172.8208 125.3138
v 224.3426 -172.8427 133.5244
v 227.4654 -172.8208 125.3138
v 224.3426 -168.2273 139.5334
v 227.4654 -173.8489 134.1207
v 227.4654 -168.2273 139.5334
v 224.3426 -173.8489 134.1207
v 224.3426 -144.3956 148.8908
v 227.4654 -144.3956 148.8908
v 224.3426 -112.2626 149.1354
v 227.4654 -112.2626 149.1354
v 224.3426 -105.9192 145.2212
v 227.4654 -105.9192 145.2212
v 227.4654 -167.7570 138.6771
v 224.3426 -172.8427 133.5244
v 224.3426 -167.7570 138.6771
v 227.4654 -172.8427 133.5244
v 227.4654 -144.2753 148.1416
v 224.3426 -144.2753 148.1416
v 227.4654 -112.4814 148.1874
v 224.3426 -112.4814 148.1874
v 227.4654 -106.8488 144.6402
v 224.3426 -106.8488 144.6402
v 224.3426 -105.7223 124.0141
v 227.4654 -105.9192 145.2212
v 227.4654 -105.7223 124.0141
v 224.3426 -105.9192 145.2212
v 227.4654 -106.6629 125.1609
v 224.3426 -106.8488 144.6402
v 224.3426 -106.6629 125.1609
v 227.4654 -106.8488 144.6402
v 224.3426 -172.8208 125.3138
v 227.4654 -167.8773 125.3138
v 224.3426 -167.8773 125.2985
v 227.4654 -172.8208 125.3138
v 227.4654 -105.7223 124.0141
v 227.4654 -111.5955 125.1609
v 227.4654 -111.5846 124.0141
v 227.4654 -106.6629 125.1609
v 224.3426 -111.5955 125.1609
v 227.4654 -111.5955 125.1609
v 224.3426 -106.6629 125.1609
v 227.4654 -111.5955 125.1609
v 224.3426 -111.5846 124.0141
v 227.4654 -111.5846 124.0141
v 224.3426 -111.5955 125.1609
v 224.3426 -167.8773 125.2985
v 227.4654 -167.8992 124.1670
v 224.3426 -167.8992 124.1670
v 227.4654 -167.8992 124.1670
v 224.3426 -167.8773 125.2985
v 227.4654 -167.8773 125.3138
v 172.0288 -91.9636 145.1753
v 158.4077 -86.8122 149.3189
v 172.0288 -91.9636 149.3189
v 158.4077 -86.8122 145.1753
v 151.7755 -74.6503 149.3189
v 151.7755 -74.6503 145.1753
v 148.7122 -101.7959 145.1753
v 171.1366 -96.7212 149.3189
v 148.7122 -101.7959 149.3189
v 171.1366 -96.7212 145.1753
v 144.7270 -98.3289 149.3189
v 144.7270 -98.3289 145.1753
v 146.9575 -76.4658 145.1753
v 144.7270 -98.3289 149.3189
v 146.9575 -76.4658 149.3189
v 144.7270 -98.3289 145.1753
v 148.7122 -101.7959 149.3189
v 158.4077 -86.8122 149.3189
v 144.7270 -98.3289 149.3189
v 172.0288 -91.9636 149.3189
v 171.1366 -96.7212 149.3189
v 151.7755 -74.6503 149.3189
v 146.9575 -76.4658 149.3189
v 151.7755 -74.6503 149.3189
v 146.9575 -76.4658 145.1753
v 146.9575 -76.4658 149.3189
v 151.7755 -74.6503 145.1753
v 171.1366 -96.7212 149.3189
v 172.0288 -91.9636 145.1753
v 172.0288 -91.9636 149.3189
v 171.1366 -96.7212 145.1753
v 207.4796 -27.5446 151.1843
v 195.7916 -30.3117 144.9613
v 202.9591 -28.7914 151.0925
v 207.4796 -26.8228 141.7504
v 214.0523 -51.2014 149.3647
v 202.9591 -28.7914 151.0925
v 209.5318 -52.4482 149.2730
v 207.4796 -27.5446 151.1843
v 202.3643 -53.9465 142.9277
v 195.7916 -30.3117 144.9613
v 214.0523 -51.2014 149.3647
v 202.3643 -53.9465 142.9277
v 214.0523 -50.4576 139.7168
v 209.5318 -52.4482 149.2730
v 207.4796 -26.8228 141.7504
v 202.3643 -53.9465 142.9277
v 195.7916 -30.3117 144.9613
v 214.0523 -50.4576 139.7168
v 214.0523 -51.2014 149.3647
v 207.4796 -26.8228 141.7504
v 207.4796 -27.5446 151.1843
v 214.0523 -50.4576 139.7168
v 212.7437 -58.1026 149.7164
v 200.6393 -58.1026 143.7228
v 208.0745 -58.1026 149.7164
v 212.7437 -58.1026 140.2520
v 212.7437 -82.7218 149.7164
v 208.0745 -58.1026 149.7164
v 208.0745 -82.7218 149.7164
v 212.7437 -58.1026 149.7164
v 200.6393 -82.7218 143.5087
v 200.6393 -58.1026 143.7228
v 212.7437 -82.7218 149.7164
v 200.6393 -82.7218 143.5087
v 212.7437 -82.7218 140.0379
v 208.0745 -82.7218 149.7164
v 212.7437 -58.1026 140.2520
v 200.6393 -82.7218 143.5087
v 200.6393 -58.1026 143.7228
v 212.7437 -82.7218 140.0379
v 212.7437 -82.7218 149.7164
v 212.7437 -58.1026 140.2520
v 212.7437 -58.1026 149.7164
v 212.7437 -82.7218 140.0379
v 175.0624 -28.7586 145.1753
v 167.2109 -28.7586 147.1783
v 175.0624 -28.7586 147.1783
v 167.2109 -28.7586 145.1753
v 159.2701 -32.1929 147.1783
v 159.2701 -32.1929 145.1753
v 152.6975 -39.0832 145.1753
v 152.6975 -39.0832 147.1783
v 149.3963 -47.3844 145.1753
v 149.3963 -47.3844 147.1783
v 149.3963 -77.9205 147.1783
v 149.3963 -77.9205 145.1753
v 183.0031 -32.1929 147.1783
v 183.0031 -32.1929 145.1753
v 189.5758 -39.0832 147.1783
v 189.5758 -39.0832 145.1753
v 192.8770 -47.3844 145.1753
v 192.8770 -47.3844 147.1783
v 192.8770 -77.9205 145.1753
v 192.8770 -77.9205 147.1783
v 189.5758 -86.2216 145.1753
v 189.5758 -86.2216 147.1783
v 183.0031 -93.1120 147.1783
v 183.0031 -93.1120 145.1753
v 175.0624 -96.5462 147.1783
v 175.0624 -96.5462 145.1753
v 167.2109 -96.5462 145.1753
v 167.2109 -96.5462 147.1783
v 171.6720 -63.3524 149.5177
v 167.2109 -96.5462 147.1783
v 175.0624 -96.5462 147.1783
v 149.3963 -77.9205 147.1783
v 149.3963 -47.3844 147.1783
v 152.6975 -39.0832 147.1783
v 159.2701 -32.1929 147.1783
v 167.2109 -28.7586 147.1783
v 175.0624 -28.7586 147.1783
v 183.0031 -32.1929 147.1783
v 189.5758 -39.0832 147.1783
v 192.8770 -47.3844 147.1783
v 192.8770 -77.9205 147.1783
v 189.5758 -86.2216 147.1783
v 183.0031 -93.1120 147.1783
v -176.0551 -109.7362 131.9801
v -91.2647 -113.8485 140.4202
v -87.4579 -109.7362 131.9801
v -161.2146 -113.8485 140.4202
v -179.8619 -113.8485 131.9801
v -176.0551 -130.6915 140.4202
v -161.2146 -167.7789 140.4202
v -176.0551 -150.4656 140.4202
v -179.8619 -167.7789 131.9801
v -176.0551 -171.8693 131.9801
v -91.2647 -167.7789 140.4202
v -87.4579 -171.8693 131.9801
v -87.0415 -163.7213 140.4202
v -83.2347 -167.8117 131.9801
v -83.2347 -113.7938 131.9801
v -87.0415 -117.9171 140.4202
v -179.8619 -167.7789 131.9801
v -176.0551 -130.6915 140.4202
v -179.8619 -113.8485 131.9801
v -176.0551 -150.4656 140.4202
v -176.0551 -113.8595 122.1640
v -176.0551 -167.7570 122.1640
v -176.0551 -171.8693 131.9801
v -87.0118 -167.7461 122.1640
v -87.4579 -171.8693 131.9801
v -87.0118 -113.8704 122.1640
v -176.0551 -109.7362 131.9801
v -87.4579 -109.7362 131.9801
v -176.0551 -113.8595 122.1640
v -179.8619 -113.8485 131.9801
v -83.2347 -167.8117 131.9801
v -87.0118 -113.8704 122.1640
v -83.2347 -113.7938 131.9801
v -87.0118 -167.7461 122.1640
v -87.4579 -109.7362 131.9801
v -87.4579 -171.8693 131.9801
v -87.0118 -167.7461 122.1640
v 215.9854 117.0316 141.6281
v 215.9557 172.9744 123.3414
v 215.9854 172.9744 141.6281
v 215.9557 117.0316 123.3414
v 215.9854 117.0316 141.6281
v 108.1758 117.0316 123.3414
v 215.9557 117.0316 123.3414
v 108.2055 117.0316 141.6281
v 215.9854 172.9744 141.6281
v 108.2055 117.0316 141.6281
v 215.9854 117.0316 141.6281
v 108.2055 172.9744 141.6281
v 215.9557 172.9744 123.3414
v 108.2055 172.9744 141.6281
v 215.9854 172.9744 141.6281
v 108.1758 172.9744 123.3414
v 108.1758 117.0316 123.3414
v 108.2055 172.9744 141.6281
v 108.1758 172.9744 123.3414
v 108.2055 117.0316 141.6281
v 81.0524 149.1208 142.6678
v 80.9631 168.6105 122.9438
v 80.9929 168.6105 142.6678
v 81.0226 149.1208 122.9438
v 81.0524 149.1208 142.6678
v -42.6685 149.1208 122.9438
v 81.0226 149.1208 122.9438
v -42.6388 149.1208 142.6678
v 80.9929 168.6105 142.6678
v -42.6388 149.1208 142.6678
v 81.0524 149.1208 142.6678
v -42.6983 168.6105 142.6678
v 80.9631 168.6105 122.9438
v -42.6983 168.6105 142.6678
v 80.9929 168.6105 142.6678
v -42.7280 168.6105 122.9438
v -42.6685 149.1208 122.9438
v -42.6983 168.6105 142.6678
v -42.7280 168.6105 122.9438
v -42.6388 149.1208 142.6678
v -276.8163 -109.7362 131.9801
v -192.0556 -113.8485 140.4202
v -188.2488 -109.7362 131.9801
v -261.9757 -113.8485 140.4202
v -280.6528 -113.8485 131.9801
v -276.8163 -130.6915 140.4202
v -261.9757 -167.7789 140.4202
v -276.8163 -150.4656 140.4202
v -280.6528 -167.7789 131.9801
v -276.8163 -171.8693 131.9801
v -192.0556 -167.7789 140.4202
v -188.2488 -171.8693 131.9801
v -187.8027 -163.7213 140.4202
v -184.0256 -167.8117 131.9801
v -184.0256 -113.7938 131.9801
v -187.8027 -117.9171 140.4202
v -280.6528 -167.7789 131.9801
v -276.8163 -130.6915 140.4202
v -280.6528 -113.8485 131.9801
v -276.8163 -150.4656 140.4202
v -276.8163 -113.8595 122.1640
v -276.8163 -167.7570 122.1640
v -276.8163 -171.8693 131.9801
v -187.8027 -167.7461 122.1640
v -188.2488 -171.8693 131.9801
v -187.8027 -113.8704 122.1640
v -276.8163 -109.7362 131.9801
v -188.2488 -109.7362 131.9801
v -276.8163 -113.8595 122.1640
v -280.6528 -113.8485 131.9801
v -184.0256 -167.8117 131.9801
v -187.8027 -113.8704 122.1640
v -184.0256 -113.7938 131.9801
v -187.8027 -167.7461 122.1640
v -188.2488 -109.7362 131.9801
v -188.2488 -171.8693 131.9801
v -187.8027 -167.7461 122.1640
v 79.4166 -109.6596 133.3409
v 137.6785 -113.7720 141.7810
v 141.4853 -109.6596 133.3409
v 94.2274 -113.7720 141.7810
v 75.5801 -113.7720 133.3409
v 79.4166 -130.6149 141.7810
v 94.2274 -167.6914 141.7810
v 79.4166 -150.3891 141.7810
v 75.5801 -167.6914 133.3409
v 79.4166 -171.7818 133.3409
v 137.6785 -167.6914 141.7810
v 141.4853 -171.7818 133.3409
v 141.9016 -163.6338 141.7810
v 145.7084 -167.7242 133.3409
v 145.7084 -113.7173 133.3409
v 141.9016 -117.8296 141.7810
v 75.5801 -167.6914 133.3409
v 79.4166 -130.6149 141.7810
v 75.5801 -113.7720 133.3409
v 79.4166 -150.3891 141.7810
v 79.4166 -113.7720 123.5248
v 79.4166 -167.6805 123.5248
v 79.4166 -171.7818 133.3409
v 141.9314 -167.6695 123.5248
v 141.4853 -171.7818 133.3409
v 141.9314 -113.7829 123.5248
v 79.4166 -109.6596 133.3409
v 141.4853 -109.6596 133.3409
v 79.4166 -113.7720 123.5248
v 75.5801 -113.7720 133.3409
v 145.7084 -167.7242 133.3409
v 141.9314 -113.7829 123.5248
v 145.7084 -113.7173 133.3409
v 141.9314 -167.6695 123.5248
v 141.4853 -109.6596 133.3409
v 141.4853 -171.7818 133.3409
v 141.9314 -167.6695 123.5248
v 155.3146 -109.6596 133.3409
v 213.5765 -113.7720 141.7810
v 217.3833 -109.6596 133.3409
v 170.1552 -113.7720 141.7810
v 151.4781 -113.7720 133.3409
v 155.3146 -130.6149 141.7810
v 170.1552 -167.6914 141.7810
v 155.3146 -150.3891 141.7810
v 151.4781 -167.6914 133.3409
v 155.3146 -171.7818 133.3409
v 213.5765 -167.6914 141.7810
v 217.3833 -171.7818 133.3409
v 217.7997 -163.6338 141.7810
v 221.6064 -167.7242 133.3409
v 221.6064 -113.7173 133.3409
v 217.7997 -117.8296 141.7810
v 151.4781 -167.6914 133.3409
v 155.3146 -130.6149 141.7810
v 151.4781 -113.7720 133.3409
v 155.3146 -150.3891 141.7810
v 155.3146 -113.7720 123.5248
v 155.3146 -167.6805 123.5248
v 155.3146 -171.7818 133.3409
v 217.8294 -167.6695 123.5248
v 217.3833 -171.7818 133.3409
v 217.8294 -113.7829 123.5248
v 155.3146 -109.6596 133.3409
v 217.3833 -109.6596 133.3409
v 155.3146 -113.7720 123.5248
v 151.4781 -113.7720 133.3409
v 221.6064 -167.7242 133.3409
v 217.8294 -113.7829 123.5248
v 221.6064 -113.7173 133.3409
v 217.8294 -167.6695 123.5248
v 217.3833 -109.6596 133.3409
v 217.3833 -171.7818 133.3409
v 217.8294 -167.6695 123.5248
v -231.7295 120.0721 144.0592
v -227.4171 172.4494 134.2583
v -231.7295 168.1293 144.0592
v -227.4171 115.7848 134.2583
v -232.2054 111.5194 134.2583
v -236.5178 115.8176 144.0592
v -236.5178 172.3947 144.0592
v -232.2054 176.7149 134.2583
v -273.4258 172.4057 144.0592
v -277.7382 176.7039 134.2583
v -278.2141 168.1512 144.0592
v -282.5265 172.4385 134.2583
v -282.5265 115.7739 134.2583
v -278.2141 120.0940 144.0592
v -277.7382 111.5084 134.2583
v -273.4258 115.8286 144.0592
v -227.4171 115.7848 134.2583
v -231.6998 172.3838 122.8368
v -227.4171 172.4494 134.2583
v -231.6998 115.8395 122.8368
v -232.2054 111.5194 134.2583
v -278.2438 115.8395 122.8368
v -277.7382 111.5084 134.2583
v -282.5265 115.7739 134.2583
v -232.2054 176.7149 134.2583
v -227.4171 172.4494 134.2583
v -231.6998 172.3838 122.8368
v -277.7382 176.7039 134.2583
v -278.2438 172.3728 122.8368
v -282.5265 172.4385 134.2583
v -278.2438 115.8395 122.8368
v -282.5265 115.7739 134.2583
v 32.3670 -174.4833 137.0870
v 32.3670 -138.6427 123.3719
v 32.3670 -138.6427 137.0870
v 32.3670 -174.4833 123.3719
v 32.3670 -174.4833 137.0870
v -14.0283 -174.4833 123.3719
v 32.3670 -174.4833 123.3719
v -13.9986 -174.4833 137.0870
v 32.3670 -138.6427 137.0870
v -13.9986 -174.4833 137.0870
v 32.3670 -174.4833 137.0870
v -13.9986 -138.6427 137.0870
v 32.3670 -138.6427 123.3719
v -13.9986 -138.6427 137.0870
v 32.3670 -138.6427 137.0870
v -14.0283 -138.6427 123.3719
v -14.0283 -174.4833 123.3719
v -13.9986 -138.6427 137.0870
v -14.0283 -138.6427 123.3719
v -13.9986 -174.4833 137.0870
v -88.4988 129.8826 134.4418
v -93.8224 127.5530 132.5459
v -90.8483 125.8250 132.5306
v -91.4431 131.6106 134.4724
v -80.5580 143.7288 126.4911
v -83.5024 145.4569 126.5064
v -81.0339 142.9633 123.2496
v -83.9782 144.6913 123.2649
v -94.5659 126.3500 127.6684
v -91.6216 124.6219 127.6531
v -91.4431 131.6106 134.4724
v -92.8707 129.2045 130.8334
v -93.8224 127.5530 132.5459
v -91.5323 131.5013 131.9343
v -90.2832 133.6777 130.5276
v -83.5024 145.4569 126.5064
v -90.0750 134.1043 127.6837
v -83.9782 144.6913 123.2649
v -91.0565 132.4528 125.5584
v -93.1383 128.9202 123.5096
v -92.4840 129.9701 125.7266
v -94.5659 126.3500 127.6684
v -93.2870 128.5264 128.0812
v -91.5323 131.5013 131.9343
v -89.9263 127.4765 130.8181
v -92.8707 129.2045 130.8334
v -88.5880 129.7623 131.9037
v -90.2832 133.6777 130.5276
v -87.3389 131.9497 130.4970
v -90.0750 134.1043 127.6837
v -87.1307 132.3762 127.6684
v -91.0565 132.4528 125.5584
v -88.1122 130.7247 125.5278
v -92.4840 129.9701 125.7266
v -89.5397 128.2421 125.7113
v -93.2870 128.5264 128.0812
v -90.3427 126.7874 128.0659
v -92.8707 129.2045 130.8334
v -89.9263 127.4765 130.8181
v -88.5880 129.7623 131.9037
v -90.8483 125.8250 132.5306
v -89.9263 127.4765 130.8181
v -88.4988 129.8826 134.4418
v -87.3389 131.9497 130.4970
v -80.5580 143.7288 126.4911
v -87.1307 132.3762 127.6684
v -88.1122 130.7247 125.5278
v -81.0339 142.9633 123.2496
v -90.1940 127.1812 123.4790
v -89.5397 128.2421 125.7113
v -90.3427 126.7874 128.0659
v -91.6216 124.6219 127.6531
v -91.6216 124.6219 127.6531
v -93.1383 128.9202 123.5096
v -90.1940 127.1812 123.4790
v -94.5659 126.3500 127.6684
v -83.9782 144.6913 123.2649
v -81.0339 142.9633 123.2496
v 247.7782 137.2432 127.9742
v 249.5923 132.5184 124.5493
v 249.6221 132.5075 127.9742
v 247.7484 137.2541 124.5493
v 255.9866 153.0690 127.8213
v 255.9568 153.0800 124.4117
v 259.2283 152.1175 127.7907
v 259.1986 152.1175 124.3811
v 254.4698 131.0201 124.5034
v 254.4698 131.0201 127.9283
v 247.7484 137.2541 124.5493
v 251.3470 134.3887 124.5340
v 249.5923 132.5184 124.5493
v 250.3061 137.0573 124.5340
v 251.7337 139.5509 124.5034
v 255.9568 153.0800 124.4117
v 254.5888 139.9775 124.4728
v 259.1986 152.1175 124.3811
v 256.7003 138.0307 124.4575
v 258.6632 133.8855 124.4575
v 256.4624 135.1652 124.4728
v 254.4698 131.0201 124.5034
v 254.0832 133.5465 124.5034
v 250.3061 137.0573 124.5340
v 251.3768 134.3777 127.9436
v 251.3470 134.3887 124.5340
v 250.3061 137.0573 127.9436
v 251.7337 139.5509 124.5034
v 251.7634 139.5400 127.9283
v 254.5888 139.9775 124.4728
v 254.5888 139.9775 127.8978
v 256.7003 138.0307 124.4575
v 256.7003 138.0197 127.8825
v 256.4624 135.1652 124.4728
v 256.4922 135.1543 127.8978
v 254.0832 133.5465 124.5034
v 254.1129 133.5356 127.9283
v 251.3470 134.3887 124.5340
v 251.3768 134.3777 127.9436
v 250.3061 137.0573 127.9436
v 249.6221 132.5075 127.9742
v 251.3768 134.3777 127.9436
v 247.7782 137.2432 127.9742
v 251.7634 139.5400 127.9283
v 255.9866 153.0690 127.8213
v 254.5888 139.9775 127.8978
v 256.7003 138.0197 127.8825
v 259.2283 152.1175 127.7907
v 258.6930 133.8855 127.8672
v 256.4922 135.1543 127.8978
v 254.1129 133.5356 127.9283
v 254.4698 131.0201 127.9283
v 254.4698 131.0201 127.9283
v 258.6632 133.8855 124.4575
v 258.6930 133.8855 127.8672
v 254.4698 131.0201 124.5034
v 259.1986 152.1175 124.3811
v 259.2283 152.1175 127.7907
v -28.8689 -132.6492 134.4418
v -23.2479 -131.1946 132.5612
v -25.8948 -129.0181 132.5306
v -26.2220 -134.8257 134.4724
v -38.8915 -145.0518 126.4605
v -36.2446 -147.2283 126.4758
v -38.2669 -144.3628 123.2038
v -35.6497 -146.5392 123.2343
v -22.2962 -130.1118 127.6837
v -24.9431 -127.9354 127.6684
v -26.2220 -134.8257 134.4724
v -24.4375 -132.6711 130.8487
v -23.2479 -131.1946 132.5612
v -26.1030 -134.7273 131.9343
v -27.6793 -136.6740 130.5123
v -36.2446 -147.2283 126.4758
v -27.9767 -137.0568 127.6837
v -35.6497 -146.5392 123.2343
v -26.7276 -135.5804 125.5584
v -24.1104 -132.4086 123.5096
v -24.9134 -133.3492 125.7266
v -22.2962 -130.1118 127.6837
v -23.9022 -132.0586 128.0965
v -26.1030 -134.7273 131.9343
v -27.0547 -130.4946 130.8334
v -24.4375 -132.6711 130.8487
v -28.7499 -132.5508 131.9037
v -27.6793 -136.6740 130.5123
v -30.3262 -134.4976 130.4970
v -27.9767 -137.0568 127.6837
v -30.5938 -134.8804 127.6684
v -26.7276 -135.5804 125.5584
v -29.3745 -133.4039 125.5278
v -24.9134 -133.3492 125.7266
v -27.5603 -131.1727 125.7113
v -23.9022 -132.0586 128.0965
v -26.5194 -129.8822 128.0659
v -24.4375 -132.6711 130.8487
v -27.0547 -130.4946 130.8334
v -28.7499 -132.5508 131.9037
v -25.8948 -129.0181 132.5306
v -27.0547 -130.4946 130.8334
v -28.8689 -132.6492 134.4418
v -30.3262 -134.4976 130.4970
v -38.8915 -145.0518 126.4605
v -30.5938 -134.8804 127.6684
v -29.3745 -133.4039 125.5278
v -38.2669 -144.3628 123.2038
v -26.7573 -130.2321 123.4943
v -27.5603 -131.1727 125.7113
v -26.5194 -129.8822 128.0659
v -24.9431 -127.9354 127.6684
v -24.9431 -127.9354 127.6684
v -24.1104 -132.4086 123.5096
v -26.7573 -130.2321 123.4943
v -22.2962 -130.1118 127.6837
v -35.6497 -146.5392 123.2343
v -38.2669 -144.3628 123.2038
v -314.2299 -92.8276 94.6881
v -311.4046 -96.0540 90.3458
v -311.2856 -92.6417 90.5598
v -314.3489 -96.2399 94.4893
v -329.6058 -92.5760 96.7370
v -329.7248 -95.9884 96.5229
v -330.5873 -92.3573 93.5108
v -330.6765 -95.7697 93.2967
v -312.8024 -95.7368 85.4836
v -312.7132 -92.3245 85.6824
v -314.3489 -96.2399 94.4893
v -313.9028 -95.9775 89.9329
v -311.4046 -96.0540 90.3458
v -315.5683 -96.0868 92.2570
v -318.4531 -96.0321 92.4252
v -329.7248 -95.9884 96.5229
v -320.3565 -95.8681 90.2846
v -330.6765 -95.7697 93.2967
v -319.8807 -95.7040 87.4713
v -317.5014 -95.5181 83.5418
v -317.3527 -95.6712 86.0799
v -312.8024 -95.7368 85.4836
v -314.7058 -95.8025 87.1655
v -315.5683 -96.0868 92.2570
v -313.8136 -92.5651 90.1317
v -313.9028 -95.9775 89.9329
v -315.4791 -92.6745 92.4711
v -318.4531 -96.0321 92.4252
v -318.3342 -92.6198 92.6393
v -320.3565 -95.8681 90.2846
v -320.2673 -92.4557 90.4987
v -319.8807 -95.7040 87.4713
v -319.7914 -92.2917 87.6700
v -317.3527 -95.6712 86.0799
v -317.2635 -92.2589 86.2787
v -314.7058 -95.8025 87.1655
v -314.6166 -92.3901 87.3795
v -313.9028 -95.9775 89.9329
v -313.8136 -92.5651 90.1317
v -315.4791 -92.6745 92.4711
v -311.2856 -92.6417 90.5598
v -313.8136 -92.5651 90.1317
v -314.2299 -92.8276 94.6881
v -318.3342 -92.6198 92.6393
v -329.6058 -92.5760 96.7370
v -320.2673 -92.4557 90.4987
v -319.7914 -92.2917 87.6700
v -330.5873 -92.3573 93.5108
v -317.4122 -92.1058 83.7558
v -317.2635 -92.2589 86.2787
v -314.6166 -92.3901 87.3795
v -312.7132 -92.3245 85.6824
v -312.7132 -92.3245 85.6824
v -317.5014 -95.5181 83.5418
v -317.4122 -92.1058 83.7558
v -312.8024 -95.7368 85.4836
v -330.6765 -95.7697 93.2967
v -330.5873 -92.3573 93.5108
v 273.6822 -93.3635 90.0400
v 284.1806 -124.4246 71.8144
v 271.9572 -124.4246 90.3764
v 284.5376 -93.3635 73.5116
v 290.5154 -93.3635 101.1099
v 290.8723 -124.4246 102.8070
v 284.5376 -93.3635 73.5116
v 303.0957 -124.4246 84.2604
v 284.1806 -124.4246 71.8144
v 301.3708 -93.3635 84.5968
v 290.8723 -124.4246 102.8070
v 290.5154 -93.3635 101.1099
v -300.9656 -104.9458 77.6705
v -287.4337 -124.4246 61.8760
v -302.6906 -124.4246 78.0221
v -287.3742 -104.9458 63.2980
v -286.3035 -104.9458 91.5078
v -286.2440 -124.4246 93.5567
v -287.3742 -104.9458 63.2980
v -270.9871 -124.4246 77.4105
v -287.4337 -124.4246 61.8760
v -272.7121 -104.9458 77.1353
v -286.2440 -124.4246 93.5567
v -286.3035 -104.9458 91.5078
v 273.6822 93.3639 90.0400
v 284.1806 124.4250 71.8144
v 284.5376 93.3639 73.5116
v 271.9572 124.4250 90.3764
v 290.5154 93.3639 101.1099
v 290.8723 124.4250 102.8070
v 284.5376 93.3639 73.5116
v 303.0957 124.4250 84.2604
v 301.3708 93.3639 84.5968
v 284.1806 124.4250 71.8144
v 290.8723 124.4250 102.8070
v 290.5154 93.3639 101.1099
v -300.9656 104.9462 77.6705
v -287.4337 124.4250 61.8760
v -287.3742 104.9462 63.2980
v -302.6906 124.4250 78.0221
v -286.3035 104.9462 91.5078
v -286.2440 124.4250 93.5567
v -287.3742 104.9462 63.2980
v -270.9871 124.4250 77.4105
v -272.7121 104.9462 77.1353
v -287.4337 124.4250 61.8760
v -286.2440 124.4250 93.5567
v -286.3035 104.9462 91.5078
v 311.7799 124.0860 87.2572
v 308.5085 167.4621 99.4891
v 308.5085 124.0860 99.4891
v 311.7799 167.4621 87.2572
v 308.5085 124.0860 75.0253
v 308.5085 167.4621 75.0253
v 299.5565 124.0860 66.0654
v 299.5565 167.4621 66.0654
v 308.5085 124.0860 99.4891
v 299.5565 167.4621 108.4490
v 299.5565 124.0860 108.4490
v 308.5085 167.4621 99.4891
v 287.3034 167.4621 111.7210
v 287.3034 124.0860 111.7210
v 275.0800 167.4621 108.4490
v 275.0800 124.0860 108.4490
v 275.0800 124.0860 108.4490
v 266.1281 167.4621 99.4891
v 266.1281 124.0860 99.4891
v 275.0800 167.4621 108.4490
v 262.8567 167.4621 87.2572
v 262.8567 124.0860 87.2572
v 266.1281 167.4621 75.0253
v 266.1281 124.0860 75.0253
v 266.1281 124.0860 75.0253
v 275.0800 167.4621 66.0654
v 275.0800 124.0860 66.0654
v 266.1281 167.4621 75.0253
v 287.3034 167.4621 62.7934
v 287.3034 124.0860 62.7934
v 299.5565 167.4621 66.0654
v 299.5565 124.0860 66.0654
v 299.5565 124.0860 66.0654
v 275.0800 124.0860 66.0654
v 287.3034 124.0860 62.7934
v 311.7799 124.0860 87.2572
v 308.5085 124.0860 75.0253
v 275.0800 124.0860 108.4490
v 299.5565 124.0860 108.4490
v 308.5085 124.0860 99.4891
v 287.3034 124.0860 111.7210
v 262.8567 124.0860 87.2572
v 266.1281 124.0860 99.4891
v 266.1281 124.0860 75.0253
v 284.2997 160.6156 98.4800
v 298.5454 160.6156 84.2451
v 290.3369 160.6156 76.0191
v 295.5416 160.6156 95.4832
v 276.0912 160.6156 90.2693
v 279.0950 160.6156 79.0313
v 311.7799 167.4621 87.2572
v 304.2853 167.4621 97.0580
v 308.5085 167.4621 99.4891
v 306.9322 167.4621 87.2572
v 308.5085 167.4621 75.0253
v 304.2853 167.4621 77.4411
v 299.5565 167.4621 66.0654
v 297.1178 167.4621 70.2701
v 287.3034 167.4621 62.7934
v 287.3034 167.4621 67.6403
v 275.0800 167.4621 66.0654
v 277.5188 167.4621 70.2701
v 266.1281 167.4621 75.0253
v 270.3216 167.4621 77.4411
v 262.8567 167.4621 87.2572
v 267.7044 167.4621 87.2572
v 266.1281 167.4621 99.4891
v 270.3216 167.4621 97.0580
v 275.0800 167.4621 108.4490
v 277.5188 167.4621 104.2443
v 287.3034 167.4621 111.7210
v 287.3034 167.4621 106.8589
v 299.5565 167.4621 108.4490
v 297.1178 167.4621 104.2443
v 306.9322 167.4621 87.2572
v 295.5416 160.6156 95.4832
v 304.2853 167.4621 97.0580
v 298.5454 160.6156 84.2451
v 304.2853 167.4621 77.4411
v 297.1178 167.4621 70.2701
v 290.3369 160.6156 76.0191
v 287.3034 167.4621 67.6403
v 277.5188 167.4621 70.2701
v 279.0950 160.6156 79.0313
v 270.3216 167.4621 77.4411
v 267.7044 167.4621 87.2572
v 276.0912 160.6156 90.2693
v 270.3216 167.4621 97.0580
v 277.5188 167.4621 104.2443
v 284.2997 160.6156 98.4800
v 287.3034 167.4621 106.8589
v 297.1178 167.4621 104.2443
v 311.7799 -124.0856 87.2572
v 308.5085 -167.4726 99.4891
v 311.7799 -167.4726 87.2572
v 308.5085 -124.0856 99.4891
v 308.5085 -124.0856 75.0253
v 308.5085 -167.4726 75.0253
v 299.5565 -124.0856 66.0654
v 299.5565 -167.4726 66.0654
v 308.5085 -124.0856 99.4891
v 299.5565 -167.4726 108.4490
v 308.5085 -167.4726 99.4891
v 299.5565 -124.0856 108.4490
v 287.3034 -167.4726 111.7210
v 287.3034 -124.0856 111.7210
v 275.0800 -167.4726 108.4490
v 275.0800 -124.0856 108.4490
v 275.0800 -124.0856 108.4490
v 266.1281 -167.4726 99.4891
v 275.0800 -167.4726 108.4490
v 266.1281 -124.0856 99.4891
v 262.8567 -167.4726 87.2572
v 262.8567 -124.0856 87.2572
v 266.1281 -167.4726 75.0253
v 266.1281 -124.0856 75.0253
v 266.1281 -124.0856 75.0253
v 275.0800 -167.4726 66.0654
v 266.1281 -167.4726 75.0253
v 275.0800 -124.0856 66.0654
v 287.3034 -167.4726 62.7934
v 287.3034 -124.0856 62.7934
v 299.5565 -167.4726 66.0654
v 299.5565 -124.0856 66.0654
v 311.7799 -124.0856 87.2572
v 299.5565 -124.0856 108.4490
v 308.5085 -124.0856 99.4891
v 275.0800 -124.0856 108.4490
v 275.0800 -124.0856 66.0654
v 299.5565 -124.0856 66.0654
v 308.5085 -124.0856 75.0253
v 287.3034 -124.0856 62.7934
v 262.8567 -124.0856 87.2572
v 266.1281 -124.0856 75.0253
v 266.1281 -124.0856 99.4891
v 287.3034 -124.0856 111.7210
v 284.2997 -160.6151 98.4800
v 298.5454 -160.6151 84.2451
v 295.5416 -160.6151 95.4832
v 290.3369 -160.6151 76.0191
v 276.0912 -160.6151 90.2693
v 279.0950 -160.6151 79.0313
v 311.7799 -167.4726 87.2572
v 304.2853 -167.4726 97.0580
v 306.9322 -167.4726 87.2572
v 308.5085 -167.4726 99.4891
v 297.1178 -167.4726 104.2443
v 299.5565 -167.4726 108.4490
v 287.3034 -167.4726 106.8589
v 287.3034 -167.4726 111.7210
v 277.5188 -167.4726 104.2443
v 275.0800 -167.4726 108.4490
v 270.3216 -167.4726 97.0580
v 266.1281 -167.4726 99.4891
v 267.7044 -167.4726 87.2572
v 262.8567 -167.4726 87.2572
v 270.3216 -167.4726 77.4411
v 266.1281 -167.4726 75.0253
v 277.5188 -167.4726 70.2701
v 275.0800 -167.4726 66.0654
v 287.3034 -167.4726 67.6403
v 287.3034 -167.4726 62.7934
v 297.1178 -167.4726 70.2701
v 299.5565 -167.4726 66.0654
v 304.2853 -167.4726 77.4411
v 308.5085 -167.4726 75.0253
v 306.9322 -167.4726 87.2572
v 295.5416 -160.6151 95.4832
v 298.5454 -160.6151 84.2451
v 304.2853 -167.4726 97.0580
v 297.1178 -167.4726 104.2443
v 284.2997 -160.6151 98.4800
v 287.3034 -167.4726 106.8589
v 277.5188 -167.4726 104.2443
v 276.0912 -160.6151 90.2693
v 270.3216 -167.4726 97.0580
v 267.7044 -167.4726 87.2572
v 279.0950 -160.6151 79.0313
v 270.3216 -167.4726 77.4411
v 277.5188 -167.4726 70.2701
v 290.3369 -160.6151 76.0191
v 287.3034 -167.4726 67.6403
v 297.1178 -167.4726 70.2701
v 304.2853 -167.4726 77.4411
v -285.9467 125.3000 52.0293
v -272.9797 125.3000 100.4371
v -285.9467 125.3000 103.9232
v -272.9797 125.3000 55.5154
v -263.4925 125.3000 90.9421
v -263.4925 125.3000 65.0104
v -260.0128 125.3000 77.9763
v -298.9135 125.3000 55.5154
v -298.9135 125.3000 100.4371
v -308.4008 125.3000 65.0104
v -308.4008 125.3000 90.9421
v -311.8804 125.3000 77.9763
v -259.9831 167.8559 80.6826
v -253.6186 167.8778 86.5998
v -262.1244 167.8559 88.6027
v -262.1244 167.8559 88.6027
v -253.6186 170.4589 86.5998
v -262.1244 170.4808 88.6027
v -253.6186 167.8778 86.5998
v -259.9831 170.4808 80.6826
v -253.6186 167.8778 86.5998
v -259.9831 167.8559 80.6826
v -253.6186 170.4589 86.5998
v -264.8308 167.8559 93.2967
v -262.2731 167.8778 101.5838
v -270.6302 167.8559 99.0916
v -270.6302 167.8559 99.0916
v -262.2731 170.4589 101.5838
v -270.6302 170.4808 99.0916
v -262.2731 167.8778 101.5838
v -264.8308 170.4808 93.2967
v -262.2731 167.8778 101.5838
v -264.8308 167.8559 93.2967
v -262.2731 170.4589 101.5838
v -275.2995 167.8559 101.7979
v -277.2624 167.8778 110.2379
v -283.2402 167.8559 103.9232
v -283.2402 167.8559 103.9232
v -277.2624 170.4589 110.2379
v -283.2402 170.4808 103.9232
v -277.2624 167.8778 110.2379
v -275.2995 170.4808 101.7979
v -277.2624 167.8778 110.2379
v -275.2995 167.8559 101.7979
v -277.2624 170.4589 110.2379
v -288.6530 167.8559 103.9232
v -294.5417 167.8778 110.2379
v -296.5938 167.8559 101.7979
v -296.5938 167.8559 101.7979
v -294.5417 170.4589 110.2379
v -296.5938 170.4808 101.7979
v -294.5417 167.8778 110.2379
v -288.6530 170.4808 103.9232
v -294.5417 167.8778 110.2379
v -288.6530 167.8559 103.9232
v -294.5417 170.4589 110.2379
v -301.2631 167.8559 99.0916
v -309.5309 167.8778 101.5838
v -307.0625 167.8559 93.2967
v -307.0625 167.8559 93.2967
v -309.5309 170.4589 101.5838
v -307.0625 170.4808 93.2967
v -309.5309 167.8778 101.5838
v -301.2631 170.4808 99.0916
v -309.5309 167.8778 101.5838
v -301.2631 167.8559 99.0916
v -309.5309 170.4589 101.5838
v -309.7689 167.8559 88.6027
v -318.1855 167.8778 86.5998
v -311.9102 167.8559 80.6826
v -311.9102 167.8559 80.6826
v -318.1855 170.4589 86.5998
v -311.9102 170.4808 80.6826
v -318.1855 167.8778 86.5998
v -309.7689 170.4808 88.6027
v -318.1855 167.8778 86.5998
v -309.7689 167.8559 88.6027
v -318.1855 170.4589 86.5998
v -311.8804 167.8559 75.2547
v -318.1855 167.8778 69.3069
v -309.7689 167.8559 67.3498
v -309.7689 167.8559 67.3498
v -318.1855 170.4589 69.3069
v -309.7689 170.4808 67.3498
v -318.1855 167.8778 69.3069
v -311.8804 170.4808 75.2547
v -318.1855 167.8778 69.3069
v -311.8804 167.8559 75.2547
v -318.1855 170.4589 69.3069
v -307.0327 167.8559 62.6558
v -309.5309 167.8778 54.3228
v -301.2928 167.8559 56.8609
v -301.2928 167.8559 56.8609
v -309.5309 170.4589 54.3228
v -301.2928 170.4808 56.8609
v -309.5309 167.8778 54.3228
v -307.0327 170.4808 62.6558
v -309.5309 167.8778 54.3228
v -307.0327 167.8559 62.6558
v -309.5309 170.4589 54.3228
v -296.5640 167.8559 54.1546
v -294.5417 167.8778 45.6687
v -288.6828 167.8559 52.0293
v -288.6828 167.8559 52.0293
v -294.5417 170.4589 45.6687
v -288.6828 170.4808 52.0293
v -294.5417 167.8778 45.6687
v -296.5640 170.4808 54.1546
v -294.5417 167.8778 45.6687
v -296.5640 167.8559 54.1546
v -294.5417 170.4589 45.6687
v -283.2105 167.8559 52.0293
v -277.2624 167.8778 45.6687
v -275.3293 167.8559 54.1546
v -275.3293 167.8559 54.1546
v -277.2624 170.4589 45.6687
v -275.3293 170.4808 54.1546
v -277.2624 167.8778 45.6687
v -283.2105 170.4808 52.0293
v -277.2624 167.8778 45.6687
v -283.2105 167.8559 52.0293
v -277.2624 170.4589 45.6687
v -270.6005 167.8559 56.8609
v -262.2731 167.8778 54.3228
v -264.8605 167.8559 62.6558
v -264.8605 167.8559 62.6558
v -262.2731 170.4589 54.3228
v -264.8605 170.4808 62.6558
v -262.2731 167.8778 54.3228
v -270.6005 170.4808 56.8609
v -262.2731 167.8778 54.3228
v -270.6005 167.8559 56.8609
v -262.2731 170.4589 54.3228
v -262.1244 167.8559 67.3498
v -253.6186 167.8778 69.3069
v -260.0128 167.8559 75.2547
v -260.0128 167.8559 75.2547
v -253.6186 170.4589 69.3069
v -260.0128 170.4808 75.2547
v -253.6186 167.8778 69.3069
v -262.1244 170.4808 67.3498
v -253.6186 167.8778 69.3069
v -262.1244 167.8559 67.3498
v -253.6186 170.4589 69.3069
v -262.1244 167.8559 88.6027
v -264.8308 170.4808 93.2967
v -264.8308 167.8559 93.2967
v -262.1244 170.4808 88.6027
v -259.9831 170.4808 80.6826
v -260.0128 167.8559 75.2547
v -260.0128 170.4808 75.2547
v -259.9831 167.8559 80.6826
v -270.6302 167.8559 99.0916
v -275.2995 170.4808 101.7979
v -275.2995 167.8559 101.7979
v -270.6302 170.4808 99.0916
v -283.2402 167.8559 103.9232
v -288.6530 170.4808 103.9232
v -288.6530 167.8559 103.9232
v -283.2402 170.4808 103.9232
v -296.5938 167.8559 101.7979
v -301.2631 170.4808 99.0916
v -301.2631 167.8559 99.0916
v -296.5938 170.4808 101.7979
v -307.0625 167.8559 93.2967
v -309.7689 170.4808 88.6027
v -309.7689 167.8559 88.6027
v -307.0625 170.4808 93.2967
v -311.9102 167.8559 80.6826
v -311.8804 170.4808 75.2547
v -311.8804 167.8559 75.2547
v -311.9102 170.4808 80.6826
v -309.7689 167.8559 67.3498
v -307.0327 170.4808 62.6558
v -307.0327 167.8559 62.6558
v -309.7689 170.4808 67.3498
v -301.2928 167.8559 56.8609
v -296.5640 170.4808 54.1546
v -296.5640 167.8559 54.1546
v -301.2928 170.4808 56.8609
v -288.6828 167.8559 52.0293
v -283.2105 170.4808 52.0293
v -283.2105 167.8559 52.0293
v -288.6828 170.4808 52.0293
v -275.3293 167.8559 54.1546
v -270.6005 170.4808 56.8609
v -270.6005 167.8559 56.8609
v -275.3293 170.4808 54.1546
v -264.8605 167.8559 62.6558
v -262.1244 170.4808 67.3498
v -262.1244 167.8559 67.3498
v -264.8605 170.4808 62.6558
v -262.1244 167.8559 67.3498
v -263.4925 125.3000 65.0104
v -264.8605 167.8559 62.6558
v -272.9797 125.3000 55.5154
v -270.6005 167.8559 56.8609
v -270.6005 167.8559 56.8609
v -272.9797 125.3000 55.5154
v -275.3293 167.8559 54.1546
v -285.9467 125.3000 52.0293
v -283.2105 167.8559 52.0293
v -283.2105 167.8559 52.0293
v -285.9467 125.3000 52.0293
v -288.6828 167.8559 52.0293
v -298.9135 125.3000 55.5154
v -296.5640 167.8559 54.1546
v -296.5640 167.8559 54.1546
v -298.9135 125.3000 55.5154
v -301.2928 167.8559 56.8609
v -308.4008 125.3000 65.0104
v -307.0327 167.8559 62.6558
v -307.0327 167.8559 62.6558
v -308.4008 125.3000 65.0104
v -309.7689 167.8559 67.3498
v -311.8804 125.3000 77.9763
v -311.8804 167.8559 75.2547
v -311.8804 167.8559 75.2547
v -311.8804 125.3000 77.9763
v -311.9102 167.8559 80.6826
v -308.4008 125.3000 90.9421
v -309.7689 167.8559 88.6027
v -309.7689 167.8559 88.6027
v -308.4008 125.3000 90.9421
v -307.0625 167.8559 93.2967
v -298.9135 125.3000 100.4371
v -301.2631 167.8559 99.0916
v -301.2631 167.8559 99.0916
v -298.9135 125.3000 100.4371
v -296.5938 167.8559 101.7979
v -285.9467 125.3000 103.9232
v -288.6530 167.8559 103.9232
v -288.6530 167.8559 103.9232
v -285.9467 125.3000 103.9232
v -283.2402 167.8559 103.9232
v -272.9797 125.3000 100.4371
v -275.2995 167.8559 101.7979
v -275.2995 167.8559 101.7979
v -272.9797 125.3000 100.4371
v -270.6302 167.8559 99.0916
v -263.4925 125.3000 90.9421
v -264.8308 167.8559 93.2967
v -264.8308 167.8559 93.2967
v -263.4925 125.3000 90.9421
v -262.1244 167.8559 88.6027
v -260.0128 125.3000 77.9763
v -259.9831 167.8559 80.6826
v -259.9831 167.8559 80.6826
v -260.0128 125.3000 77.9763
v -260.0128 167.8559 75.2547
v -263.4925 125.3000 65.0104
v -262.1244 167.8559 67.3498
v -259.9831 170.4808 80.6826
v -262.1244 170.4808 88.6027
v -253.6186 170.4589 86.5998
v -267.0316 170.4917 83.0372
v -272.0875 170.4917 91.8136
v -264.8308 170.4808 93.2967
v -270.6302 170.4808 99.0916
v -262.2731 170.4589 101.5838
v -280.8610 170.4917 96.8746
v -275.2995 170.4808 101.7979
v -283.2402 170.4808 103.9232
v -277.2624 170.4589 110.2379
v -291.0025 170.4917 96.8746
v -288.6530 170.4808 103.9232
v -288.6530 170.4808 103.9232
v -296.5938 170.4808 101.7979
v -294.5417 170.4589 110.2379
v -291.0025 170.4917 96.8746
v -299.7760 170.4917 91.8136
v -301.2631 170.4808 99.0916
v -307.0625 170.4808 93.2967
v -309.5309 170.4589 101.5838
v -304.8319 170.4917 83.0372
v -309.7689 170.4808 88.6027
v -311.9102 170.4808 80.6826
v -318.1855 170.4589 86.5998
v -311.8804 170.4808 75.2547
v -309.7689 170.4808 67.3498
v -318.1855 170.4589 69.3069
v -304.8319 170.4917 72.9000
v -307.0327 170.4808 62.6558
v -299.7760 170.4917 64.1236
v -301.2928 170.4808 56.8609
v -309.5309 170.4589 54.3228
v -291.0025 170.4917 59.0627
v -296.5640 170.4808 54.1546
v -288.6828 170.4808 52.0293
v -294.5417 170.4589 45.6687
v -283.2105 170.4808 52.0293
v -275.3293 170.4808 54.1546
v -277.2624 170.4589 45.6687
v -280.8610 170.4917 59.0627
v -288.6828 170.4808 52.0293
v -291.0025 170.4917 59.0627
v -272.0875 170.4917 64.1236
v -270.6005 170.4808 56.8609
v -264.8605 170.4808 62.6558
v -262.2731 170.4589 54.3228
v -267.0316 170.4917 72.9000
v -262.1244 170.4808 67.3498
v -260.0128 170.4808 75.2547
v -253.6186 170.4589 69.3069
v -267.0316 170.4917 83.0372
v -259.9831 170.4808 80.6826
v -260.0128 170.4808 75.2547
v -267.0316 170.4917 72.9000
v -304.8319 170.4917 83.0372
v -311.9102 170.4808 80.6826
v -311.8804 170.4808 75.2547
v -304.8319 170.4917 72.9000
v -267.0316 170.4917 72.9000
v -276.3999 165.8107 83.4042
v -267.0316 170.4917 83.0372
v -276.3999 165.8107 72.4107
v -272.0875 170.4917 64.1236
v -280.8610 170.4917 59.0627
v -285.9467 165.8107 66.9217
v -291.0025 170.4917 59.0627
v -299.7760 170.4917 64.1236
v -295.4636 165.8107 72.4107
v -304.8319 170.4917 72.9000
v -304.8319 170.4917 83.0372
v -295.4636 165.8107 83.4042
v -299.7760 170.4917 91.8136
v -291.0025 170.4917 96.8746
v -285.9467 165.8107 88.9085
v -280.8610 170.4917 96.8746
v -272.0875 170.4917 91.8136
v -276.3999 165.8107 72.4107
v -277.8869 169.8027 82.4715
v -276.3999 165.8107 83.4042
v -277.8869 169.8027 73.1905
v -285.9467 165.8107 66.9217
v -285.9467 169.8027 68.5424
v -295.4636 165.8107 72.4107
v -293.9766 169.8027 73.1905
v -295.4636 165.8107 83.4042
v -293.9766 169.8027 82.4715
v -285.9467 165.8107 88.9085
v -285.9467 169.8027 87.1196
v -293.9766 169.8027 82.4715
v -285.9467 169.8027 87.1196
v -277.8869 169.8027 82.4715
v -277.8869 169.8027 73.1905
v -293.9766 169.8027 73.1905
v -285.9467 169.8027 68.5424
v -285.9467 -125.2996 52.0293
v -272.9797 -125.2996 100.4371
v -272.9797 -125.2996 55.5154
v -285.9467 -125.2996 103.9232
v -298.9135 -125.2996 55.5154
v -298.9135 -125.2996 100.4371
v -308.4008 -125.2996 65.0104
v -308.4008 -125.2996 90.9421
v -311.8804 -125.2996 77.9763
v -263.4925 -125.2996 90.9421
v -263.4925 -125.2996 65.0104
v -260.0128 -125.2996 77.9763
v -259.9831 -167.8554 80.6826
v -262.1244 -167.8554 88.6027
v -253.6186 -167.8773 86.5998
v -262.1244 -167.8554 88.6027
v -253.6186 -170.4585 86.5998
v -253.6186 -167.8773 86.5998
v -262.1244 -170.4803 88.6027
v -259.9831 -170.4803 80.6826
v -253.6186 -167.8773 86.5998
v -253.6186 -170.4585 86.5998
v -259.9831 -167.8554 80.6826
v -264.8308 -167.8554 93.2967
v -270.6302 -167.8554 99.0916
v -262.2731 -167.8773 101.5838
v -270.6302 -167.8554 99.0916
v -262.2731 -170.4585 101.5838
v -262.2731 -167.8773 101.5838
v -270.6302 -170.4803 99.0916
v -264.8308 -170.4803 93.2967
v -262.2731 -167.8773 101.5838
v -262.2731 -170.4585 101.5838
v -264.8308 -167.8554 93.2967
v -275.2995 -167.8554 101.7979
v -283.2402 -167.8554 103.9232
v -277.2624 -167.8773 110.2379
v -283.2402 -167.8554 103.9232
v -277.2624 -170.4585 110.2379
v -277.2624 -167.8773 110.2379
v -283.2402 -170.4803 103.9232
v -275.2995 -170.4803 101.7979
v -277.2624 -167.8773 110.2379
v -277.2624 -170.4585 110.2379
v -275.2995 -167.8554 101.7979
v -288.6530 -167.8554 103.9232
v -296.5938 -167.8554 101.7979
v -294.5417 -167.8773 110.2379
v -296.5938 -167.8554 101.7979
v -294.5417 -170.4585 110.2379
v -294.5417 -167.8773 110.2379
v -296.5938 -170.4803 101.7979
v -288.6530 -170.4803 103.9232
v -294.5417 -167.8773 110.2379
v -294.5417 -170.4585 110.2379
v -288.6530 -167.8554 103.9232
v -301.2631 -167.8554 99.0916
v -307.0625 -167.8554 93.2967
v -309.5309 -167.8773 101.5838
v -307.0625 -167.8554 93.2967
v -309.5309 -170.4585 101.5838
v -309.5309 -167.8773 101.5838
v -307.0625 -170.4803 93.2967
v -301.2631 -170.4803 99.0916
v -309.5309 -167.8773 101.5838
v -309.5309 -170.4585 101.5838
v -301.2631 -167.8554 99.0916
v -309.7689 -167.8554 88.6027
v -311.9102 -167.8554 80.6826
v -318.1855 -167.8773 86.5998
v -311.9102 -167.8554 80.6826
v -318.1855 -170.4585 86.5998
v -318.1855 -167.8773 86.5998
v -311.9102 -170.4803 80.6826
v -309.7689 -170.4803 88.6027
v -318.1855 -167.8773 86.5998
v -318.1855 -170.4585 86.5998
v -309.7689 -167.8554 88.6027
v -311.8804 -167.8554 75.2547
v -309.7689 -167.8554 67.3498
v -318.1855 -167.8773 69.3069
v -309.7689 -167.8554 67.3498
v -318.1855 -170.4585 69.3069
v -318.1855 -167.8773 69.3069
v -309.7689 -170.4803 67.3498
v -311.8804 -170.4803 75.2547
v -318.1855 -167.8773 69.3069
v -318.1855 -170.4585 69.3069
v -311.8804 -167.8554 75.2547
v -307.0327 -167.8554 62.6558
v -301.2928 -167.8554 56.8609
v -309.5309 -167.8773 54.3228
v -301.2928 -167.8554 56.8609
v -309.5309 -170.4585 54.3228
v -309.5309 -167.8773 54.3228
v -301.2928 -170.4803 56.8609
v -307.0327 -170.4803 62.6558
v -309.5309 -167.8773 54.3228
v -309.5309 -170.4585 54.3228
v -307.0327 -167.8554 62.6558
v -296.5640 -167.8554 54.1546
v -288.6828 -167.8554 52.0293
v -294.5417 -167.8773 45.6687
v -288.6828 -167.8554 52.0293
v -294.5417 -170.4585 45.6687
v -294.5417 -167.8773 45.6687
v -294.5417 -170.4585 45.6687
v -288.6828 -167.8554 52.0293
v -288.6828 -170.4803 52.0293
v -296.5640 -170.4803 54.1546
v -294.5417 -167.8773 45.6687
v -294.5417 -170.4585 45.6687
v -294.5417 -167.8773 45.6687
v -296.5640 -170.4803 54.1546
v -296.5640 -167.8554 54.1546
v -283.2105 -167.8554 52.0293
v -275.3293 -167.8554 54.1546
v -277.2624 -167.8773 45.6687
v -275.3293 -167.8554 54.1546
v -277.2624 -170.4585 45.6687
v -277.2624 -167.8773 45.6687
v -275.3293 -170.4803 54.1546
v -283.2105 -170.4803 52.0293
v -277.2624 -167.8773 45.6687
v -277.2624 -170.4585 45.6687
v -277.2624 -167.8773 45.6687
v -283.2105 -170.4803 52.0293
v -283.2105 -167.8554 52.0293
v -270.6005 -167.8554 56.8609
v -264.8605 -167.8554 62.6558
v -262.2731 -167.8773 54.3228
v -264.8605 -167.8554 62.6558
v -262.2731 -170.4585 54.3228
v -262.2731 -167.8773 54.3228
v -264.8605 -170.4803 62.6558
v -270.6005 -170.4803 56.8609
v -262.2731 -167.8773 54.3228
v -262.2731 -170.4585 54.3228
v -270.6005 -167.8554 56.8609
v -262.1244 -167.8554 67.3498
v -260.0128 -167.8554 75.2547
v -253.6186 -167.8773 69.3069
v -260.0128 -167.8554 75.2547
v -253.6186 -170.4585 69.3069
v -253.6186 -167.8773 69.3069
v -260.0128 -170.4803 75.2547
v -262.1244 -170.4803 67.3498
v -253.6186 -167.8773 69.3069
v -253.6186 -170.4585 69.3069
v -262.1244 -167.8554 67.3498
v -262.1244 -167.8554 88.6027
v -264.8308 -170.4803 93.2967
v -262.1244 -170.4803 88.6027
v -264.8308 -167.8554 93.2967
v -259.9831 -170.4803 80.6826
v -260.0128 -167.8554 75.2547
v -259.9831 -167.8554 80.6826
v -260.0128 -170.4803 75.2547
v -270.6302 -167.8554 99.0916
v -275.2995 -170.4803 101.7979
v -270.6302 -170.4803 99.0916
v -275.2995 -167.8554 101.7979
v -283.2402 -167.8554 103.9232
v -288.6530 -170.4803 103.9232
v -283.2402 -170.4803 103.9232
v -288.6530 -167.8554 103.9232
v -296.5938 -167.8554 101.7979
v -301.2631 -170.4803 99.0916
v -296.5938 -170.4803 101.7979
v -301.2631 -167.8554 99.0916
v -307.0625 -167.8554 93.2967
v -309.7689 -170.4803 88.6027
v -307.0625 -170.4803 93.2967
v -309.7689 -167.8554 88.6027
v -311.9102 -167.8554 80.6826
v -311.8804 -170.4803 75.2547
v -311.9102 -170.4803 80.6826
v -311.8804 -167.8554 75.2547
v -309.7689 -167.8554 67.3498
v -307.0327 -170.4803 62.6558
v -309.7689 -170.4803 67.3498
v -307.0327 -167.8554 62.6558
v -301.2928 -167.8554 56.8609
v -296.5640 -170.4803 54.1546
v -301.2928 -170.4803 56.8609
v -296.5640 -167.8554 54.1546
v -288.6828 -167.8554 52.0293
v -283.2105 -170.4803 52.0293
v -288.6828 -170.4803 52.0293
v -283.2105 -167.8554 52.0293
v -275.3293 -167.8554 54.1546
v -270.6005 -170.4803 56.8609
v -275.3293 -170.4803 54.1546
v -270.6005 -167.8554 56.8609
v -264.8605 -167.8554 62.6558
v -262.1244 -170.4803 67.3498
v -264.8605 -170.4803 62.6558
v -262.1244 -167.8554 67.3498
v -262.1244 -167.8554 67.3498
v -264.8605 -167.8554 62.6558
v -263.4925 -125.2996 65.0104
v -272.9797 -125.2996 55.5154
v -270.6005 -167.8554 56.8609
v -270.6005 -167.8554 56.8609
v -275.3293 -167.8554 54.1546
v -272.9797 -125.2996 55.5154
v -285.9467 -125.2996 52.0293
v -283.2105 -167.8554 52.0293
v -283.2105 -167.8554 52.0293
v -288.6828 -167.8554 52.0293
v -285.9467 -125.2996 52.0293
v -298.9135 -125.2996 55.5154
v -296.5640 -167.8554 54.1546
v -296.5640 -167.8554 54.1546
v -301.2928 -167.8554 56.8609
v -298.9135 -125.2996 55.5154
v -308.4008 -125.2996 65.0104
v -307.0327 -167.8554 62.6558
v -307.0327 -167.8554 62.6558
v -309.7689 -167.8554 67.3498
v -308.4008 -125.2996 65.0104
v -311.8804 -125.2996 77.9763
v -311.8804 -167.8554 75.2547
v -311.8804 -167.8554 75.2547
v -311.9102 -167.8554 80.6826
v -311.8804 -125.2996 77.9763
v -308.4008 -125.2996 90.9421
v -309.7689 -167.8554 88.6027
v -309.7689 -167.8554 88.6027
v -307.0625 -167.8554 93.2967
v -308.4008 -125.2996 90.9421
v -298.9135 -125.2996 100.4371
v -301.2631 -167.8554 99.0916
v -301.2631 -167.8554 99.0916
v -296.5938 -167.8554 101.7979
v -298.9135 -125.2996 100.4371
v -285.9467 -125.2996 103.9232
v -288.6530 -167.8554 103.9232
v -288.6530 -167.8554 103.9232
v -283.2402 -167.8554 103.9232
v -285.9467 -125.2996 103.9232
v -272.9797 -125.2996 100.4371
v -275.2995 -167.8554 101.7979
v -275.2995 -167.8554 101.7979
v -270.6302 -167.8554 99.0916
v -272.9797 -125.2996 100.4371
v -263.4925 -125.2996 90.9421
v -264.8308 -167.8554 93.2967
v -264.8308 -167.8554 93.2967
v -262.1244 -167.8554 88.6027
v -263.4925 -125.2996 90.9421
v -260.0128 -125.2996 77.9763
v -259.9831 -167.8554 80.6826
v -259.9831 -167.8554 80.6826
v -260.0128 -167.8554 75.2547
v -260.0128 -125.2996 77.9763
v -263.4925 -125.2996 65.0104
v -262.1244 -167.8554 67.3498
v -259.9831 -170.4803 80.6826
v -262.1244 -170.4803 88.6027
v -267.0316 -170.4913 83.0372
v -253.6186 -170.4585 86.5998
v -272.0875 -170.4913 91.8136
v -264.8308 -170.4803 93.2967
v -270.6302 -170.4803 99.0916
v -262.2731 -170.4585 101.5838
v -280.8610 -170.4913 96.8746
v -275.2995 -170.4803 101.7979
v -283.2402 -170.4803 103.9232
v -277.2624 -170.4585 110.2379
v -291.0025 -170.4913 96.8746
v -288.6530 -170.4803 103.9232
v -288.6530 -170.4803 103.9232
v -296.5938 -170.4803 101.7979
v -291.0025 -170.4913 96.8746
v -294.5417 -170.4585 110.2379
v -299.7760 -170.4913 91.8136
v -301.2631 -170.4803 99.0916
v -307.0625 -170.4803 93.2967
v -309.5309 -170.4585 101.5838
v -304.8319 -170.4913 83.0372
v -309.7689 -170.4803 88.6027
v -311.9102 -170.4803 80.6826
v -318.1855 -170.4585 86.5998
v -311.8804 -170.4803 75.2547
v -309.7689 -170.4803 67.3498
v -304.8319 -170.4913 72.9000
v -318.1855 -170.4585 69.3069
v -307.0327 -170.4803 62.6558
v -299.7760 -170.4913 64.1236
v -301.2928 -170.4803 56.8609
v -309.5309 -170.4585 54.3228
v -291.0025 -170.4913 59.0627
v -296.5640 -170.4803 54.1546
v -288.6828 -170.4803 52.0293
v -294.5417 -170.4585 45.6687
v -304.8319 -170.4913 83.0372
v -311.9102 -170.4803 80.6826
v -283.2105 -170.4803 52.0293
v -275.3293 -170.4803 54.1546
v -280.8610 -170.4913 59.0627
v -277.2624 -170.4585 45.6687
v -272.0875 -170.4913 64.1236
v -270.6005 -170.4803 56.8609
v -264.8605 -170.4803 62.6558
v -262.2731 -170.4585 54.3228
v -267.0316 -170.4913 72.9000
v -262.1244 -170.4803 67.3498
v -260.0128 -170.4803 75.2547
v -253.6186 -170.4585 69.3069
v -267.0316 -170.4913 83.0372
v -259.9831 -170.4803 80.6826
v -288.6828 -170.4803 52.0293
v -291.0025 -170.4913 59.0627
v -267.0316 -170.4913 72.9000
v -276.3999 -165.8102 83.4042
v -276.3999 -165.8102 72.4107
v -267.0316 -170.4913 83.0372
v -272.0875 -170.4913 91.8136
v -285.9467 -165.8102 88.9085
v -280.8610 -170.4913 96.8746
v -291.0025 -170.4913 96.8746
v -295.4636 -165.8102 83.4042
v -299.7760 -170.4913 91.8136
v -304.8319 -170.4913 83.0372
v -295.4636 -165.8102 72.4107
v -304.8319 -170.4913 72.9000
v -299.7760 -170.4913 64.1236
v -285.9467 -165.8102 66.9217
v -291.0025 -170.4913 59.0627
v -280.8610 -170.4913 59.0627
v -272.0875 -170.4913 64.1236
v -276.3999 -165.8102 72.4107
v -277.8869 -169.8022 82.4715
v -277.8869 -169.8022 73.1905
v -276.3999 -165.8102 83.4042
v -285.9467 -169.8022 87.1196
v -285.9467 -165.8102 88.9085
v -293.9766 -169.8022 82.4715
v -295.4636 -165.8102 83.4042
v -293.9766 -169.8022 73.1905
v -295.4636 -165.8102 72.4107
v -285.9467 -169.8022 68.5424
v -285.9467 -165.8102 66.9217
v -293.9766 -169.8022 82.4715
v -277.8869 -169.8022 82.4715
v -285.9467 -169.8022 87.1196
v -277.8869 -169.8022 73.1905
v -293.9766 -169.8022 73.1905
v -285.9467 -169.8022 68.5424
v -172.5457 -123.7903 41.7545
v -177.2448 -170.8084 59.1850
v -172.5457 -170.8084 41.7545
v -177.2448 -123.7903 59.1850
v -190.0035 -170.8084 71.9673
v -190.0035 -123.7903 71.9673
v -177.2448 -123.7903 24.3087
v -177.2448 -170.8084 24.3087
v -190.0035 -123.7903 71.9673
v -207.4315 -170.8084 76.6307
v -190.0035 -170.8084 71.9673
v -207.4315 -123.7903 76.6307
v -224.8892 -170.8084 71.9673
v -224.8892 -123.7903 71.9673
v -237.6479 -170.8084 59.1850
v -237.6479 -123.7903 59.1850
v -237.6479 -123.7903 59.1850
v -242.3172 -170.8084 41.7545
v -237.6479 -170.8084 59.1850
v -242.3172 -123.7903 41.7545
v -237.6479 -170.8084 24.3087
v -237.6479 -123.7903 24.3087
v -224.8892 -170.8084 11.5417
v -224.8892 -123.7903 11.5417
v -224.8892 -123.7903 11.5417
v -207.4315 -170.8084 6.8630
v -224.8892 -170.8084 11.5417
v -207.4315 -123.7903 6.8630
v -190.0035 -170.8084 11.5417
v -190.0035 -123.7903 11.5417
v -177.2448 -170.8084 24.3087
v -177.2448 -123.7903 24.3087
v -224.8892 -123.7903 11.5417
v -207.4315 -123.7903 76.6307
v -207.4315 -123.7903 6.8630
v -224.8892 -123.7903 71.9673
v -237.6479 -123.7903 24.3087
v -237.6479 -123.7903 59.1850
v -242.3172 -123.7903 41.7545
v -190.0035 -123.7903 71.9673
v -190.0035 -123.7903 11.5417
v -177.2448 -123.7903 24.3087
v -177.2448 -123.7903 59.1850
v -172.5457 -123.7903 41.7545
v -172.5457 -170.8084 41.7545
v -181.9140 -170.8084 56.4787
v -177.9883 -171.5850 41.7545
v -177.2448 -170.8084 59.1850
v -192.7099 -171.5850 67.2733
v -190.0035 -170.8084 71.9673
v -207.4315 -171.5850 71.2181
v -207.4315 -170.8084 76.6307
v -222.1828 -171.5850 67.2733
v -224.8892 -170.8084 71.9673
v -232.9489 -171.5850 56.4787
v -237.6479 -170.8084 59.1850
v -236.9044 -171.5850 41.7545
v -242.3172 -170.8084 41.7545
v -232.9489 -171.5850 27.0150
v -237.6479 -170.8084 24.3087
v -222.1828 -171.5850 16.2357
v -224.8892 -170.8084 11.5417
v -207.4315 -171.5850 12.2756
v -207.4315 -170.8084 6.8630
v -192.7099 -171.5850 16.2357
v -190.0035 -170.8084 11.5417
v -181.9140 -171.5850 27.0150
v -177.2448 -170.8084 24.3087
v -177.9883 -171.5850 41.7545
v -184.5609 -154.0311 54.9650
v -181.0218 -154.8076 41.7545
v -181.9140 -170.8084 56.4787
v -194.2266 -154.8076 64.6282
v -192.7099 -171.5850 67.2733
v -207.4315 -154.8076 68.1754
v -207.4315 -171.5850 71.2181
v -207.4315 -171.5850 71.2181
v -220.6660 -154.8076 64.6282
v -207.4315 -154.8076 68.1754
v -222.1828 -171.5850 67.2733
v -230.3317 -154.8076 54.9650
v -232.9489 -171.5850 56.4787
v -233.8708 -154.8076 41.7545
v -236.9044 -171.5850 41.7545
v -236.9044 -171.5850 41.7545
v -230.3317 -154.8076 28.5287
v -233.8708 -154.8076 41.7545
v -232.9489 -171.5850 27.0150
v -220.6660 -154.8076 18.8655
v -222.1828 -171.5850 16.2357
v -207.4315 -154.8076 15.3183
v -207.4315 -171.5850 12.2756
v -207.4315 -171.5850 12.2756
v -194.2266 -154.8076 18.8655
v -207.4315 -154.8076 15.3183
v -192.7099 -171.5850 16.2357
v -184.5609 -154.8076 28.5287
v -181.9140 -171.5850 27.0150
v -181.0218 -154.8076 41.7545
v -177.9883 -171.5850 41.7545
v -207.4315 -154.8076 68.1754
v -220.6660 -154.8076 64.6282
v -194.2266 -154.8076 64.6282
v -184.5609 -154.0311 54.9650
v -230.3317 -154.8076 54.9650
v -181.0218 -154.8076 41.7545
v -233.8708 -154.8076 41.7545
v -184.5609 -154.8076 28.5287
v -230.3317 -154.8076 28.5287
v -194.2266 -154.8076 18.8655
v -220.6660 -154.8076 18.8655
v -207.4315 -154.8076 15.3183
v -198.8959 -153.9764 36.8159
v -200.2045 -168.5445 45.9286
v -200.2045 -168.5445 37.5651
v -198.8959 -153.9764 46.6778
v -207.4315 -153.9764 31.8772
v -207.4315 -168.5445 33.3756
v -215.9967 -153.9764 36.8159
v -214.6882 -168.5445 37.5651
v -215.9967 -153.9764 46.6778
v -214.6882 -168.5445 45.9286
v -207.4315 -153.9764 51.6165
v -207.4315 -168.5445 50.1181
v -198.8959 -153.9764 46.6778
v -200.2045 -168.5445 45.9286
v -200.2045 -168.5445 37.5651
v -200.2045 -168.5445 45.9286
v -207.4315 -171.6506 41.7545
v -207.4315 -168.5445 50.1181
v -214.6882 -168.5445 45.9286
v -214.6882 -168.5445 37.5651
v -207.4315 -168.5445 33.3756
v 234.8112 -123.7903 41.7545
v 230.1420 -170.8084 59.1850
v 234.8112 -170.8084 41.7545
v 230.1420 -123.7903 59.1850
v 217.3833 -170.8084 71.9673
v 217.3833 -123.7903 71.9673
v 230.1420 -123.7903 24.3087
v 230.1420 -170.8084 24.3087
v 217.3833 -123.7903 71.9673
v 199.9256 -170.8084 76.6307
v 217.3833 -170.8084 71.9673
v 199.9256 -123.7903 76.6307
v 182.4975 -170.8084 71.9673
v 182.4975 -123.7903 71.9673
v 169.7389 -170.8084 59.1850
v 169.7389 -123.7903 59.1850
v 169.7389 -123.7903 59.1850
v 165.0398 -170.8084 41.7545
v 169.7389 -170.8084 59.1850
v 165.0398 -123.7903 41.7545
v 169.7389 -170.8084 24.3087
v 169.7389 -123.7903 24.3087
v 182.4975 -170.8084 11.5417
v 182.4975 -123.7903 11.5417
v 182.4975 -123.7903 11.5417
v 199.9256 -170.8084 6.8630
v 182.4975 -170.8084 11.5417
v 199.9256 -123.7903 6.8630
v 217.3833 -170.8084 11.5417
v 217.3833 -123.7903 11.5417
v 230.1420 -170.8084 24.3087
v 230.1420 -123.7903 24.3087
v 182.4975 -123.7903 11.5417
v 199.9256 -123.7903 76.6307
v 199.9256 -123.7903 6.8630
v 182.4975 -123.7903 71.9673
v 169.7389 -123.7903 24.3087
v 169.7389 -123.7903 59.1850
v 165.0398 -123.7903 41.7545
v 217.3833 -123.7903 71.9673
v 217.3833 -123.7903 11.5417
v 230.1420 -123.7903 24.3087
v 230.1420 -123.7903 59.1850
v 234.8112 -123.7903 41.7545
v 234.8112 -170.8084 41.7545
v 225.4727 -170.8084 56.4787
v 229.3985 -171.5850 41.7545
v 230.1420 -170.8084 59.1850
v 214.6768 -171.5850 67.2733
v 217.3833 -170.8084 71.9673
v 199.9256 -171.5850 71.2181
v 199.9256 -170.8084 76.6307
v 185.2039 -171.5850 67.2733
v 182.4975 -170.8084 71.9673
v 174.4081 -171.5850 56.4787
v 169.7389 -170.8084 59.1850
v 170.4823 -171.5850 41.7545
v 165.0398 -170.8084 41.7545
v 174.4081 -171.5850 27.0150
v 169.7389 -170.8084 24.3087
v 185.2039 -171.5850 16.2357
v 182.4975 -170.8084 11.5417
v 199.9256 -171.5850 12.2756
v 199.9256 -170.8084 6.8630
v 214.6768 -171.5850 16.2357
v 217.3833 -170.8084 11.5417
v 225.4727 -171.5850 27.0150
v 230.1420 -170.8084 24.3087
v 229.3985 -171.5850 41.7545
v 222.8258 -154.0311 54.9650
v 226.3650 -154.8076 41.7545
v 225.4727 -170.8084 56.4787
v 213.1601 -154.8076 64.6282
v 214.6768 -171.5850 67.2733
v 199.9256 -154.8076 68.1754
v 199.9256 -171.5850 71.2181
v 199.9256 -171.5850 71.2181
v 186.7207 -154.8076 64.6282
v 199.9256 -154.8076 68.1754
v 185.2039 -171.5850 67.2733
v 177.0550 -154.8076 54.9650
v 174.4081 -171.5850 56.4787
v 173.5159 -154.8076 41.7545
v 170.4823 -171.5850 41.7545
v 170.4823 -171.5850 41.7545
v 177.0550 -154.8076 28.5287
v 173.5159 -154.8076 41.7545
v 174.4081 -171.5850 27.0150
v 186.7207 -154.8076 18.8655
v 185.2039 -171.5850 16.2357
v 199.9256 -154.8076 15.3183
v 199.9256 -171.5850 12.2756
v 199.9256 -171.5850 12.2756
v 213.1601 -154.8076 18.8655
v 199.9256 -154.8076 15.3183
v 214.6768 -171.5850 16.2357
v 222.8258 -154.8076 28.5287
v 225.4727 -171.5850 27.0150
v 226.3650 -154.8076 41.7545
v 229.3985 -171.5850 41.7545
v 199.9256 -154.8076 68.1754
v 186.7207 -154.8076 64.6282
v 213.1601 -154.8076 64.6282
v 222.8258 -154.0311 54.9650
v 177.0550 -154.8076 54.9650
v 226.3650 -154.8076 41.7545
v 173.5159 -154.8076 41.7545
v 222.8258 -154.8076 28.5287
v 177.0550 -154.8076 28.5287
v 213.1601 -154.8076 18.8655
v 186.7207 -154.8076 18.8655
v 199.9256 -154.8076 15.3183
v 208.4908 -153.9764 36.8159
v 207.1822 -168.5445 45.9286
v 207.1822 -168.5445 37.5651
v 208.4908 -153.9764 46.6778
v 199.9256 -153.9764 31.8772
v 199.9256 -168.5445 33.3756
v 191.3900 -153.9764 36.8159
v 192.6986 -168.5445 37.5651
v 191.3900 -153.9764 46.6778
v 192.6986 -168.5445 45.9286
v 199.9256 -153.9764 51.6165
v 199.9256 -168.5445 50.1181
v 208.4908 -153.9764 46.6778
v 207.1822 -168.5445 45.9286
v 207.1822 -168.5445 37.5651
v 207.1822 -168.5445 45.9286
v 199.9256 -171.6506 41.7545
v 199.9256 -168.5445 50.1181
v 192.6986 -168.5445 45.9286
v 192.6986 -168.5445 37.5651
v 199.9256 -168.5445 33.3756
v 142.4370 -123.7903 41.7545
v 137.7677 -170.8084 59.1850
v 142.4370 -170.8084 41.7545
v 137.7677 -123.7903 59.1850
v 124.9792 -170.8084 71.9673
v 124.9792 -123.7903 71.9673
v 137.7677 -123.7903 24.3087
v 137.7677 -170.8084 24.3087
v 124.9792 -123.7903 71.9673
v 107.5512 -170.8084 76.6307
v 124.9792 -170.8084 71.9673
v 107.5512 -123.7903 76.6307
v 90.0935 -170.8084 71.9673
v 90.0935 -123.7903 71.9673
v 77.3348 -170.8084 59.1850
v 77.3348 -123.7903 59.1850
v 77.3348 -123.7903 59.1850
v 72.6655 -170.8084 41.7545
v 77.3348 -170.8084 59.1850
v 72.6655 -123.7903 41.7545
v 77.3348 -170.8084 24.3087
v 77.3348 -123.7903 24.3087
v 90.0935 -170.8084 11.5417
v 90.0935 -123.7903 11.5417
v 90.0935 -123.7903 11.5417
v 107.5512 -170.8084 6.8630
v 90.0935 -170.8084 11.5417
v 107.5512 -123.7903 6.8630
v 124.9792 -170.8084 11.5417
v 124.9792 -123.7903 11.5417
v 137.7677 -170.8084 24.3087
v 137.7677 -123.7903 24.3087
v 90.0935 -123.7903 11.5417
v 107.5512 -123.7903 76.6307
v 107.5512 -123.7903 6.8630
v 90.0935 -123.7903 71.9673
v 77.3348 -123.7903 24.3087
v 77.3348 -123.7903 59.1850
v 72.6655 -123.7903 41.7545
v 124.9792 -123.7903 71.9673
v 124.9792 -123.7903 11.5417
v 137.7677 -123.7903 24.3087
v 137.7677 -123.7903 59.1850
v 142.4370 -123.7903 41.7545
v 142.4370 -170.8084 41.7545
v 133.0687 -170.8084 56.4787
v 137.0242 -171.5850 41.7545
v 137.7677 -170.8084 59.1850
v 122.2728 -171.5850 67.2733
v 124.9792 -170.8084 71.9673
v 107.5512 -171.5850 71.2181
v 107.5512 -170.8084 76.6307
v 92.7999 -171.5850 67.2733
v 90.0935 -170.8084 71.9673
v 82.0338 -171.5850 56.4787
v 77.3348 -170.8084 59.1850
v 78.0783 -171.5850 41.7545
v 72.6655 -170.8084 41.7545
v 82.0338 -171.5850 27.0150
v 77.3348 -170.8084 24.3087
v 92.7999 -171.5850 16.2357
v 90.0935 -170.8084 11.5417
v 107.5512 -171.5850 12.2756
v 107.5512 -170.8084 6.8630
v 122.2728 -171.5850 16.2357
v 124.9792 -170.8084 11.5417
v 133.0687 -171.5850 27.0150
v 137.7677 -170.8084 24.3087
v 137.0242 -171.5850 41.7545
v 130.4218 -154.0311 54.9650
v 133.9609 -154.8076 41.7545
v 133.0687 -170.8084 56.4787
v 120.7561 -154.8076 64.6282
v 122.2728 -171.5850 67.2733
v 107.5512 -154.8076 68.1754
v 107.5512 -171.5850 71.2181
v 107.5512 -171.5850 71.2181
v 94.3167 -154.8076 64.6282
v 107.5512 -154.8076 68.1754
v 92.7999 -171.5850 67.2733
v 84.6510 -154.8076 54.9650
v 82.0338 -171.5850 56.4787
v 81.1118 -154.8076 41.7545
v 78.0783 -171.5850 41.7545
v 78.0783 -171.5850 41.7545
v 84.6510 -154.8076 28.5287
v 81.1118 -154.8076 41.7545
v 82.0338 -171.5850 27.0150
v 94.3167 -154.8076 18.8655
v 92.7999 -171.5850 16.2357
v 107.5512 -154.8076 15.3183
v 107.5512 -171.5850 12.2756
v 107.5512 -171.5850 12.2756
v 120.7561 -154.8076 18.8655
v 107.5512 -154.8076 15.3183
v 122.2728 -171.5850 16.2357
v 130.4218 -154.8076 28.5287
v 133.0687 -171.5850 27.0150
v 133.9609 -154.8076 41.7545
v 137.0242 -171.5850 41.7545
v 107.5512 -154.8076 68.1754
v 94.3167 -154.8076 64.6282
v 120.7561 -154.8076 64.6282
v 130.4218 -154.0311 54.9650
v 84.6510 -154.8076 54.9650
v 133.9609 -154.8076 41.7545
v 81.1118 -154.8076 41.7545
v 130.4218 -154.8076 28.5287
v 84.6510 -154.8076 28.5287
v 120.7561 -154.8076 18.8655
v 94.3167 -154.8076 18.8655
v 107.5512 -154.8076 15.3183
v 116.0868 -153.9764 36.8159
v 114.8080 -168.5445 45.9286
v 114.8080 -168.5445 37.5651
v 116.0868 -153.9764 46.6778
v 107.5512 -153.9764 31.8772
v 107.5512 -168.5445 33.3756
v 98.9859 -153.9764 36.8159
v 100.2945 -168.5445 37.5651
v 98.9859 -153.9764 46.6778
v 100.2945 -168.5445 45.9286
v 107.5512 -153.9764 51.6165
v 107.5512 -168.5445 50.1181
v 116.0868 -153.9764 46.6778
v 114.8080 -168.5445 45.9286
v 114.8080 -168.5445 37.5651
v 114.8080 -168.5445 45.9286
v 107.5512 -171.6506 41.7545
v 107.5512 -168.5445 50.1181
v 100.2945 -168.5445 45.9286
v 100.2945 -168.5445 37.5651
v 107.5512 -168.5445 33.3756
v 53.6910 -123.7903 41.7545
v 48.9920 -170.8084 59.1850
v 53.6910 -170.8084 41.7545
v 48.9920 -123.7903 59.1850
v 36.2333 -170.8084 71.9673
v 36.2333 -123.7903 71.9673
v 48.9920 -123.7903 24.3087
v 48.9920 -170.8084 24.3087
v 36.2333 -123.7903 71.9673
v 18.8053 -170.8084 76.6307
v 36.2333 -170.8084 71.9673
v 18.8053 -123.7903 76.6307
v 1.3476 -170.8084 71.9673
v 1.3476 -123.7903 71.9673
v -11.4112 -170.8084 59.1850
v -11.4112 -123.7903 59.1850
v -11.4112 -123.7903 59.1850
v -16.0804 -170.8084 41.7545
v -11.4112 -170.8084 59.1850
v -16.0804 -123.7903 41.7545
v -11.4112 -170.8084 24.3087
v -11.4112 -123.7903 24.3087
v 1.3476 -170.8084 11.5417
v 1.3476 -123.7903 11.5417
v 1.3476 -123.7903 11.5417
v 18.8053 -170.8084 6.8630
v 1.3476 -170.8084 11.5417
v 18.8053 -123.7903 6.8630
v 36.2333 -170.8084 11.5417
v 36.2333 -123.7903 11.5417
v 48.9920 -170.8084 24.3087
v 48.9920 -123.7903 24.3087
v 1.3476 -123.7903 11.5417
v 18.8053 -123.7903 76.6307
v 18.8053 -123.7903 6.8630
v 1.3476 -123.7903 71.9673
v -11.4112 -123.7903 24.3087
v -11.4112 -123.7903 59.1850
v -16.0804 -123.7903 41.7545
v 36.2333 -123.7903 71.9673
v 36.2333 -123.7903 11.5417
v 48.9920 -123.7903 24.3087
v 48.9920 -123.7903 59.1850
v 53.6910 -123.7903 41.7545
v 53.6910 -170.8084 41.7545
v 44.3227 -170.8084 56.4787
v 48.2485 -171.5850 41.7545
v 48.9920 -170.8084 59.1850
v 33.5269 -171.5850 67.2733
v 36.2333 -170.8084 71.9673
v 18.8053 -171.5850 71.2181
v 18.8053 -170.8084 76.6307
v 4.0540 -171.5850 67.2733
v 1.3476 -170.8084 71.9673
v -6.7122 -171.5850 56.4787
v -11.4112 -170.8084 59.1850
v -10.6676 -171.5850 41.7545
v -16.0804 -170.8084 41.7545
v -6.7122 -171.5850 27.0150
v -11.4112 -170.8084 24.3087
v 4.0540 -171.5850 16.2357
v 1.3476 -170.8084 11.5417
v 18.8053 -171.5850 12.2756
v 18.8053 -170.8084 6.8630
v 33.5269 -171.5850 16.2357
v 36.2333 -170.8084 11.5417
v 44.3227 -171.5850 27.0150
v 48.9920 -170.8084 24.3087
v 48.2485 -171.5850 41.7545
v 41.6758 -154.0311 54.9650
v 45.2149 -154.8076 41.7545
v 44.3227 -170.8084 56.4787
v 32.0101 -154.8076 64.6282
v 33.5269 -171.5850 67.2733
v 18.8053 -154.8076 68.1754
v 18.8053 -171.5850 71.2181
v 18.8053 -171.5850 71.2181
v 5.5707 -154.8076 64.6282
v 18.8053 -154.8076 68.1754
v 4.0540 -171.5850 67.2733
v -4.0950 -154.8076 54.9650
v -6.7122 -171.5850 56.4787
v -7.6341 -154.8076 41.7545
v -10.6676 -171.5850 41.7545
v -10.6676 -171.5850 41.7545
v -4.0950 -154.8076 28.5287
v -7.6341 -154.8076 41.7545
v -6.7122 -171.5850 27.0150
v 5.5707 -154.8076 18.8655
v 4.0540 -171.5850 16.2357
v 18.8053 -154.8076 15.3183
v 18.8053 -171.5850 12.2756
v 18.8053 -171.5850 12.2756
v 32.0101 -154.8076 18.8655
v 18.8053 -154.8076 15.3183
v 33.5269 -171.5850 16.2357
v 41.6758 -154.8076 28.5287
v 44.3227 -171.5850 27.0150
v 45.2149 -154.8076 41.7545
v 48.2485 -171.5850 41.7545
v 18.8053 -154.8076 68.1754
v 5.5707 -154.8076 64.6282
v 32.0101 -154.8076 64.6282
v 41.6758 -154.0311 54.9650
v -4.0950 -154.8076 54.9650
v 45.2149 -154.8076 41.7545
v -7.6341 -154.8076 41.7545
v 41.6758 -154.8076 28.5287
v -4.0950 -154.8076 28.5287
v 32.0101 -154.8076 18.8655
v 5.5707 -154.8076 18.8655
v 18.8053 -154.8076 15.3183
v 27.3409 -153.9764 36.8159
v 26.0323 -168.5445 45.9286
v 26.0323 -168.5445 37.5651
v 27.3409 -153.9764 46.6778
v 18.8053 -153.9764 31.8772
v 18.8053 -168.5445 33.3756
v 10.2400 -153.9764 36.8159
v 11.5486 -168.5445 37.5651
v 10.2400 -153.9764 46.6778
v 11.5486 -168.5445 45.9286
v 18.8053 -153.9764 51.6165
v 18.8053 -168.5445 50.1181
v 27.3409 -153.9764 46.6778
v 26.0323 -168.5445 45.9286
v 26.0323 -168.5445 37.5651
v 26.0323 -168.5445 45.9286
v 18.8053 -171.6506 41.7545
v 18.8053 -168.5445 50.1181
v 11.5486 -168.5445 45.9286
v 11.5486 -168.5445 37.5651
v 18.8053 -168.5445 33.3756
v -20.9282 -123.7903 41.7545
v -25.5974 -170.8084 59.1850
v -20.9282 -170.8084 41.7545
v -25.5974 -123.7903 59.1850
v -38.3561 -170.8084 71.9673
v -38.3561 -123.7903 71.9673
v -25.5974 -123.7903 24.3087
v -25.5974 -170.8084 24.3087
v -38.3561 -123.7903 71.9673
v -55.8139 -170.8084 76.6307
v -38.3561 -170.8084 71.9673
v -55.8139 -123.7903 76.6307
v -73.2419 -170.8084 71.9673
v -73.2419 -123.7903 71.9673
v -86.0303 -170.8084 59.1850
v -86.0303 -123.7903 59.1850
v -86.0303 -123.7903 59.1850
v -90.6996 -170.8084 41.7545
v -86.0303 -170.8084 59.1850
v -90.6996 -123.7903 41.7545
v -86.0303 -170.8084 24.3087
v -86.0303 -123.7903 24.3087
v -73.2419 -170.8084 11.5417
v -73.2419 -123.7903 11.5417
v -73.2419 -123.7903 11.5417
v -55.8139 -170.8084 6.8630
v -73.2419 -170.8084 11.5417
v -55.8139 -123.7903 6.8630
v -38.3561 -170.8084 11.5417
v -38.3561 -123.7903 11.5417
v -25.5974 -170.8084 24.3087
v -25.5974 -123.7903 24.3087
v -73.2419 -123.7903 11.5417
v -55.8139 -123.7903 76.6307
v -55.8139 -123.7903 6.8630
v -73.2419 -123.7903 71.9673
v -86.0303 -123.7903 24.3087
v -86.0303 -123.7903 59.1850
v -90.6996 -123.7903 41.7545
v -38.3561 -123.7903 71.9673
v -38.3561 -123.7903 11.5417
v -25.5974 -123.7903 24.3087
v -25.5974 -123.7903 59.1850
v -20.9282 -123.7903 41.7545
v -20.9282 -170.8084 41.7545
v -30.2964 -170.8084 56.4787
v -26.3409 -171.5850 41.7545
v -25.5974 -170.8084 59.1850
v -41.0625 -171.5850 67.2733
v -38.3561 -170.8084 71.9673
v -55.8139 -171.5850 71.2181
v -55.8139 -170.8084 76.6307
v -70.5355 -171.5850 67.2733
v -73.2419 -170.8084 71.9673
v -81.3313 -171.5850 56.4787
v -86.0303 -170.8084 59.1850
v -85.2868 -171.5850 41.7545
v -90.6996 -170.8084 41.7545
v -81.3313 -171.5850 27.0150
v -86.0303 -170.8084 24.3087
v -70.5355 -171.5850 16.2357
v -73.2419 -170.8084 11.5417
v -55.8139 -171.5850 12.2756
v -55.8139 -170.8084 6.8630
v -41.0625 -171.5850 16.2357
v -38.3561 -170.8084 11.5417
v -30.2964 -171.5850 27.0150
v -25.5974 -170.8084 24.3087
v -26.3409 -171.5850 41.7545
v -32.9136 -154.0311 54.9650
v -29.3745 -154.8076 41.7545
v -30.2964 -170.8084 56.4787
v -42.6090 -154.8076 64.6282
v -41.0625 -171.5850 67.2733
v -55.8139 -154.8076 68.1754
v -55.8139 -171.5850 71.2181
v -55.8139 -171.5850 71.2181
v -69.0187 -154.8076 64.6282
v -55.8139 -154.8076 68.1754
v -70.5355 -171.5850 67.2733
v -78.6844 -154.8076 54.9650
v -81.3313 -171.5850 56.4787
v -82.2235 -154.8076 41.7545
v -85.2868 -171.5850 41.7545
v -85.2868 -171.5850 41.7545
v -78.6844 -154.8076 28.5287
v -82.2235 -154.8076 41.7545
v -81.3313 -171.5850 27.0150
v -69.0187 -154.8076 18.8655
v -70.5355 -171.5850 16.2357
v -55.8139 -154.8076 15.3183
v -55.8139 -171.5850 12.2756
v -55.8139 -171.5850 12.2756
v -42.6090 -154.8076 18.8655
v -55.8139 -154.8076 15.3183
v -41.0625 -171.5850 16.2357
v -32.9136 -154.8076 28.5287
v -30.2964 -171.5850 27.0150
v -29.3745 -154.8076 41.7545
v -26.3409 -171.5850 41.7545
v -55.8139 -154.8076 68.1754
v -69.0187 -154.8076 64.6282
v -42.6090 -154.8076 64.6282
v -32.9136 -154.0311 54.9650
v -78.6844 -154.8076 54.9650
v -29.3745 -154.8076 41.7545
v -82.2235 -154.8076 41.7545
v -32.9136 -154.8076 28.5287
v -78.6844 -154.8076 28.5287
v -42.6090 -154.8076 18.8655
v -69.0187 -154.8076 18.8655
v -55.8139 -154.8076 15.3183
v -47.2486 -153.9764 36.8159
v -48.5572 -168.5445 45.9286
v -48.5572 -168.5445 37.5651
v -47.2486 -153.9764 46.6778
v -55.8139 -153.9764 31.8772
v -55.8139 -168.5445 33.3756
v -64.3494 -153.9764 36.8159
v -63.0706 -168.5445 37.5651
v -64.3494 -153.9764 46.6778
v -63.0706 -168.5445 45.9286
v -55.8139 -153.9764 51.6165
v -55.8139 -168.5445 50.1181
v -47.2486 -153.9764 46.6778
v -48.5572 -168.5445 45.9286
v -48.5572 -168.5445 37.5651
v -48.5572 -168.5445 45.9286
v -55.8139 -171.6506 41.7545
v -55.8139 -168.5445 50.1181
v -63.0706 -168.5445 45.9286
v -63.0706 -168.5445 37.5651
v -55.8139 -168.5445 33.3756
v -95.9637 -123.7903 41.7545
v -100.6330 -170.8084 59.1850
v -95.9637 -170.8084 41.7545
v -100.6330 -123.7903 59.1850
v -113.4214 -170.8084 71.9673
v -113.4214 -123.7903 71.9673
v -100.6330 -123.7903 24.3087
v -100.6330 -170.8084 24.3087
v -113.4214 -123.7903 71.9673
v -130.8494 -170.8084 76.6307
v -113.4214 -170.8084 71.9673
v -130.8494 -123.7903 76.6307
v -148.3071 -170.8084 71.9673
v -148.3071 -123.7903 71.9673
v -161.0659 -170.8084 59.1850
v -161.0659 -123.7903 59.1850
v -161.0659 -123.7903 59.1850
v -165.7351 -170.8084 41.7545
v -161.0659 -170.8084 59.1850
v -165.7351 -123.7903 41.7545
v -161.0659 -170.8084 24.3087
v -161.0659 -123.7903 24.3087
v -148.3071 -170.8084 11.5417
v -148.3071 -123.7903 11.5417
v -148.3071 -123.7903 11.5417
v -130.8494 -170.8084 6.8630
v -148.3071 -170.8084 11.5417
v -130.8494 -123.7903 6.8630
v -113.4214 -170.8084 11.5417
v -113.4214 -123.7903 11.5417
v -100.6330 -170.8084 24.3087
v -100.6330 -123.7903 24.3087
v -148.3071 -123.7903 11.5417
v -130.8494 -123.7903 76.6307
v -130.8494 -123.7903 6.8630
v -148.3071 -123.7903 71.9673
v -161.0659 -123.7903 24.3087
v -161.0659 -123.7903 59.1850
v -165.7351 -123.7903 41.7545
v -113.4214 -123.7903 71.9673
v -113.4214 -123.7903 11.5417
v -100.6330 -123.7903 24.3087
v -100.6330 -123.7903 59.1850
v -95.9637 -123.7903 41.7545
v -95.9637 -170.8084 41.7545
v -105.3320 -170.8084 56.4787
v -101.3765 -171.5850 41.7545
v -100.6330 -170.8084 59.1850
v -116.1278 -171.5850 67.2733
v -113.4214 -170.8084 71.9673
v -130.8494 -171.5850 71.2181
v -130.8494 -170.8084 76.6307
v -145.6008 -171.5850 67.2733
v -148.3071 -170.8084 71.9673
v -156.3669 -171.5850 56.4787
v -161.0659 -170.8084 59.1850
v -160.3223 -171.5850 41.7545
v -165.7351 -170.8084 41.7545
v -156.3669 -171.5850 27.0150
v -161.0659 -170.8084 24.3087
v -145.6008 -171.5850 16.2357
v -148.3071 -170.8084 11.5417
v -130.8494 -171.5850 12.2756
v -130.8494 -170.8084 6.8630
v -116.1278 -171.5850 16.2357
v -113.4214 -170.8084 11.5417
v -105.3320 -171.5850 27.0150
v -100.6330 -170.8084 24.3087
v -101.3765 -171.5850 41.7545
v -107.9789 -154.0311 54.9650
v -104.4398 -154.8076 41.7545
v -105.3320 -170.8084 56.4787
v -117.6446 -154.8076 64.6282
v -116.1278 -171.5850 67.2733
v -130.8494 -154.8076 68.1754
v -130.8494 -171.5850 71.2181
v -130.8494 -171.5850 71.2181
v -144.0840 -154.8076 64.6282
v -130.8494 -154.8076 68.1754
v -145.6008 -171.5850 67.2733
v -153.7497 -154.8076 54.9650
v -156.3669 -171.5850 56.4787
v -157.2888 -154.8076 41.7545
v -160.3223 -171.5850 41.7545
v -160.3223 -171.5850 41.7545
v -153.7497 -154.8076 28.5287
v -157.2888 -154.8076 41.7545
v -156.3669 -171.5850 27.0150
v -144.0840 -154.8076 18.8655
v -145.6008 -171.5850 16.2357
v -130.8494 -154.8076 15.3183
v -130.8494 -171.5850 12.2756
v -130.8494 -171.5850 12.2756
v -117.6446 -154.8076 18.8655
v -130.8494 -154.8076 15.3183
v -116.1278 -171.5850 16.2357
v -107.9789 -154.8076 28.5287
v -105.3320 -171.5850 27.0150
v -104.4398 -154.8076 41.7545
v -101.3765 -171.5850 41.7545
v -130.8494 -154.8076 68.1754
v -144.0840 -154.8076 64.6282
v -117.6446 -154.8076 64.6282
v -107.9789 -154.0311 54.9650
v -153.7497 -154.8076 54.9650
v -104.4398 -154.8076 41.7545
v -157.2888 -154.8076 41.7545
v -107.9789 -154.8076 28.5287
v -153.7497 -154.8076 28.5287
v -117.6446 -154.8076 18.8655
v -144.0840 -154.8076 18.8655
v -130.8494 -154.8076 15.3183
v -122.3139 -153.9764 36.8159
v -123.5927 -168.5445 45.9286
v -123.5927 -168.5445 37.5651
v -122.3139 -153.9764 46.6778
v -130.8494 -153.9764 31.8772
v -130.8494 -168.5445 33.3756
v -139.4147 -153.9764 36.8159
v -138.1061 -168.5445 37.5651
v -139.4147 -153.9764 46.6778
v -138.1061 -168.5445 45.9286
v -130.8494 -153.9764 51.6165
v -130.8494 -168.5445 50.1181
v -122.3139 -153.9764 46.6778
v -123.5927 -168.5445 45.9286
v -123.5927 -168.5445 37.5651
v -123.5927 -168.5445 45.9286
v -130.8494 -171.6506 41.7545
v -130.8494 -168.5445 50.1181
v -138.1061 -168.5445 45.9286
v -138.1061 -168.5445 37.5651
v -130.8494 -168.5445 33.3756
v -172.5457 123.7907 41.7545
v -177.2448 170.8089 59.1850
v -177.2448 123.7907 59.1850
v -172.5457 170.8089 41.7545
v -177.2448 123.7907 24.3087
v -177.2448 170.8089 24.3087
v -190.0035 170.8089 71.9673
v -190.0035 123.7907 71.9673
v -190.0035 123.7907 71.9673
v -207.4315 170.8089 76.6307
v -207.4315 123.7907 76.6307
v -190.0035 170.8089 71.9673
v -224.8892 170.8089 71.9673
v -224.8892 123.7907 71.9673
v -237.6479 170.8089 59.1850
v -237.6479 123.7907 59.1850
v -237.6479 123.7907 59.1850
v -242.3172 170.8089 41.7545
v -242.3172 123.7907 41.7545
v -237.6479 170.8089 59.1850
v -237.6479 170.8089 24.3087
v -237.6479 123.7907 24.3087
v -224.8892 170.8089 11.5417
v -224.8892 123.7907 11.5417
v -224.8892 123.7907 11.5417
v -207.4315 170.8089 6.8630
v -207.4315 123.7907 6.8630
v -224.8892 170.8089 11.5417
v -190.0035 170.8089 11.5417
v -190.0035 123.7907 11.5417
v -177.2448 170.8089 24.3087
v -177.2448 123.7907 24.3087
v -224.8892 123.7907 11.5417
v -207.4315 123.7907 76.6307
v -224.8892 123.7907 71.9673
v -207.4315 123.7907 6.8630
v -190.0035 123.7907 71.9673
v -190.0035 123.7907 11.5417
v -177.2448 123.7907 24.3087
v -177.2448 123.7907 59.1850
v -172.5457 123.7907 41.7545
v -237.6479 123.7907 24.3087
v -237.6479 123.7907 59.1850
v -242.3172 123.7907 41.7545
v -172.5457 170.8089 41.7545
v -181.9140 170.8089 56.4787
v -177.2448 170.8089 59.1850
v -177.9883 171.5854 41.7545
v -177.2448 170.8089 24.3087
v -181.9140 171.5854 27.0150
v -190.0035 170.8089 11.5417
v -192.7099 171.5854 16.2357
v -207.4315 170.8089 6.8630
v -207.4315 171.5854 12.2756
v -224.8892 170.8089 11.5417
v -222.1828 171.5854 16.2357
v -237.6479 170.8089 24.3087
v -232.9489 171.5854 27.0150
v -242.3172 170.8089 41.7545
v -236.9044 171.5854 41.7545
v -237.6479 170.8089 59.1850
v -232.9489 171.5854 56.4787
v -224.8892 170.8089 71.9673
v -222.1828 171.5854 67.2733
v -207.4315 170.8089 76.6307
v -207.4315 171.5854 71.2181
v -190.0035 170.8089 71.9673
v -192.7099 171.5854 67.2733
v -177.9883 171.5854 41.7545
v -184.5609 154.0315 54.9650
v -181.9140 170.8089 56.4787
v -181.0218 154.8080 41.7545
v -194.2266 154.8080 64.6282
v -192.7099 171.5854 67.2733
v -207.4315 154.8080 68.1754
v -207.4315 171.5854 71.2181
v -207.4315 171.5854 71.2181
v -220.6660 154.8080 64.6282
v -222.1828 171.5854 67.2733
v -207.4315 154.8080 68.1754
v -230.3317 154.8080 54.9650
v -232.9489 171.5854 56.4787
v -233.8708 154.8080 41.7545
v -236.9044 171.5854 41.7545
v -236.9044 171.5854 41.7545
v -230.3317 154.8080 28.5287
v -232.9489 171.5854 27.0150
v -233.8708 154.8080 41.7545
v -220.6660 154.8080 18.8655
v -222.1828 171.5854 16.2357
v -207.4315 154.8080 15.3183
v -207.4315 171.5854 12.2756
v -207.4315 171.5854 12.2756
v -194.2266 154.8080 18.8655
v -192.7099 171.5854 16.2357
v -207.4315 154.8080 15.3183
v -184.5609 154.8080 28.5287
v -181.9140 171.5854 27.0150
v -181.0218 154.8080 41.7545
v -177.9883 171.5854 41.7545
v -207.4315 154.8080 68.1754
v -194.2266 154.8080 64.6282
v -220.6660 154.8080 64.6282
v -184.5609 154.0315 54.9650
v -230.3317 154.8080 54.9650
v -181.0218 154.8080 41.7545
v -233.8708 154.8080 41.7545
v -184.5609 154.8080 28.5287
v -230.3317 154.8080 28.5287
v -194.2266 154.8080 18.8655
v -220.6660 154.8080 18.8655
v -207.4315 154.8080 15.3183
v -198.8959 153.9768 36.8159
v -200.2045 168.5449 45.9286
v -198.8959 153.9768 46.6778
v -200.2045 168.5449 37.5651
v -207.4315 153.9768 31.8772
v -207.4315 168.5449 33.3756
v -215.9967 153.9768 36.8159
v -214.6882 168.5449 37.5651
v -215.9967 153.9768 46.6778
v -214.6882 168.5449 45.9286
v -207.4315 153.9768 51.6165
v -207.4315 168.5449 50.1181
v -198.8959 153.9768 46.6778
v -200.2045 168.5449 45.9286
v -200.2045 168.5449 37.5651
v -207.4315 171.6510 41.7545
v -200.2045 168.5449 45.9286
v -207.4315 168.5449 33.3756
v -214.6882 168.5449 37.5651
v -214.6882 168.5449 45.9286
v -207.4315 168.5449 50.1181
v -95.9637 123.7907 41.7545
v -100.6330 170.8089 59.1850
v -100.6330 123.7907 59.1850
v -95.9637 170.8089 41.7545
v -100.6330 123.7907 24.3087
v -100.6330 170.8089 24.3087
v -113.4214 170.8089 71.9673
v -113.4214 123.7907 71.9673
v -113.4214 123.7907 71.9673
v -130.8494 170.8089 76.6307
v -130.8494 123.7907 76.6307
v -113.4214 170.8089 71.9673
v -148.3071 170.8089 71.9673
v -148.3071 123.7907 71.9673
v -161.0659 170.8089 59.1850
v -161.0659 123.7907 59.1850
v -161.0659 123.7907 59.1850
v -165.7351 170.8089 41.7545
v -165.7351 123.7907 41.7545
v -161.0659 170.8089 59.1850
v -161.0659 170.8089 24.3087
v -161.0659 123.7907 24.3087
v -148.3071 170.8089 11.5417
v -148.3071 123.7907 11.5417
v -148.3071 123.7907 11.5417
v -130.8494 170.8089 6.8630
v -130.8494 123.7907 6.8630
v -148.3071 170.8089 11.5417
v -113.4214 170.8089 11.5417
v -113.4214 123.7907 11.5417
v -100.6330 170.8089 24.3087
v -100.6330 123.7907 24.3087
v -148.3071 123.7907 11.5417
v -130.8494 123.7907 76.6307
v -148.3071 123.7907 71.9673
v -130.8494 123.7907 6.8630
v -113.4214 123.7907 71.9673
v -113.4214 123.7907 11.5417
v -100.6330 123.7907 24.3087
v -100.6330 123.7907 59.1850
v -95.9637 123.7907 41.7545
v -161.0659 123.7907 24.3087
v -161.0659 123.7907 59.1850
v -165.7351 123.7907 41.7545
v -95.9637 170.8089 41.7545
v -105.3320 170.8089 56.4787
v -100.6330 170.8089 59.1850
v -101.3765 171.5854 41.7545
v -100.6330 170.8089 24.3087
v -105.3320 171.5854 27.0150
v -113.4214 170.8089 11.5417
v -116.1278 171.5854 16.2357
v -130.8494 170.8089 6.8630
v -130.8494 171.5854 12.2756
v -148.3071 170.8089 11.5417
v -145.6008 171.5854 16.2357
v -161.0659 170.8089 24.3087
v -156.3669 171.5854 27.0150
v -165.7351 170.8089 41.7545
v -160.3223 171.5854 41.7545
v -161.0659 170.8089 59.1850
v -156.3669 171.5854 56.4787
v -148.3071 170.8089 71.9673
v -145.6008 171.5854 67.2733
v -130.8494 170.8089 76.6307
v -130.8494 171.5854 71.2181
v -113.4214 170.8089 71.9673
v -116.1278 171.5854 67.2733
v -101.3765 171.5854 41.7545
v -107.9789 154.0315 54.9650
v -105.3320 170.8089 56.4787
v -104.4398 154.8080 41.7545
v -117.6446 154.8080 64.6282
v -116.1278 171.5854 67.2733
v -130.8494 154.8080 68.1754
v -130.8494 171.5854 71.2181
v -130.8494 171.5854 71.2181
v -144.0840 154.8080 64.6282
v -145.6008 171.5854 67.2733
v -130.8494 154.8080 68.1754
v -153.7497 154.8080 54.9650
v -156.3669 171.5854 56.4787
v -157.2888 154.8080 41.7545
v -160.3223 171.5854 41.7545
v -160.3223 171.5854 41.7545
v -153.7497 154.8080 28.5287
v -156.3669 171.5854 27.0150
v -157.2888 154.8080 41.7545
v -144.0840 154.8080 18.8655
v -145.6008 171.5854 16.2357
v -130.8494 154.8080 15.3183
v -130.8494 171.5854 12.2756
v -130.8494 171.5854 12.2756
v -117.6446 154.8080 18.8655
v -116.1278 171.5854 16.2357
v -130.8494 154.8080 15.3183
v -107.9789 154.8080 28.5287
v -105.3320 171.5854 27.0150
v -104.4398 154.8080 41.7545
v -101.3765 171.5854 41.7545
v -130.8494 154.8080 68.1754
v -117.6446 154.8080 64.6282
v -144.0840 154.8080 64.6282
v -107.9789 154.0315 54.9650
v -153.7497 154.8080 54.9650
v -104.4398 154.8080 41.7545
v -157.2888 154.8080 41.7545
v -107.9789 154.8080 28.5287
v -153.7497 154.8080 28.5287
v -117.6446 154.8080 18.8655
v -144.0840 154.8080 18.8655
v -130.8494 154.8080 15.3183
v -122.3139 153.9768 36.8159
v -123.5927 168.5449 45.9286
v -122.3139 153.9768 46.6778
v -123.5927 168.5449 37.5651
v -130.8494 153.9768 31.8772
v -130.8494 168.5449 33.3756
v -139.4147 153.9768 36.8159
v -138.1061 168.5449 37.5651
v -139.4147 153.9768 46.6778
v -138.1061 168.5449 45.9286
v -130.8494 153.9768 51.6165
v -130.8494 168.5449 50.1181
v -122.3139 153.9768 46.6778
v -123.5927 168.5449 45.9286
v -123.5927 168.5449 37.5651
v -130.8494 171.6510 41.7545
v -123.5927 168.5449 45.9286
v -130.8494 168.5449 33.3756
v -138.1061 168.5449 37.5651
v -138.1061 168.5449 45.9286
v -130.8494 168.5449 50.1181
v -20.9282 123.7907 41.7545
v -25.5974 170.8089 59.1850
v -25.5974 123.7907 59.1850
v -20.9282 170.8089 41.7545
v -25.5974 123.7907 24.3087
v -25.5974 170.8089 24.3087
v -38.3561 170.8089 71.9673
v -38.3561 123.7907 71.9673
v -38.3561 123.7907 71.9673
v -55.8139 170.8089 76.6307
v -55.8139 123.7907 76.6307
v -38.3561 170.8089 71.9673
v -73.2419 170.8089 71.9673
v -73.2419 123.7907 71.9673
v -86.0303 170.8089 59.1850
v -86.0303 123.7907 59.1850
v -86.0303 123.7907 59.1850
v -90.6996 170.8089 41.7545
v -90.6996 123.7907 41.7545
v -86.0303 170.8089 59.1850
v -86.0303 170.8089 24.3087
v -86.0303 123.7907 24.3087
v -73.2419 170.8089 11.5417
v -73.2419 123.7907 11.5417
v -73.2419 123.7907 11.5417
v -55.8139 170.8089 6.8630
v -55.8139 123.7907 6.8630
v -73.2419 170.8089 11.5417
v -38.3561 170.8089 11.5417
v -38.3561 123.7907 11.5417
v -25.5974 170.8089 24.3087
v -25.5974 123.7907 24.3087
v -73.2419 123.7907 11.5417
v -55.8139 123.7907 76.6307
v -73.2419 123.7907 71.9673
v -55.8139 123.7907 6.8630
v -38.3561 123.7907 71.9673
v -38.3561 123.7907 11.5417
v -25.5974 123.7907 24.3087
v -25.5974 123.7907 59.1850
v -20.9282 123.7907 41.7545
v -86.0303 123.7907 24.3087
v -86.0303 123.7907 59.1850
v -90.6996 123.7907 41.7545
v -20.9282 170.8089 41.7545
v -30.2964 170.8089 56.4787
v -25.5974 170.8089 59.1850
v -26.3409 171.5854 41.7545
v -25.5974 170.8089 24.3087
v -30.2964 171.5854 27.0150
v -38.3561 170.8089 11.5417
v -41.0625 171.5854 16.2357
v -55.8139 170.8089 6.8630
v -55.8139 171.5854 12.2756
v -73.2419 170.8089 11.5417
v -70.5355 171.5854 16.2357
v -86.0303 170.8089 24.3087
v -81.3313 171.5854 27.0150
v -90.6996 170.8089 41.7545
v -85.2868 171.5854 41.7545
v -86.0303 170.8089 59.1850
v -81.3313 171.5854 56.4787
v -73.2419 170.8089 71.9673
v -70.5355 171.5854 67.2733
v -55.8139 170.8089 76.6307
v -55.8139 171.5854 71.2181
v -38.3561 170.8089 71.9673
v -41.0625 171.5854 67.2733
v -26.3409 171.5854 41.7545
v -32.9136 154.0315 54.9650
v -30.2964 170.8089 56.4787
v -29.3745 154.8080 41.7545
v -42.6090 154.8080 64.6282
v -41.0625 171.5854 67.2733
v -55.8139 154.8080 68.1754
v -55.8139 171.5854 71.2181
v -55.8139 171.5854 71.2181
v -69.0187 154.8080 64.6282
v -70.5355 171.5854 67.2733
v -55.8139 154.8080 68.1754
v -78.6844 154.8080 54.9650
v -81.3313 171.5854 56.4787
v -82.2235 154.8080 41.7545
v -85.2868 171.5854 41.7545
v -85.2868 171.5854 41.7545
v -78.6844 154.8080 28.5287
v -81.3313 171.5854 27.0150
v -82.2235 154.8080 41.7545
v -69.0187 154.8080 18.8655
v -70.5355 171.5854 16.2357
v -55.8139 154.8080 15.3183
v -55.8139 171.5854 12.2756
v -55.8139 171.5854 12.2756
v -42.6090 154.8080 18.8655
v -41.0625 171.5854 16.2357
v -55.8139 154.8080 15.3183
v -32.9136 154.8080 28.5287
v -30.2964 171.5854 27.0150
v -29.3745 154.8080 41.7545
v -26.3409 171.5854 41.7545
v -55.8139 154.8080 68.1754
v -42.6090 154.8080 64.6282
v -69.0187 154.8080 64.6282
v -32.9136 154.0315 54.9650
v -78.6844 154.8080 54.9650
v -29.3745 154.8080 41.7545
v -82.2235 154.8080 41.7545
v -32.9136 154.8080 28.5287
v -78.6844 154.8080 28.5287
v -42.6090 154.8080 18.8655
v -69.0187 154.8080 18.8655
v -55.8139 154.8080 15.3183
v -47.2486 153.9768 36.8159
v -48.5572 168.5449 45.9286
v -47.2486 153.9768 46.6778
v -48.5572 168.5449 37.5651
v -55.8139 153.9768 31.8772
v -55.8139 168.5449 33.3756
v -64.3494 153.9768 36.8159
v -63.0706 168.5449 37.5651
v -64.3494 153.9768 46.6778
v -63.0706 168.5449 45.9286
v -55.8139 153.9768 51.6165
v -55.8139 168.5449 50.1181
v -47.2486 153.9768 46.6778
v -48.5572 168.5449 45.9286
v -48.5572 168.5449 37.5651
v -55.8139 171.6510 41.7545
v -48.5572 168.5449 45.9286
v -55.8139 168.5449 33.3756
v -63.0706 168.5449 37.5651
v -63.0706 168.5449 45.9286
v -55.8139 168.5449 50.1181
v 53.6910 123.7907 41.7545
v 48.9920 170.8089 59.1850
v 48.9920 123.7907 59.1850
v 53.6910 170.8089 41.7545
v 48.9920 123.7907 24.3087
v 48.9920 170.8089 24.3087
v 36.2333 170.8089 71.9673
v 36.2333 123.7907 71.9673
v 36.2333 123.7907 71.9673
v 18.8053 170.8089 76.6307
v 18.8053 123.7907 76.6307
v 36.2333 170.8089 71.9673
v 1.3476 170.8089 71.9673
v 1.3476 123.7907 71.9673
v -11.4112 170.8089 59.1850
v -11.4112 123.7907 59.1850
v -11.4112 123.7907 59.1850
v -16.0804 170.8089 41.7545
v -16.0804 123.7907 41.7545
v -11.4112 170.8089 59.1850
v -11.4112 170.8089 24.3087
v -11.4112 123.7907 24.3087
v 1.3476 170.8089 11.5417
v 1.3476 123.7907 11.5417
v 1.3476 123.7907 11.5417
v 18.8053 170.8089 6.8630
v 18.8053 123.7907 6.8630
v 1.3476 170.8089 11.5417
v 36.2333 170.8089 11.5417
v 36.2333 123.7907 11.5417
v 48.9920 170.8089 24.3087
v 48.9920 123.7907 24.3087
v 1.3476 123.7907 11.5417
v 18.8053 123.7907 76.6307
v 1.3476 123.7907 71.9673
v 18.8053 123.7907 6.8630
v 36.2333 123.7907 71.9673
v 36.2333 123.7907 11.5417
v 48.9920 123.7907 24.3087
v 48.9920 123.7907 59.1850
v 53.6910 123.7907 41.7545
v -11.4112 123.7907 24.3087
v -11.4112 123.7907 59.1850
v -16.0804 123.7907 41.7545
v 53.6910 170.8089 41.7545
v 44.3227 170.8089 56.4787
v 48.9920 170.8089 59.1850
v 48.2485 171.5854 41.7545
v 48.9920 170.8089 24.3087
v 44.3227 171.5854 27.0150
v 36.2333 170.8089 11.5417
v 33.5269 171.5854 16.2357
v 18.8053 170.8089 6.8630
v 18.8053 171.5854 12.2756
v 1.3476 170.8089 11.5417
v 4.0540 171.5854 16.2357
v -11.4112 170.8089 24.3087
v -6.7122 171.5854 27.0150
v -16.0804 170.8089 41.7545
v -10.6676 171.5854 41.7545
v -11.4112 170.8089 59.1850
v -6.7122 171.5854 56.4787
v 1.3476 170.8089 71.9673
v 4.0540 171.5854 67.2733
v 18.8053 170.8089 76.6307
v 18.8053 171.5854 71.2181
v 36.2333 170.8089 71.9673
v 33.5269 171.5854 67.2733
v 48.2485 171.5854 41.7545
v 41.6758 154.0315 54.9650
v 44.3227 170.8089 56.4787
v 45.2149 154.8080 41.7545
v 32.0101 154.8080 64.6282
v 33.5269 171.5854 67.2733
v 18.8053 154.8080 68.1754
v 18.8053 171.5854 71.2181
v 18.8053 171.5854 71.2181
v 5.5707 154.8080 64.6282
v 4.0540 171.5854 67.2733
v 18.8053 154.8080 68.1754
v -4.0950 154.8080 54.9650
v -6.7122 171.5854 56.4787
v -7.6341 154.8080 41.7545
v -10.6676 171.5854 41.7545
v -10.6676 171.5854 41.7545
v -4.0950 154.8080 28.5287
v -6.7122 171.5854 27.0150
v -7.6341 154.8080 41.7545
v 5.5707 154.8080 18.8655
v 4.0540 171.5854 16.2357
v 18.8053 154.8080 15.3183
v 18.8053 171.5854 12.2756
v 18.8053 171.5854 12.2756
v 32.0101 154.8080 18.8655
v 33.5269 171.5854 16.2357
v 18.8053 154.8080 15.3183
v 41.6758 154.8080 28.5287
v 44.3227 171.5854 27.0150
v 45.2149 154.8080 41.7545
v 48.2485 171.5854 41.7545
v 18.8053 154.8080 68.1754
v 32.0101 154.8080 64.6282
v 5.5707 154.8080 64.6282
v 41.6758 154.0315 54.9650
v -4.0950 154.8080 54.9650
v 45.2149 154.8080 41.7545
v -7.6341 154.8080 41.7545
v 41.6758 154.8080 28.5287
v -4.0950 154.8080 28.5287
v 32.0101 154.8080 18.8655
v 5.5707 154.8080 18.8655
v 18.8053 154.8080 15.3183
v 27.3409 153.9768 36.8159
v 26.0323 168.5449 45.9286
v 27.3409 153.9768 46.6778
v 26.0323 168.5449 37.5651
v 18.8053 153.9768 31.8772
v 18.8053 168.5449 33.3756
v 10.2400 153.9768 36.8159
v 11.5486 168.5449 37.5651
v 10.2400 153.9768 46.6778
v 11.5486 168.5449 45.9286
v 18.8053 153.9768 51.6165
v 18.8053 168.5449 50.1181
v 27.3409 153.9768 46.6778
v 26.0323 168.5449 45.9286
v 26.0323 168.5449 37.5651
v 18.8053 171.6510 41.7545
v 26.0323 168.5449 45.9286
v 18.8053 168.5449 33.3756
v 11.5486 168.5449 37.5651
v 11.5486 168.5449 45.9286
v 18.8053 168.5449 50.1181
v 142.4370 123.7907 41.7545
v 137.7677 170.8089 59.1850
v 137.7677 123.7907 59.1850
v 142.4370 170.8089 41.7545
v 137.7677 123.7907 24.3087
v 137.7677 170.8089 24.3087
v 124.9792 170.8089 71.9673
v 124.9792 123.7907 71.9673
v 124.9792 123.7907 71.9673
v 107.5512 170.8089 76.6307
v 107.5512 123.7907 76.6307
v 124.9792 170.8089 71.9673
v 90.0935 170.8089 71.9673
v 90.0935 123.7907 71.9673
v 77.3348 170.8089 59.1850
v 77.3348 123.7907 59.1850
v 77.3348 123.7907 59.1850
v 72.6655 170.8089 41.7545
v 72.6655 123.7907 41.7545
v 77.3348 170.8089 59.1850
v 77.3348 170.8089 24.3087
v 77.3348 123.7907 24.3087
v 90.0935 170.8089 11.5417
v 90.0935 123.7907 11.5417
v 90.0935 123.7907 11.5417
v 107.5512 170.8089 6.8630
v 107.5512 123.7907 6.8630
v 90.0935 170.8089 11.5417
v 124.9792 170.8089 11.5417
v 124.9792 123.7907 11.5417
v 137.7677 170.8089 24.3087
v 137.7677 123.7907 24.3087
v 90.0935 123.7907 11.5417
v 107.5512 123.7907 76.6307
v 90.0935 123.7907 71.9673
v 107.5512 123.7907 6.8630
v 124.9792 123.7907 71.9673
v 124.9792 123.7907 11.5417
v 137.7677 123.7907 24.3087
v 137.7677 123.7907 59.1850
v 142.4370 123.7907 41.7545
v 77.3348 123.7907 24.3087
v 77.3348 123.7907 59.1850
v 72.6655 123.7907 41.7545
v 142.4370 170.8089 41.7545
v 133.0687 170.8089 56.4787
v 137.7677 170.8089 59.1850
v 137.0242 171.5854 41.7545
v 137.7677 170.8089 24.3087
v 133.0687 171.5854 27.0150
v 124.9792 170.8089 11.5417
v 122.2728 171.5854 16.2357
v 107.5512 170.8089 6.8630
v 107.5512 171.5854 12.2756
v 90.0935 170.8089 11.5417
v 92.7999 171.5854 16.2357
v 77.3348 170.8089 24.3087
v 82.0338 171.5854 27.0150
v 72.6655 170.8089 41.7545
v 78.0783 171.5854 41.7545
v 77.3348 170.8089 59.1850
v 82.0338 171.5854 56.4787
v 90.0935 170.8089 71.9673
v 92.7999 171.5854 67.2733
v 107.5512 170.8089 76.6307
v 107.5512 171.5854 71.2181
v 124.9792 170.8089 71.9673
v 122.2728 171.5854 67.2733
v 137.0242 171.5854 41.7545
v 130.4218 154.0315 54.9650
v 133.0687 170.8089 56.4787
v 133.9609 154.8080 41.7545
v 120.7561 154.8080 64.6282
v 122.2728 171.5854 67.2733
v 107.5512 154.8080 68.1754
v 107.5512 171.5854 71.2181
v 107.5512 171.5854 71.2181
v 94.3167 154.8080 64.6282
v 92.7999 171.5854 67.2733
v 107.5512 154.8080 68.1754
v 84.6510 154.8080 54.9650
v 82.0338 171.5854 56.4787
v 81.1118 154.8080 41.7545
v 78.0783 171.5854 41.7545
v 78.0783 171.5854 41.7545
v 84.6510 154.8080 28.5287
v 82.0338 171.5854 27.0150
v 81.1118 154.8080 41.7545
v 94.3167 154.8080 18.8655
v 92.7999 171.5854 16.2357
v 107.5512 154.8080 15.3183
v 107.5512 171.5854 12.2756
v 107.5512 171.5854 12.2756
v 120.7561 154.8080 18.8655
v 122.2728 171.5854 16.2357
v 107.5512 154.8080 15.3183
v 130.4218 154.8080 28.5287
v 133.0687 171.5854 27.0150
v 133.9609 154.8080 41.7545
v 137.0242 171.5854 41.7545
v 107.5512 154.8080 68.1754
v 120.7561 154.8080 64.6282
v 94.3167 154.8080 64.6282
v 130.4218 154.0315 54.9650
v 84.6510 154.8080 54.9650
v 133.9609 154.8080 41.7545
v 81.1118 154.8080 41.7545
v 130.4218 154.8080 28.5287
v 84.6510 154.8080 28.5287
v 120.7561 154.8080 18.8655
v 94.3167 154.8080 18.8655
v 107.5512 154.8080 15.3183
v 116.0868 153.9768 36.8159
v 114.8080 168.5449 45.9286
v 116.0868 153.9768 46.6778
v 114.8080 168.5449 37.5651
v 107.5512 153.9768 31.8772
v 107.5512 168.5449 33.3756
v 98.9859 153.9768 36.8159
v 100.2945 168.5449 37.5651
v 98.9859 153.9768 46.6778
v 100.2945 168.5449 45.9286
v 107.5512 153.9768 51.6165
v 107.5512 168.5449 50.1181
v 116.0868 153.9768 46.6778
v 114.8080 168.5449 45.9286
v 114.8080 168.5449 37.5651
v 107.5512 171.6510 41.7545
v 114.8080 168.5449 45.9286
v 107.5512 168.5449 33.3756
v 100.2945 168.5449 37.5651
v 100.2945 168.5449 45.9286
v 107.5512 168.5449 50.1181
v 234.8112 123.7907 41.7545
v 230.1420 170.8089 59.1850
v 230.1420 123.7907 59.1850
v 234.8112 170.8089 41.7545
v 230.1420 123.7907 24.3087
v 230.1420 170.8089 24.3087
v 217.3833 170.8089 71.9673
v 217.3833 123.7907 71.9673
v 217.3833 123.7907 71.9673
v 199.9256 170.8089 76.6307
v 199.9256 123.7907 76.6307
v 217.3833 170.8089 71.9673
v 182.4975 170.8089 71.9673
v 182.4975 123.7907 71.9673
v 169.7389 170.8089 59.1850
v 169.7389 123.7907 59.1850
v 169.7389 123.7907 59.1850
v 165.0398 170.8089 41.7545
v 165.0398 123.7907 41.7545
v 169.7389 170.8089 59.1850
v 169.7389 170.8089 24.3087
v 169.7389 123.7907 24.3087
v 182.4975 170.8089 11.5417
v 182.4975 123.7907 11.5417
v 182.4975 123.7907 11.5417
v 199.9256 170.8089 6.8630
v 199.9256 123.7907 6.8630
v 182.4975 170.8089 11.5417
v 217.3833 170.8089 11.5417
v 217.3833 123.7907 11.5417
v 230.1420 170.8089 24.3087
v 230.1420 123.7907 24.3087
v 182.4975 123.7907 11.5417
v 199.9256 123.7907 76.6307
v 182.4975 123.7907 71.9673
v 199.9256 123.7907 6.8630
v 217.3833 123.7907 71.9673
v 217.3833 123.7907 11.5417
v 230.1420 123.7907 24.3087
v 230.1420 123.7907 59.1850
v 234.8112 123.7907 41.7545
v 169.7389 123.7907 24.3087
v 169.7389 123.7907 59.1850
v 165.0398 123.7907 41.7545
v 234.8112 170.8089 41.7545
v 225.4727 170.8089 56.4787
v 230.1420 170.8089 59.1850
v 229.3985 171.5854 41.7545
v 230.1420 170.8089 24.3087
v 225.4727 171.5854 27.0150
v 217.3833 170.8089 11.5417
v 214.6768 171.5854 16.2357
v 199.9256 170.8089 6.8630
v 199.9256 171.5854 12.2756
v 182.4975 170.8089 11.5417
v 185.2039 171.5854 16.2357
v 169.7389 170.8089 24.3087
v 174.4081 171.5854 27.0150
v 165.0398 170.8089 41.7545
v 170.4823 171.5854 41.7545
v 169.7389 170.8089 59.1850
v 174.4081 171.5854 56.4787
v 182.4975 170.8089 71.9673
v 185.2039 171.5854 67.2733
v 199.9256 170.8089 76.6307
v 199.9256 171.5854 71.2181
v 217.3833 170.8089 71.9673
v 214.6768 171.5854 67.2733
v 229.3985 171.5854 41.7545
v 222.8258 154.0315 54.9650
v 225.4727 170.8089 56.4787
v 226.3650 154.8080 41.7545
v 213.1601 154.8080 64.6282
v 214.6768 171.5854 67.2733
v 199.9256 154.8080 68.1754
v 199.9256 171.5854 71.2181
v 199.9256 171.5854 71.2181
v 186.7207 154.8080 64.6282
v 185.2039 171.5854 67.2733
v 199.9256 154.8080 68.1754
v 177.0550 154.8080 54.9650
v 174.4081 171.5854 56.4787
v 173.5159 154.8080 41.7545
v 170.4823 171.5854 41.7545
v 170.4823 171.5854 41.7545
v 177.0550 154.8080 28.5287
v 174.4081 171.5854 27.0150
v 173.5159 154.8080 41.7545
v 186.7207 154.8080 18.8655
v 185.2039 171.5854 16.2357
v 199.9256 154.8080 15.3183
v 199.9256 171.5854 12.2756
v 199.9256 171.5854 12.2756
v 213.1601 154.8080 18.8655
v 214.6768 171.5854 16.2357
v 199.9256 154.8080 15.3183
v 222.8258 154.8080 28.5287
v 225.4727 171.5854 27.0150
v 226.3650 154.8080 41.7545
v 229.3985 171.5854 41.7545
v 199.9256 154.8080 68.1754
v 213.1601 154.8080 64.6282
v 186.7207 154.8080 64.6282
v 222.8258 154.0315 54.9650
v 177.0550 154.8080 54.9650
v 226.3650 154.8080 41.7545
v 173.5159 154.8080 41.7545
v 222.8258 154.8080 28.5287
v 177.0550 154.8080 28.5287
v 213.1601 154.8080 18.8655
v 186.7207 154.8080 18.8655
v 199.9256 154.8080 15.3183
v 208.4908 153.9768 36.8159
v 207.1822 168.5449 45.9286
v 208.4908 153.9768 46.6778
v 207.1822 168.5449 37.5651
v 199.9256 153.9768 31.8772
v 199.9256 168.5449 33.3756
v 191.3900 153.9768 36.8159
v 192.6986 168.5449 37.5651
v 191.3900 153.9768 46.6778
v 192.6986 168.5449 45.9286
v 199.9256 153.9768 51.6165
v 199.9256 168.5449 50.1181
v 208.4908 153.9768 46.6778
v 207.1822 168.5449 45.9286
v 207.1822 168.5449 37.5651
v 199.9256 171.6510 41.7545
v 207.1822 168.5449 45.9286
v 199.9256 168.5449 33.3756
v 192.6986 168.5449 37.5651
v 192.6986 168.5449 45.9286
v 199.9256 168.5449 50.1181
vn 0.4093 0.8154 0.4093
vn 0.4093 0.8154 0.4093
vn 0.4093 0.8154 0.4093
vn 0.4093 0.8154 0.4093
vn 0.4094 0.8154 0.4093
vn 0.4093 0.8154 0.4094
vn 0.4093 0.8154 0.4093
vn 0.4094 0.8154 0.4093
vn 0.4093 0.8154 0.4093
vn 0.4093 0.8154 0.4093
vn 0.4093 0.8154 0.4094
vn 0.4093 0.8154 0.4094
vn 0.4093 0.8154 0.4093
vn 0.4093 0.8154 0.4093
vn 0.4093 0.8154 0.4094
vn 0.4093 0.8154 0.4093
vn 0.4093 0.8154 0.4093
vn 0.4093 0.8154 0.4093
vn 0.4066 0.8165 0.4099
vn 0.4094 0.8154 0.4093
vn 0.4093 0.8154 0.4094
vn 0.4093 0.8154 0.4093
vn 0.4067 0.8165 0.4098
vn 0.4093 0.8154 0.4093
vn 0.4093 0.8154 0.4093
vn 0.4067 0.8165 0.4099
vn 0.4093 0.8154 0.4094
vn 0.4067 0.8165 0.4099
vn 0.4093 0.8154 0.4093
vn 0.4093 0.8154 0.4093
vn 0.4067 0.8165 0.4099
vn 0.4099 0.8165 0.4067
vn 0.4093 0.8154 0.4094
vn 0.4099 0.8165 0.4066
vn 0.4066 0.8165 0.4099
vn 0.4072 0.8175 0.4072
vn 0.4072 0.8176 0.4072
vn 0.4066 0.8165 0.4099
vn 0.4040 0.8175 0.4104
vn 0.4040 0.8175 0.4104
vn 0.4066 0.8165 0.4099
vn 0.4067 0.8165 0.4098
vn 0.4066 0.8165 0.4099
vn 0.4066 0.8165 0.4099
vn 0.4066 0.8165 0.4099
vn 0.4072 0.8175 0.4072
vn 0.4077 0.8186 0.4045
vn 0.4098 0.8165 0.4067
vn 0.4077 0.8186 0.4045
vn 0.4072 0.8175 0.4072
vn 0.4077 0.8186 0.4046
vn 0.4099 0.8165 0.4067
vn 0.4120 0.8144 0.4088
vn 0.4093 0.8154 0.4093
vn 0.4093 0.8154 0.4093
vn 0.4120 0.8144 0.4088
vn 0.4093 0.8154 0.4093
vn 0.4093 0.8154 0.4093
vn 0.4120 0.8143 0.4088
vn 0.4093 0.8154 0.4093
vn 0.4093 0.8154 0.4093
vn 0.4093 0.8154 0.4094
vn 0.4093 0.8154 0.4093
vn 0.4093 0.8154 0.4093
vn 0.4093 0.8154 0.4093
vn 0.4093 0.8154 0.4093
vn 0.4093 0.8154 0.4093
vn 0.4066 0.8165 0.4099
vn 0.4093 0.8154 0.4093
vn 0.4093 0.8154 0.4093
vn 0.4067 0.8165 0.4099
vn 0.4067 0.8165 0.4099
vn 0.4067 0.8165 0.4099
vn 0.4067 0.8165 0.4099
vn 0.4093 0.8154 0.4093
vn 0.4066 0.8165 0.4099
vn 0.4093 0.8154 0.4094
vn 0.4093 0.8154 0.4094
vn 0.4094 0.8154 0.4093
vn 0.4067 0.8165 0.4098
vn 0.4093 0.8154 0.4093
vn 0.4093 0.8154 0.4093
vn 0.4067 0.8165 0.4099
vn 0.4093 0.8154 0.4094
vn 0.4094 0.8154 0.4093
vn 0.4067 0.8165 0.4099
vn 0.4093 0.8154 0.4093
vn 0.4093 0.8154 0.4093
vn 0.4093 0.8154 0.4094
vn 0.4094 0.8154 0.4093
vn 0.4093 0.8154 0.4093
vn 0.4093 0.8154 0.4093
vn 0.4036 0.8154 0.4150
vn 0.4093 0.8154 0.4093
vn 0.4093 0.8154 0.4094
vn 0.4093 0.8154 0.4093
vn 0.4093 0.8154 0.4093
vn 0.4093 0.8154 0.4093
vn 0.4093 0.8154 0.4093
vn 0.4093 0.8154 0.4094
vn 0.4094 0.8154 0.4093
vn 0.4093 0.8154 0.4094
vn 0.4093 0.8154 0.4094
vn 0.4093 0.8154 0.4093
vn 0.4093 0.8154 0.4093
vn 0.4094 0.8154 0.4093
vn 0.4093 0.8154 0.4093
vn 0.4093 0.8154 0.4093
vn 0.4093 0.8154 0.4093
vn 0.4093 0.8154 0.4093
vn 0.4036 0.8154 0.4150
vn 0.4093 0.8154 0.4093
vn 0.4093 0.8154 0.4094
vn 0.4093 0.8154 0.4093
vn 0.4093 0.8154 0.4093
vn 0.4093 0.8154 0.4093
vn 0.4093 0.8154 0.4093
vn 0.4093 0.8154 0.4094
vn 0.4066 0.8165 0.4099
vn 0.4093 0.8154 0.4094
vn 0.4093 0.8154 0.4093
vn 0.4066 0.8165 0.4099
vn 0.4093 0.8154 0.4093
vn 0.4093 0.8154 0.4093
vn 0.4093 0.8154 0.4093
vn 0.4093 0.8154 0.4094
vn 0.4093 0.8154 0.4093
vn 0.4093 0.8154 0.4094
vn 0.4093 0.8154 0.4093
vn 0.4093 0.8154 0.4093
vn 0.4093 0.8154 0.4094
vn 0.4094 0.8154 0.4093
vn 0.4093 0.8154 0.4093
vn 0.4093 0.8154 0.4093
vn 0.4093 0.8154 0.4093
vn 0.4093 0.8154 0.4094
vn 0.4094 0.8154 0.4093
vn 0.4093 0.8154 0.4094
vn 0.4093 0.8154 0.4094
vn 0.4093 0.8154 0.4093
vn 0.4093 0.8154 0.4093
vn 0.4093 0.8154 0.4093
vn 0.4093 0.8154 0.4093
vn 0.4036 0.8154 0.4150
vn 0.4093 0.8154 0.4093
vn 0.4093 0.8154 0.4094
vn 0.4093 0.8154 0.4093
vn 0.4093 0.8154 0.4093
vn 0.4093 0.8154 0.4093
vn 0.4094 0.8154 0.4093
vn 0.4093 0.8154 0.4093
vn 0.4093 0.8154 0.4093
vn 0.4093 0.8154 0.4093
vn 0.4093 0.8154 0.4093
vn 0.4093 0.8154 0.4093
vn 0.4093 0.8154 0.4093
vn 0.4225 0.4066 0.8100
vn 0.4225 0.4066 0.8100
vn 0.4225 0.4067 0.8100
vn 0.4225 0.4066 0.8100
vn 0.4225 0.4066 0.8100
vn 0.4225 0.4066 0.8100
vn 0.6349 0.3833 0.6708
vn 0.6349 0.3833 0.6708
vn 0.6349 0.3833 0.6708
vn 0.6349 0.3833 0.6708
vn 0.6349 0.3833 0.6708
vn 0.6349 0.3833 0.6708
vn 0.5337 0.3903 0.7502
vn 0.5336 0.3903 0.7502
vn 0.5337 0.3903 0.7502
vn 0.5337 0.3903 0.7502
vn 0.5336 0.3903 0.7502
vn 0.5337 0.3903 0.7502
vn 0.4251 0.4061 0.8089
vn 0.4251 0.4061 0.8089
vn 0.4251 0.4061 0.8089
vn 0.4230 0.4040 0.8111
vn 0.4231 0.4039 0.8111
vn 0.4230 0.4040 0.8111
vn 0.7071 0.0000 0.7072
vn 0.7071 0.0000 0.7071
vn 0.7071 0.0000 0.7071
vn 0.7071 0.0000 0.7071
vn 0.5381 0.0351 0.8421
vn 0.7071 0.0000 0.7071
vn 0.5381 0.0351 0.8422
vn 0.7071 0.0000 0.7071
vn 0.5953 0.0115 0.8034
vn 0.7071 0.0000 0.7071
vn 0.5954 0.0115 0.8033
vn 0.7072 0.0000 0.7070
vn 0.3728 0.1164 0.9206
vn 0.5380 0.0350 0.8422
vn 0.5954 0.0115 0.8034
vn 0.5071 0.3903 0.7684
vn 0.5065 0.3929 0.7675
vn 0.5065 0.3929 0.7675
vn 0.5065 0.3930 0.7675
vn 0.5071 0.3903 0.7684
vn 0.5071 0.3903 0.7684
vn 0.5071 0.3904 0.7684
vn 0.5071 0.3903 0.7684
vn 0.5071 0.3903 0.7684
vn 0.5066 0.3929 0.7675
vn 0.5065 0.3930 0.7675
vn 0.5071 0.3903 0.7684
vn 0.5065 0.3929 0.7675
vn 0.5066 0.3929 0.7675
vn 0.5065 0.3930 0.7675
vn 0.5065 0.3930 0.7675
vn 0.5065 0.3929 0.7675
vn 0.5065 0.3929 0.7675
vn 0.4040 0.4104 0.8175
vn 0.4040 0.4104 0.8175
vn 0.4040 0.4104 0.8175
vn 0.8394 0.5356 0.0928
vn 0.8393 0.5357 0.0927
vn 0.8393 0.5356 0.0928
vn 0.8394 0.5356 0.0928
vn 0.8393 0.5357 0.0927
vn 0.8393 0.5356 0.0928
vn 0.4098 0.8165 0.4067
vn 0.4093 0.8154 0.4094
vn 0.4099 0.8165 0.4066
vn 0.4098 0.8165 0.4067
vn 0.4093 0.8154 0.4093
vn 0.4093 0.8154 0.4094
vn 0.4093 0.8154 0.4093
vn 0.4099 0.8165 0.4066
vn 0.4072 0.8175 0.4072
vn 0.4072 0.8176 0.4072
vn 0.4099 0.8165 0.4067
vn 0.4072 0.8176 0.4072
vn 0.4099 0.8165 0.4067
vn 0.4093 0.8154 0.4094
vn 0.4072 0.8175 0.4072
vn 0.4072 0.8175 0.4072
vn 0.4072 0.8175 0.4072
vn 0.4072 0.8175 0.4072
vn 0.4099 0.8165 0.4067
vn 0.4093 0.8154 0.4093
vn 0.4099 0.8165 0.4067
vn 0.4098 0.4067 0.8165
vn 0.4098 0.4066 0.8165
vn 0.4099 0.4066 0.8165
vn 0.0994 0.5308 0.8417
vn 0.0994 0.5307 0.8417
vn 0.0995 0.5306 0.8417
vn 0.0994 0.5308 0.8417
vn 0.0994 0.5308 0.8417
vn 0.0994 0.5307 0.8417
vn 0.7071 0.7071 -0.0000
vn 0.7071 0.7071 -0.0000
vn 0.7071 0.7071 -0.0000
vn 0.7043 0.7099 0.0000
vn 0.7043 0.7099 0.0000
vn 0.7044 0.7098 0.0000
vn 0.8582 0.4756 0.1932
vn 0.8582 0.4755 0.1932
vn 0.8582 0.4755 0.1932
vn 0.0000 0.7072 0.7070
vn 0.0000 0.7441 0.6681
vn 0.0000 0.7297 0.6838
vn -0.0001 0.7442 0.6680
vn 0.1413 0.8978 0.4171
vn -0.0001 0.7297 0.6838
vn 0.1414 0.8978 0.4171
vn 0.0000 0.7442 0.6680
vn 0.1344 0.8987 0.4175
vn 0.1345 0.8986 0.4176
vn 0.5021 0.8616 0.0747
vn 0.1414 0.8978 0.4171
vn 0.5020 0.8616 0.0747
vn 0.1345 0.8987 0.4175
vn 0.4991 0.8634 0.0742
vn 0.4990 0.8634 0.0742
vn 0.6116 0.7909 0.0186
vn 0.5020 0.8616 0.0746
vn 0.6117 0.7909 0.0185
vn 0.4992 0.8633 0.0741
vn 0.6117 0.7909 0.0185
vn 0.0000 0.7297 0.6838
vn 0.0000 0.7098 0.7044
vn 0.0000 0.7071 0.7071
vn 0.0000 0.7099 0.7043
vn 0.0000 0.7297 0.6838
vn 0.0000 0.7324 0.6809
vn 0.0000 0.7099 0.7043
vn 0.0000 0.7323 0.6810
vn 0.0000 0.7468 0.6650
vn 0.1405 0.8992 0.4145
vn -0.0001 0.7467 0.6651
vn -0.0000 0.7324 0.6809
vn -0.0001 0.7467 0.6651
vn 0.1405 0.8992 0.4144
vn 0.1335 0.9000 0.4149
vn 0.4992 0.8633 0.0742
vn 0.1337 0.9000 0.4149
vn 0.1405 0.8991 0.4145
vn 0.1336 0.9000 0.4149
vn 0.4991 0.8633 0.0742
vn 0.5021 0.8616 0.0747
vn 0.6147 0.7886 0.0186
vn 0.5021 0.8616 0.0747
vn 0.4991 0.8634 0.0742
vn 0.5021 0.8616 0.0746
vn 0.6147 0.7885 0.0186
vn 0.6147 0.7885 0.0186
vn 0.0000 0.7098 0.7044
vn 0.0000 0.7127 0.7014
vn -0.0000 0.7071 0.7071
vn 0.0000 0.7126 0.7016
vn 0.0000 0.7099 0.7043
vn 0.0000 0.7126 0.7016
vn 0.7072 0.0000 0.7070
vn 0.7071 0.0000 0.7072
vn 0.7071 0.0000 0.7071
vn 0.7071 0.0000 0.7071
vn 0.7070 0.0000 0.7072
vn 0.7071 0.0000 0.7071
vn 0.7098 0.0001 0.7044
vn 0.7099 0.0001 0.7043
vn 0.7099 0.0001 0.7043
vn 0.7098 0.7044 0.0000
vn 0.7100 0.7042 0.0000
vn 0.7098 0.7044 0.0000
vn 0.7099 0.7043 -0.0000
vn 0.7099 0.7043 -0.0000
vn 0.7098 0.7044 -0.0000
vn 0.7015 0.7127 -0.0000
vn 0.7015 0.7127 -0.0000
vn 0.7015 0.7127 -0.0000
vn 0.7015 0.7127 -0.0000
vn 0.7014 0.7127 -0.0000
vn 0.7015 0.7127 -0.0000
vn 0.7015 0.7127 0.0000
vn 0.7015 0.7127 0.0000
vn 0.7014 0.7128 0.0000
vn 0.6987 0.7154 -0.0000
vn 0.6987 0.7154 -0.0000
vn 0.6987 0.7154 -0.0000
vn 0.6517 0.7585 0.0059
vn 0.6518 0.7584 0.0058
vn 0.6517 0.7584 0.0058
vn 0.6517 0.7585 0.0059
vn 0.6518 0.7583 0.0058
vn 0.6517 0.7585 0.0058
vn 0.7497 0.6618 0.0052
vn 0.7497 0.6618 0.0052
vn 0.7497 0.6618 0.0052
vn 0.7497 0.6618 0.0052
vn 0.7497 0.6618 0.0052
vn 0.7496 0.6618 0.0052
vn 0.6518 0.7584 0.0059
vn 0.6518 0.7584 0.0059
vn 0.6517 0.7584 0.0059
vn 0.6518 0.7584 0.0059
vn 0.6517 0.7584 0.0059
vn 0.6517 0.7585 0.0059
vn 0.7497 0.6617 0.0052
vn 0.7497 0.6618 0.0052
vn 0.7497 0.6618 0.0052
vn 0.7496 0.6619 0.0052
vn 0.7497 0.6618 0.0052
vn 0.7496 0.6618 0.0052
vn 0.6518 0.7584 0.0059
vn 0.6518 0.7584 0.0059
vn 0.6517 0.7584 0.0059
vn 0.6518 0.7584 0.0059
vn 0.6517 0.7584 0.0059
vn 0.6517 0.7585 0.0059
vn 0.7497 0.6618 0.0052
vn 0.7497 0.6618 0.0052
vn 0.7497 0.6618 0.0052
vn 0.7497 0.6618 0.0052
vn 0.7496 0.6618 0.0052
vn 0.7496 0.6619 0.0052
vn 0.7497 0.6617 0.0052
vn 0.7497 0.6618 0.0052
vn 0.7496 0.6619 0.0052
vn 0.7497 0.6618 0.0052
vn 0.7496 0.6618 0.0052
vn 0.5243 0.8494 0.0597
vn 0.5243 0.8494 0.0597
vn 0.5243 0.8494 0.0597
vn 0.5243 0.8494 0.0597
vn 0.5243 0.8494 0.0597
vn 0.5243 0.8495 0.0598
vn 0.8576 0.4752 0.1968
vn 0.8576 0.4752 0.1967
vn 0.8576 0.4752 0.1968
vn 0.8597 0.4726 0.1935
vn 0.8597 0.4726 0.1935
vn 0.8597 0.4727 0.1935
vn 0.4093 0.4093 0.8154
vn 0.4093 0.4093 0.8154
vn 0.4093 0.4094 0.8154
vn 0.4094 0.4093 0.8154
vn 0.4093 0.4093 0.8154
vn 0.4093 0.4093 0.8154
vn 0.8154 0.4093 0.4094
vn 0.8154 0.4093 0.4093
vn 0.8154 0.4093 0.4093
vn 0.8154 0.4093 0.4093
vn 0.8154 0.4093 0.4093
vn 0.8154 0.4093 0.4093
vn 0.7071 0.7071 0.0000
vn 0.7071 0.7071 0.0000
vn 0.7071 0.7071 0.0000
vn 0.7071 0.7071 0.0000
vn 0.7071 0.7071 0.0000
vn 0.7071 0.7071 0.0000
vn 0.0000 0.7071 0.7072
vn 0.0000 0.7071 0.7072
vn 0.0000 0.7072 0.7071
vn 0.0000 0.7071 0.7071
vn 0.0000 0.7071 0.7071
vn 0.0000 0.7071 0.7071
vn 0.4093 0.4093 0.8154
vn 0.4093 0.4093 0.8154
vn 0.4093 0.4094 0.8154
vn 0.4094 0.4093 0.8154
vn 0.4093 0.4093 0.8154
vn 0.7071 0.7071 0.0000
vn 0.7071 0.7071 0.0000
vn 0.7071 0.7071 0.0000
vn 0.7071 0.7071 0.0000
vn 0.7071 0.7071 0.0000
vn 0.4093 0.4093 0.8154
vn 0.4093 0.4093 0.8154
vn 0.4094 0.4093 0.8154
vn 0.4093 0.4093 0.8154
vn 0.7071 0.7071 0.0000
vn 0.7071 0.7071 0.0000
vn 0.7071 0.7071 0.0000
vn 0.8126 0.5810 0.0454
vn 0.8126 0.5811 0.0454
vn 0.8126 0.5811 0.0454
vn 0.8147 0.5781 0.0455
vn 0.8147 0.5781 0.0455
vn 0.8147 0.5781 0.0455
vn 0.8126 0.5810 0.0454
vn 0.8126 0.5811 0.0454
vn 0.8126 0.5811 0.0454
vn 0.8132 0.5802 0.0457
vn 0.8131 0.5803 0.0457
vn 0.8132 0.5802 0.0457
vn 0.8326 0.5533 0.0269
vn 0.8326 0.5532 0.0269
vn 0.8326 0.5533 0.0269
vn 0.7497 0.6617 0.0052
vn 0.7497 0.6618 0.0052
vn 0.7496 0.6618 0.0052
vn 0.4135 0.8111 0.4136
vn 0.4093 0.8154 0.4093
vn 0.4167 0.8175 0.3976
vn 0.4093 0.8154 0.4093
vn 0.4135 0.8111 0.4136
vn 0.4093 0.8154 0.4094
vn 0.4167 0.8175 0.3975
vn 0.4168 0.8175 0.3975
vn 0.4135 0.8111 0.4136
vn 0.4168 0.8175 0.3976
vn 0.4168 0.8175 0.3976
vn 0.4199 0.8236 0.3812
vn 0.4194 0.8226 0.3839
vn 0.4199 0.8237 0.3812
vn 0.4168 0.8175 0.3975
vn 0.4199 0.8236 0.3811
vn 0.4194 0.8226 0.3839
vn 0.4246 0.8296 0.3625
vn 0.4066 0.8165 0.4099
vn 0.4066 0.8165 0.4099
vn 0.4067 0.8165 0.4098
vn 0.8165 0.4067 0.4098
vn 0.8165 0.4067 0.4098
vn 0.8165 0.4066 0.4099
vn 0.7826 0.6224 0.0123
vn 0.7826 0.6225 0.0123
vn 0.7826 0.6224 0.0123
vn 0.7153 0.6988 0.0000
vn 0.7152 0.6989 0.0000
vn 0.7153 0.6988 0.0000
vn 0.5648 0.8243 0.0389
vn 0.5648 0.8243 0.0389
vn 0.5647 0.8244 0.0389
vn 0.5647 0.8244 0.0390
vn 0.5647 0.8244 0.0390
vn 0.5647 0.8243 0.0390
vn 0.4088 0.8144 0.4119
vn 0.4088 0.8144 0.4120
vn 0.4088 0.8144 0.4120
vn 0.5144 0.8549 0.0668
vn 0.5143 0.8550 0.0668
vn 0.5144 0.8550 0.0668
vn 0.7071 0.0000 0.7071
vn 0.7071 0.0000 0.7071
vn 0.7072 0.0000 0.7070
vn 0.7071 0.0000 0.7071
vn 0.7071 0.0000 0.7071
vn 0.7071 0.0000 0.7072
vn 0.7071 0.0000 0.7071
vn 0.6972 0.0000 0.7169
vn 0.7070 0.0000 0.7072
vn 0.7071 0.0000 0.7072
vn 0.7071 0.0000 0.7071
vn 0.7071 0.0000 0.7071
vn 0.7071 0.0000 0.7071
vn 0.7071 0.0000 0.7071
vn 0.7072 0.0000 0.7071
vn 0.7071 0.0000 0.7072
vn 0.7071 0.0000 0.7071
vn 0.7071 0.0000 0.7071
vn 0.7071 0.0000 0.7071
vn 0.7072 0.0000 0.7071
vn 0.7071 0.0000 0.7072
vn 0.7071 0.0000 0.7071
vn 0.7071 0.0000 0.7071
vn 0.7071 0.0000 0.7071
vn 0.7071 0.0000 0.7071
vn 0.6972 0.0000 0.7169
vn 0.7070 0.0000 0.7072
vn 0.7071 0.0000 0.7071
vn 0.7071 0.0000 0.7071
vn 0.7071 0.0000 0.7071
vn 0.7072 0.0000 0.7070
vn 0.7071 0.0000 0.7072
vn 0.7071 0.0000 0.7071
vn 0.7070 0.0000 0.7072
vn 0.7071 0.0000 0.7071
vn 0.7071 0.0000 0.7071
vn 0.7071 0.0000 0.7071
vn 0.7072 0.0000 0.7071
vn 0.7071 0.0000 0.7072
vn 0.7071 -0.0000 0.7071
vn 0.7071 -0.0000 0.7071
vn 0.7071 -0.0000 0.7071
vn 0.7071 0.0000 0.7071
vn 0.7071 0.0000 0.7072
vn 0.7071 0.0000 0.7071
vn 0.7071 0.0000 0.7071
vn 0.7071 0.0000 0.7071
vn 0.7072 0.0000 0.7071
vn 0.7071 -0.0000 0.7072
vn 0.7071 -0.0000 0.7071
vn 0.7071 -0.0000 0.7071
vn 0.7071 0.0000 0.7071
vn 0.7071 0.0000 0.7072
vn 0.7071 -0.0000 0.7071
vn 0.7071 -0.0000 0.7071
vn 0.7071 -0.0000 0.7071
vn 0.7071 0.0000 0.7072
vn 0.7071 0.0000 0.7071
vn 0.7071 -0.0000 0.7071
vn 0.7071 -0.0000 0.7071
vn 0.7071 -0.0000 0.7071
vn 0.6972 0.0000 0.7169
vn 0.7070 0.0000 0.7072
vn 0.7071 0.0000 0.7071
vn 0.7071 0.0000 0.7071
vn 0.7071 0.0000 0.7071
vn 0.7071 0.0000 0.7071
vn 0.7071 0.0000 0.7071
vn 0.7071 0.0000 0.7071
vn 0.7071 -0.0000 0.7071
vn 0.7071 0.0000 0.7071
vn 0.7071 -0.0000 0.7071
vn 0.7071 0.0000 0.7071
vn 0.7071 0.0000 0.7071
vn 0.7071 0.0000 0.7071
vn 0.7071 0.0000 0.7071
vn 0.7071 0.0000 0.7071
vn 0.7071 0.0000 0.7071
vn 0.7072 0.0000 0.7071
vn 0.7070 0.0000 0.7072
vn 0.7071 0.0000 0.7071
vn 0.7071 0.0000 0.7071
vn 0.7071 0.0000 0.7071
vn 0.7072 0.0000 0.7070
vn 0.7071 0.0000 0.7071
vn 0.7072 0.0000 0.7071
vn 0.7070 0.0000 0.7072
vn 0.7071 -0.0000 0.7071
vn 0.7071 -0.0000 0.7071
vn 0.7071 -0.0000 0.7071
vn 0.7071 0.0000 0.7071
vn 0.7071 0.0000 0.7071
vn 0.7071 0.0000 0.7071
vn 0.7070 -0.0000 0.7072
vn 0.7070 -0.0000 0.7072
vn 0.7071 -0.0000 0.7071
vn 0.7071 0.0000 0.7071
vn 0.7071 0.0000 0.7072
vn 0.7070 0.0000 0.7072
vn 0.7071 0.0000 0.7071
vn 0.7071 0.0000 0.7071
vn 0.7071 0.0000 0.7071
vn 0.7071 0.0000 0.7071
vn 0.7071 0.0000 0.7071
vn 0.7071 0.0000 0.7071
vn 0.7071 0.0000 0.7072
vn 0.7070 0.0000 0.7072
vn 0.7071 0.0000 0.7071
vn 0.7071 0.0000 0.7072
vn 0.7072 0.0000 0.7070
vn 0.7072 0.0000 0.7070
vn 0.7071 0.0000 0.7071
vn 0.7071 0.0000 0.7071
vn 0.7071 0.0000 0.7071
vn 0.7071 0.0000 0.7071
vn 0.7072 0.0000 0.7071
vn 0.7071 0.0000 0.7071
vn 0.7070 -0.0000 0.7072
vn 0.7071 -0.0000 0.7072
vn 0.7071 -0.0000 0.7071
vn 0.7070 -0.0000 0.7072
vn 0.7071 0.0000 0.7071
vn 0.7071 -0.0000 0.7071
vn 0.7071 0.0000 0.7071
vn 0.7071 0.0000 0.7071
vn 0.7071 0.0000 0.7071
vn 0.4225 0.4066 0.8100
vn 0.4225 0.4067 0.8100
vn 0.4225 0.4066 0.8100
vn 0.4225 0.4066 0.8100
vn 0.4225 0.4066 0.8100
vn 0.4225 0.4066 0.8100
vn 0.6349 0.3833 0.6708
vn 0.6349 0.3833 0.6709
vn 0.6349 0.3833 0.6708
vn 0.6349 0.3833 0.6708
vn 0.6349 0.3833 0.6708
vn 0.6349 0.3833 0.6708
vn 0.5337 0.3903 0.7502
vn 0.5337 0.3903 0.7502
vn 0.5337 0.3903 0.7502
vn 0.5337 0.3903 0.7502
vn 0.5337 0.3903 0.7502
vn 0.5337 0.3903 0.7502
vn 0.4067 0.4098 0.8165
vn 0.4066 0.4099 0.8165
vn 0.4067 0.4099 0.8165
vn 0.4072 0.4072 0.8175
vn 0.4072 0.4072 0.8175
vn 0.4072 0.4072 0.8175
vn 0.4093 0.8154 0.4093
vn 0.2915 0.8024 0.5207
vn 0.3484 0.8160 0.4612
vn 0.2915 0.8024 0.5208
vn 0.4093 0.8154 0.4093
vn 0.4093 0.8154 0.4093
vn 0.4093 0.8154 0.4093
vn 0.4093 0.8154 0.4093
vn 0.4093 0.8154 0.4093
vn 0.2915 0.8024 0.5208
vn 0.2260 0.7724 0.5936
vn 0.3484 0.8160 0.4612
vn 0.4093 0.8154 0.4093
vn 0.3483 0.8160 0.4613
vn 0.4093 0.8154 0.4093
vn 0.4040 0.4104 0.8175
vn 0.4040 0.4104 0.8175
vn 0.4040 0.4104 0.8175
vn 0.7099 0.0000 0.7043
vn 0.7154 0.0000 0.6987
vn 0.7071 0.0000 0.7071
vn 0.7155 -0.0001 0.6987
vn 0.7098 -0.0001 0.7044
vn 0.7410 -0.0000 0.6715
vn 0.7154 0.0000 0.6987
vn 0.7410 0.0000 0.6715
vn 0.7467 -0.0000 0.6652
vn 0.0995 0.5307 0.8417
vn 0.0995 0.5307 0.8417
vn 0.0994 0.5307 0.8417
vn 0.0997 0.5277 0.8436
vn 0.0997 0.5278 0.8435
vn 0.0997 0.5277 0.8435
vn 0.7071 0.7071 0.0000
vn 0.7071 0.7071 0.0000
vn 0.7070 0.7072 0.0000
vn 0.7043 0.7099 0.0000
vn 0.7043 0.7099 0.0000
vn 0.7043 0.7099 0.0000
vn 0.8597 0.4726 0.1936
vn 0.8597 0.4726 0.1936
vn 0.8597 0.4727 0.1935
vn 0.4093 0.8154 0.4093
vn 0.4093 0.8154 0.4093
vn 0.4093 0.8154 0.4093
vn 0.4094 0.8154 0.4093
vn 0.4094 0.8154 0.4093
vn 0.4093 0.8154 0.4093
vn 0.4093 0.8154 0.4093
vn 0.4093 0.8154 0.4093
vn 0.4093 0.8154 0.4093
vn 0.7071 0.7071 -0.0000
vn 0.7071 0.7071 -0.0000
vn 0.7071 0.7071 -0.0000
vn 0.7071 0.7071 0.0000
vn 0.7070 0.7072 0.0000
vn 0.7072 0.7071 0.0000
vn 0.6517 0.7584 0.0058
vn 0.6517 0.7584 0.0058
vn 0.6518 0.7584 0.0058
vn 0.6547 0.7559 0.0059
vn 0.6546 0.7560 0.0059
vn 0.6547 0.7558 0.0059
vn 0.7497 0.6618 0.0052
vn 0.7496 0.6619 0.0052
vn 0.7497 0.6618 0.0052
vn 0.7497 0.6618 0.0052
vn 0.7496 0.6619 0.0052
vn 0.7497 0.6618 0.0052
vn 0.6518 0.7584 0.0059
vn 0.6518 0.7584 0.0059
vn 0.6518 0.7584 0.0059
vn 0.6517 0.7584 0.0059
vn 0.6518 0.7584 0.0059
vn 0.6518 0.7584 0.0059
vn 0.7497 0.6618 0.0052
vn 0.7496 0.6619 0.0052
vn 0.7497 0.6618 0.0052
vn 0.7496 0.6618 0.0052
vn 0.7497 0.6618 0.0052
vn 0.7497 0.6617 0.0052
vn 0.6518 0.7584 0.0059
vn 0.6518 0.7584 0.0059
vn 0.6518 0.7584 0.0059
vn 0.6517 0.7584 0.0059
vn 0.6518 0.7584 0.0059
vn 0.6518 0.7584 0.0059
vn 0.7497 0.6618 0.0052
vn 0.7496 0.6619 0.0052
vn 0.7497 0.6618 0.0052
vn 0.7497 0.6618 0.0052
vn 0.7496 0.6619 0.0052
vn 0.7497 0.6618 0.0052
vn 0.7497 0.6618 0.0052
vn 0.7497 0.6618 0.0052
vn 0.7497 0.6617 0.0052
vn 0.7496 0.6618 0.0052
vn 0.7497 0.6618 0.0052
vn 0.7497 0.6617 0.0052
vn 0.5273 0.8476 0.0600
vn 0.5272 0.8476 0.0600
vn 0.5272 0.8476 0.0601
vn 0.5273 0.8476 0.0600
vn 0.5273 0.8476 0.0600
vn 0.5272 0.8476 0.0601
vn 0.8582 0.4756 0.1932
vn 0.8582 0.4756 0.1932
vn 0.8582 0.4756 0.1932
vn 0.8591 0.4723 0.1971
vn 0.8591 0.4723 0.1971
vn 0.8591 0.4724 0.1971
vn 0.4093 0.4093 0.8154
vn 0.4093 0.4093 0.8154
vn 0.4093 0.4093 0.8154
vn 0.4094 0.4093 0.8154
vn 0.4093 0.4093 0.8154
vn 0.4093 0.4093 0.8154
vn 0.8154 0.4093 0.4094
vn 0.8154 0.4094 0.4093
vn 0.8154 0.4093 0.4094
vn 0.8154 0.4093 0.4093
vn 0.8154 0.4094 0.4093
vn 0.7072 0.7070 0.0000
vn 0.7071 0.7071 0.0000
vn 0.7072 0.7071 0.0000
vn 0.7072 0.7070 0.0000
vn 0.7070 0.7072 0.0000
vn 0.0000 0.7071 0.7071
vn 0.0000 0.7072 0.7071
vn 0.0000 0.7071 0.7071
vn 0.0000 0.7071 0.7071
vn 0.0000 0.7071 0.7071
vn 0.4093 0.4093 0.8154
vn 0.4093 0.4093 0.8154
vn 0.4093 0.4093 0.8154
vn 0.4094 0.4093 0.8154
vn 0.4093 0.4093 0.8154
vn 0.7072 0.7070 0.0000
vn 0.7071 0.7071 0.0000
vn 0.7072 0.7071 0.0000
vn 0.7072 0.7070 0.0000
vn 0.7070 0.7072 0.0000
vn 0.4093 0.4093 0.8154
vn 0.4093 0.4093 0.8154
vn 0.4094 0.4093 0.8154
vn 0.4093 0.4093 0.8154
vn 0.7072 0.7070 0.0000
vn 0.7071 0.7071 0.0000
vn 0.7072 0.7070 0.0000
vn 0.7070 0.7072 0.0000
vn 0.8126 0.5810 0.0454
vn 0.8126 0.5811 0.0453
vn 0.8126 0.5811 0.0453
vn 0.8125 0.5812 0.0454
vn 0.8126 0.5811 0.0454
vn 0.8126 0.5811 0.0454
vn 0.8111 0.5831 0.0455
vn 0.8111 0.5832 0.0455
vn 0.8110 0.5832 0.0455
vn 0.8148 0.5780 0.0455
vn 0.8147 0.5781 0.0455
vn 0.8147 0.5781 0.0454
vn 0.7497 0.6618 0.0052
vn 0.7496 0.6618 0.0052
vn 0.7497 0.6618 0.0052
vn 0.7138 0.6999 0.0230
vn 0.7138 0.7000 0.0230
vn 0.7138 0.7000 0.0230
vn 0.7071 -0.0000 0.7071
vn 0.7236 0.0000 0.6902
vn 0.7071 0.0000 0.7071
vn 0.7236 0.0001 0.6902
vn 0.7236 0.0001 0.6903
vn 0.7071 0.0000 0.7071
vn 0.7236 -0.0001 0.6902
vn 0.7236 -0.0001 0.6902
vn 0.7404 -0.0000 0.6721
vn 0.7405 -0.0001 0.6721
vn 0.7377 -0.0001 0.6751
vn 0.7236 0.0000 0.6902
vn 0.7376 -0.0001 0.6752
vn 0.7405 -0.0000 0.6720
vn 0.7605 0.0058 0.6494
vn 0.7071 -0.0000 0.7071
vn 0.7071 -0.0000 0.7071
vn 0.7071 -0.0000 0.7071
vn 0.7044 0.0000 0.7098
vn 0.7043 0.0000 0.7099
vn 0.7043 0.0000 0.7099
vn 0.8154 0.4093 0.4094
vn 0.8154 0.4093 0.4093
vn 0.8154 0.4094 0.4093
vn 0.7126 0.7016 0.0000
vn 0.7126 0.7015 0.0000
vn 0.7125 0.7016 0.0000
vn 0.6361 0.7715 0.0100
vn 0.6362 0.7714 0.0100
vn 0.6362 0.7715 0.0100
vn 0.5617 0.8265 0.0387
vn 0.5617 0.8265 0.0387
vn 0.5617 0.8265 0.0387
vn 0.5617 0.8264 0.0388
vn 0.5617 0.8264 0.0388
vn 0.5618 0.8264 0.0388
vn 0.7043 0.0000 0.7099
vn 0.7044 -0.0000 0.7098
vn 0.7043 -0.0000 0.7099
vn 0.5143 0.8550 0.0668
vn 0.5143 0.8550 0.0668
vn 0.5144 0.8549 0.0668
vn 0.4093 0.8154 0.4093
vn 0.4093 0.8154 0.4093
vn 0.4093 0.8154 0.4093
vn 0.2983 0.9238 0.2400
vn 0.2983 0.9238 0.2400
vn 0.2982 0.9238 0.2401
vn 0.2983 0.9238 0.2400
vn 0.2982 0.9238 0.2400
vn 0.2982 0.9238 0.2401
vn 0.3876 0.4136 0.8238
vn 0.3877 0.4135 0.8238
vn 0.3877 0.4135 0.8238
vn 0.3877 0.4136 0.8238
vn 0.3877 0.4136 0.8238
vn 0.3877 0.4135 0.8238
vn 0.8089 0.4029 0.4282
vn 0.8089 0.4029 0.4283
vn 0.8089 0.4029 0.4283
vn 0.7528 0.3901 0.5302
vn 0.7528 0.3901 0.5303
vn 0.7528 0.3901 0.5303
vn 0.7071 -0.0000 0.7071
vn 0.7071 -0.0000 0.7071
vn 0.7071 -0.0000 0.7072
vn 0.4072 0.4072 0.8175
vn 0.4072 0.4072 0.8175
vn 0.4072 0.4072 0.8175
vn 0.4072 0.4072 0.8175
vn 0.4072 0.4072 0.8175
vn 0.4072 0.4072 0.8175
vn 0.8175 0.4072 0.4072
vn 0.8175 0.4072 0.4072
vn 0.8175 0.4072 0.4072
vn 0.8175 0.4072 0.4073
vn 0.8175 0.4072 0.4072
vn 0.8175 0.4072 0.4072
vn 0.8165 0.4067 0.4099
vn 0.8165 0.4067 0.4099
vn 0.8165 0.4067 0.4099
vn 0.0000 0.7071 0.7072
vn 0.0000 0.7071 0.7072
vn 0.0000 0.7071 0.7071
vn -0.0000 0.7071 0.7071
vn -0.0000 0.7071 0.7071
vn -0.0000 0.7071 0.7071
vn 0.0000 0.7071 0.7071
vn 0.0000 0.7071 0.7071
vn 0.0000 0.7072 0.7071
vn 0.6879 0.0000 0.7258
vn 0.6879 0.0000 0.7258
vn 0.6879 0.0000 0.7258
vn 0.6906 0.0000 0.7232
vn 0.6906 0.0000 0.7232
vn 0.6905 0.0001 0.7233
vn 0.4066 0.4099 0.8165
vn 0.4067 0.4099 0.8165
vn 0.4066 0.4099 0.8165
vn 0.4093 0.4094 0.8154
vn 0.4093 0.4093 0.8154
vn 0.4093 0.4093 0.8154
vn 0.7071 0.0000 0.7072
vn 0.7072 0.0000 0.7070
vn 0.7070 0.0000 0.7072
vn 0.7070 0.0000 0.7072
vn 0.7072 0.0000 0.7070
vn 0.4071 0.8175 0.4073
vn 0.4099 0.8165 0.4067
vn 0.4093 0.8154 0.4093
vn 0.4099 0.8165 0.4067
vn 0.4072 0.8175 0.4072
vn 0.4072 0.8175 0.4072
vn 0.6929 0.7210 -0.0001
vn 0.6929 0.7211 -0.0001
vn 0.6928 0.7211 -0.0001
vn 0.6930 0.7210 -0.0001
vn 0.6929 0.7210 -0.0001
vn 0.6929 0.7211 -0.0001
vn 0.8154 0.4093 0.4094
vn 0.8154 0.4093 0.4094
vn 0.8154 0.4093 0.4093
vn 0.8154 0.4093 0.4093
vn 0.4199 0.4072 0.8111
vn 0.4199 0.4071 0.8111
vn 0.4199 0.4072 0.8111
vn 0.4199 0.4072 0.8111
vn 0.4199 0.4071 0.8111
vn 0.4199 0.4072 0.8111
vn 0.0000 0.7070 0.7072
vn 0.0000 0.7070 0.7072
vn 0.0000 0.7070 0.7072
vn 0.0000 0.7071 0.7071
vn 0.4072 0.8175 0.4072
vn 0.4156 0.8279 0.3767
vn 0.4156 0.8279 0.3767
vn 0.4156 0.8279 0.3766
vn 0.4072 0.8175 0.4072
vn 0.4072 0.8175 0.4072
vn 0.4156 0.8279 0.3766
vn 0.4072 0.8176 0.4072
vn 0.4077 0.8186 0.4046
vn 0.4156 0.8279 0.3767
vn 0.4078 0.8186 0.4045
vn 0.4072 0.8176 0.4072
vn 0.4072 0.8176 0.4072
vn 0.4099 0.8165 0.4067
vn 0.4156 0.8279 0.3766
vn 0.4098 0.8165 0.4067
vn 0.4072 0.8175 0.4072
vn 0.4093 0.8154 0.4093
vn 0.7932 0.3966 0.4622
vn 0.7422 0.3863 0.5476
vn 0.7422 0.3864 0.5475
vn 0.7422 0.3863 0.5476
vn 0.7932 0.3966 0.4622
vn 0.7932 0.3966 0.4621
vn 0.6183 0.3812 0.6873
vn 0.7423 0.3863 0.5476
vn 0.7422 0.3863 0.5476
vn 0.7423 0.3863 0.5476
vn 0.6183 0.3812 0.6873
vn 0.6183 0.3812 0.6873
vn 0.4779 0.3941 0.7851
vn 0.6183 0.3811 0.6873
vn 0.6183 0.3811 0.6873
vn 0.6183 0.3812 0.6873
vn 0.4779 0.3941 0.7851
vn 0.4773 0.3967 0.7841
vn 0.4040 0.4104 0.8176
vn 0.4774 0.3967 0.7841
vn 0.4779 0.3941 0.7851
vn 0.4773 0.3967 0.7841
vn 0.4040 0.4104 0.8175
vn 0.4066 0.4099 0.8165
vn 0.0051 0.6490 0.7608
vn 0.0496 0.5818 0.8118
vn 0.0051 0.6570 0.7539
vn 0.0497 0.5817 0.8119
vn 0.0051 0.6491 0.7606
vn 0.0580 0.5701 0.8196
vn 0.0579 0.5700 0.8196
vn 0.1836 0.4796 0.8581
vn 0.0496 0.5817 0.8119
vn 0.1836 0.4796 0.8581
vn 0.0579 0.5701 0.8195
vn 0.1935 0.4727 0.8597
vn 0.1936 0.4726 0.8597
vn 0.3361 0.4225 0.8417
vn 0.1837 0.4796 0.8581
vn 0.3360 0.4226 0.8417
vn 0.1935 0.4727 0.8597
vn 0.3247 0.4283 0.8433
vn 0.3246 0.4283 0.8433
vn 0.4093 0.4094 0.8154
vn 0.3360 0.4226 0.8417
vn 0.4094 0.4093 0.8154
vn 0.3246 0.4284 0.8433
vn 0.3905 0.4130 0.8228
vn 0.4067 0.4099 0.8165
vn 0.4066 0.4099 0.8165
vn 0.4067 0.4099 0.8165
vn 0.4072 0.4072 0.8176
vn 0.4072 0.4072 0.8176
vn 0.4072 0.4072 0.8176
vn 0.8840 0.4558 0.1037
vn 0.9103 0.1707 0.3770
vn 0.9128 0.3709 0.1711
vn 0.7099 0.7043 0.0001
vn 0.8840 0.4558 0.1036
vn 0.9128 0.3708 0.1711
vn 0.8840 0.4558 0.1035
vn 0.7099 0.7043 -0.0000
vn 0.7126 0.7015 -0.0000
vn 0.5328 0.8408 0.0957
vn 0.7125 0.7016 0.0000
vn 0.7099 0.7043 -0.0000
vn 0.7126 0.7016 0.0000
vn 0.5328 0.8408 0.0957
vn 0.5637 0.8237 0.0617
vn 0.5637 0.8237 0.0617
vn 0.5328 0.8408 0.0957
vn 0.4755 0.8582 0.1932
vn 0.0000 0.7071 0.7071
vn 0.0000 0.7070 0.7072
vn 0.0000 0.7099 0.7043
vn 0.0000 0.7071 0.7071
vn 0.0000 0.7071 0.7071
vn 0.0000 0.7071 0.7072
vn 0.0000 0.7070 0.7072
vn 0.0000 0.7099 0.7043
vn 0.0000 0.7071 0.7071
vn 0.3877 0.4135 0.8238
vn 0.3877 0.4136 0.8238
vn 0.3877 0.4135 0.8238
vn 0.3877 0.4135 0.8238
vn 0.3877 0.4136 0.8238
vn 0.3877 0.4135 0.8238
vn 0.7070 -0.0000 0.7072
vn 0.7071 -0.0000 0.7071
vn 0.7071 -0.0000 0.7071
vn 0.7071 -0.0000 0.7071
vn 0.7071 -0.0000 0.7071
vn 0.7070 -0.0000 0.7072
vn -0.0000 0.7295 0.6840
vn -0.0000 0.7296 0.6839
vn -0.0000 0.7295 0.6840
vn -0.0000 0.7295 0.6839
vn -0.0000 0.7296 0.6839
vn -0.0000 0.7295 0.6840
vn 0.4093 0.8154 0.4093
vn 0.4094 0.8154 0.4093
vn 0.4093 0.8154 0.4093
vn 0.4093 0.8154 0.4093
vn 0.4093 0.8154 0.4093
vn 0.4093 0.8154 0.4094
vn 0.8078 0.4055 0.4277
vn 0.8079 0.4055 0.4277
vn 0.8078 0.4055 0.4277
vn 0.8078 0.4055 0.4277
vn 0.8079 0.4055 0.4277
vn 0.8078 0.4055 0.4277
vn 0.8368 0.4217 0.3492
vn 0.4640 0.3986 0.7911
vn 0.4640 0.3987 0.7910
vn 0.4640 0.3986 0.7911
vn 0.8368 0.4217 0.3492
vn 0.8368 0.4217 0.3492
vn 0.6378 0.7702 0.0060
vn 0.8368 0.4218 0.3492
vn 0.8368 0.4217 0.3492
vn 0.8368 0.4218 0.3492
vn 0.6378 0.7701 0.0060
vn 0.6378 0.7702 0.0059
vn 0.0051 0.6516 0.7586
vn 0.6378 0.7702 0.0061
vn 0.6379 0.7701 0.0060
vn 0.6378 0.7702 0.0061
vn 0.0051 0.6516 0.7585
vn 0.0051 0.6516 0.7585
vn 0.4640 0.3987 0.7910
vn 0.0051 0.6516 0.7585
vn 0.0051 0.6516 0.7585
vn 0.0051 0.6516 0.7585
vn 0.4640 0.3987 0.7910
vn 0.4640 0.3986 0.7911
vn 0.4093 0.4093 0.8154
vn 0.4093 0.4093 0.8154
vn 0.4093 0.4093 0.8154
vn 0.4093 0.4093 0.8154
vn 0.7071 0.0000 0.7071
vn 0.7072 0.0000 0.7070
vn 0.7070 0.0000 0.7072
vn 0.7071 0.0000 0.7071
vn 0.7071 0.0000 0.7071
vn 0.7071 0.0000 0.7071
vn 0.0000 0.7100 0.7042
vn 0.0000 0.7099 0.7043
vn 0.0000 0.7099 0.7043
vn 0.0000 0.7099 0.7043
vn 0.0000 0.7099 0.7043
vn 0.0000 0.7098 0.7044
vn 0.4093 0.8154 0.4094
vn 0.4093 0.8154 0.4093
vn 0.4093 0.8154 0.4093
vn 0.4093 0.8154 0.4093
vn 0.4094 0.8154 0.4093
vn 0.4093 0.8154 0.4093
vn 0.7043 0.7099 0.0000
vn 0.7042 0.7100 0.0000
vn 0.7044 0.7098 0.0000
vn 0.7043 0.7099 0.0000
vn 0.7043 0.7100 0.0000
vn 0.7044 0.7098 0.0000
vn 0.3768 0.4283 0.8213
vn 0.0800 0.8583 0.5069
vn 0.4118 0.3827 0.8270
vn 0.0801 0.8583 0.5069
vn 0.3768 0.4284 0.8213
vn 0.1309 0.8491 0.5118
vn 0.3856 0.4550 0.8027
vn 0.1309 0.8491 0.5118
vn 0.3769 0.4283 0.8213
vn 0.1310 0.8491 0.5118
vn 0.3856 0.4550 0.8027
vn 0.2999 0.8485 0.4361
vn 0.4109 0.4013 0.8186
vn 0.2999 0.8484 0.4362
vn 0.3855 0.4551 0.8027
vn 0.2998 0.8484 0.4362
vn 0.4109 0.4013 0.8186
vn 0.3904 0.8228 0.4130
vn 0.4056 0.4152 0.8143
vn 0.3904 0.8228 0.4130
vn 0.4109 0.4013 0.8186
vn 0.3904 0.8228 0.4130
vn 0.4056 0.4152 0.8143
vn 0.3882 0.8249 0.4108
vn 0.4065 0.4349 0.8035
vn 0.3882 0.8249 0.4108
vn 0.4056 0.4151 0.8144
vn 0.3882 0.8249 0.4109
vn 0.4065 0.4349 0.8035
vn 0.4731 0.7874 0.3952
vn 0.4434 0.4526 0.7736
vn 0.4730 0.7874 0.3953
vn 0.4065 0.4349 0.8035
vn 0.4730 0.7874 0.3953
vn 0.4434 0.4526 0.7736
vn 0.6816 0.6245 0.3813
vn 0.4442 0.3969 0.8032
vn 0.6816 0.6245 0.3813
vn 0.4434 0.4526 0.7737
vn 0.6816 0.6246 0.3813
vn 0.4442 0.3969 0.8032
vn 0.8239 0.3909 0.4104
vn 0.4087 0.3991 0.8208
vn 0.8239 0.3909 0.4103
vn 0.4441 0.3969 0.8032
vn 0.8239 0.3910 0.4103
vn 0.4087 0.3992 0.8207
vn 0.8485 0.2998 0.4361
vn 0.8484 0.3000 0.4361
vn 0.7480 0.6637 0.0000
vn 0.8239 0.3910 0.4103
vn 0.7481 0.6636 0.0000
vn 0.8484 0.2998 0.4362
vn 0.7128 0.7014 -0.0000
vn 0.7128 0.7014 -0.0000
vn -0.0000 0.7098 0.7044
vn 0.7480 0.6637 0.0000
vn 0.0000 0.7099 0.7043
vn 0.7128 0.7014 -0.0000
vn 0.0196 0.7807 0.6246
vn 0.2530 0.2819 0.9255
vn 0.7480 0.6637 0.0000
vn -0.0001 0.7099 0.7043
vn 0.7480 0.6637 -0.0001
vn 0.2531 0.2819 0.9254
vn 0.6998 0.7143 0.0096
vn 0.6378 0.0060 0.7702
vn 0.6998 0.7143 0.0096
vn 0.2531 0.2820 0.9254
vn 0.6998 0.7143 0.0095
vn 0.6379 0.0060 0.7701
vn 0.6803 0.7330 0.0000
vn 0.7257 0.0000 0.6880
vn 0.6802 0.7330 0.0001
vn 0.6378 0.0060 0.7702
vn 0.6802 0.7330 -0.0001
vn 0.7257 -0.0000 0.6880
vn 0.6988 0.7153 0.0000
vn 0.7258 -0.0000 0.6879
vn 0.6988 0.7153 0.0001
vn 0.7257 0.0001 0.6880
vn 0.6988 0.7153 0.0001
vn 0.7258 -0.0001 0.6879
vn 0.7154 0.6987 0.0000
vn 0.7957 0.0286 0.6051
vn 0.7155 0.6986 -0.0000
vn 0.7257 0.0000 0.6880
vn 0.7154 0.6987 0.0000
vn 0.7956 0.0286 0.6051
vn 0.6464 0.7630 0.0052
vn 0.8538 0.1577 0.4961
vn 0.6464 0.7630 0.0053
vn 0.7957 0.0284 0.6051
vn 0.6464 0.7630 0.0053
vn 0.8539 0.1577 0.4960
vn 0.6589 0.7522 0.0000
vn 0.8756 0.2263 0.4267
vn 0.6589 0.7522 0.0000
vn 0.8538 0.1577 0.4962
vn 0.6588 0.7523 -0.0001
vn 0.8756 0.2264 0.4267
vn 0.7177 0.6963 -0.0000
vn 0.7178 0.6963 0.0000
vn 0.1310 0.8491 0.5117
vn 0.6589 0.7523 -0.0001
vn 0.1310 0.8491 0.5118
vn 0.7177 0.6964 -0.0001
vn 0.0800 0.8582 0.5070
vn 0.2999 0.8484 0.4362
vn 0.6589 0.7522 0.0000
vn 0.1309 0.8490 0.5119
vn 0.6590 0.7522 -0.0001
vn 0.2999 0.8484 0.4362
vn 0.6465 0.7629 0.0053
vn 0.3905 0.8228 0.4130
vn 0.6464 0.7630 0.0053
vn 0.2999 0.8484 0.4361
vn 0.6464 0.7630 0.0053
vn 0.3904 0.8228 0.4130
vn 0.7154 0.6987 -0.0000
vn 0.3882 0.8249 0.4108
vn 0.7154 0.6987 -0.0000
vn 0.3905 0.8228 0.4130
vn 0.7154 0.6987 -0.0000
vn 0.3882 0.8249 0.4108
vn 0.6988 0.7153 -0.0000
vn 0.4730 0.7874 0.3952
vn 0.6988 0.7153 -0.0000
vn 0.3883 0.8249 0.4108
vn 0.6987 0.7154 0.0000
vn 0.4730 0.7874 0.3953
vn 0.6803 0.7330 -0.0000
vn 0.6816 0.6245 0.3813
vn 0.6803 0.7330 0.0000
vn 0.4730 0.7874 0.3952
vn 0.6803 0.7330 0.0000
vn 0.6816 0.6245 0.3813
vn 0.6998 0.7143 0.0097
vn 0.8239 0.3909 0.4103
vn 0.6998 0.7142 0.0097
vn 0.6816 0.6246 0.3813
vn 0.6998 0.7143 0.0097
vn 0.8239 0.3910 0.4103
vn 0.7480 0.6637 0.0000
vn 0.8538 0.1577 0.4961
vn 0.4119 0.3827 0.8270
vn 0.8756 0.2264 0.4267
vn 0.4119 0.3827 0.8270
vn 0.8538 0.1577 0.4961
vn 0.3768 0.4284 0.8213
vn 0.7957 0.0286 0.6050
vn 0.3769 0.4283 0.8213
vn 0.8538 0.1577 0.4961
vn 0.3768 0.4284 0.8213
vn 0.7957 0.0286 0.6051
vn 0.3855 0.4550 0.8027
vn 0.7258 -0.0000 0.6879
vn 0.3856 0.4550 0.8026
vn 0.7956 0.0285 0.6051
vn 0.3856 0.4550 0.8027
vn 0.7258 -0.0000 0.6879
vn 0.4109 0.4013 0.8186
vn 0.7257 -0.0000 0.6881
vn 0.4109 0.4012 0.8186
vn 0.7258 0.0000 0.6879
vn 0.4109 0.4013 0.8186
vn 0.7257 0.0000 0.6881
vn 0.4055 0.4151 0.8144
vn 0.6378 0.0060 0.7702
vn 0.4055 0.4152 0.8144
vn 0.7257 -0.0000 0.6881
vn 0.4056 0.4151 0.8143
vn 0.6378 0.0060 0.7702
vn 0.4065 0.4348 0.8035
vn 0.2531 0.2819 0.9254
vn 0.4065 0.4349 0.8035
vn 0.6378 0.0060 0.7702
vn 0.4065 0.4349 0.8035
vn 0.2531 0.2819 0.9255
vn 0.4434 0.4526 0.7736
vn -0.0000 0.7098 0.7044
vn 0.4434 0.4526 0.7737
vn 0.2530 0.2820 0.9255
vn 0.4434 0.4526 0.7737
vn -0.0000 0.7098 0.7044
vn 0.4441 0.3970 0.8032
vn 0.0195 0.7807 0.6246
vn 0.4441 0.3968 0.8033
vn 0.0000 0.7099 0.7043
vn 0.4441 0.3969 0.8033
vn 0.0195 0.7807 0.6246
vn 0.4087 0.3991 0.8208
vn 0.6879 0.0000 0.7258
vn 0.6878 0.0000 0.7259
vn 0.6908 0.0000 0.7231
vn 0.6879 0.0000 0.7258
vn 0.6878 0.0000 0.7259
vn 0.6879 0.0000 0.7258
vn 0.4061 0.8089 0.4251
vn 0.4061 0.8089 0.4251
vn 0.4060 0.8089 0.4251
vn 0.4061 0.8090 0.4251
vn 0.4061 0.8090 0.4251
vn 0.4061 0.8090 0.4251
vn 0.8175 0.4072 0.4072
vn 0.8165 0.4067 0.4099
vn 0.8165 0.4067 0.4099
vn 0.8165 0.4066 0.4099
vn 0.8175 0.4072 0.4072
vn 0.8175 0.4072 0.4072
vn 0.4067 0.4098 0.8165
vn 0.4067 0.4099 0.8165
vn 0.4067 0.4099 0.8165
vn 0.4067 0.4099 0.8165
vn 0.4067 0.4098 0.8165
vn 0.0000 0.7070 0.7072
vn 0.0000 0.7071 0.7071
vn 0.0000 0.7071 0.7071
vn 0.0000 0.7071 0.7071
vn 0.0000 0.7071 0.7072
vn 0.0000 0.7072 0.7071
vn 0.6907 0.0000 0.7231
vn 0.6879 0.0000 0.7258
vn 0.6907 0.0000 0.7232
vn 0.6879 0.0000 0.7258
vn 0.4034 0.8100 0.4256
vn 0.4034 0.8100 0.4256
vn 0.4060 0.8089 0.4251
vn 0.4034 0.8100 0.4256
vn 0.4034 0.8100 0.4256
vn 0.4034 0.8100 0.4256
vn 0.8154 0.4093 0.4093
vn 0.8154 0.4093 0.4094
vn 0.8154 0.4093 0.4093
vn 0.8154 0.4093 0.4093
vn 0.8154 0.4093 0.4093
vn 0.8154 0.4094 0.4093
vn 0.4067 0.4099 0.8165
vn 0.0000 0.7044 0.7099
vn 0.0000 0.7043 0.7100
vn 0.0000 0.7044 0.7098
vn 0.0000 0.7044 0.7098
vn 0.0000 0.7043 0.7099
vn 0.3369 0.8054 0.4877
vn 0.8423 0.4676 0.2682
vn 0.3311 0.8345 0.4405
vn 0.8423 0.4675 0.2682
vn 0.3369 0.8053 0.4878
vn 0.8268 0.5568 0.0801
vn 0.4209 0.7775 0.4672
vn 0.8267 0.5569 0.0801
vn 0.3369 0.8054 0.4877
vn 0.8268 0.5568 0.0801
vn 0.4210 0.7775 0.4672
vn 0.4155 0.8966 0.1531
vn 0.4357 0.7993 0.4138
vn 0.4155 0.8966 0.1531
vn 0.4210 0.7775 0.4672
vn 0.4155 0.8966 0.1531
vn 0.4358 0.7993 0.4138
vn 0.0476 0.8096 0.5850
vn 0.0476 0.8096 0.5851
vn 0.7047 0.0187 0.7092
vn 0.4155 0.8966 0.1531
vn 0.7046 0.0186 0.7093
vn 0.0477 0.8095 0.5851
vn 0.7574 0.0099 0.6528
vn 0.7575 0.0100 0.6528
vn 0.6098 0.3945 0.6874
vn 0.7046 0.0187 0.7093
vn 0.6098 0.3945 0.6874
vn 0.7574 0.0100 0.6528
vn 0.7609 0.4108 0.5023
vn 0.7609 0.4109 0.5022
vn 0.4211 0.7775 0.4671
vn 0.6097 0.3945 0.6875
vn 0.4211 0.7775 0.4671
vn 0.7609 0.4109 0.5022
vn 0.4358 0.7993 0.4138
vn 0.3369 0.8054 0.4877
vn 0.6098 0.3945 0.6874
vn 0.4210 0.7775 0.4671
vn 0.6098 0.3945 0.6874
vn 0.3369 0.8054 0.4877
vn 0.1978 0.4592 0.8660
vn 0.3311 0.8345 0.4405
vn 0.1978 0.4592 0.8660
vn 0.3369 0.8054 0.4876
vn 0.1978 0.4591 0.8661
vn 0.3311 0.8345 0.4404
vn 0.0381 0.5717 0.8195
vn 0.0380 0.5718 0.8195
vn 0.6164 0.0104 0.7874
vn 0.1980 0.4591 0.8660
vn 0.6164 0.0102 0.7873
vn 0.0380 0.5718 0.8195
vn 0.6446 0.0057 0.7645
vn 0.6447 0.0057 0.7644
vn 0.8268 0.5568 0.0802
vn 0.6164 0.0103 0.7874
vn 0.8268 0.5568 0.0801
vn 0.6447 0.0057 0.7644
vn 0.8423 0.4675 0.2682
vn 0.4156 0.8966 0.1530
vn 0.6164 0.0104 0.7874
vn 0.8267 0.5569 0.0802
vn 0.6164 0.0104 0.7874
vn 0.4156 0.8966 0.1530
vn 0.7046 0.0187 0.7093
vn 0.7046 0.0187 0.7093
vn 0.1978 0.4591 0.8661
vn 0.6164 0.0104 0.7874
vn 0.1978 0.4591 0.8661
vn 0.7046 0.0187 0.7093
vn 0.6097 0.3945 0.6875
vn 0.4284 0.3769 0.8213
vn 0.8441 0.1206 0.5225
vn 0.4220 0.3964 0.8153
vn 0.8441 0.1206 0.5225
vn 0.4284 0.3768 0.8213
vn 0.8248 0.0658 0.5615
vn 0.4158 0.3898 0.8217
vn 0.8248 0.0658 0.5615
vn 0.4283 0.3768 0.8213
vn 0.8248 0.0658 0.5616
vn 0.4157 0.3899 0.8217
vn 0.7497 0.0052 0.6618
vn 0.4135 0.3743 0.8300
vn 0.7497 0.0051 0.6618
vn 0.4156 0.3899 0.8217
vn 0.7497 0.0051 0.6618
vn 0.4134 0.3743 0.8301
vn 0.6186 0.0124 0.7856
vn 0.4226 0.3806 0.8225
vn 0.6186 0.0123 0.7856
vn 0.4134 0.3743 0.8301
vn 0.6186 0.0123 0.7856
vn 0.4225 0.3807 0.8225
vn 0.4023 0.1482 0.9034
vn 0.4168 0.3975 0.8175
vn 0.4022 0.1482 0.9035
vn 0.4226 0.3806 0.8225
vn 0.4022 0.1482 0.9035
vn 0.4167 0.3975 0.8175
vn 0.2417 0.2693 0.9322
vn 0.3485 0.4733 0.8090
vn 0.2417 0.2693 0.9322
vn 0.4168 0.3975 0.8175
vn 0.2417 0.2692 0.9322
vn 0.3485 0.4733 0.8090
vn 0.0967 0.4321 0.8966
vn 0.2967 0.6092 0.7354
vn 0.0967 0.4321 0.8966
vn 0.3485 0.4732 0.8091
vn 0.0968 0.4321 0.8966
vn 0.2967 0.6092 0.7354
vn 0.0061 0.6528 0.7575
vn 0.3163 0.7487 0.5826
vn 0.0061 0.6528 0.7575
vn 0.2967 0.6093 0.7354
vn 0.0062 0.6528 0.7575
vn 0.3164 0.7486 0.5827
vn 0.0519 0.8703 0.4898
vn 0.3302 0.8321 0.4457
vn 0.0519 0.8703 0.4899
vn 0.3164 0.7487 0.5826
vn 0.0519 0.8703 0.4898
vn 0.3302 0.8321 0.4457
vn 0.1632 0.9288 0.3327
vn 0.1631 0.9288 0.3327
vn 0.9018 0.1409 0.4086
vn 0.0518 0.8703 0.4898
vn 0.9018 0.1409 0.4086
vn 0.1632 0.9289 0.3325
vn 0.7929 0.1419 0.5926
vn 0.7930 0.1418 0.5925
vn 0.7292 0.4081 0.5492
vn 0.9018 0.1409 0.4086
vn 0.7293 0.4081 0.5492
vn 0.7929 0.1419 0.5926
vn 0.7135 0.3413 0.6119
vn 0.7494 0.4815 0.4545
vn 0.9018 0.1409 0.4086
vn 0.7293 0.4082 0.5491
vn 0.9018 0.1409 0.4086
vn 0.7494 0.4815 0.4544
vn 0.9135 0.3860 0.1286
vn 0.7085 0.5769 0.4065
vn 0.9135 0.3860 0.1287
vn 0.7494 0.4815 0.4544
vn 0.9135 0.3861 0.1286
vn 0.7085 0.5768 0.4065
vn 0.7991 0.6009 0.0186
vn 0.6598 0.6478 0.3808
vn 0.7991 0.6009 0.0186
vn 0.7084 0.5770 0.4065
vn 0.7992 0.6008 0.0186
vn 0.6598 0.6477 0.3808
vn 0.6894 0.7244 0.0000
vn 0.5995 0.7085 0.3724
vn 0.6896 0.7242 -0.0000
vn 0.6598 0.6478 0.3808
vn 0.6893 0.7245 0.0001
vn 0.5995 0.7085 0.3724
vn 0.6829 0.7305 0.0001
vn 0.4808 0.7849 0.3908
vn 0.6829 0.7305 0.0000
vn 0.5995 0.7085 0.3723
vn 0.6830 0.7305 0.0000
vn 0.4809 0.7849 0.3908
vn 0.7305 0.6829 0.0000
vn 0.3583 0.8351 0.4175
vn 0.7305 0.6829 -0.0001
vn 0.4809 0.7849 0.3908
vn 0.7304 0.6830 0.0000
vn 0.3583 0.8351 0.4175
vn 0.7322 0.6811 -0.0000
vn 0.2447 0.8586 0.4506
vn 0.7321 0.6811 -0.0000
vn 0.3583 0.8350 0.4175
vn 0.7322 0.6811 -0.0000
vn 0.2448 0.8585 0.4506
vn 0.7561 0.6545 -0.0001
vn 0.1735 0.8562 0.4866
vn 0.7561 0.6545 -0.0000
vn 0.2448 0.8585 0.4506
vn 0.7561 0.6545 0.0000
vn 0.1736 0.8562 0.4866
vn 0.7289 0.6847 0.0000
vn 0.7288 0.6847 -0.0000
vn 0.8249 0.0658 0.5615
vn 0.7561 0.6545 -0.0001
vn 0.8248 0.0657 0.5616
vn 0.7289 0.6847 -0.0001
vn 0.8441 0.1206 0.5225
vn 0.7496 0.0052 0.6618
vn 0.7561 0.6545 0.0000
vn 0.8248 0.0658 0.5616
vn 0.7561 0.6544 0.0000
vn 0.7496 0.0052 0.6618
vn 0.7322 0.6811 -0.0000
vn 0.6186 0.0123 0.7856
vn 0.7322 0.6811 -0.0000
vn 0.7497 0.0052 0.6618
vn 0.7322 0.6811 -0.0000
vn 0.6186 0.0124 0.7856
vn 0.7305 0.6830 0.0000
vn 0.4023 0.1482 0.9034
vn 0.7304 0.6830 0.0000
vn 0.6186 0.0123 0.7856
vn 0.7305 0.6829 -0.0001
vn 0.4023 0.1483 0.9034
vn 0.6830 0.7304 -0.0000
vn 0.2418 0.2694 0.9322
vn 0.6829 0.7305 -0.0001
vn 0.4023 0.1482 0.9034
vn 0.6830 0.7305 -0.0001
vn 0.2417 0.2693 0.9322
vn 0.6893 0.7245 0.0000
vn 0.0968 0.4321 0.8966
vn 0.6894 0.7244 -0.0000
vn 0.2417 0.2693 0.9322
vn 0.6893 0.7244 0.0000
vn 0.0968 0.4322 0.8966
vn 0.7991 0.6009 0.0185
vn 0.0062 0.6528 0.7575
vn 0.7992 0.6008 0.0186
vn 0.0968 0.4321 0.8966
vn 0.7991 0.6010 0.0185
vn 0.0062 0.6528 0.7575
vn 0.9135 0.3860 0.1287
vn 0.0518 0.8702 0.4899
vn 0.9135 0.3859 0.1286
vn 0.0061 0.6528 0.7575
vn 0.9135 0.3860 0.1286
vn 0.0518 0.8703 0.4899
vn 0.9018 0.1408 0.4086
vn 0.2448 0.8586 0.4505
vn 0.4221 0.3965 0.8152
vn 0.1735 0.8562 0.4865
vn 0.4220 0.3964 0.8153
vn 0.2449 0.8585 0.4506
vn 0.4284 0.3768 0.8213
vn 0.3584 0.8350 0.4175
vn 0.4284 0.3768 0.8213
vn 0.2448 0.8585 0.4505
vn 0.4284 0.3768 0.8213
vn 0.3584 0.8351 0.4175
vn 0.4157 0.3899 0.8217
vn 0.4808 0.7849 0.3908
vn 0.4157 0.3899 0.8217
vn 0.3583 0.8350 0.4175
vn 0.4157 0.3899 0.8217
vn 0.4809 0.7848 0.3909
vn 0.4134 0.3743 0.8300
vn 0.5995 0.7085 0.3724
vn 0.4134 0.3744 0.8300
vn 0.4808 0.7848 0.3909
vn 0.4134 0.3744 0.8300
vn 0.5995 0.7085 0.3724
vn 0.4225 0.3807 0.8225
vn 0.6598 0.6478 0.3809
vn 0.4226 0.3806 0.8225
vn 0.5995 0.7085 0.3724
vn 0.4226 0.3807 0.8225
vn 0.6598 0.6478 0.3809
vn 0.4168 0.3976 0.8175
vn 0.7084 0.5769 0.4066
vn 0.4168 0.3975 0.8175
vn 0.6598 0.6478 0.3809
vn 0.4168 0.3975 0.8175
vn 0.7084 0.5769 0.4066
vn 0.3486 0.4733 0.8090
vn 0.7494 0.4815 0.4545
vn 0.3486 0.4733 0.8090
vn 0.7084 0.5769 0.4066
vn 0.3486 0.4733 0.8090
vn 0.7494 0.4815 0.4545
vn 0.2968 0.6092 0.7354
vn 0.7292 0.4082 0.5492
vn 0.2967 0.6092 0.7354
vn 0.7494 0.4816 0.4545
vn 0.2968 0.6092 0.7354
vn 0.7292 0.4082 0.5492
vn 0.3164 0.7486 0.5826
vn 0.7134 0.3414 0.6120
vn 0.3164 0.7486 0.5826
vn 0.7292 0.4082 0.5492
vn 0.3164 0.7486 0.5826
vn 0.7134 0.3414 0.6120
vn 0.3302 0.8320 0.4458
vn 0.6907 0.0000 0.7231
vn 0.6906 0.0000 0.7232
vn 0.6908 0.0000 0.7231
vn 0.6907 0.0000 0.7231
vn 0.6907 0.0000 0.7232
vn 0.6907 0.0000 0.7231
vn 0.4061 0.8089 0.4251
vn 0.4061 0.8089 0.4251
vn 0.4060 0.8089 0.4251
vn 0.4061 0.8089 0.4251
vn 0.4061 0.8089 0.4251
vn 0.4034 0.8100 0.4257
vn 0.8175 0.4072 0.4072
vn 0.8165 0.4067 0.4099
vn 0.8165 0.4067 0.4099
vn 0.8165 0.4066 0.4099
vn 0.8175 0.4072 0.4072
vn 0.8175 0.4072 0.4072
vn 0.4094 0.4093 0.8154
vn 0.4099 0.4067 0.8165
vn 0.4098 0.4067 0.8165
vn 0.4099 0.4066 0.8165
vn 0.4093 0.4093 0.8154
vn 0.0000 0.7044 0.7099
vn 0.0000 0.7071 0.7071
vn 0.0000 0.7071 0.7071
vn 0.0000 0.7071 0.7071
vn 0.0000 0.7043 0.7099
vn 0.0000 0.7072 0.7071
vn 0.4093 0.8154 0.4094
vn 0.4093 0.8154 0.4093
vn 0.4093 0.8154 0.4093
vn 0.4093 0.8154 0.4093
vn 0.4094 0.8154 0.4093
vn 0.4093 0.8154 0.4093
vn 0.7072 -0.0000 0.7071
vn 0.7071 0.0000 0.7071
vn 0.7071 -0.0000 0.7071
vn 0.7071 -0.0000 0.7071
vn 0.7071 -0.0000 0.7071
vn 0.7043 -0.0000 0.7099
vn 0.4354 0.4038 0.8046
vn 0.4354 0.4038 0.8046
vn 0.4354 0.4039 0.8046
vn 0.4354 0.4039 0.8046
vn 0.4354 0.4038 0.8046
vn 0.4354 0.4039 0.8046
vn 0.8349 0.4207 0.3550
vn 0.8348 0.4208 0.3550
vn 0.8348 0.4208 0.3550
vn 0.8349 0.4207 0.3550
vn 0.8349 0.4207 0.3550
vn 0.8348 0.4208 0.3549
vn 0.6775 0.7355 -0.0001
vn 0.6776 0.7354 -0.0001
vn 0.6776 0.7355 -0.0001
vn 0.6775 0.7355 -0.0001
vn 0.6776 0.7355 -0.0001
vn 0.6747 0.7381 0.0000
vn -0.0001 0.7297 0.6837
vn -0.0001 0.7323 0.6810
vn -0.0001 0.7297 0.6838
vn -0.0001 0.7323 0.6810
vn -0.0001 0.7296 0.6838
vn -0.0001 0.7324 0.6809
vn 0.4099 0.8165 0.4066
vn 0.4072 0.8175 0.4072
vn 0.4099 0.8165 0.4067
vn 0.4072 0.8175 0.4072
vn 0.4099 0.8165 0.4066
vn 0.4072 0.8175 0.4072
vn 0.7071 0.0000 0.7071
vn 0.7071 0.0000 0.7071
vn 0.7071 0.0000 0.7071
vn 0.7071 0.0000 0.7071
vn 0.7071 0.0000 0.7071
vn 0.7071 0.0000 0.7071
vn 0.4592 0.3998 0.7933
vn 0.4591 0.3998 0.7933
vn 0.4591 0.3998 0.7933
vn 0.4591 0.3998 0.7933
vn 0.4592 0.3998 0.7933
vn 0.4591 0.3998 0.7933
vn 0.6552 0.7554 0.0059
vn 0.6552 0.7555 0.0059
vn 0.6551 0.7555 0.0059
vn 0.6552 0.7554 0.0059
vn 0.6552 0.7554 0.0059
vn 0.6552 0.7555 0.0059
vn 0.7071 0.0000 0.7071
vn 0.7071 0.0000 0.7071
vn 0.7071 0.0000 0.7071
vn 0.4592 0.3998 0.7933
vn 0.4591 0.3998 0.7933
vn 0.4591 0.3998 0.7933
vn 0.4591 0.3998 0.7933
vn 0.4592 0.3998 0.7933
vn 0.4591 0.3998 0.7933
vn 0.6552 0.7554 0.0059
vn 0.6552 0.7554 0.0059
vn 0.6552 0.7555 0.0059
vn 0.4093 0.8154 0.4093
vn 0.4099 0.8165 0.4067
vn 0.4093 0.8154 0.4093
vn 0.4099 0.8165 0.4067
vn 0.4093 0.8154 0.4093
vn 0.4099 0.8165 0.4067
vn 0.7044 0.0000 0.7098
vn 0.7043 0.0000 0.7099
vn 0.7071 0.0000 0.7071
vn 0.7071 0.0000 0.7071
vn 0.4597 0.3972 0.7943
vn 0.4093 0.8154 0.4093
vn 0.4072 0.8175 0.4072
vn 0.4093 0.8154 0.4093
vn 0.7043 0.0000 0.7099
vn 0.7071 0.0000 0.7071
vn 0.7071 0.0000 0.7071
vn 0.4592 0.3998 0.7933
vn 0.4591 0.3998 0.7933
vn 0.4591 0.3998 0.7933
vn 0.4592 0.3998 0.7933
vn 0.4592 0.3998 0.7933
vn 0.4591 0.3998 0.7933
vn 0.6581 0.7529 0.0058
vn 0.6581 0.7529 0.0058
vn 0.6580 0.7530 0.0058
vn 0.6581 0.7529 0.0058
vn 0.6581 0.7529 0.0058
vn 0.6581 0.7529 0.0058
vn 0.5947 0.8035 0.0253
vn 0.8341 0.5461 0.0774
vn 0.8342 0.5460 0.0774
vn 0.8341 0.5461 0.0774
vn 0.5948 0.8035 0.0254
vn 0.5947 0.8035 0.0253
vn 0.1115 0.8847 0.4527
vn 0.5947 0.8036 0.0253
vn 0.5948 0.8035 0.0252
vn 0.5947 0.8036 0.0253
vn 0.1114 0.8846 0.4528
vn 0.1115 0.8846 0.4528
vn 0.0194 0.6168 0.7868
vn 0.1114 0.8847 0.4527
vn 0.1114 0.8846 0.4528
vn 0.1114 0.8846 0.4528
vn 0.0194 0.6168 0.7868
vn 0.0194 0.6169 0.7868
vn 0.2451 0.4548 0.8562
vn 0.0195 0.6168 0.7869
vn 0.0194 0.6169 0.7868
vn 0.0194 0.6168 0.7869
vn 0.2451 0.4547 0.8562
vn 0.2451 0.4548 0.8562
vn 0.5066 0.3929 0.7674
vn 0.2451 0.4548 0.8562
vn 0.2451 0.4548 0.8562
vn 0.2451 0.4548 0.8562
vn 0.5065 0.3930 0.7674
vn 0.5065 0.3930 0.7674
vn 0.7375 0.3885 0.5524
vn 0.5066 0.3929 0.7675
vn 0.5066 0.3929 0.7675
vn 0.5066 0.3929 0.7675
vn 0.7375 0.3885 0.5524
vn 0.7375 0.3885 0.5524
vn 0.8492 0.4383 0.2945
vn 0.7375 0.3885 0.5524
vn 0.7375 0.3885 0.5524
vn 0.7375 0.3885 0.5524
vn 0.8492 0.4383 0.2945
vn 0.8505 0.4356 0.2949
vn 0.8342 0.5461 0.0774
vn 0.8505 0.4355 0.2949
vn 0.8492 0.4383 0.2945
vn 0.8505 0.4356 0.2949
vn 0.8342 0.5460 0.0775
vn 0.8341 0.5461 0.0774
vn 0.7071 0.0000 0.7071
vn 0.7071 0.0000 0.7071
vn 0.7071 0.0000 0.7072
vn 0.7071 0.0000 0.7071
vn 0.7071 0.0000 0.7071
vn 0.7071 0.0000 0.7071
vn 0.7071 0.0000 0.7071
vn 0.7071 0.0000 0.7071
vn 0.7070 -0.0000 0.7072
vn 0.7071 -0.0000 0.7071
vn 0.7071 -0.0000 0.7071
vn 0.7071 0.0000 0.7071
vn 0.7071 0.0000 0.7071
vn 0.7071 0.0000 0.7072
vn 0.7071 0.0000 0.7071
vn 0.7071 0.0000 0.7071
vn 0.7070 0.0000 0.7072
vn 0.7071 0.0000 0.7071
vn 0.4093 0.8154 0.4093
vn 0.4093 0.8154 0.4093
vn 0.4093 0.8154 0.4094
vn 0.4093 0.8154 0.4093
vn 0.4093 0.8154 0.4093
vn 0.4093 0.8154 0.4093
vn 0.4093 0.8154 0.4093
vn 0.4093 0.8154 0.4094
vn 0.4094 0.8154 0.4093
vn 0.4093 0.8154 0.4093
vn 0.4093 0.8154 0.4093
vn 0.4093 0.8154 0.4093
vn 0.4093 0.8154 0.4093
vn 0.4093 0.8154 0.4093
vn 0.4093 0.8154 0.4094
vn 0.4094 0.8154 0.4093
vn 0.4093 0.8154 0.4094
vn 0.4093 0.8154 0.4094
vn 0.4934 0.7416 0.4545
vn 0.9028 0.3098 0.2984
vn 0.4931 0.7687 0.4074
vn 0.9027 0.3099 0.2984
vn 0.4933 0.7416 0.4545
vn 0.8815 0.4639 0.0881
vn 0.5709 0.6886 0.4472
vn 0.8814 0.4640 0.0881
vn 0.4934 0.7416 0.4545
vn 0.8814 0.4640 0.0881
vn 0.5709 0.6885 0.4472
vn 0.3665 0.9221 0.1241
vn 0.5869 0.7067 0.3952
vn 0.3665 0.9221 0.1242
vn 0.5708 0.6886 0.4473
vn 0.3665 0.9221 0.1241
vn 0.5868 0.7067 0.3953
vn 0.0865 0.8951 0.4374
vn 0.0865 0.8951 0.4374
vn 0.5174 0.0394 0.8548
vn 0.3665 0.9221 0.1242
vn 0.5174 0.0394 0.8548
vn 0.0865 0.8951 0.4373
vn 0.5701 0.0313 0.8209
vn 0.5703 0.0313 0.8208
vn 0.6195 0.3051 0.7233
vn 0.5175 0.0394 0.8548
vn 0.6195 0.3051 0.7233
vn 0.5702 0.0313 0.8209
vn 0.7948 0.2594 0.5487
vn 0.7948 0.2594 0.5487
vn 0.5709 0.6885 0.4473
vn 0.6195 0.3050 0.7233
vn 0.5709 0.6885 0.4473
vn 0.7948 0.2594 0.5487
vn 0.5869 0.7067 0.3952
vn 0.4934 0.7416 0.4546
vn 0.6195 0.3051 0.7233
vn 0.5708 0.6885 0.4473
vn 0.6195 0.3051 0.7233
vn 0.4934 0.7416 0.4546
vn 0.2095 0.5480 0.8098
vn 0.4931 0.7687 0.4074
vn 0.2095 0.5480 0.8098
vn 0.4934 0.7416 0.4545
vn 0.2095 0.5480 0.8098
vn 0.4931 0.7687 0.4073
vn 0.0729 0.7133 0.6971
vn 0.0729 0.7132 0.6971
vn 0.3749 0.1209 0.9191
vn 0.2094 0.5481 0.8098
vn 0.3748 0.1209 0.9192
vn 0.0730 0.7132 0.6971
vn 0.3812 0.1497 0.9123
vn 0.3813 0.1498 0.9122
vn 0.8815 0.4639 0.0883
vn 0.3748 0.1209 0.9192
vn 0.8815 0.4639 0.0882
vn 0.3813 0.1498 0.9122
vn 0.9028 0.3099 0.2984
vn 0.3664 0.9221 0.1241
vn 0.3749 0.1209 0.9191
vn 0.8815 0.4639 0.0882
vn 0.3750 0.1209 0.9191
vn 0.3665 0.9221 0.1241
vn 0.5174 0.0394 0.8548
vn 0.5174 0.0393 0.8548
vn 0.2095 0.5480 0.8098
vn 0.3749 0.1209 0.9191
vn 0.2094 0.5481 0.8098
vn 0.5174 0.0393 0.8548
vn 0.6196 0.3050 0.7233
vn 0.5308 0.7177 0.4507
vn 0.9113 0.2706 0.3104
vn 0.5305 0.7457 0.4031
vn 0.9113 0.2706 0.3104
vn 0.5308 0.7177 0.4508
vn 0.8917 0.4435 0.0906
vn 0.6044 0.6602 0.4459
vn 0.8917 0.4435 0.0906
vn 0.5308 0.7177 0.4507
vn 0.8917 0.4435 0.0906
vn 0.6045 0.6601 0.4459
vn 0.3707 0.9212 0.1180
vn 0.6240 0.6748 0.3941
vn 0.3707 0.9212 0.1180
vn 0.6044 0.6602 0.4460
vn 0.3707 0.9212 0.1180
vn 0.6240 0.6748 0.3941
vn 0.1101 0.9046 0.4117
vn 0.1101 0.9046 0.4117
vn 0.4505 0.0761 0.8895
vn 0.3707 0.9212 0.1180
vn 0.4506 0.0760 0.8895
vn 0.1102 0.9046 0.4117
vn 0.5056 0.0657 0.8603
vn 0.5057 0.0657 0.8602
vn 0.6169 0.2813 0.7350
vn 0.4506 0.0761 0.8895
vn 0.6169 0.2813 0.7351
vn 0.5057 0.0657 0.8602
vn 0.7957 0.2220 0.5635
vn 0.7957 0.2220 0.5635
vn 0.6044 0.6602 0.4459
vn 0.6168 0.2813 0.7351
vn 0.6044 0.6602 0.4460
vn 0.7958 0.2219 0.5635
vn 0.6240 0.6748 0.3941
vn 0.5308 0.7177 0.4508
vn 0.6168 0.2813 0.7351
vn 0.6044 0.6602 0.4460
vn 0.6169 0.2813 0.7351
vn 0.5308 0.7176 0.4508
vn 0.2190 0.5678 0.7935
vn 0.5305 0.7456 0.4032
vn 0.2189 0.5678 0.7935
vn 0.5309 0.7176 0.4508
vn 0.2189 0.5678 0.7936
vn 0.5305 0.7457 0.4032
vn 0.0935 0.7363 0.6701
vn 0.0935 0.7363 0.6701
vn 0.3019 0.1786 0.9365
vn 0.2189 0.5679 0.7935
vn 0.3019 0.1786 0.9365
vn 0.0934 0.7363 0.6702
vn 0.3047 0.2147 0.9279
vn 0.3047 0.2148 0.9279
vn 0.8917 0.4434 0.0906
vn 0.3019 0.1787 0.9364
vn 0.8917 0.4434 0.0906
vn 0.3047 0.2147 0.9279
vn 0.9113 0.2705 0.3104
vn 0.3708 0.9212 0.1179
vn 0.3019 0.1786 0.9365
vn 0.8917 0.4434 0.0905
vn 0.3019 0.1787 0.9365
vn 0.3707 0.9212 0.1179
vn 0.4506 0.0760 0.8895
vn 0.4505 0.0761 0.8895
vn 0.2189 0.5678 0.7935
vn 0.3018 0.1787 0.9365
vn 0.2188 0.5678 0.7935
vn 0.4506 0.0760 0.8895
vn 0.6169 0.2812 0.7351
vn 0.3426 0.4622 0.8179
vn 0.8110 0.0456 0.5832
vn 0.3887 0.4638 0.7961
vn 0.8111 0.0456 0.5832
vn 0.3427 0.4622 0.8179
vn 0.8608 0.2188 0.4596
vn 0.3567 0.3737 0.8562
vn 0.8608 0.2188 0.4596
vn 0.3426 0.4623 0.8179
vn 0.8607 0.2188 0.4596
vn 0.3568 0.3737 0.8562
vn 0.7049 0.6021 0.3751
vn 0.4148 0.3589 0.8362
vn 0.7049 0.6020 0.3751
vn 0.3567 0.3738 0.8562
vn 0.7049 0.6020 0.3751
vn 0.4148 0.3589 0.8362
vn 0.5163 0.7653 0.3842
vn 0.5163 0.7654 0.3842
vn 0.6691 0.7427 0.0268
vn 0.7049 0.6020 0.3751
vn 0.6691 0.7427 0.0268
vn 0.5164 0.7654 0.3842
vn 0.7399 0.6726 0.0061
vn 0.7399 0.6727 0.0060
vn 0.1767 0.3534 0.9187
vn 0.6691 0.7427 0.0267
vn 0.1767 0.3533 0.9187
vn 0.7399 0.6727 0.0061
vn 0.5761 0.0316 0.8168
vn 0.5762 0.0316 0.8167
vn 0.3568 0.3736 0.8562
vn 0.1766 0.3533 0.9187
vn 0.3568 0.3737 0.8562
vn 0.5762 0.0316 0.8167
vn 0.4148 0.3588 0.8362
vn 0.3426 0.4623 0.8179
vn 0.1766 0.3534 0.9186
vn 0.3567 0.3738 0.8562
vn 0.1767 0.3533 0.9187
vn 0.3426 0.4623 0.8179
vn 0.0958 0.8377 0.5376
vn 0.3887 0.4639 0.7961
vn 0.0958 0.8377 0.5376
vn 0.3427 0.4622 0.8179
vn 0.0958 0.8377 0.5377
vn 0.3887 0.4638 0.7961
vn 0.2832 0.8529 0.4386
vn 0.2832 0.8529 0.4386
vn 0.5768 0.8167 0.0171
vn 0.0959 0.8377 0.5377
vn 0.5768 0.8167 0.0171
vn 0.2831 0.8529 0.4386
vn 0.6208 0.7839 0.0105
vn 0.6207 0.7840 0.0106
vn 0.8607 0.2189 0.4596
vn 0.5769 0.8166 0.0172
vn 0.8607 0.2188 0.4596
vn 0.6208 0.7839 0.0106
vn 0.8111 0.0455 0.5832
vn 0.7049 0.6020 0.3751
vn 0.5768 0.8167 0.0171
vn 0.8608 0.2188 0.4596
vn 0.5768 0.8167 0.0171
vn 0.7049 0.6020 0.3751
vn 0.6691 0.7427 0.0267
vn 0.6691 0.7427 0.0268
vn 0.0959 0.8377 0.5376
vn 0.5768 0.8167 0.0172
vn 0.0959 0.8377 0.5376
vn 0.6691 0.7427 0.0267
vn 0.1766 0.3534 0.9187
vn 0.4093 0.4093 0.8154
vn 0.4093 0.4093 0.8154
vn 0.4093 0.4094 0.8154
vn 0.4093 0.4093 0.8154
vn 0.4093 0.4094 0.8154
vn 0.4093 0.4094 0.8154
vn 0.4093 0.4093 0.8154
vn 0.4093 0.4093 0.8154
vn 0.4093 0.4093 0.8154
vn 0.4093 0.4093 0.8154
vn 0.4093 0.4093 0.8154
vn 0.4093 0.4093 0.8154
vn 0.4093 0.4094 0.8154
vn 0.4093 0.4094 0.8154
vn 0.4093 0.4093 0.8154
vn 0.7071 0.7071 0.0000
vn 0.7072 0.7071 -0.0000
vn 0.7071 0.7071 0.0000
vn 0.7071 0.7071 0.0000
vn 0.7071 0.7071 0.0000
vn 0.7071 0.7071 -0.0000
vn 0.7071 0.7071 -0.0000
vn 0.7070 0.7072 -0.0000
vn 0.7071 0.7071 0.0000
vn 0.7071 0.7071 0.0000
vn 0.7071 0.7071 0.0000
vn 0.7072 0.7070 -0.0000
vn 0.7071 0.7072 -0.0000
vn 0.7071 0.7071 0.0000
vn 0.7071 0.7071 -0.0000
vn 0.2515 0.8570 0.4497
vn 0.3331 0.8427 0.4230
vn 0.3331 0.8427 0.4230
vn 0.3331 0.8426 0.4231
vn 0.2515 0.8570 0.4498
vn 0.2515 0.8570 0.4498
vn 0.2058 0.8601 0.4668
vn 0.2515 0.8570 0.4498
vn 0.2514 0.8570 0.4498
vn 0.2515 0.8570 0.4497
vn 0.2058 0.8601 0.4668
vn 0.2058 0.8601 0.4668
vn 0.4099 0.8165 0.4067
vn 0.3331 0.8427 0.4230
vn 0.3331 0.8427 0.4230
vn 0.3331 0.8427 0.4230
vn 0.4099 0.8165 0.4066
vn 0.4094 0.8154 0.4093
vn 0.4802 0.7839 0.3935
vn 0.4093 0.8154 0.4093
vn 0.4098 0.8165 0.4067
vn 0.4093 0.8154 0.4094
vn 0.4803 0.7839 0.3935
vn 0.4802 0.7839 0.3935
vn 0.5572 0.7359 0.3846
vn 0.4802 0.7839 0.3935
vn 0.4803 0.7839 0.3935
vn 0.4802 0.7839 0.3935
vn 0.5573 0.7359 0.3846
vn 0.5572 0.7359 0.3846
vn 0.5968 0.7052 0.3827
vn 0.5572 0.7359 0.3846
vn 0.5572 0.7359 0.3846
vn 0.5572 0.7359 0.3846
vn 0.5967 0.7053 0.3828
vn 0.5961 0.7045 0.3853
vn 0.8155 0.4093 0.4092
vn 0.7044 0.0001 0.7098
vn 0.7043 0.0000 0.7099
vn 0.7043 0.0000 0.7099
vn 0.8155 0.4093 0.4093
vn 0.8165 0.4066 0.4098
vn 0.4099 0.8165 0.4067
vn 0.8165 0.4067 0.4099
vn 0.8155 0.4093 0.4093
vn 0.8165 0.4066 0.4098
vn 0.4098 0.8165 0.4066
vn 0.4072 0.8175 0.4072
vn 0.7043 0.0000 0.7099
vn 0.0001 0.7043 0.7099
vn 0.0001 0.7099 0.7043
vn 0.0000 0.7044 0.7098
vn 0.7044 -0.0000 0.7098
vn 0.7043 0.0000 0.7099
vn 0.4072 0.8176 0.4072
vn 0.0000 0.7099 0.7043
vn -0.0000 0.7043 0.7099
vn -0.0000 0.7099 0.7043
vn 0.4072 0.8175 0.4072
vn 0.4099 0.8165 0.4066
vn 0.8176 0.4071 0.4072
vn 0.7071 -0.0000 0.7071
vn 0.7071 -0.0000 0.7071
vn 0.7072 0.0000 0.7070
vn 0.8176 0.4071 0.4072
vn 0.8165 0.4098 0.4066
vn 0.4066 0.8165 0.4099
vn 0.8165 0.4099 0.4066
vn 0.8176 0.4072 0.4072
vn 0.8165 0.4098 0.4066
vn 0.4066 0.8165 0.4099
vn 0.4067 0.8165 0.4099
vn 0.7071 -0.0000 0.7071
vn 0.0001 0.7044 0.7098
vn 0.0001 0.7071 0.7071
vn 0.0001 0.7043 0.7099
vn 0.7071 0.0000 0.7071
vn 0.7071 -0.0000 0.7071
vn 0.4066 0.8165 0.4099
vn 0.0000 0.7071 0.7071
vn 0.0000 0.7071 0.7071
vn 0.4066 0.8165 0.4099
vn 0.4067 0.8165 0.4098
vn 0.8154 0.4093 0.4093
vn 0.8154 0.4094 0.4093
vn 0.8154 0.4093 0.4093
vn 0.8154 0.4093 0.4094
vn 0.8154 0.4093 0.4093
vn 0.8154 0.4093 0.4093
vn 0.8154 0.4093 0.4093
vn 0.8154 0.4093 0.4093
vn 0.8154 0.4093 0.4093
vn 0.8154 0.4093 0.4093
vn 0.8154 0.4093 0.4093
vn 0.8165 0.4099 0.4066
vn 0.8154 0.4094 0.4093
vn 0.8154 0.4093 0.4093
vn 0.8154 0.4094 0.4093
vn 0.8154 0.4093 0.4093
vn 0.8154 0.4093 0.4093
vn 0.8154 0.4093 0.4093
vn 0.8154 0.4094 0.4093
vn 0.8154 0.4093 0.4094
vn 0.8154 0.4093 0.4094
vn 0.8154 0.4093 0.4093
vn 0.8154 0.4093 0.4093
vn 0.8154 0.4093 0.4093
vn 0.8154 0.4093 0.4094
vn 0.8154 0.4094 0.4093
vn 0.8154 0.4093 0.4093
vn 0.8154 0.4093 0.4093
vn 0.8154 0.4093 0.4093
vn 0.8154 0.4093 0.4093
vn -0.0000 0.7070 0.7072
vn -0.0000 0.7071 0.7071
vn -0.0000 0.7071 0.7071
vn 0.0000 0.7071 0.7072
vn 0.0000 0.7071 0.7071
vn 0.0000 0.7043 0.7099
vn 0.0000 0.7071 0.7071
vn 0.0000 0.7071 0.7071
vn 0.0000 0.7043 0.7099
vn -0.0000 0.7071 0.7071
vn -0.0000 0.7072 0.7070
vn -0.0000 0.7099 0.7043
vn 0.0000 0.7043 0.7099
vn 0.0000 0.7043 0.7099
vn 0.0000 0.7044 0.7098
vn 0.0000 0.7043 0.7099
vn 0.0000 0.7043 0.7099
vn 0.0000 0.7044 0.7098
vn 0.0000 0.7044 0.7098
vn 0.0000 0.7043 0.7099
vn 0.0000 0.7071 0.7071
vn 0.0000 0.7071 0.7071
vn 0.0000 0.7044 0.7098
vn 0.0000 0.7043 0.7099
vn 0.0000 0.7043 0.7099
vn 0.0000 0.7072 0.7070
vn 0.0000 0.7071 0.7071
vn 0.0000 0.7071 0.7071
vn 0.0000 0.7070 0.7072
vn 0.0000 0.7071 0.7071
vn 0.5023 0.0807 0.8609
vn 0.3649 0.4203 0.8308
vn 0.3649 0.4203 0.8308
vn 0.3649 0.4202 0.8308
vn 0.5022 0.0808 0.8610
vn 0.5022 0.0808 0.8609
vn 0.8575 0.1302 0.4977
vn 0.5023 0.0806 0.8609
vn 0.5023 0.0806 0.8609
vn 0.5023 0.0807 0.8609
vn 0.8575 0.1302 0.4977
vn 0.8575 0.1302 0.4977
vn 0.6643 0.7474 0.0001
vn 0.8576 0.1301 0.4976
vn 0.8576 0.1302 0.4976
vn 0.8575 0.1301 0.4977
vn 0.6643 0.7474 -0.0000
vn 0.6644 0.7474 0.0000
vn 0.3452 0.7335 0.5856
vn 0.4154 0.8791 0.2337
vn 0.4154 0.8791 0.2337
vn 0.4155 0.8791 0.2336
vn 0.3451 0.7335 0.5856
vn 0.3452 0.7335 0.5856
vn 0.3649 0.4203 0.8308
vn 0.3452 0.7335 0.5855
vn 0.3452 0.7335 0.5855
vn 0.3451 0.7335 0.5855
vn 0.3649 0.4203 0.8308
vn 0.3649 0.4203 0.8308
vn 0.6643 0.7475 -0.0000
vn 0.4154 0.8791 0.2337
vn 0.4155 0.8791 0.2337
vn 0.4154 0.8791 0.2337
vn 0.6644 0.7474 -0.0000
vn 0.6644 0.7474 -0.0000
vn 0.4583 0.8763 0.1487
vn 0.6680 0.7442 0.0000
vn 0.6651 0.7468 -0.0000
vn 0.6680 0.7442 0.0000
vn 0.4582 0.8763 0.1488
vn 0.4582 0.8763 0.1488
vn 0.3711 0.8299 0.4166
vn 0.4582 0.8763 0.1488
vn 0.4583 0.8763 0.1487
vn 0.4583 0.8763 0.1487
vn 0.3710 0.8299 0.4166
vn 0.3711 0.8299 0.4166
vn 0.3468 0.6632 0.6632
vn 0.3710 0.8299 0.4166
vn 0.3710 0.8299 0.4166
vn 0.3710 0.8299 0.4166
vn 0.3468 0.6632 0.6633
vn 0.3468 0.6632 0.6632
vn 0.9088 0.2950 0.2949
vn 0.6651 0.7468 0.0001
vn 0.6680 0.7442 -0.0000
vn 0.6651 0.7468 0.0001
vn 0.9088 0.2949 0.2950
vn 0.9088 0.2950 0.2950
vn 0.6651 0.0001 0.7467
vn 0.9088 0.2950 0.2949
vn 0.9088 0.2950 0.2950
vn 0.9088 0.2950 0.2950
vn 0.6650 -0.0000 0.7468
vn 0.6652 0.0000 0.7467
vn 0.4582 0.1488 0.8763
vn 0.6651 0.0000 0.7468
vn 0.6651 -0.0000 0.7468
vn 0.6651 -0.0000 0.7468
vn 0.4582 0.1488 0.8763
vn 0.4582 0.1488 0.8763
vn 0.3710 0.4166 0.8299
vn 0.4583 0.1487 0.8763
vn 0.4583 0.1487 0.8763
vn 0.4583 0.1487 0.8763
vn 0.3711 0.4166 0.8299
vn 0.3716 0.4139 0.8310
vn 0.3468 0.6632 0.6632
vn 0.3715 0.4139 0.8311
vn 0.3710 0.4166 0.8300
vn 0.3715 0.4139 0.8310
vn 0.3468 0.6633 0.6632
vn 0.3468 0.6632 0.6632
vn 0.8165 0.4066 0.4099
vn 0.8154 0.4094 0.4093
vn 0.8165 0.4099 0.4067
vn 0.8154 0.4093 0.4093
vn 0.8165 0.4067 0.4099
vn 0.8154 0.4093 0.4093
vn 0.8165 0.4098 0.4067
vn 0.8175 0.4072 0.4072
vn 0.8165 0.4067 0.4098
vn 0.8175 0.4072 0.4072
vn 0.8165 0.4099 0.4067
vn 0.8175 0.4072 0.4072
vn 0.8175 0.4072 0.4072
vn 0.8175 0.4072 0.4072
vn 0.8175 0.4072 0.4072
vn 0.0000 0.7071 0.7071
vn 0.0000 0.7071 0.7071
vn 0.0000 0.7071 0.7071
vn 0.0000 0.7071 0.7071
vn 0.0000 0.7071 0.7071
vn 0.0000 0.7072 0.7070
vn 0.0000 0.7071 0.7071
vn 0.0000 0.7070 0.7072
vn 0.0000 0.7071 0.7072
vn 0.0000 0.7071 0.7071
vn 0.0000 0.7072 0.7070
vn 0.0000 0.7071 0.7071
vn 0.0000 0.7071 0.7071
vn 0.0000 0.7072 0.7070
vn 0.0000 0.7071 0.7071
vn 0.6680 0.7441 0.0000
vn 0.6680 0.7441 -0.0000
vn 0.4582 0.8763 0.1488
vn 0.4582 0.8763 0.1488
vn 0.3711 0.8299 0.4166
vn 0.4582 0.8763 0.1488
vn 0.4583 0.8763 0.1487
vn 0.4583 0.8763 0.1487
vn 0.3710 0.8299 0.4166
vn 0.3716 0.8310 0.4139
vn 0.3468 0.6632 0.6632
vn 0.3715 0.8311 0.4139
vn 0.3710 0.8299 0.4166
vn 0.3715 0.8310 0.4139
vn 0.3469 0.6632 0.6632
vn 0.3469 0.6632 0.6632
vn 0.9088 0.2950 0.2950
vn 0.6680 0.7442 0.0001
vn 0.6681 0.7441 0.0001
vn 0.6680 0.7442 -0.0000
vn 0.9088 0.2950 0.2950
vn 0.9088 0.2950 0.2950
vn 0.6680 0.0001 0.7442
vn 0.9088 0.2950 0.2949
vn 0.9088 0.2950 0.2950
vn 0.9088 0.2950 0.2950
vn 0.6679 0.0000 0.7442
vn 0.6680 0.0001 0.7441
vn 0.4583 0.1488 0.8763
vn 0.6680 0.0000 0.7442
vn 0.6681 -0.0000 0.7441
vn 0.6680 -0.0000 0.7441
vn 0.4582 0.1488 0.8763
vn 0.4582 0.1488 0.8763
vn 0.3710 0.4166 0.8299
vn 0.4582 0.1488 0.8763
vn 0.4583 0.1487 0.8763
vn 0.4583 0.1488 0.8763
vn 0.3710 0.4166 0.8299
vn 0.3710 0.4166 0.8299
vn 0.3469 0.6632 0.6632
vn 0.3710 0.4166 0.8299
vn 0.3710 0.4166 0.8299
vn 0.3710 0.4166 0.8299
vn 0.3468 0.6633 0.6632
vn 0.3468 0.6632 0.6632
vn 0.6298 0.0122 0.7766
vn 0.6299 0.0122 0.7766
vn 0.6299 0.0122 0.7766
vn 0.6298 0.0122 0.7767
vn 0.6298 0.0122 0.7766
vn 0.6299 0.0122 0.7766
vn 0.4093 0.8154 0.4093
vn 0.4093 0.8154 0.4093
vn 0.4093 0.8154 0.4093
vn 0.4093 0.8154 0.4093
vn 0.4093 0.8154 0.4093
vn 0.8165 0.4099 0.4067
vn 0.8165 0.4067 0.4099
vn 0.8165 0.4067 0.4098
vn 0.8165 0.4067 0.4099
vn 0.8165 0.4099 0.4067
vn 0.8165 0.4099 0.4066
vn 0.0000 0.7072 0.7070
vn 0.0000 0.7070 0.7072
vn 0.0000 0.7071 0.7071
vn 0.0000 0.7071 0.7071
vn 0.8154 0.4093 0.4093
vn 0.8154 0.4093 0.4093
vn 0.8154 0.4094 0.4093
vn 0.8154 0.4093 0.4093
vn 0.8154 0.4093 0.4093
vn 0.8154 0.4093 0.4093
vn 0.8154 0.4093 0.4093
vn 0.8154 0.4093 0.4093
vn 0.8154 0.4093 0.4093
vn 0.8154 0.4094 0.4093
vn 0.8154 0.4093 0.4093
vn 0.8154 0.4093 0.4093
vn 0.8165 0.4099 0.4066
vn 0.8154 0.4093 0.4093
vn 0.8154 0.4093 0.4093
vn 0.8154 0.4093 0.4093
vn 0.8165 0.4099 0.4067
vn 0.8165 0.4099 0.4067
vn 0.8165 0.4098 0.4067
vn 0.8165 0.4099 0.4067
vn 0.8165 0.4099 0.4067
vn 0.8165 0.4098 0.4067
vn 0.8165 0.4099 0.4067
vn 0.8165 0.4098 0.4067
vn 0.8165 0.4099 0.4067
vn 0.8165 0.4099 0.4067
vn 0.8165 0.4099 0.4067
vn 0.8165 0.4099 0.4067
vn 0.8165 0.4099 0.4067
vn 0.8165 0.4099 0.4066
vn 0.8165 0.4099 0.4066
vn 0.8165 0.4099 0.4067
vn 0.8165 0.4099 0.4067
vn 0.8165 0.4098 0.4067
vn 0.8165 0.4098 0.4067
vn 0.8154 0.4093 0.4093
vn 0.8154 0.4093 0.4093
vn 0.8154 0.4093 0.4094
vn 0.8154 0.4093 0.4093
vn 0.8154 0.4093 0.4093
vn 0.8154 0.4093 0.4093
vn 0.8154 0.4093 0.4093
vn 0.4098 0.8165 0.4067
vn 0.4099 0.8165 0.4067
vn 0.4099 0.8165 0.4067
vn 0.4098 0.8165 0.4067
vn 0.4099 0.8165 0.4067
vn 0.4099 0.8165 0.4067
vn -0.0000 0.7071 0.7071
vn -0.0000 0.7071 0.7071
vn -0.0000 0.7071 0.7071
vn 0.0000 0.7071 0.7071
vn 0.0000 0.7072 0.7070
vn 0.0000 0.7071 0.7071
vn -0.0000 0.7071 0.7072
vn 0.0000 0.7072 0.7071
vn 0.0000 0.7071 0.7071
vn -0.0000 0.7071 0.7071
vn -0.0000 0.7071 0.7071
vn -0.0000 0.7071 0.7071
vn -0.0000 0.7071 0.7071
vn 0.0000 0.7070 0.7072
vn 0.0000 0.7071 0.7071
vn -0.0000 0.7072 0.7071
vn -0.0000 0.7071 0.7071
vn -0.0000 0.7071 0.7071
vn -0.0000 0.7071 0.7071
vn 0.0000 0.7071 0.7071
vn 0.0000 0.7071 0.7071
vn 0.0000 0.7071 0.7071
vn 0.0000 0.7071 0.7071
vn 0.0000 0.7071 0.7071
vn -0.0000 0.7071 0.7071
vn 0.0000 0.7071 0.7072
vn 0.0000 0.7071 0.7071
vn 0.0000 0.7071 0.7071
vn 0.0000 0.7071 0.7071
vn -0.0000 0.7071 0.7071
vn -0.0000 0.7072 0.7070
vn -0.0000 0.7071 0.7071
vn -0.0000 0.7071 0.7071
vn -0.0000 0.7071 0.7071
vn -0.0000 0.7071 0.7071
vn -0.0000 0.7072 0.7070
vn 0.0000 0.7071 0.7071
vn 0.0000 0.7070 0.7072
vn 0.0000 0.7071 0.7071
vn 0.0000 0.7071 0.7071
vn 0.0000 0.7071 0.7071
vn 0.0000 0.7072 0.7070
vn -0.0000 0.7071 0.7071
vn 0.0000 0.7071 0.7071
vn -0.0000 0.7071 0.7071
vn 0.0000 0.7071 0.7071
vn 0.0000 0.7071 0.7071
vn 0.0000 0.7071 0.7071
vn 0.7071 0.0000 0.7071
vn 0.7071 0.0000 0.7071
vn 0.7071 0.0000 0.7071
vn 0.7071 0.0000 0.7071
vn 0.7071 0.0000 0.7071
vn 0.7071 0.0000 0.7071
vn 0.3826 0.5936 0.7080
vn 0.3809 0.6478 0.6598
vn 0.3809 0.6478 0.6598
vn 0.3809 0.6478 0.6598
vn 0.3826 0.5936 0.7080
vn 0.3826 0.5936 0.7080
vn 0.3979 0.4725 0.7864
vn 0.3826 0.5936 0.7080
vn 0.3826 0.5935 0.7080
vn 0.3827 0.5935 0.7080
vn 0.3979 0.4725 0.7864
vn 0.3979 0.4725 0.7864
vn 0.4314 0.3134 0.8460
vn 0.3979 0.4725 0.7864
vn 0.3979 0.4725 0.7864
vn 0.3979 0.4725 0.7864
vn 0.4314 0.3135 0.8460
vn 0.4314 0.3134 0.8460
vn 0.4653 0.2181 0.8579
vn 0.4314 0.3134 0.8460
vn 0.4314 0.3134 0.8460
vn 0.4314 0.3134 0.8460
vn 0.4653 0.2181 0.8579
vn 0.4654 0.2181 0.8578
vn 0.9021 0.4048 0.1492
vn 0.9257 0.2693 0.2658
vn 0.9256 0.2604 0.2748
vn 0.9256 0.2603 0.2748
vn 0.9021 0.4048 0.1492
vn 0.9021 0.4049 0.1492
vn 0.7766 0.6298 0.0122
vn 0.9021 0.4048 0.1492
vn 0.9021 0.4049 0.1492
vn 0.9021 0.4049 0.1492
vn 0.7766 0.6299 0.0122
vn 0.7766 0.6298 0.0122
vn 0.6145 0.7886 0.0193
vn 0.7766 0.6299 0.0122
vn 0.7767 0.6298 0.0122
vn 0.7766 0.6299 0.0122
vn 0.6144 0.7887 0.0193
vn 0.6145 0.7887 0.0193
vn 0.5420 0.8365 0.0810
vn 0.6145 0.7887 0.0193
vn 0.6145 0.7887 0.0193
vn 0.6144 0.7887 0.0194
vn 0.5420 0.8365 0.0810
vn 0.5450 0.8345 0.0808
vn 0.7043 0.0000 0.7099
vn 0.7016 -0.0000 0.7126
vn 0.7016 -0.0000 0.7126
vn 0.7016 0.0000 0.7126
vn 0.7043 0.0000 0.7099
vn 0.7044 0.0000 0.7098
vn 0.4078 0.8186 0.4045
vn 0.4104 0.8175 0.4040
vn 0.4104 0.8175 0.4040
vn 0.4104 0.8175 0.4040
vn 0.4077 0.8186 0.4045
vn 0.4077 0.8186 0.4045
vn 0.4067 0.4099 0.8165
vn 0.4067 0.4099 0.8165
vn 0.4072 0.4072 0.8175
vn 0.4072 0.4072 0.8175
vn 0.4072 0.4072 0.8175
vn 0.8154 0.4093 0.4093
vn 0.8154 0.4093 0.4094
vn 0.8154 0.4093 0.4094
vn 0.8154 0.4093 0.4094
vn 0.8154 0.4093 0.4094
vn 0.8154 0.4093 0.4093
vn 0.4093 0.4093 0.8154
vn 0.4094 0.4093 0.8154
vn 0.4093 0.4093 0.8154
vn 0.4093 0.4093 0.8154
vn 0.4104 0.8175 0.4040
vn 0.4104 0.8175 0.4040
vn 0.4104 0.8175 0.4040
vn 0.4104 0.8175 0.4040
vn 0.4104 0.8175 0.4039
vn 0.4103 0.8175 0.4040
vn 0.7155 -0.0000 0.6986
vn 0.7155 -0.0000 0.6986
vn 0.7154 -0.0000 0.6987
vn 0.7128 -0.0000 0.7014
vn 0.7128 -0.0000 0.7014
vn 0.7127 -0.0000 0.7015
vn 0.8165 0.4098 0.4066
vn 0.4093 0.4093 0.8154
vn 0.4093 0.4093 0.8154
vn 0.4093 0.4093 0.8154
vn 0.8165 0.4098 0.4066
vn 0.8154 0.4093 0.4093
vn 0.7044 0.7098 -0.0000
vn 0.8154 0.4094 0.4093
vn 0.8165 0.4098 0.4066
vn 0.8154 0.4093 0.4093
vn 0.7043 0.7099 -0.0000
vn 0.7071 0.7071 -0.0000
vn 0.0000 0.7071 0.7072
vn 0.7071 0.7071 0.0000
vn 0.7043 0.7099 0.0000
vn 0.7071 0.7071 0.0000
vn 0.0000 0.7071 0.7071
vn 0.0001 0.7043 0.7099
vn 0.0000 0.7043 0.7099
vn 0.4093 0.4093 0.8155
vn 0.4093 0.4092 0.8155
vn 0.4092 0.4094 0.8154
vn 0.0000 0.7043 0.7099
vn -0.0000 0.7071 0.7071
vn 0.8165 0.4066 0.4099
vn 0.7071 -0.0000 0.7071
vn 0.7043 -0.0000 0.7099
vn 0.7072 0.0000 0.7070
vn 0.8165 0.4066 0.4098
vn 0.8370 0.3525 0.4185
vn 0.4066 0.8165 0.4098
vn 0.8370 0.3525 0.4185
vn 0.8165 0.4066 0.4098
vn 0.8370 0.3526 0.4185
vn 0.4067 0.8165 0.4098
vn 0.4098 0.8165 0.4066
vn 0.0061 0.6444 0.7647
vn 0.7044 -0.0001 0.7098
vn 0.7071 0.0001 0.7071
vn 0.7044 -0.0001 0.7099
vn 0.0060 0.6442 0.7648
vn -0.0000 0.7043 0.7099
vn 0.4098 0.8165 0.4067
vn -0.0000 0.7043 0.7099
vn 0.0060 0.6443 0.7647
vn -0.0000 0.7043 0.7099
vn 0.4098 0.8165 0.4066
vn 0.4066 0.8165 0.4098
vn 0.8154 0.4093 0.4094
vn 0.7071 -0.0000 0.7071
vn 0.7043 -0.0000 0.7099
vn 0.7071 0.0000 0.7071
vn 0.8154 0.4092 0.4094
vn 0.8176 0.4071 0.4072
vn -0.0000 0.7043 0.7099
vn 0.7044 -0.0001 0.7098
vn 0.7071 0.0001 0.7071
vn 0.7043 0.0000 0.7099
vn 0.0000 0.7043 0.7099
vn 0.0000 0.7071 0.7071
vn 0.4092 0.8154 0.4094
vn -0.0000 0.7071 0.7071
vn -0.0000 0.7043 0.7099
vn -0.0000 0.7071 0.7071
vn 0.4092 0.8154 0.4094
vn 0.4066 0.8165 0.4098
vn 0.8176 0.4072 0.4072
vn 0.4066 0.8165 0.4098
vn 0.4093 0.8154 0.4093
vn 0.4067 0.8165 0.4098
vn 0.8176 0.4072 0.4072
vn 0.8154 0.4093 0.4093
vn 0.4098 0.8165 0.4067
vn 0.4099 0.8165 0.4066
vn 0.4093 0.8154 0.4093
vn 0.4098 0.8165 0.4067
vn 0.4099 0.8165 0.4066
vn 0.4099 0.8165 0.4067
vn 0.4067 0.4099 0.8165
vn 0.4067 0.4099 0.8165
vn 0.4067 0.4099 0.8165
vn 0.4067 0.4098 0.8165
vn 0.7099 0.0000 0.7043
vn 0.7099 0.0000 0.7043
vn 0.7071 0.0000 0.7071
vn 0.7098 0.0000 0.7044
vn 0.7099 0.0000 0.7043
vn 0.7098 0.0000 0.7044
vn 0.7072 0.7071 0.0000
vn 0.7072 0.7071 0.0000
vn 0.7071 0.7071 0.0000
vn 0.7070 0.7072 0.0000
vn 0.7071 0.7071 0.0000
vn 0.7071 0.7071 0.0000
vn 0.4435 0.8523 0.2772
vn 0.4435 0.8523 0.2772
vn 0.4435 0.8523 0.2772
vn 0.4435 0.8523 0.2772
vn 0.4435 0.8523 0.2772
vn 0.4435 0.8523 0.2772
vn 0.3878 0.5343 0.7511
vn 0.3878 0.5343 0.7511
vn 0.3878 0.5343 0.7511
vn 0.3877 0.5343 0.7511
vn 0.3877 0.5343 0.7511
vn 0.3877 0.5343 0.7511
vn 0.5869 0.0416 0.8086
vn 0.5898 0.0414 0.8065
vn 0.5898 0.0414 0.8065
vn 0.5898 0.0415 0.8065
vn 0.5869 0.0416 0.8086
vn 0.5869 0.0416 0.8086
vn 0.8465 0.5290 0.0596
vn 0.8465 0.5291 0.0596
vn 0.8465 0.5291 0.0596
vn 0.8465 0.5290 0.0596
vn 0.8465 0.5291 0.0596
vn 0.8465 0.5290 0.0596
vn 0.4435 0.8523 0.2772
vn 0.4435 0.8523 0.2772
vn 0.4435 0.8523 0.2772
vn 0.4435 0.8523 0.2772
vn 0.4435 0.8523 0.2772
vn 0.4407 0.8536 0.2776
vn 0.3878 0.5343 0.7511
vn 0.3878 0.5343 0.7511
vn 0.3878 0.5343 0.7511
vn 0.3878 0.5343 0.7511
vn 0.3878 0.5343 0.7511
vn 0.3878 0.5343 0.7511
vn 0.5899 0.0414 0.8064
vn 0.5898 0.0414 0.8065
vn 0.5898 0.0415 0.8065
vn 0.5898 0.0415 0.8065
vn 0.5899 0.0415 0.8064
vn 0.5899 0.0415 0.8064
vn 0.8465 0.5290 0.0596
vn 0.8465 0.5291 0.0596
vn 0.8465 0.5291 0.0596
vn 0.8465 0.5290 0.0596
vn 0.8465 0.5291 0.0596
vn 0.8465 0.5290 0.0596
vn 0.7099 0.7043 0.0000
vn 0.7071 0.7071 0.0000
vn 0.7071 0.7071 0.0000
vn 0.7099 0.7043 0.0000
vn 0.7098 0.7044 0.0000
vn 0.4072 0.8176 0.4072
vn 0.4072 0.8176 0.4072
vn 0.4071 0.8176 0.4072
vn 0.4072 0.8176 0.4072
vn 0.4072 0.8176 0.4072
vn 0.4072 0.8176 0.4072
vn 0.4093 0.4093 0.8154
vn 0.4067 0.4098 0.8165
vn 0.4066 0.4099 0.8165
vn 0.4093 0.4093 0.8154
vn 0.4093 0.4093 0.8154
vn 0.7071 0.0000 0.7071
vn 0.7071 0.0000 0.7071
vn 0.7071 0.0000 0.7071
vn 0.7071 0.0000 0.7071
vn 0.7071 0.0000 0.7071
vn 0.7071 0.0000 0.7072
vn 0.4093 0.8154 0.4093
vn 0.4094 0.8154 0.4093
vn 0.4093 0.8154 0.4093
vn 0.4094 0.8154 0.4093
vn 0.4093 0.8154 0.4094
vn 0.4067 0.4098 0.8165
vn 0.4067 0.4099 0.8165
vn 0.4067 0.4098 0.8165
vn 0.4067 0.4098 0.8165
vn 0.7071 0.0000 0.7071
vn 0.7071 0.0000 0.7071
vn 0.7072 0.7071 0.0000
vn 0.7071 0.7071 0.0000
vn 0.7071 0.7071 0.0000
vn 0.7071 0.7071 0.0000
vn 0.7071 0.7071 0.0000
vn 0.7071 0.7071 0.0000
vn 0.4061 0.4126 0.8154
vn 0.4088 0.4120 0.8143
vn 0.4088 0.4120 0.8143
vn 0.4088 0.4120 0.8143
vn 0.4061 0.4125 0.8154
vn 0.4061 0.4126 0.8154
vn 0.7071 -0.0000 0.7071
vn 0.7072 -0.0000 0.7070
vn 0.7071 -0.0000 0.7071
vn 0.7071 -0.0000 0.7071
vn 0.7072 -0.0000 0.7070
vn 0.7071 -0.0000 0.7072
vn 0.7099 0.7043 -0.0000
vn 0.7099 0.7043 -0.0000
vn 0.7099 0.7043 -0.0000
vn 0.7099 0.7043 -0.0000
vn 0.7099 0.7043 -0.0000
vn 0.7098 0.7044 -0.0000
vn 0.4093 0.8154 0.4093
vn 0.4094 0.8154 0.4093
vn 0.4093 0.8154 0.4093
vn 0.4094 0.8154 0.4093
vn 0.4093 0.8154 0.4093
vn 0.4093 0.8154 0.4093
vn 0.7071 -0.0001 0.7071
vn 0.8154 0.4061 0.4126
vn 0.8143 0.4088 0.4120
vn 0.8154 0.4061 0.4125
vn 0.7072 0.0000 0.7070
vn 0.7071 -0.0001 0.7071
vn -0.0001 0.7099 0.7043
vn 0.7071 0.0000 0.7071
vn 0.7071 0.0001 0.7071
vn 0.7071 0.0001 0.7071
vn -0.0000 0.7099 0.7043
vn -0.0001 0.7099 0.7043
vn 0.8143 0.4088 0.4120
vn 0.4093 0.8154 0.4093
vn 0.4072 0.8176 0.4072
vn 0.4093 0.8154 0.4093
vn 0.8143 0.4088 0.4120
vn 0.8154 0.4061 0.4126
vn 0.0000 0.7099 0.7043
vn 0.4071 0.8176 0.4072
vn 0.4093 0.8155 0.4093
vn 0.4072 0.8176 0.4072
vn -0.0000 0.7099 0.7043
vn 0.0000 0.7099 0.7043
vn 0.4717 0.0583 0.8798
vn 0.4061 0.4125 0.8154
vn 0.3129 0.4341 0.8448
vn 0.4061 0.4125 0.8154
vn 0.4717 0.0584 0.8798
vn 0.6005 0.0284 0.7991
vn 0.8010 0.5277 0.2827
vn 0.6005 0.0284 0.7991
vn 0.4717 0.0583 0.8798
vn 0.6006 0.0284 0.7991
vn 0.8010 0.5277 0.2827
vn 0.9129 0.3666 0.1796
vn 0.3944 0.9097 0.1299
vn 0.9129 0.3666 0.1797
vn 0.8010 0.5277 0.2827
vn 0.9129 0.3666 0.1797
vn 0.3945 0.9097 0.1299
vn 0.5317 0.8415 0.0962
vn 0.2900 0.7983 0.5279
vn 0.5317 0.8414 0.0963
vn 0.3945 0.9096 0.1299
vn 0.5317 0.8414 0.0963
vn 0.2900 0.7983 0.5279
vn 0.3929 0.7675 0.5066
vn 0.3129 0.4342 0.8447
vn 0.3929 0.7675 0.5065
vn 0.2900 0.7983 0.5279
vn 0.3930 0.7674 0.5066
vn 0.3130 0.4342 0.8447
vn 0.4061 0.4125 0.8154
vn 0.3129 0.4342 0.8447
vn -0.0001 0.6719 0.7406
vn 0.4717 0.0583 0.8799
vn 0.4717 0.0582 0.8798
vn -0.0000 0.6719 0.7406
vn 0.8010 0.5277 0.2827
vn 0.8010 0.5278 0.2826
vn 0.0000 0.6718 0.7407
vn 0.3945 0.9096 0.1301
vn 0.3945 0.9097 0.1299
vn -0.0000 0.6719 0.7406
vn 0.2900 0.7983 0.5278
vn 0.2900 0.7983 0.5278
vn -0.0000 0.6719 0.7407
vn 0.3130 0.4342 0.8447
vn 0.8154 0.4093 0.4094
vn 0.8154 0.4093 0.4094
vn 0.8154 0.4093 0.4093
vn 0.8154 0.4093 0.4094
vn 0.8154 0.4093 0.4093
vn 0.8154 0.4093 0.4093
vn 0.8154 0.4093 0.4093
vn 0.8154 0.4093 0.4093
vn 0.8154 0.4093 0.4094
vn 0.4093 0.4093 0.8154
vn 0.7207 0.3860 0.5759
vn 0.4099 0.4066 0.8165
vn 0.7207 0.3860 0.5759
vn 0.4093 0.4093 0.8154
vn 0.7207 0.3860 0.5759
vn 0.7206 0.3860 0.5759
vn 0.8197 0.4083 0.4018
vn 0.7206 0.3860 0.5759
vn 0.8197 0.4083 0.4018
vn 0.7206 0.3860 0.5759
vn 0.8186 0.4109 0.4013
vn 0.4099 0.4066 0.8165
vn 0.0736 0.5503 0.8317
vn 0.4093 0.4093 0.8154
vn 0.0737 0.5502 0.8318
vn 0.4098 0.4066 0.8165
vn 0.0737 0.5502 0.8318
vn 0.0736 0.5502 0.8318
vn 0.0000 0.7071 0.7071
vn 0.0736 0.5502 0.8318
vn 0.0000 0.7071 0.7071
vn 0.0736 0.5502 0.8318
vn 0.4072 0.8175 0.4072
vn 0.4072 0.8175 0.4072
vn 0.4067 0.8165 0.4099
vn 0.4072 0.8175 0.4072
vn 0.4072 0.8175 0.4072
vn 0.4072 0.8175 0.4072
vn 0.4072 0.8175 0.4072
vn 0.4067 0.8165 0.4098
vn 0.4072 0.8175 0.4072
vn 0.4066 0.8165 0.4099
vn 0.4072 0.8175 0.4072
vn 0.4067 0.8165 0.4099
vn 0.4067 0.8165 0.4098
vn 0.4072 0.8175 0.4072
vn 0.4067 0.8165 0.4099
vn 0.4072 0.8175 0.4072
vn 0.4067 0.8165 0.4099
vn 0.4072 0.8175 0.4072
vn 0.4072 0.8175 0.4072
vn 0.4067 0.8165 0.4098
vn 0.4072 0.8175 0.4072
vn 0.4067 0.8165 0.4099
vn 0.4072 0.8175 0.4072
vn 0.4093 0.8154 0.4093
vn 0.4093 0.8154 0.4094
vn 0.4067 0.8165 0.4099
vn 0.4067 0.8165 0.4099
vn 0.4066 0.8165 0.4099
vn 0.4093 0.8154 0.4093
vn 0.4072 0.8175 0.4072
vn 0.7044 0.7098 0.0001
vn 0.1111 0.8889 0.4445
vn 0.7044 0.7098 0.0000
vn 0.1112 0.8889 0.4445
vn 0.7043 0.7099 0.0001
vn 0.1111 0.8889 0.4445
vn 0.1111 0.8889 0.4445
vn 0.1447 0.5010 0.8533
vn 0.1111 0.8889 0.4445
vn 0.1447 0.5088 0.8487
vn 0.1111 0.8888 0.4445
vn 0.1447 0.5010 0.8532
vn 0.1448 0.5010 0.8532
vn 0.6538 0.3808 0.6538
vn 0.1448 0.5010 0.8532
vn 0.6538 0.3809 0.6538
vn 0.1449 0.5010 0.8532
vn 0.6531 0.3834 0.6530
vn 0.7043 0.7099 -0.0001
vn 0.8570 0.4609 0.2304
vn 0.7044 0.7098 -0.0000
vn 0.8570 0.4609 0.2305
vn 0.7043 0.7099 -0.0001
vn 0.8570 0.4609 0.2304
vn 0.8570 0.4609 0.2305
vn 0.6530 0.3835 0.6531
vn 0.8570 0.4609 0.2304
vn 0.6530 0.3834 0.6531
vn 0.8570 0.4609 0.2305
vn 0.6538 0.3809 0.6538
vn 0.7043 0.0000 0.7099
vn 0.7098 0.0000 0.7044
vn 0.7044 0.0000 0.7098
vn 0.7099 0.0000 0.7043
vn 0.7043 0.0000 0.7099
vn 0.7099 0.0000 0.7043
vn 0.7098 0.0000 0.7044
vn 0.7071 -0.0000 0.7071
vn 0.7100 0.0000 0.7043
vn 0.7070 0.0000 0.7072
vn 0.7099 0.0000 0.7043
vn 0.7044 0.0000 0.7098
vn 0.7044 0.0000 0.7098
vn 0.7071 0.0000 0.7072
vn 0.7072 0.0000 0.7071
vn 0.7071 0.0000 0.7071
vn 0.7043 0.0000 0.7099
vn 0.7043 0.0000 0.7099
vn 0.7043 0.0000 0.7099
vn 0.7071 0.0000 0.7071
vn 0.7071 0.0000 0.7071
vn 0.7071 0.0000 0.7071
vn 0.7071 0.0000 0.7071
vn 0.7044 0.0000 0.7098
vn 0.7071 0.0000 0.7071
vn 0.7043 0.0000 0.7099
vn 0.7071 0.0000 0.7071
vn 0.7044 0.0000 0.7098
vn 0.8468 0.4335 0.3082
vn 0.5853 0.7371 0.3376
vn 0.8480 0.4308 0.3087
vn 0.5853 0.7371 0.3376
vn 0.8468 0.4336 0.3082
vn 0.5853 0.7372 0.3376
vn 0.5854 0.7371 0.3376
vn 0.2300 0.8295 0.5089
vn 0.5854 0.7371 0.3376
vn 0.2301 0.8295 0.5088
vn 0.5854 0.7371 0.3377
vn 0.2300 0.8295 0.5089
vn 0.2300 0.8296 0.5089
vn 0.0241 0.6121 0.7904
vn 0.2300 0.8296 0.5088
vn 0.0241 0.6121 0.7904
vn 0.2300 0.8295 0.5089
vn 0.0241 0.6121 0.7904
vn 0.0241 0.6120 0.7905
vn 0.4096 0.1055 0.9062
vn 0.0240 0.6121 0.7904
vn 0.4095 0.1055 0.9062
vn 0.0241 0.6120 0.7905
vn 0.4096 0.1055 0.9062
vn 0.4096 0.1055 0.9061
vn 0.8636 0.0776 0.4982
vn 0.4095 0.1055 0.9062
vn 0.8636 0.0776 0.4981
vn 0.4097 0.1055 0.9061
vn 0.8637 0.0776 0.4981
vn 0.8637 0.0777 0.4981
vn 0.8480 0.4307 0.3087
vn 0.8636 0.0777 0.4981
vn 0.8480 0.4308 0.3087
vn 0.8637 0.0777 0.4980
vn 0.8468 0.4335 0.3082
vn 0.5042 0.3936 0.7687
vn 0.5042 0.3936 0.7687
vn 0.5043 0.3935 0.7687
vn 0.5042 0.3935 0.7687
vn 0.5042 0.3936 0.7687
vn 0.5043 0.3935 0.7687
vn 0.5049 0.3910 0.7696
vn 0.5042 0.3935 0.7687
vn 0.5042 0.3936 0.7687
vn 0.5043 0.3935 0.7687
vn 0.5049 0.3909 0.7696
vn 0.5048 0.3909 0.7696
vn 0.8558 0.4508 0.2536
vn 0.8228 0.4130 0.3905
vn 0.8228 0.4131 0.3904
vn 0.8228 0.4130 0.3905
vn 0.8558 0.4508 0.2536
vn 0.8558 0.4509 0.2536
vn 0.7607 0.6491 0.0050
vn 0.8559 0.4508 0.2535
vn 0.8559 0.4508 0.2535
vn 0.8559 0.4508 0.2535
vn 0.7607 0.6491 0.0051
vn 0.7607 0.6491 0.0050
vn 0.3308 0.9204 0.2085
vn 0.7607 0.6491 0.0050
vn 0.7607 0.6491 0.0050
vn 0.7607 0.6491 0.0050
vn 0.3307 0.9204 0.2086
vn 0.3330 0.9192 0.2100
vn 0.1414 0.8978 0.4171
vn 0.3329 0.9193 0.2100
vn 0.3309 0.9203 0.2085
vn 0.3330 0.9193 0.2099
vn 0.1414 0.8978 0.4171
vn 0.1414 0.8978 0.4171
vn 0.7071 0.0000 0.7071
vn 0.7071 0.0000 0.7071
vn 0.7072 0.0000 0.7071
vn 0.7071 0.0000 0.7072
vn 0.7071 0.0000 0.7071
vn 0.7072 0.0000 0.7070
vn 0.7071 0.0000 0.7071
vn 0.7071 0.0000 0.7071
vn 0.7071 0.0000 0.7071
vn 0.4099 0.8165 0.4066
vn 0.4099 0.8165 0.4067
vn 0.4099 0.8165 0.4067
vn 0.4099 0.8165 0.4067
vn 0.4099 0.8165 0.4066
vn 0.4099 0.8165 0.4066
vn 0.4099 0.8165 0.4066
vn 0.4099 0.8165 0.4066
vn 0.4099 0.8165 0.4066
vn 0.8638 0.4698 0.1819
vn 0.7258 0.3871 0.5686
vn 0.7258 0.3871 0.5686
vn 0.7258 0.3871 0.5686
vn 0.8639 0.4698 0.1819
vn 0.8711 0.4430 0.2122
vn 0.4098 0.4066 0.8165
vn 0.7259 0.3871 0.5686
vn 0.7258 0.3872 0.5686
vn 0.7258 0.3872 0.5686
vn 0.4098 0.4066 0.8165
vn 0.4093 0.4093 0.8154
vn 0.2305 0.4608 0.8570
vn 0.4093 0.4093 0.8154
vn 0.4099 0.4066 0.8165
vn 0.4093 0.4093 0.8154
vn 0.2305 0.4609 0.8570
vn 0.2305 0.4609 0.8570
vn 0.4099 0.8165 0.4067
vn 0.4099 0.8165 0.4066
vn 0.4099 0.8165 0.4067
vn 0.4010 0.8418 0.3613
vn 0.4098 0.8165 0.4067
vn 0.4099 0.8165 0.4067
vn 0.4098 0.8165 0.4067
vn 0.4010 0.8418 0.3613
vn 0.3983 0.8429 0.3617
vn 0.4010 0.8418 0.3613
vn 0.3915 0.8712 0.2963
vn 0.3983 0.8429 0.3617
vn 0.8639 0.4698 0.1819
vn 0.8387 0.5389 0.0782
vn 0.8711 0.4430 0.2122
vn 0.8638 0.4698 0.1818
vn 0.8250 0.5599 0.0769
vn 0.8387 0.5389 0.0782
vn 0.8250 0.5599 0.0769
vn 0.8638 0.4698 0.1818
vn 0.8540 0.4869 0.1835
vn 0.8445 0.4945 0.2057
vn 0.7293 0.3844 0.5660
vn 0.7293 0.3844 0.5660
vn 0.7293 0.3843 0.5660
vn 0.8445 0.4945 0.2057
vn 0.8539 0.4869 0.1836
vn 0.4093 0.4093 0.8154
vn 0.7294 0.3843 0.5659
vn 0.7294 0.3844 0.5659
vn 0.7294 0.3844 0.5659
vn 0.4093 0.4093 0.8154
vn 0.4093 0.4093 0.8154
vn 0.2305 0.4608 0.8570
vn 0.4093 0.4093 0.8154
vn 0.4093 0.4093 0.8154
vn 0.4093 0.4093 0.8154
vn 0.2305 0.4609 0.8570
vn 0.2305 0.4609 0.8570
vn 0.7071 0.0000 0.7071
vn 0.7071 0.0000 0.7071
vn 0.7071 0.0000 0.7071
vn 0.7071 -0.0000 0.7071
vn 0.7430 0.0062 0.6693
vn 0.7071 -0.0000 0.7071
vn 0.7429 0.0062 0.6693
vn 0.7072 0.0000 0.7070
vn 0.7402 0.0062 0.6723
vn 0.7402 0.0062 0.6724
vn 0.7961 0.0574 0.6024
vn 0.7429 0.0062 0.6693
vn 0.4072 0.8175 0.4072
vn 0.4072 0.8175 0.4072
vn 0.4072 0.8175 0.4072
vn 0.4072 0.8175 0.4072
vn 0.4072 0.8175 0.4072
vn 0.4093 0.8154 0.4093
vn 0.8445 0.4945 0.2056
vn 0.8250 0.5599 0.0769
vn 0.8540 0.4869 0.1835
vn 0.7071 0.0000 0.7071
vn 0.7072 0.0000 0.7070
vn 0.7071 0.0000 0.7071
vn 0.7070 -0.0000 0.7072
vn 0.7072 0.0000 0.7070
vn 0.7098 -0.0000 0.7044
vn 0.5287 0.3881 0.7549
vn 0.5287 0.3881 0.7549
vn 0.5287 0.3881 0.7549
vn 0.5281 0.3907 0.7540
vn 0.5281 0.3907 0.7540
vn 0.5281 0.3907 0.7540
vn 0.8493 0.4366 0.2968
vn 0.5337 0.3904 0.7502
vn 0.5337 0.3904 0.7502
vn 0.5336 0.3903 0.7502
vn 0.8493 0.4366 0.2967
vn 0.8506 0.4338 0.2972
vn 0.5822 0.8125 0.0320
vn 0.8505 0.4339 0.2972
vn 0.8493 0.4366 0.2968
vn 0.8506 0.4338 0.2972
vn 0.5821 0.8125 0.0319
vn 0.5821 0.8125 0.0319
vn 0.0329 0.5959 0.8024
vn 0.5337 0.3903 0.7502
vn 0.5337 0.3903 0.7502
vn 0.5336 0.3904 0.7502
vn 0.0329 0.5959 0.8024
vn 0.0329 0.5959 0.8024
vn 0.5821 0.8125 0.0319
vn 0.0330 0.5959 0.8024
vn 0.0330 0.5960 0.8023
vn 0.0328 0.5959 0.8024
vn 0.5821 0.8125 0.0320
vn 0.5821 0.8125 0.0320
vn 0.7072 -0.0000 0.7070
vn 0.7071 -0.0000 0.7071
vn 0.7071 -0.0000 0.7071
vn 0.7071 0.0000 0.7071
vn 0.7071 0.0000 0.7071
vn 0.7071 0.0000 0.7071
vn 0.4072 0.8175 0.4072
vn 0.4072 0.8175 0.4072
vn 0.4067 0.8165 0.4099
vn 0.4072 0.8175 0.4072
vn 0.4072 0.8175 0.4072
vn 0.4072 0.8175 0.4072
vn 0.6407 0.0102 0.7677
vn 0.5756 0.0215 0.8174
vn 0.5719 0.0216 0.8200
vn 0.5754 0.0216 0.8176
vn 0.6406 0.0102 0.7678
vn 0.6466 0.0101 0.7628
vn 0.3932 0.7895 0.4712
vn 0.3426 0.8036 0.4867
vn 0.3984 0.7876 0.4700
vn 0.3426 0.8036 0.4866
vn 0.3932 0.7895 0.4713
vn 0.3398 0.8045 0.4872
vn 0.8165 0.4099 0.4067
vn 0.8154 0.4093 0.4093
vn 0.8165 0.4099 0.4066
vn 0.8154 0.4093 0.4093
vn 0.8165 0.4098 0.4067
vn 0.8154 0.4093 0.4093
vn 0.1647 0.4865 0.8580
vn 0.1647 0.4865 0.8580
vn 0.1647 0.4865 0.8580
vn 0.1647 0.4865 0.8580
vn 0.1647 0.4865 0.8580
vn 0.1647 0.4865 0.8580
vn 0.0000 0.7043 0.7099
vn 0.0000 0.7071 0.7072
vn 0.0000 0.7044 0.7099
vn 0.0000 0.7071 0.7072
vn 0.0000 0.7043 0.7099
vn 0.0000 0.7072 0.7071
vn 0.7072 0.0000 0.7071
vn 0.7071 0.0000 0.7071
vn 0.7071 0.0000 0.7071
vn 0.7071 0.0000 0.7072
vn 0.7071 0.0000 0.7071
vn 0.7071 0.0000 0.7071
vn 0.7071 0.0000 0.7071
vn 0.7071 0.0000 0.7071
vn 0.7071 0.0000 0.7071
vn 0.7070 -0.0000 0.7072
vn 0.7072 -0.0000 0.7070
vn 0.7071 -0.0000 0.7072
vn 0.7072 0.0000 0.7071
vn 0.7071 0.0000 0.7071
vn 0.4093 0.8154 0.4093
vn 0.4093 0.8154 0.4093
vn 0.4093 0.8154 0.4093
vn 0.4093 0.8154 0.4094
vn 0.4094 0.8154 0.4093
vn 0.8154 0.4093 0.4094
vn 0.8154 0.4093 0.4093
vn 0.8154 0.4093 0.4093
vn 0.8154 0.4093 0.4094
vn 0.8154 0.4093 0.4093
vn 0.8154 0.4093 0.4093
vn 0.8154 0.4093 0.4093
vn 0.8154 0.4093 0.4093
vn 0.8154 0.4093 0.4094
vn 0.8154 0.4093 0.4093
vn 0.8154 0.4093 0.4093
vn 0.8154 0.4094 0.4093
vn 0.8154 0.4093 0.4093
vn 0.8154 0.4093 0.4093
vn 0.8154 0.4093 0.4093
vn 0.8154 0.4093 0.4094
vn 0.0000 0.7070 0.7072
vn 0.0000 0.7071 0.7071
vn 0.0000 0.7071 0.7071
vn 0.0000 0.7071 0.7071
vn 0.0000 0.7054 0.7088
vn 0.0000 0.7070 0.7072
vn 0.0000 0.7071 0.7071
vn 0.0000 0.7071 0.7071
vn 0.0000 0.7071 0.7071
vn 0.0000 0.7071 0.7071
vn -0.0000 0.7071 0.7071
vn -0.0000 0.7071 0.7072
vn -0.0000 0.7071 0.7071
vn 0.0000 0.7071 0.7071
vn 0.0000 0.7072 0.7071
vn 0.0000 0.7071 0.7071
vn 0.0000 0.7070 0.7072
vn 0.0000 0.7071 0.7071
vn 0.0000 0.7071 0.7071
vn 0.0000 0.7071 0.7071
vn 0.0000 0.7071 0.7071
vn 0.0000 0.7071 0.7072
vn 0.0000 0.7072 0.7071
vn 0.0000 0.7071 0.7071
vn 0.0000 0.7071 0.7071
vn 0.0000 0.7071 0.7072
vn -0.0000 0.7072 0.7070
vn -0.0000 0.7072 0.7071
vn 0.4087 0.8207 0.3992
vn 0.4088 0.8207 0.3991
vn 0.4088 0.8207 0.3991
vn 0.7098 0.7044 0.0000
vn 0.7098 0.7044 0.0000
vn 0.7099 0.7043 0.0000
vn 0.7099 0.7043 0.0000
vn 0.7098 0.7044 0.0000
vn 0.7099 0.7043 0.0000
vn 0.9256 0.2677 0.2676
vn 0.9256 0.2677 0.2675
vn 0.9256 0.2676 0.2676
vn 0.9256 0.2677 0.2676
vn 0.9256 0.2678 0.2675
vn 0.9256 0.2677 0.2676
vn 0.4114 0.8196 0.3987
vn 0.4115 0.8197 0.3986
vn 0.4115 0.8196 0.3986
vn 0.4115 0.8197 0.3986
vn 0.4114 0.8197 0.3986
vn 0.4114 0.8197 0.3986
vn 0.3834 0.6620 0.6440
vn 0.3834 0.6620 0.6440
vn 0.3834 0.6620 0.6440
vn 0.3834 0.6620 0.6440
vn 0.3834 0.6620 0.6440
vn 0.3834 0.6620 0.6440
vn 0.4093 0.4093 0.8154
vn 0.4093 0.4094 0.8154
vn 0.4093 0.4094 0.8154
vn 0.4093 0.4094 0.8154
vn 0.4971 0.1514 0.8544
vn 0.4971 0.1514 0.8544
vn 0.4971 0.1514 0.8544
vn 0.4971 0.1514 0.8544
vn 0.4971 0.1514 0.8544
vn 0.4971 0.1515 0.8544
vn 0.5010 0.8533 0.1448
vn 0.5009 0.8533 0.1448
vn 0.5010 0.8532 0.1448
vn 0.5010 0.8532 0.1448
vn 0.5010 0.8533 0.1448
vn 0.5010 0.8532 0.1448
vn 0.8110 0.5832 0.0455
vn 0.7917 0.6105 0.0238
vn 0.8111 0.5832 0.0456
vn 0.7917 0.6104 0.0238
vn 0.8111 0.5832 0.0456
vn 0.7917 0.6104 0.0238
vn 0.7916 0.6105 0.0238
vn 0.7204 0.6935 0.0000
vn 0.7917 0.6105 0.0239
vn 0.7205 0.6935 0.0000
vn 0.7916 0.6105 0.0238
vn 0.7233 0.6906 0.0000
vn 0.7233 0.6906 -0.0001
vn 0.5863 0.8094 0.0318
vn 0.7206 0.6934 -0.0000
vn 0.5864 0.8094 0.0318
vn 0.7232 0.6906 -0.0001
vn 0.5864 0.8094 0.0318
vn 0.5864 0.8094 0.0320
vn 0.4916 0.8669 0.0820
vn 0.5864 0.8094 0.0319
vn 0.4915 0.8670 0.0820
vn 0.5864 0.8094 0.0319
vn 0.4886 0.8687 0.0815
vn 0.4254 0.7886 0.4440
vn 0.4182 0.8080 0.4151
vn 0.4217 0.7875 0.4495
vn 0.4183 0.8080 0.4151
vn 0.4254 0.7886 0.4440
vn 0.4229 0.8048 0.4166
vn 0.4229 0.8047 0.4166
vn 0.3986 0.8196 0.4115
vn 0.4182 0.8079 0.4151
vn 0.3986 0.8196 0.4115
vn 0.4229 0.8047 0.4166
vn 0.3986 0.8196 0.4114
vn 0.3986 0.8196 0.4115
vn 0.3856 0.8194 0.4242
vn 0.3987 0.8196 0.4114
vn 0.3856 0.8194 0.4242
vn 0.3986 0.8197 0.4115
vn 0.3823 0.8193 0.4273
vn 0.3823 0.8193 0.4273
vn 0.3728 0.8267 0.4214
vn 0.3856 0.8194 0.4242
vn 0.3729 0.8266 0.4214
vn 0.3824 0.8193 0.4273
vn 0.3729 0.8267 0.4214
vn 0.2828 0.4413 0.8516
vn 0.3083 0.4336 0.8468
vn 0.2828 0.4414 0.8516
vn 0.3083 0.4336 0.8467
vn 0.2828 0.4414 0.8516
vn 0.3082 0.4336 0.8467
vn 0.3082 0.4336 0.8467
vn 0.3905 0.4131 0.8228
vn 0.3083 0.4335 0.8468
vn 0.3905 0.4130 0.8228
vn 0.3082 0.4336 0.8467
vn 0.3905 0.4130 0.8228
vn 0.3904 0.4130 0.8228
vn 0.4961 0.3945 0.7735
vn 0.3905 0.4130 0.8228
vn 0.4962 0.3944 0.7735
vn 0.3904 0.4131 0.8228
vn 0.4961 0.3944 0.7735
vn 0.4961 0.3944 0.7735
vn 0.5469 0.3889 0.7414
vn 0.4961 0.3944 0.7735
vn 0.5469 0.3889 0.7414
vn 0.4962 0.3944 0.7735
vn 0.5469 0.3889 0.7414
vn 0.6917 0.0051 0.7221
vn 0.7124 0.0000 0.7018
vn 0.6865 0.0051 0.7271
vn 0.7124 0.0000 0.7018
vn 0.6917 0.0051 0.7221
vn 0.7125 0.0000 0.7017
vn 0.7124 0.0000 0.7018
vn 0.6958 0.0000 0.7182
vn 0.7124 0.0000 0.7018
vn 0.6958 0.0000 0.7182
vn 0.7124 0.0000 0.7018
vn 0.6958 0.0000 0.7183
vn 0.6958 0.0000 0.7183
vn 0.6668 0.0000 0.7453
vn 0.6958 0.0000 0.7183
vn 0.6668 -0.0001 0.7453
vn 0.6958 -0.0000 0.7183
vn 0.6668 -0.0001 0.7452
vn 0.6669 0.0000 0.7452
vn 0.6658 0.0000 0.7461
vn 0.6667 0.0000 0.7453
vn 0.6658 -0.0000 0.7461
vn 0.6669 0.0000 0.7452
vn 0.6686 -0.0000 0.7436
vn 0.0052 0.6542 0.7563
vn 0.0052 0.6542 0.7563
vn 0.0052 0.6541 0.7564
vn 0.0052 0.6541 0.7564
vn 0.0051 0.6542 0.7563
vn 0.0052 0.6541 0.7564
vn 0.5578 0.3880 0.7337
vn 0.5578 0.3880 0.7337
vn 0.5578 0.3880 0.7337
vn 0.5578 0.3880 0.7337
vn 0.5578 0.3880 0.7337
vn 0.5578 0.3880 0.7337
vn 0.4094 0.8154 0.4093
vn 0.4099 0.8165 0.4067
vn 0.4093 0.8154 0.4093
vn 0.4094 0.8154 0.4093
vn 0.4072 0.8175 0.4072
vn 0.4099 0.8165 0.4066
vn 0.4072 0.8175 0.4072
vn 0.4093 0.8154 0.4093
vn 0.4067 0.8165 0.4099
vn 0.4067 0.8165 0.4099
vn 0.4066 0.8165 0.4099
vn 0.4072 0.8175 0.4072
vn 0.4066 0.8165 0.4099
vn 0.4067 0.8165 0.4099
vn 0.4067 0.8165 0.4099
vn 0.4067 0.8165 0.4099
vn 0.4067 0.8165 0.4098
vn 0.4067 0.8165 0.4098
vn 0.4067 0.8165 0.4098
vn 0.4067 0.8165 0.4099
vn 0.4067 0.8165 0.4098
vn 0.4093 0.8154 0.4093
vn 0.4094 0.8154 0.4093
vn 0.4094 0.8154 0.4093
vn 0.7072 -0.0000 0.7071
vn 0.7071 -0.0000 0.7071
vn 0.7072 -0.0000 0.7070
vn 0.7071 0.0000 0.7071
vn 0.7071 0.0000 0.7071
vn 0.7072 0.0000 0.7070
vn 0.7071 0.0000 0.7071
vn 0.7070 0.0000 0.7072
vn 0.7044 0.0000 0.7098
vn 0.7043 0.0000 0.7099
vn 0.7043 0.0000 0.7099
vn 0.7072 0.0000 0.7071
vn 0.7043 0.0000 0.7099
vn 0.7043 0.0000 0.7099
vn 0.7043 0.0000 0.7099
vn 0.7043 -0.0001 0.7099
vn 0.7043 -0.0001 0.7099
vn 0.7044 -0.0001 0.7098
vn 0.7043 -0.0000 0.7099
vn 0.7044 -0.0000 0.7098
vn 0.7043 -0.0000 0.7099
vn 0.7072 0.0000 0.7071
vn 0.7071 0.0000 0.7071
vn 0.7072 0.0000 0.7070
vn 0.7015 0.7127 0.0000
vn 0.6715 0.7410 0.0000
vn 0.7016 0.7126 0.0000
vn 0.6715 0.7410 0.0000
vn 0.7014 0.7127 0.0000
vn 0.6716 0.7410 0.0000
vn 0.6715 0.7410 -0.0000
vn 0.5387 0.8409 0.0526
vn 0.6716 0.7409 -0.0001
vn 0.5387 0.8409 0.0526
vn 0.6715 0.7410 -0.0000
vn 0.5387 0.8409 0.0526
vn 0.5386 0.8409 0.0526
vn 0.4268 0.8955 0.1260
vn 0.5387 0.8409 0.0525
vn 0.4268 0.8955 0.1260
vn 0.5386 0.8409 0.0526
vn 0.4268 0.8955 0.1260
vn 0.0000 0.6962 0.7179
vn 0.0000 0.6962 0.7179
vn 0.0000 0.6961 0.7179
vn 0.0000 0.6961 0.7179
vn 0.0000 0.6961 0.7179
vn 0.0000 0.6961 0.7180
vn 0.4093 0.4093 0.8154
vn 0.4093 0.4094 0.8154
vn 0.4093 0.4093 0.8154
vn 0.4093 0.4093 0.8154
vn 0.4093 0.4093 0.8154
vn 0.4093 0.4093 0.8154
vn 0.8154 0.4093 0.4093
vn 0.8154 0.4094 0.4093
vn 0.8154 0.4094 0.4093
vn 0.8154 0.4093 0.4093
vn 0.8154 0.4094 0.4093
vn 0.8154 0.4094 0.4093
vn 0.8154 0.4093 0.4093
vn 0.8154 0.4094 0.4093
vn 0.8154 0.4093 0.4093
vn 0.8154 0.4093 0.4093
vn 0.8154 0.4093 0.4093
vn 0.8154 0.4093 0.4093
vn 0.8165 0.4099 0.4066
vn 0.8154 0.4093 0.4093
vn 0.8154 0.4093 0.4093
vn 0.8154 0.4093 0.4093
vn 0.8165 0.4099 0.4066
vn 0.8165 0.4099 0.4067
vn 0.8165 0.4099 0.4066
vn 0.8165 0.4099 0.4066
vn 0.8165 0.4099 0.4066
vn 0.8165 0.4099 0.4066
vn 0.8165 0.4099 0.4066
vn 0.8154 0.4093 0.4093
vn 0.8154 0.4093 0.4093
vn 0.8154 0.4093 0.4094
vn 0.8154 0.4094 0.4093
vn 0.4098 0.8165 0.4067
vn 0.4098 0.8165 0.4067
vn 0.4099 0.8165 0.4067
vn 0.4098 0.8165 0.4067
vn 0.4099 0.8165 0.4067
vn 0.0000 0.7071 0.7071
vn 0.0000 0.7071 0.7071
vn 0.0000 0.7071 0.7071
vn 0.0000 0.7071 0.7071
vn 0.0000 0.7072 0.7070
vn 0.0000 0.7071 0.7071
vn 0.0000 0.7071 0.7072
vn -0.0000 0.7072 0.7071
vn -0.0000 0.7071 0.7071
vn -0.0000 0.7071 0.7071
vn -0.0000 0.7071 0.7071
vn -0.0000 0.7071 0.7071
vn 0.0000 0.7071 0.7071
vn -0.0000 0.7070 0.7072
vn -0.0000 0.7071 0.7071
vn 0.0000 0.7072 0.7071
vn 0.0000 0.7071 0.7071
vn 0.0000 0.7071 0.7071
vn 0.0000 0.7071 0.7071
vn 0.0000 0.7071 0.7071
vn 0.0000 0.7071 0.7071
vn 0.0000 0.7071 0.7071
vn -0.0000 0.7071 0.7072
vn -0.0000 0.7071 0.7071
vn 0.0000 0.7071 0.7071
vn 0.0000 0.7071 0.7071
vn 0.0000 0.7071 0.7071
vn -0.0000 0.7072 0.7070
vn -0.0000 0.7071 0.7071
vn -0.0000 0.7071 0.7071
vn 0.0000 0.7071 0.7071
vn -0.0000 0.7071 0.7071
vn 0.0000 0.7072 0.7070
vn 0.0000 0.7071 0.7071
vn -0.0000 0.7071 0.7071
vn 0.0000 0.7071 0.7071
vn -0.0000 0.7071 0.7071
vn -0.0000 0.7071 0.7071
vn -0.0000 0.7071 0.7071
vn 0.7071 0.0000 0.7071
vn 0.7071 0.0000 0.7071
vn 0.7071 0.0000 0.7071
vn 0.7070 0.0000 0.7072
vn 0.7071 0.0000 0.7071
vn 0.7071 0.0000 0.7071
vn 0.3826 0.5936 0.7080
vn 0.3809 0.6478 0.6598
vn 0.3809 0.6478 0.6598
vn 0.3809 0.6478 0.6598
vn 0.3826 0.5936 0.7080
vn 0.3826 0.5936 0.7080
vn 0.3979 0.4725 0.7864
vn 0.3826 0.5936 0.7080
vn 0.3826 0.5935 0.7080
vn 0.3827 0.5935 0.7080
vn 0.3979 0.4725 0.7864
vn 0.3979 0.4725 0.7864
vn 0.4314 0.3134 0.8460
vn 0.3979 0.4725 0.7864
vn 0.3979 0.4725 0.7864
vn 0.3979 0.4725 0.7864
vn 0.4314 0.3135 0.8460
vn 0.4653 0.2181 0.8579
vn 0.4314 0.3134 0.8460
vn 0.4314 0.3134 0.8460
vn 0.4314 0.3134 0.8460
vn 0.4653 0.2181 0.8579
vn 0.4654 0.2181 0.8578
vn 0.9021 0.4049 0.1492
vn 0.9257 0.2693 0.2658
vn 0.9256 0.2604 0.2748
vn 0.9256 0.2604 0.2748
vn 0.9021 0.4048 0.1492
vn 0.9021 0.4049 0.1492
vn 0.7766 0.6298 0.0122
vn 0.9021 0.4048 0.1492
vn 0.9021 0.4049 0.1492
vn 0.9021 0.4049 0.1492
vn 0.7766 0.6299 0.0122
vn 0.7766 0.6298 0.0122
vn 0.6145 0.7886 0.0193
vn 0.7766 0.6299 0.0122
vn 0.7767 0.6298 0.0122
vn 0.7766 0.6299 0.0122
vn 0.6144 0.7887 0.0193
vn 0.6145 0.7887 0.0193
vn 0.5420 0.8365 0.0810
vn 0.6145 0.7887 0.0193
vn 0.6145 0.7887 0.0193
vn 0.6144 0.7887 0.0194
vn 0.5420 0.8365 0.0810
vn 0.5450 0.8345 0.0808
vn 0.7043 0.0000 0.7099
vn 0.7016 -0.0000 0.7126
vn 0.7016 -0.0000 0.7126
vn 0.7016 -0.0000 0.7126
vn 0.7043 0.0000 0.7099
vn 0.7044 0.0000 0.7098
vn 0.4078 0.8186 0.4045
vn 0.4104 0.8175 0.4040
vn 0.4104 0.8175 0.4040
vn 0.4104 0.8175 0.4040
vn 0.4077 0.8186 0.4045
vn 0.4077 0.8186 0.4045
vn 0.4067 0.4099 0.8165
vn 0.4067 0.4099 0.8165
vn 0.4072 0.4072 0.8175
vn 0.4072 0.4072 0.8175
vn 0.4072 0.4072 0.8175
vn 0.4093 0.4093 0.8154
vn 0.4094 0.4093 0.8154
vn 0.4093 0.4093 0.8154
vn 0.4093 0.4093 0.8154
vn 0.4104 0.8175 0.4040
vn 0.4104 0.8175 0.4040
vn 0.4104 0.8175 0.4040
vn 0.4104 0.8175 0.4040
vn 0.4104 0.8175 0.4039
vn 0.4103 0.8175 0.4040
vn 0.7155 -0.0000 0.6986
vn 0.7155 -0.0000 0.6986
vn 0.7154 -0.0000 0.6987
vn 0.7128 -0.0000 0.7014
vn 0.7128 -0.0000 0.7014
vn 0.7127 -0.0000 0.7015
vn 0.8110 0.5832 0.0456
vn 0.7917 0.6104 0.0238
vn 0.8111 0.5832 0.0456
vn 0.7917 0.6105 0.0238
vn 0.8111 0.5832 0.0456
vn 0.7917 0.6104 0.0238
vn 0.7917 0.6105 0.0238
vn 0.7205 0.6935 0.0000
vn 0.7917 0.6105 0.0239
vn 0.7205 0.6935 0.0000
vn 0.7917 0.6105 0.0238
vn 0.7233 0.6906 0.0001
vn 0.7232 0.6906 -0.0001
vn 0.5864 0.8094 0.0318
vn 0.7206 0.6934 0.0000
vn 0.5864 0.8094 0.0318
vn 0.7233 0.6906 -0.0001
vn 0.5864 0.8094 0.0318
vn 0.5864 0.8094 0.0320
vn 0.4916 0.8670 0.0820
vn 0.5864 0.8094 0.0319
vn 0.4915 0.8670 0.0820
vn 0.5864 0.8094 0.0319
vn 0.4886 0.8687 0.0815
vn 0.4254 0.7886 0.4440
vn 0.4182 0.8080 0.4150
vn 0.4217 0.7875 0.4495
vn 0.3986 0.8196 0.4115
vn 0.3856 0.8194 0.4242
vn 0.3987 0.8196 0.4114
vn 0.3856 0.8194 0.4242
vn 0.3986 0.8197 0.4115
vn 0.3823 0.8193 0.4273
vn 0.3823 0.8193 0.4273
vn 0.3728 0.8267 0.4214
vn 0.3856 0.8194 0.4242
vn 0.3728 0.8267 0.4215
vn 0.3824 0.8193 0.4273
vn 0.3728 0.8267 0.4215
vn 0.2828 0.4414 0.8516
vn 0.3083 0.4336 0.8468
vn 0.2828 0.4414 0.8516
vn 0.3083 0.4336 0.8467
vn 0.2828 0.4414 0.8516
vn 0.3082 0.4336 0.8467
vn 0.3083 0.4335 0.8468
vn 0.3905 0.4130 0.8228
vn 0.3905 0.4130 0.8228
vn 0.3083 0.4336 0.8468
vn 0.3905 0.4130 0.8228
vn 0.3904 0.4130 0.8228
vn 0.4961 0.3945 0.7735
vn 0.3905 0.4130 0.8228
vn 0.4961 0.3944 0.7735
vn 0.3904 0.4131 0.8228
vn 0.4961 0.3944 0.7735
vn 0.4961 0.3944 0.7735
vn 0.5469 0.3889 0.7414
vn 0.4961 0.3944 0.7735
vn 0.5469 0.3889 0.7414
vn 0.4961 0.3944 0.7735
vn 0.5469 0.3889 0.7414
vn 0.6917 0.0051 0.7221
vn 0.7124 0.0000 0.7018
vn 0.6865 0.0051 0.7271
vn 0.6957 -0.0001 0.7183
vn 0.6667 0.0000 0.7453
vn 0.6959 -0.0001 0.7182
vn 0.6668 -0.0001 0.7453
vn 0.6957 0.0001 0.7183
vn 0.6668 -0.0001 0.7453
vn 0.6668 0.0000 0.7453
vn 0.6659 -0.0000 0.7461
vn 0.6667 0.0000 0.7453
vn 0.6658 -0.0000 0.7461
vn 0.6668 0.0000 0.7453
vn 0.6687 -0.0000 0.7436
vn 0.0052 0.6542 0.7563
vn 0.0052 0.6542 0.7563
vn 0.0052 0.6541 0.7564
vn 0.0052 0.6542 0.7563
vn 0.0052 0.6542 0.7563
vn 0.0052 0.6541 0.7564
vn 0.5578 0.3880 0.7337
vn 0.5578 0.3880 0.7337
vn 0.5578 0.3880 0.7337
vn 0.5578 0.3880 0.7337
vn 0.5578 0.3880 0.7337
vn 0.5578 0.3880 0.7337
vn 0.4093 0.8154 0.4093
vn 0.4099 0.8165 0.4066
vn 0.4093 0.8154 0.4093
vn 0.4093 0.8154 0.4094
vn 0.4072 0.8175 0.4072
vn 0.4099 0.8165 0.4066
vn 0.4072 0.8175 0.4072
vn 0.4093 0.8154 0.4094
vn 0.4067 0.8165 0.4099
vn 0.4067 0.8165 0.4099
vn 0.4067 0.8165 0.4099
vn 0.4072 0.8175 0.4072
vn 0.4067 0.8165 0.4098
vn 0.4066 0.8165 0.4099
vn 0.4067 0.8165 0.4098
vn 0.4067 0.8165 0.4099
vn 0.4067 0.8165 0.4098
vn 0.4067 0.8165 0.4099
vn 0.4067 0.8165 0.4099
vn 0.4067 0.8165 0.4099
vn 0.4067 0.8165 0.4099
vn 0.7072 -0.0000 0.7071
vn 0.7071 -0.0000 0.7071
vn 0.7072 -0.0000 0.7070
vn 0.7071 0.0000 0.7071
vn 0.7071 0.0000 0.7071
vn 0.7072 0.0000 0.7070
vn 0.7043 -0.0000 0.7099
vn 0.7043 -0.0000 0.7099
vn 0.7072 -0.0000 0.7071
vn 0.7043 -0.0000 0.7099
vn 0.7043 -0.0000 0.7099
vn 0.7043 -0.0000 0.7099
vn 0.7043 -0.0000 0.7099
vn 0.7043 -0.0000 0.7099
vn 0.7044 -0.0000 0.7098
vn 0.7043 -0.0000 0.7099
vn 0.7044 -0.0000 0.7098
vn 0.7043 -0.0000 0.7099
vn 0.7072 0.0000 0.7071
vn 0.7071 0.0000 0.7071
vn 0.7072 0.0000 0.7070
vn 0.7015 0.7126 0.0000
vn 0.6714 0.7411 0.0000
vn 0.7015 0.7126 0.0000
vn 0.6715 0.7410 0.0000
vn 0.7015 0.7127 0.0000
vn 0.6716 0.7410 0.0000
vn 0.6715 0.7410 -0.0000
vn 0.5387 0.8409 0.0526
vn 0.6716 0.7409 -0.0001
vn 0.5387 0.8409 0.0526
vn 0.6715 0.7410 -0.0000
vn 0.5387 0.8409 0.0526
vn 0.5387 0.8409 0.0525
vn 0.4269 0.8955 0.1260
vn 0.5387 0.8409 0.0525
vn 0.4268 0.8955 0.1260
vn 0.5387 0.8409 0.0525
vn 0.4268 0.8955 0.1260
vn 0.0000 0.6961 0.7179
vn 0.0000 0.6961 0.7179
vn 0.0000 0.6961 0.7180
vn 0.8110 0.5832 0.0456
vn 0.7917 0.6104 0.0238
vn 0.8111 0.5832 0.0456
vn 0.7917 0.6105 0.0238
vn 0.8111 0.5832 0.0456
vn 0.7917 0.6104 0.0238
vn 0.7917 0.6105 0.0238
vn 0.7205 0.6935 0.0000
vn 0.7917 0.6105 0.0239
vn 0.7205 0.6935 0.0000
vn 0.7917 0.6105 0.0238
vn 0.7233 0.6906 0.0001
vn 0.7232 0.6906 -0.0001
vn 0.5864 0.8094 0.0318
vn 0.7206 0.6934 0.0000
vn 0.5864 0.8094 0.0318
vn 0.7233 0.6906 -0.0001
vn 0.5864 0.8094 0.0318
vn 0.5864 0.8094 0.0320
vn 0.4916 0.8669 0.0820
vn 0.5864 0.8094 0.0319
vn 0.4915 0.8670 0.0820
vn 0.5864 0.8094 0.0319
vn 0.4886 0.8687 0.0815
vn 0.4254 0.7886 0.4440
vn 0.4182 0.8080 0.4150
vn 0.4217 0.7875 0.4495
vn 0.4183 0.8080 0.4151
vn 0.4254 0.7886 0.4440
vn 0.4229 0.8048 0.4166
vn 0.3856 0.8194 0.4242
vn 0.3986 0.8197 0.4115
vn 0.3823 0.8193 0.4273
vn 0.3823 0.8193 0.4273
vn 0.3728 0.8267 0.4214
vn 0.3856 0.8194 0.4242
vn 0.3728 0.8267 0.4215
vn 0.3824 0.8193 0.4273
vn 0.3728 0.8267 0.4215
vn 0.2828 0.4414 0.8516
vn 0.3083 0.4336 0.8468
vn 0.2828 0.4414 0.8516
vn 0.3083 0.4336 0.8467
vn 0.2828 0.4414 0.8516
vn 0.3083 0.4335 0.8468
vn 0.3083 0.4335 0.8468
vn 0.3905 0.4130 0.8228
vn 0.3083 0.4335 0.8468
vn 0.3905 0.4130 0.8228
vn 0.3083 0.4336 0.8468
vn 0.3905 0.4130 0.8228
vn 0.3904 0.4130 0.8228
vn 0.4961 0.3945 0.7735
vn 0.3905 0.4130 0.8228
vn 0.5469 0.3889 0.7414
vn 0.4961 0.3944 0.7735
vn 0.5469 0.3889 0.7414
vn 0.6917 0.0051 0.7221
vn 0.7124 0.0000 0.7018
vn 0.6865 0.0051 0.7271
vn 0.7124 0.0000 0.7018
vn 0.6917 0.0051 0.7221
vn 0.7125 0.0000 0.7017
vn 0.6957 -0.0001 0.7183
vn 0.6667 0.0000 0.7453
vn 0.6959 -0.0001 0.7182
vn 0.6668 -0.0001 0.7453
vn 0.6957 0.0001 0.7183
vn 0.6668 -0.0001 0.7453
vn 0.6668 0.0000 0.7453
vn 0.6659 -0.0000 0.7461
vn 0.6667 0.0000 0.7453
vn 0.6658 -0.0000 0.7461
vn 0.6668 0.0000 0.7453
vn 0.6687 -0.0000 0.7436
vn 0.0052 0.6542 0.7563
vn 0.0052 0.6542 0.7563
vn 0.0052 0.6541 0.7564
vn 0.0052 0.6542 0.7563
vn 0.0052 0.6542 0.7563
vn 0.0052 0.6541 0.7564
vn 0.5578 0.3880 0.7337
vn 0.5578 0.3880 0.7337
vn 0.5578 0.3880 0.7337
vn 0.5578 0.3880 0.7337
vn 0.5578 0.3880 0.7337
vn 0.5578 0.3880 0.7337
vn 0.4093 0.8154 0.4093
vn 0.4099 0.8165 0.4066
vn 0.4093 0.8154 0.4093
vn 0.4093 0.8154 0.4094
vn 0.4072 0.8175 0.4072
vn 0.4099 0.8165 0.4066
vn 0.4072 0.8175 0.4072
vn 0.4093 0.8154 0.4094
vn 0.4067 0.8165 0.4099
vn 0.4067 0.8165 0.4099
vn 0.4067 0.8165 0.4099
vn 0.4072 0.8175 0.4072
vn 0.4067 0.8165 0.4098
vn 0.4066 0.8165 0.4099
vn 0.4067 0.8165 0.4098
vn 0.7072 -0.0000 0.7071
vn 0.7071 -0.0000 0.7071
vn 0.7072 -0.0000 0.7070
vn 0.7043 -0.0000 0.7099
vn 0.7043 -0.0000 0.7099
vn 0.7044 -0.0000 0.7098
vn 0.7043 -0.0000 0.7099
vn 0.7044 -0.0000 0.7098
vn 0.7043 -0.0000 0.7099
vn 0.7072 0.0000 0.7071
vn 0.7071 0.0000 0.7071
vn 0.7072 0.0000 0.7070
vn 0.7015 0.7126 0.0000
vn 0.6714 0.7411 0.0000
vn 0.7015 0.7126 0.0000
vn 0.6715 0.7410 0.0000
vn 0.7015 0.7127 0.0000
vn 0.6716 0.7410 0.0000
vn 0.6715 0.7410 -0.0000
vn 0.5387 0.8409 0.0526
vn 0.6716 0.7409 -0.0001
vn 0.5387 0.8409 0.0526
vn 0.6715 0.7410 -0.0000
vn 0.5387 0.8409 0.0526
vn 0.4268 0.8955 0.1260
vn 0.5387 0.8409 0.0525
vn 0.4268 0.8955 0.1260
vn 0.0000 0.6962 0.7179
vn 0.0000 0.6962 0.7179
vn 0.0000 0.6961 0.7179
vn 0.0000 0.6961 0.7179
vn 0.0000 0.6961 0.7179
vn 0.0000 0.6961 0.7180
vn 0.0745 0.8616 0.5020
vn -0.0001 0.7155 0.6986
vn -0.0000 0.7183 0.6957
vn -0.0001 0.7155 0.6986
vn 0.0745 0.8616 0.5021
vn 0.0745 0.8616 0.5021
vn 0.6372 0.7706 0.0060
vn 0.0747 0.8616 0.5021
vn 0.0746 0.8615 0.5022
vn 0.0747 0.8616 0.5021
vn 0.6372 0.7707 0.0061
vn 0.6372 0.7707 0.0061
vn 0.8460 0.5216 0.1109
vn 0.6372 0.7707 0.0061
vn 0.6372 0.7707 0.0061
vn 0.6372 0.7707 0.0061
vn 0.8460 0.5216 0.1109
vn 0.8441 0.5246 0.1106
vn 0.8576 0.4753 0.1967
vn 0.8442 0.5245 0.1107
vn 0.8460 0.5216 0.1109
vn 0.8442 0.5245 0.1106
vn 0.8576 0.4752 0.1968
vn 0.8576 0.4752 0.1968
vn 0.4099 0.8165 0.4067
vn 0.4093 0.8154 0.4093
vn 0.4093 0.8154 0.4093
vn 0.4099 0.8165 0.4066
vn 0.4098 0.8165 0.4067
vn 0.4093 0.8154 0.4093
vn 0.4099 0.8165 0.4066
vn 0.4099 0.8165 0.4067
vn 0.4099 0.8165 0.4067
vn 0.7071 0.0000 0.7071
vn 0.7071 0.0000 0.7071
vn 0.7071 0.0000 0.7071
vn 0.7071 0.0000 0.7071
vn 0.7072 0.0000 0.7070
vn 0.7071 0.0000 0.7071
vn 0.7071 0.0000 0.7071
vn 0.7071 0.0000 0.7071
vn 0.7072 0.0000 0.7071
vn 0.1900 0.9219 0.3378
vn 0.0659 0.5585 0.8268
vn 0.0659 0.5585 0.8269
vn 0.0660 0.5586 0.8268
vn 0.1901 0.9218 0.3378
vn 0.1411 0.9130 0.3827
vn 0.4066 0.4099 0.8165
vn 0.0661 0.5585 0.8268
vn 0.0660 0.5586 0.8268
vn 0.0660 0.5586 0.8268
vn 0.4066 0.4099 0.8165
vn 0.4066 0.4099 0.8165
vn 0.5772 0.3868 0.7192
vn 0.4067 0.4098 0.8165
vn 0.4067 0.4098 0.8165
vn 0.4067 0.4098 0.8165
vn 0.5771 0.3868 0.7192
vn 0.5772 0.3868 0.7192
vn 0.7099 0.0000 0.7043
vn 0.7071 0.0000 0.7071
vn 0.7099 0.0000 0.7043
vn 0.7758 0.0058 0.6310
vn 0.7071 0.0000 0.7071
vn 0.7099 0.0000 0.7043
vn 0.7071 0.0000 0.7071
vn 0.7758 0.0058 0.6310
vn 0.7780 0.0058 0.6282
vn 0.7758 0.0058 0.6310
vn 0.8628 0.0478 0.5032
vn 0.7781 0.0057 0.6281
vn 0.1900 0.9218 0.3378
vn 0.4244 0.8970 0.1232
vn 0.1410 0.9130 0.3827
vn 0.1900 0.9218 0.3378
vn 0.4434 0.8870 0.1288
vn 0.4246 0.8970 0.1233
vn 0.4434 0.8870 0.1288
vn 0.1997 0.9219 0.3319
vn 0.1971 0.9127 0.3578
vn 0.1582 0.8891 0.4295
vn 0.0617 0.5638 0.8236
vn 0.0617 0.5637 0.8237
vn 0.0616 0.5638 0.8236
vn 0.1582 0.8891 0.4295
vn 0.1972 0.9127 0.3579
vn 0.4072 0.4072 0.8176
vn 0.0617 0.5638 0.8236
vn 0.0617 0.5638 0.8236
vn 0.0617 0.5638 0.8236
vn 0.4072 0.4072 0.8176
vn 0.4072 0.4072 0.8176
vn 0.5778 0.3842 0.7201
vn 0.4072 0.4072 0.8175
vn 0.4072 0.4072 0.8176
vn 0.4072 0.4072 0.8176
vn 0.5778 0.3842 0.7201
vn 0.5779 0.3842 0.7201
vn 0.4066 0.8165 0.4099
vn 0.4067 0.8165 0.4098
vn 0.4067 0.8165 0.4099
vn 0.4067 0.8165 0.4099
vn 0.4362 0.8269 0.3549
vn 0.4067 0.8165 0.4099
vn 0.4362 0.8269 0.3548
vn 0.4067 0.8165 0.4098
vn 0.4389 0.8257 0.3543
vn 0.4389 0.8257 0.3543
vn 0.4833 0.8288 0.2819
vn 0.4362 0.8269 0.3549
vn 0.7098 0.0000 0.7044
vn 0.7098 0.0000 0.7044
vn 0.7099 0.0000 0.7043
vn 0.7099 0.0000 0.7043
vn 0.7099 0.0000 0.7043
vn 0.7072 0.0000 0.7070
vn 0.1582 0.8891 0.4295
vn 0.4435 0.8870 0.1287
vn 0.1972 0.9128 0.3578
vn 0.4099 0.8165 0.4067
vn 0.4099 0.8165 0.4067
vn 0.4099 0.8165 0.4066
vn 0.4099 0.8165 0.4067
vn 0.4099 0.8165 0.4066
vn 0.4098 0.8165 0.4067
vn 0.2828 0.4414 0.8516
vn 0.2828 0.4414 0.8516
vn 0.2828 0.4413 0.8516
vn 0.2832 0.4386 0.8529
vn 0.2832 0.4386 0.8529
vn 0.2832 0.4386 0.8529
vn 0.0390 0.8243 0.5648
vn 0.2776 0.4407 0.8536
vn 0.2776 0.4407 0.8536
vn 0.2776 0.4407 0.8536
vn 0.0389 0.8244 0.5647
vn 0.0388 0.8264 0.5617
vn 0.7881 0.6150 0.0241
vn 0.0387 0.8264 0.5617
vn 0.0389 0.8243 0.5647
vn 0.0387 0.8265 0.5617
vn 0.7881 0.6150 0.0241
vn 0.7881 0.6151 0.0241
vn 0.7577 0.3911 0.5224
vn 0.2776 0.4407 0.8536
vn 0.2776 0.4407 0.8536
vn 0.2776 0.4407 0.8536
vn 0.7577 0.3911 0.5224
vn 0.7577 0.3911 0.5224
vn 0.7881 0.6151 0.0240
vn 0.7577 0.3911 0.5224
vn 0.7577 0.3911 0.5224
vn 0.7577 0.3910 0.5224
vn 0.7881 0.6151 0.0241
vn 0.7881 0.6151 0.0241
vn 0.4067 0.8165 0.4099
vn 0.4067 0.8165 0.4099
vn 0.4093 0.8154 0.4093
vn 0.4067 0.8165 0.4099
vn 0.4067 0.8165 0.4099
vn 0.4067 0.8165 0.4099
vn 0.7071 0.0000 0.7071
vn 0.7070 0.0000 0.7072
vn 0.7071 0.0000 0.7071
vn 0.7071 -0.0000 0.7071
vn 0.7071 0.0000 0.7071
vn 0.7071 0.0000 0.7071
vn 0.0745 0.8616 0.5021
vn -0.0001 0.7155 0.6986
vn -0.0000 0.7183 0.6957
vn -0.0001 0.7155 0.6986
vn 0.0745 0.8616 0.5021
vn 0.0745 0.8616 0.5021
vn 0.6372 0.7707 0.0061
vn 0.0747 0.8616 0.5021
vn 0.0746 0.8615 0.5022
vn 0.0747 0.8616 0.5021
vn 0.6371 0.7707 0.0061
vn 0.6372 0.7707 0.0061
vn 0.8460 0.5216 0.1109
vn 0.6372 0.7707 0.0060
vn 0.6372 0.7707 0.0061
vn 0.6373 0.7706 0.0061
vn 0.8460 0.5216 0.1109
vn 0.8441 0.5246 0.1106
vn 0.8576 0.4752 0.1968
vn 0.8442 0.5245 0.1107
vn 0.8460 0.5216 0.1109
vn 0.8442 0.5245 0.1107
vn 0.8576 0.4752 0.1968
vn 0.8576 0.4752 0.1968
vn 0.4099 0.8165 0.4067
vn 0.4093 0.8154 0.4093
vn 0.4093 0.8154 0.4093
vn 0.4099 0.8165 0.4066
vn 0.4098 0.8165 0.4067
vn 0.4093 0.8154 0.4093
vn 0.4099 0.8165 0.4066
vn 0.4099 0.8165 0.4067
vn 0.4099 0.8165 0.4067
vn 0.7044 0.0000 0.7098
vn 0.7100 0.0000 0.7043
vn 0.7043 0.0000 0.7099
vn 0.7099 0.0000 0.7043
vn 0.7044 0.0000 0.7098
vn 0.7098 0.0000 0.7044
vn 0.7099 0.0000 0.7043
vn 0.7043 0.0000 0.7099
vn 0.1900 0.9219 0.3378
vn 0.0659 0.5585 0.8268
vn 0.0659 0.5585 0.8269
vn 0.0660 0.5586 0.8268
vn 0.1901 0.9218 0.3378
vn 0.1411 0.9130 0.3827
vn 0.4066 0.4099 0.8165
vn 0.0661 0.5585 0.8268
vn 0.0660 0.5586 0.8268
vn 0.0660 0.5586 0.8268
vn 0.4066 0.4099 0.8165
vn 0.4066 0.4099 0.8165
vn 0.5772 0.3868 0.7192
vn 0.4067 0.4098 0.8165
vn 0.4067 0.4098 0.8165
vn 0.4067 0.4098 0.8165
vn 0.5771 0.3868 0.7192
vn 0.5772 0.3867 0.7192
vn 0.7070 0.0000 0.7072
vn 0.7044 0.0000 0.7098
vn 0.7071 0.0000 0.7071
vn 0.7758 0.0058 0.6310
vn 0.7043 0.0000 0.7099
vn 0.7072 0.0000 0.7070
vn 0.7043 0.0000 0.7099
vn 0.7758 0.0058 0.6310
vn 0.7780 0.0058 0.6282
vn 0.7758 0.0058 0.6310
vn 0.8628 0.0478 0.5032
vn 0.7781 0.0057 0.6281
vn 0.1900 0.9218 0.3378
vn 0.4244 0.8970 0.1232
vn 0.1410 0.9130 0.3827
vn 0.1582 0.8891 0.4295
vn 0.0617 0.5638 0.8236
vn 0.0617 0.5637 0.8237
vn 0.0616 0.5638 0.8236
vn 0.1582 0.8891 0.4295
vn 0.1972 0.9127 0.3579
vn 0.4072 0.4072 0.8176
vn 0.0618 0.5637 0.8236
vn 0.0617 0.5638 0.8236
vn 0.0617 0.5638 0.8236
vn 0.4072 0.4072 0.8176
vn 0.4072 0.4072 0.8176
vn 0.5778 0.3842 0.7201
vn 0.4072 0.4072 0.8175
vn 0.4072 0.4072 0.8176
vn 0.4072 0.4072 0.8176
vn 0.5778 0.3842 0.7201
vn 0.4066 0.8165 0.4099
vn 0.4067 0.8165 0.4098
vn 0.4067 0.8165 0.4099
vn 0.4067 0.8165 0.4099
vn 0.4362 0.8269 0.3549
vn 0.4067 0.8165 0.4099
vn 0.4362 0.8269 0.3548
vn 0.4067 0.8165 0.4098
vn 0.4389 0.8257 0.3543
vn 0.4389 0.8257 0.3544
vn 0.4833 0.8288 0.2819
vn 0.4362 0.8269 0.3549
vn 0.1582 0.8891 0.4295
vn 0.4435 0.8870 0.1287
vn 0.1972 0.9128 0.3578
vn 0.4099 0.8165 0.4067
vn 0.4099 0.8165 0.4067
vn 0.4099 0.8165 0.4066
vn 0.4099 0.8165 0.4067
vn 0.4099 0.8165 0.4066
vn 0.4098 0.8165 0.4067
vn 0.2832 0.4386 0.8529
vn 0.2832 0.4386 0.8529
vn 0.2832 0.4386 0.8529
vn 0.0390 0.8243 0.5648
vn 0.2776 0.4407 0.8536
vn 0.2776 0.4407 0.8536
vn 0.2776 0.4408 0.8536
vn 0.0389 0.8244 0.5647
vn 0.0388 0.8264 0.5617
vn 0.7881 0.6151 0.0241
vn 0.0387 0.8264 0.5617
vn 0.0389 0.8243 0.5647
vn 0.0387 0.8264 0.5617
vn 0.7882 0.6150 0.0241
vn 0.7881 0.6151 0.0241
vn 0.7577 0.3911 0.5224
vn 0.2776 0.4407 0.8536
vn 0.2776 0.4407 0.8536
vn 0.2776 0.4407 0.8537
vn 0.7577 0.3911 0.5224
vn 0.7577 0.3911 0.5224
vn 0.7881 0.6151 0.0240
vn 0.7577 0.3911 0.5224
vn 0.7577 0.3911 0.5224
vn 0.7577 0.3911 0.5224
vn 0.7881 0.6151 0.0240
vn 0.7881 0.6151 0.0241
vn 0.4067 0.8165 0.4099
vn 0.4067 0.8165 0.4099
vn 0.4093 0.8154 0.4093
vn 0.4067 0.8165 0.4099
vn 0.4067 0.8165 0.4098
vn 0.4067 0.8165 0.4099
vn 0.7071 0.0000 0.7071
vn 0.7070 -0.0000 0.7072
vn 0.7071 0.0000 0.7071
vn 0.7071 0.0000 0.7071
vn 0.7071 -0.0000 0.7071
vn 0.7071 -0.0000 0.7071
vn 0.4093 0.4093 0.8154
vn 0.4093 0.4093 0.8154
vn 0.4093 0.4093 0.8154
vn 0.4093 0.4093 0.8154
vn 0.4094 0.4093 0.8154
vn 0.4093 0.4093 0.8154
vn 0.4093 0.4093 0.8154
vn 0.4093 0.4093 0.8154
vn 0.4093 0.4093 0.8154
vn 0.4093 0.4093 0.8154
vn 0.4093 0.4094 0.8154
vn 0.4093 0.4093 0.8154
vn 0.4093 0.4093 0.8154
vn 0.7071 0.7071 0.0000
vn 0.7071 0.7071 0.0000
vn 0.7071 0.7071 0.0000
vn 0.7072 0.7070 0.0000
vn 0.7071 0.7071 0.0000
vn 0.7071 0.7072 0.0000
vn 0.7071 0.7071 0.0000
vn 0.7071 0.7071 0.0000
vn 0.7071 0.7071 0.0000
vn 0.7072 0.7071 0.0000
vn 0.7071 0.7072 0.0000
vn 0.7071 0.7071 -0.0000
vn 0.7071 0.7071 0.0000
vn 0.7071 0.7071 -0.0000
vn 0.7071 0.7071 -0.0000
vn 0.4860 0.0890 0.8694
vn 0.6186 0.0124 0.7856
vn 0.4861 0.0890 0.8694
vn 0.6186 0.0124 0.7856
vn 0.4861 0.0890 0.8693
vn 0.6186 0.0124 0.7856
vn 0.6186 0.0123 0.7856
vn 0.7099 0.0000 0.7043
vn 0.6186 0.0123 0.7856
vn 0.7098 0.0000 0.7044
vn 0.6186 0.0123 0.7856
vn 0.7072 -0.0000 0.7070
vn 0.7071 0.0000 0.7071
vn 0.7734 0.0100 0.6338
vn 0.7100 0.0001 0.7043
vn 0.7735 0.0100 0.6337
vn 0.7070 0.0000 0.7072
vn 0.7735 0.0100 0.6337
vn 0.7735 0.0100 0.6337
vn 0.8218 0.0536 0.5673
vn 0.7735 0.0100 0.6337
vn 0.8218 0.0536 0.5673
vn 0.7734 0.0100 0.6338
vn 0.8218 0.0536 0.5672
vn 0.8218 0.0536 0.5672
vn 0.8384 0.0889 0.5377
vn 0.8219 0.0536 0.5672
vn 0.8384 0.0889 0.5377
vn 0.8218 0.0535 0.5673
vn 0.8365 0.0886 0.5408
vn 0.4861 0.0890 0.8694
vn 0.3990 0.1496 0.9047
vn 0.4860 0.0891 0.8694
vn 0.3989 0.1496 0.9047
vn 0.4862 0.0890 0.8693
vn 0.3989 0.1496 0.9047
vn 0.8165 0.4067 0.4099
vn 0.4066 0.8165 0.4099
vn 0.8154 0.4093 0.4093
vn 0.4066 0.8165 0.4098
vn 0.8165 0.4066 0.4098
vn 0.4066 0.8165 0.4098
vn 0.8154 0.4093 0.4094
vn 0.7099 0.0000 0.7043
vn 0.8165 0.4066 0.4099
vn 0.7099 0.0000 0.7043
vn 0.8155 0.4092 0.4093
vn 0.7071 -0.0000 0.7071
vn 0.4067 0.8165 0.4097
vn -0.0000 0.7071 0.7071
vn 0.4066 0.8165 0.4099
vn -0.0001 0.7071 0.7071
vn 0.4067 0.8165 0.4098
vn -0.0000 0.7071 0.7071
vn 0.0000 0.7071 0.7071
vn 0.7071 -0.0001 0.7071
vn 0.0001 0.7071 0.7071
vn 0.7071 -0.0000 0.7071
vn 0.0001 0.7071 0.7071
vn 0.7099 0.0001 0.7043
vn 0.8165 0.4099 0.4066
vn 0.4093 0.8154 0.4094
vn 0.8176 0.4072 0.4072
vn 0.4093 0.8154 0.4093
vn 0.8165 0.4098 0.4066
vn 0.4093 0.8154 0.4093
vn 0.8176 0.4071 0.4072
vn 0.7044 0.0000 0.7098
vn 0.8165 0.4098 0.4067
vn 0.7043 0.0000 0.7099
vn 0.8176 0.4071 0.4072
vn 0.7044 0.0000 0.7099
vn 0.4093 0.8155 0.4093
vn 0.4093 0.8154 0.4094
vn 0.4093 0.8154 0.4093
vn 0.0000 0.7043 0.7099
vn 0.0001 0.7044 0.7098
vn 0.7044 0.0000 0.7098
vn 0.0001 0.7071 0.7071
vn 0.7044 -0.0000 0.7098
vn 0.0001 0.7043 0.7099
vn 0.7044 0.0000 0.7098
vn 0.8165 0.4066 0.4099
vn 0.8165 0.4067 0.4099
vn 0.8165 0.4067 0.4099
vn 0.8165 0.4067 0.4099
vn 0.8165 0.4067 0.4099
vn 0.8154 0.4094 0.4093
vn 0.8165 0.4066 0.4099
vn 0.8165 0.4067 0.4099
vn 0.8165 0.4067 0.4099
vn 0.8165 0.4067 0.4099
vn 0.8165 0.4067 0.4099
vn 0.8175 0.4072 0.4072
vn 0.8154 0.4093 0.4093
vn 0.8154 0.4093 0.4093
vn 0.8154 0.4093 0.4093
vn 0.8154 0.4093 0.4094
vn 0.8154 0.4093 0.4093
vn 0.8154 0.4093 0.4093
vn 0.8154 0.4093 0.4094
vn 0.8154 0.4093 0.4093
vn 0.8154 0.4093 0.4093
vn 0.8154 0.4093 0.4093
vn 0.8154 0.4094 0.4093
vn 0.8154 0.4093 0.4093
vn 0.8154 0.4093 0.4094
vn 0.8154 0.4093 0.4094
vn 0.8154 0.4094 0.4093
vn 0.8154 0.4093 0.4093
vn 0.8154 0.4093 0.4093
vn 0.8154 0.4093 0.4093
vn 0.0000 0.7070 0.7072
vn 0.0000 0.7099 0.7043
vn 0.0000 0.7071 0.7071
vn 0.0000 0.7098 0.7044
vn 0.0000 0.7072 0.7070
vn 0.0000 0.7071 0.7071
vn -0.0000 0.7099 0.7043
vn -0.0000 0.7099 0.7043
vn -0.0000 0.7071 0.7071
vn 0.0000 0.7099 0.7043
vn 0.0000 0.7099 0.7043
vn 0.0000 0.7071 0.7071
vn -0.0000 0.7071 0.7071
vn -0.0000 0.7071 0.7071
vn -0.0000 0.7071 0.7071
vn 0.0000 0.7071 0.7071
vn 0.0000 0.7071 0.7071
vn 0.0000 0.7071 0.7071
vn 0.0000 0.7071 0.7071
vn 0.0000 0.7071 0.7071
vn 0.0000 0.7071 0.7071
vn -0.0000 0.7071 0.7071
vn -0.0000 0.7071 0.7071
vn -0.0000 0.7071 0.7071
vn 0.0000 0.7071 0.7071
vn 0.0000 0.7072 0.7070
vn 0.0000 0.7043 0.7099
vn 0.3447 0.7294 0.5909
vn 0.3664 0.4122 0.8342
vn 0.3447 0.7294 0.5909
vn 0.3664 0.4122 0.8342
vn 0.3447 0.7294 0.5909
vn 0.3664 0.4122 0.8342
vn 0.3448 0.7294 0.5909
vn 0.4133 0.8784 0.2400
vn 0.3447 0.7294 0.5910
vn 0.4134 0.8784 0.2399
vn 0.3447 0.7294 0.5909
vn 0.4134 0.8784 0.2399
vn 0.4134 0.8784 0.2399
vn 0.6556 0.7551 -0.0000
vn 0.4134 0.8784 0.2399
vn 0.6556 0.7551 -0.0000
vn 0.4134 0.8784 0.2399
vn 0.6556 0.7551 -0.0000
vn 0.5062 0.0768 0.8590
vn 0.8632 0.1388 0.4855
vn 0.5063 0.0768 0.8589
vn 0.8631 0.1388 0.4856
vn 0.5063 0.0768 0.8589
vn 0.8631 0.1388 0.4855
vn 0.8631 0.1387 0.4855
vn 0.6557 0.7551 0.0001
vn 0.8631 0.1387 0.4855
vn 0.6556 0.7551 0.0001
vn 0.8631 0.1388 0.4855
vn 0.6556 0.7551 0.0001
vn 0.5063 0.0769 0.8589
vn 0.3664 0.4121 0.8342
vn 0.5063 0.0769 0.8589
vn 0.3664 0.4122 0.8342
vn 0.5064 0.0769 0.8589
vn 0.3664 0.4121 0.8342
vn 0.9088 0.2950 0.2950
vn 0.6652 0.7467 0.0001
vn 0.9088 0.2949 0.2950
vn 0.6651 0.7467 0.0001
vn 0.9088 0.2950 0.2950
vn 0.6680 0.7442 0.0000
vn 0.6681 0.7441 -0.0000
vn 0.4583 0.8763 0.1488
vn 0.6651 0.7467 0.0000
vn 0.4582 0.8763 0.1488
vn 0.6680 0.7441 -0.0000
vn 0.4583 0.8763 0.1487
vn 0.4583 0.8763 0.1488
vn 0.3710 0.8299 0.4166
vn 0.4582 0.8763 0.1488
vn 0.3711 0.8299 0.4166
vn 0.4583 0.8763 0.1487
vn 0.3711 0.8299 0.4166
vn 0.3710 0.8299 0.4166
vn 0.3468 0.6632 0.6632
vn 0.3710 0.8299 0.4166
vn 0.3469 0.6632 0.6632
vn 0.3710 0.8299 0.4166
vn 0.3468 0.6632 0.6632
vn 0.3469 0.6632 0.6632
vn 0.3715 0.4139 0.8311
vn 0.3468 0.6632 0.6632
vn 0.3715 0.4139 0.8311
vn 0.3468 0.6632 0.6632
vn 0.3710 0.4166 0.8299
vn 0.3710 0.4166 0.8299
vn 0.4583 0.1488 0.8763
vn 0.3715 0.4139 0.8311
vn 0.4583 0.1487 0.8763
vn 0.3710 0.4166 0.8299
vn 0.4583 0.1488 0.8763
vn 0.9088 0.2950 0.2950
vn 0.6651 0.0001 0.7467
vn 0.9089 0.2950 0.2949
vn 0.6651 0.0000 0.7467
vn 0.9088 0.2950 0.2949
vn 0.6651 -0.0000 0.7468
vn 0.6651 0.0000 0.7468
vn 0.4583 0.1487 0.8763
vn 0.6651 0.0000 0.7468
vn 0.4582 0.1487 0.8763
vn 0.6651 -0.0000 0.7468
vn 0.4582 0.1487 0.8763
vn 0.8154 0.4093 0.4093
vn 0.8165 0.4067 0.4098
vn 0.8165 0.4067 0.4099
vn 0.8165 0.4067 0.4099
vn 0.8154 0.4093 0.4093
vn 0.8175 0.4072 0.4072
vn 0.8165 0.4098 0.4067
vn 0.8175 0.4072 0.4072
vn 0.8154 0.4093 0.4093
vn 0.8175 0.4072 0.4072
vn 0.8165 0.4099 0.4067
vn 0.8165 0.4099 0.4067
vn 0.8165 0.4099 0.4067
vn 0.8165 0.4099 0.4067
vn 0.8165 0.4099 0.4066
vn 0.8165 0.4067 0.4099
vn 0.8165 0.4067 0.4099
vn 0.8165 0.4067 0.4099
vn -0.0000 0.7071 0.7071
vn -0.0000 0.7071 0.7071
vn -0.0000 0.7071 0.7071
vn 0.0000 0.7071 0.7071
vn 0.0000 0.7071 0.7071
vn 0.0000 0.7071 0.7071
vn 0.0000 0.7071 0.7072
vn 0.0000 0.7071 0.7071
vn 0.0000 0.7071 0.7071
vn -0.0000 0.7071 0.7072
vn -0.0000 0.7071 0.7071
vn -0.0000 0.7072 0.7070
vn 0.0000 0.7070 0.7072
vn 0.0000 0.7071 0.7072
vn 0.0000 0.7071 0.7071
vn 0.0000 0.7070 0.7072
vn 0.0000 0.7071 0.7072
vn 0.0000 0.7071 0.7071
vn 0.9088 0.2950 0.2949
vn 0.6651 0.7467 0.0001
vn 0.9088 0.2950 0.2949
vn 0.6651 0.7467 0.0001
vn 0.9088 0.2950 0.2950
vn 0.6650 0.7468 0.0001
vn 0.6651 0.7467 -0.0001
vn 0.4582 0.8763 0.1488
vn 0.6651 0.7468 -0.0000
vn 0.4582 0.8763 0.1488
vn 0.6651 0.7467 -0.0000
vn 0.4582 0.8763 0.1488
vn 0.4583 0.8763 0.1488
vn 0.3715 0.8311 0.4139
vn 0.4583 0.8763 0.1488
vn 0.3715 0.8311 0.4139
vn 0.4583 0.8763 0.1487
vn 0.3715 0.8311 0.4139
vn 0.3715 0.8310 0.4139
vn 0.3468 0.6632 0.6632
vn 0.3715 0.8311 0.4139
vn 0.3468 0.6632 0.6632
vn 0.3715 0.8311 0.4139
vn 0.3468 0.6632 0.6632
vn 0.3468 0.6632 0.6632
vn 0.3715 0.4139 0.8311
vn 0.3468 0.6633 0.6632
vn 0.3715 0.4139 0.8310
vn 0.3469 0.6632 0.6632
vn 0.3715 0.4139 0.8311
vn 0.3715 0.4139 0.8311
vn 0.4583 0.1487 0.8763
vn 0.3716 0.4139 0.8311
vn 0.4583 0.1488 0.8763
vn 0.3715 0.4139 0.8311
vn 0.4582 0.1488 0.8763
vn 0.9088 0.2949 0.2950
vn 0.6651 -0.0000 0.7468
vn 0.9089 0.2950 0.2949
vn 0.6651 0.0000 0.7467
vn 0.9088 0.2950 0.2949
vn 0.6680 0.0000 0.7442
vn 0.6680 -0.0000 0.7442
vn 0.4583 0.1488 0.8763
vn 0.6651 -0.0000 0.7468
vn 0.4583 0.1487 0.8762
vn 0.6680 -0.0000 0.7441
vn 0.4583 0.1487 0.8763
vn 0.3420 0.8398 0.4216
vn 0.3419 0.8398 0.4216
vn 0.3419 0.8398 0.4216
vn 0.3420 0.8398 0.4216
vn 0.3419 0.8398 0.4216
vn 0.3420 0.8398 0.4216
vn 0.7071 0.0000 0.7071
vn 0.7071 0.0000 0.7071
vn 0.7071 0.0000 0.7071
vn 0.7071 0.0000 0.7071
vn 0.8175 0.4072 0.4072
vn 0.8154 0.4093 0.4093
vn 0.8175 0.4072 0.4072
vn 0.8154 0.4094 0.4093
vn 0.8175 0.4072 0.4072
vn 0.8154 0.4093 0.4094
vn 0.0000 0.7070 0.7072
vn 0.0000 0.7072 0.7071
vn 0.0000 0.7071 0.7071
vn 0.0000 0.7071 0.7071
vn 0.8154 0.4094 0.4093
vn 0.8154 0.4093 0.4094
vn 0.8154 0.4093 0.4093
vn 0.8154 0.4093 0.4093
vn 0.8154 0.4094 0.4093
vn 0.8154 0.4093 0.4093
vn 0.8154 0.4093 0.4093
vn 0.8154 0.4093 0.4094
vn 0.8154 0.4093 0.4094
vn 0.8154 0.4093 0.4093
vn 0.8154 0.4094 0.4093
vn 0.8154 0.4093 0.4094
vn 0.8154 0.4093 0.4094
vn 0.8154 0.4093 0.4093
vn 0.8154 0.4093 0.4093
vn 0.8154 0.4093 0.4093
vn 0.8154 0.4066 0.4120
vn 0.8154 0.4093 0.4093
vn 0.8154 0.4093 0.4093
vn 0.8175 0.4072 0.4072
vn 0.8154 0.4093 0.4093
vn 0.8175 0.4072 0.4072
vn 0.8154 0.4094 0.4093
vn 0.8175 0.4072 0.4072
vn 0.8175 0.4072 0.4072
vn 0.8175 0.4072 0.4072
vn 0.8175 0.4072 0.4072
vn 0.8175 0.4072 0.4072
vn 0.8175 0.4072 0.4072
vn 0.8175 0.4072 0.4072
vn 0.8175 0.4072 0.4072
vn 0.8175 0.4072 0.4072
vn 0.8175 0.4072 0.4072
vn 0.8176 0.4072 0.4072
vn 0.8175 0.4072 0.4072
vn 0.8175 0.4072 0.4072
vn 0.8175 0.4072 0.4072
vn 0.8175 0.4072 0.4071
vn 0.8175 0.4072 0.4072
vn 0.8175 0.4072 0.4072
vn 0.8175 0.4072 0.4072
vn 0.8154 0.4094 0.4093
vn 0.7099 -0.0001 0.7043
vn 0.7100 -0.0001 0.7042
vn 0.7098 -0.0001 0.7044
vn 0.7098 -0.0001 0.7044
vn 0.7100 -0.0000 0.7042
vn 0.7098 -0.0001 0.7044
vn 0.0000 0.7072 0.7070
vn 0.0000 0.7072 0.7071
vn 0.0000 0.7071 0.7071
vn 0.0000 0.7072 0.7071
vn 0.0000 0.7071 0.7071
vn -0.0000 0.7071 0.7071
vn 0.0000 0.7071 0.7071
vn -0.0000 0.7071 0.7071
vn 0.0000 0.7071 0.7071
vn 0.0000 0.7071 0.7071
vn 0.0000 0.7071 0.7071
vn 0.0000 0.7070 0.7072
vn 0.0000 0.7071 0.7071
vn 0.0000 0.7070 0.7072
vn 0.0000 0.7071 0.7071
vn 0.0000 0.7071 0.7071
vn 0.0000 0.7071 0.7071
vn 0.0000 0.7071 0.7071
vn 0.0000 0.7071 0.7071
vn -0.0000 0.7071 0.7071
vn -0.0000 0.7071 0.7071
vn 0.0000 0.7071 0.7071
vn 0.0000 0.7071 0.7072
vn 0.0000 0.7071 0.7071
vn -0.0000 0.7070 0.7072
vn -0.0000 0.7071 0.7072
vn -0.0000 0.7071 0.7071
vn 0.0000 0.7070 0.7072
vn -0.0000 0.7070 0.7072
vn 0.0000 0.7071 0.7071
vn 0.0000 0.7071 0.7071
vn 0.0000 0.7072 0.7070
vn 0.0000 0.7071 0.7071
vn 0.0000 0.7071 0.7071
vn 0.0000 0.7071 0.7071
vn 0.0000 0.7071 0.7071
vn 0.0000 0.7072 0.7070
vn -0.0000 0.7071 0.7071
vn 0.0000 0.7071 0.7071
vn 0.0000 0.7072 0.7070
vn 0.0000 0.7071 0.7071
vn 0.0000 0.7071 0.7071
vn 0.0000 0.7072 0.7071
vn 0.0000 0.7071 0.7071
vn 0.0000 0.7071 0.7072
vn 0.0000 0.7071 0.7071
vn 0.0000 0.7071 0.7071
vn 0.4093 0.8154 0.4093
vn 0.4094 0.8154 0.4093
vn 0.4093 0.8154 0.4094
vn 0.4093 0.8154 0.4093
vn 0.4093 0.8154 0.4093
vn 0.4093 0.8154 0.4094
vn 0.4646 0.2122 0.8597
vn 0.4942 0.1518 0.8560
vn 0.4646 0.2122 0.8597
vn 0.4942 0.1517 0.8560
vn 0.4647 0.2121 0.8597
vn 0.4942 0.1518 0.8560
vn 0.4646 0.2122 0.8597
vn 0.4243 0.3415 0.8387
vn 0.4646 0.2122 0.8597
vn 0.4244 0.3414 0.8386
vn 0.4646 0.2122 0.8597
vn 0.4243 0.3415 0.8387
vn 0.4243 0.3415 0.8387
vn 0.3939 0.4985 0.7723
vn 0.4243 0.3415 0.8387
vn 0.3938 0.4985 0.7723
vn 0.4243 0.3415 0.8387
vn 0.3938 0.4985 0.7723
vn 0.3938 0.4985 0.7723
vn 0.3857 0.5877 0.7112
vn 0.3938 0.4985 0.7723
vn 0.3857 0.5877 0.7112
vn 0.3938 0.4984 0.7723
vn 0.3857 0.5877 0.7112
vn 0.5377 0.8384 0.0890
vn 0.4991 0.8538 0.1481
vn 0.5378 0.8384 0.0889
vn 0.4990 0.8538 0.1481
vn 0.5377 0.8384 0.0889
vn 0.4990 0.8538 0.1481
vn 0.5377 0.8384 0.0889
vn 0.6412 0.7673 0.0101
vn 0.5378 0.8384 0.0889
vn 0.6412 0.7673 0.0101
vn 0.5377 0.8384 0.0889
vn 0.6411 0.7674 0.0101
vn 0.6412 0.7673 0.0100
vn 0.8095 0.5865 0.0254
vn 0.6411 0.7674 0.0100
vn 0.8096 0.5865 0.0254
vn 0.6412 0.7673 0.0100
vn 0.8095 0.5865 0.0254
vn 0.8096 0.5865 0.0255
vn 0.8987 0.4175 0.1345
vn 0.8096 0.5865 0.0255
vn 0.8987 0.4175 0.1345
vn 0.8095 0.5865 0.0255
vn 0.9000 0.4149 0.1336
vn 0.4088 0.8143 0.4120
vn 0.4062 0.8154 0.4125
vn 0.4088 0.8143 0.4120
vn 0.4062 0.8154 0.4125
vn 0.4088 0.8143 0.4120
vn 0.4061 0.8154 0.4125
vn 0.7099 0.0000 0.7043
vn 0.7126 0.0001 0.7015
vn 0.7098 0.0000 0.7044
vn 0.7126 -0.0001 0.7015
vn 0.7100 0.0000 0.7042
vn 0.7126 -0.0001 0.7016
vn 0.4066 0.4099 0.8165
vn 0.4066 0.4099 0.8165
vn 0.4067 0.4099 0.8165
vn 0.4066 0.4099 0.8165
vn 0.4067 0.4099 0.8165
vn 0.4067 0.4099 0.8165
vn 0.8154 0.4093 0.4093
vn 0.8154 0.4093 0.4093
vn 0.8154 0.4093 0.4094
vn 0.8154 0.4093 0.4093
vn 0.8154 0.4093 0.4093
vn 0.8154 0.4093 0.4093
vn 0.4093 0.4094 0.8154
vn 0.4093 0.4093 0.8154
vn 0.4093 0.4093 0.8154
vn 0.4093 0.4093 0.8154
vn 0.7126 0.0001 0.7015
vn 0.7127 -0.0001 0.7015
vn 0.7126 -0.0001 0.7015
vn 0.7127 -0.0001 0.7015
vn 0.7126 0.0001 0.7016
vn 0.7127 0.0001 0.7015
vn 0.4083 0.8197 0.4018
vn 0.4082 0.8197 0.4019
vn 0.4083 0.8197 0.4018
vn 0.4110 0.8186 0.4013
vn 0.4109 0.8186 0.4013
vn 0.4110 0.8186 0.4013
vn 0.8176 0.4072 0.4072
vn 0.4099 0.4067 0.8165
vn 0.8165 0.4066 0.4098
vn 0.4099 0.4066 0.8165
vn 0.8176 0.4072 0.4072
vn 0.4098 0.4066 0.8165
vn 0.4098 0.4067 0.8165
vn -0.0000 0.7071 0.7071
vn 0.4098 0.4067 0.8165
vn 0.0000 0.7070 0.7072
vn 0.4098 0.4066 0.8165
vn 0.0000 0.7071 0.7071
vn 0.8165 0.4067 0.4098
vn 0.7071 0.7071 -0.0000
vn 0.8176 0.4072 0.4072
vn 0.7071 0.7071 0.0000
vn 0.8165 0.4067 0.4098
vn 0.7071 0.7071 -0.0000
vn 0.7071 0.7071 0.0000
vn 0.0000 0.7071 0.7072
vn 0.7071 0.7071 -0.0000
vn 0.0000 0.7071 0.7072
vn 0.7071 0.7071 0.0000
vn 0.0000 0.7071 0.7071
vn 0.8155 0.4093 0.4093
vn 0.4072 0.8175 0.4072
vn 0.7932 0.4622 0.3966
vn 0.4072 0.8176 0.4071
vn 0.8154 0.4093 0.4093
vn 0.4067 0.8165 0.4098
vn 0.4066 0.8165 0.4099
vn 0.0051 0.7588 0.6512
vn 0.4071 0.8175 0.4073
vn 0.0051 0.7589 0.6512
vn 0.4066 0.8165 0.4098
vn 0.0000 0.7071 0.7071
vn 0.0000 0.7072 0.7070
vn 0.7100 0.0000 0.7042
vn 0.0052 0.7589 0.6512
vn 0.7099 0.0001 0.7043
vn 0.0000 0.7071 0.7071
vn 0.7043 -0.0000 0.7099
vn 0.7932 0.4621 0.3966
vn 0.7043 -0.0000 0.7099
vn 0.8154 0.4093 0.4093
vn 0.7043 -0.0000 0.7099
vn 0.7932 0.4622 0.3966
vn 0.7099 -0.0000 0.7043
vn 0.8165 0.4066 0.4099
vn 0.4093 0.8154 0.4093
vn 0.8165 0.4099 0.4066
vn 0.4093 0.8154 0.4093
vn 0.8165 0.4066 0.4098
vn 0.4066 0.8165 0.4098
vn 0.4066 0.8165 0.4098
vn -0.0000 0.7071 0.7071
vn 0.4093 0.8154 0.4093
vn -0.0000 0.7071 0.7071
vn 0.4066 0.8165 0.4099
vn -0.0000 0.7043 0.7099
vn -0.0000 0.7043 0.7099
vn 0.7071 0.0000 0.7071
vn -0.0000 0.7071 0.7071
vn 0.7071 0.0001 0.7071
vn 0.0000 0.7043 0.7099
vn 0.7043 0.0000 0.7099
vn 0.7043 -0.0000 0.7099
vn 0.8165 0.4098 0.4066
vn 0.7071 0.0000 0.7071
vn 0.8165 0.4098 0.4067
vn 0.7043 -0.0000 0.7099
vn 0.8165 0.4066 0.4099
vn 0.7098 0.0000 0.7044
vn 0.7098 0.0000 0.7044
vn 0.7099 0.0000 0.7043
vn 0.7099 0.0000 0.7043
vn 0.7098 0.0000 0.7044
vn 0.7071 0.0000 0.7071
vn 0.4072 0.4072 0.8175
vn 0.4072 0.4072 0.8175
vn 0.4072 0.4072 0.8175
vn 0.4072 0.4072 0.8175
vn 0.4072 0.4072 0.8175
vn 0.4067 0.4098 0.8165
vn 0.4099 0.8165 0.4067
vn 0.4098 0.8165 0.4067
vn 0.4099 0.8165 0.4067
vn 0.4099 0.8165 0.4067
vn 0.4099 0.8165 0.4067
vn 0.4093 0.8154 0.4093
vn 0.7098 0.7044 0.0000
vn 0.7099 0.7043 0.0000
vn 0.7099 0.7043 0.0000
vn 0.7099 0.7043 0.0000
vn 0.7099 0.7043 0.0000
vn 0.8465 0.0595 0.5291
vn 0.8465 0.0595 0.5291
vn 0.8465 0.0595 0.5291
vn 0.8465 0.0596 0.5290
vn 0.8465 0.0596 0.5290
vn 0.8465 0.0595 0.5290
vn 0.4407 0.2776 0.8536
vn 0.4407 0.2776 0.8536
vn 0.4407 0.2776 0.8536
vn 0.4407 0.2776 0.8536
vn 0.4407 0.2776 0.8536
vn 0.4407 0.2776 0.8536
vn 0.3877 0.7511 0.5343
vn 0.3903 0.7502 0.5337
vn 0.3877 0.7511 0.5343
vn 0.3903 0.7502 0.5337
vn 0.3877 0.7511 0.5343
vn 0.3903 0.7502 0.5337
vn 0.5899 0.8064 0.0414
vn 0.5898 0.8065 0.0415
vn 0.5898 0.8065 0.0415
vn 0.5899 0.8064 0.0415
vn 0.5898 0.8065 0.0415
vn 0.5899 0.8064 0.0414
vn 0.8465 0.0595 0.5290
vn 0.8465 0.0595 0.5290
vn 0.8446 0.0599 0.5320
vn 0.8465 0.0595 0.5291
vn 0.8465 0.0595 0.5291
vn 0.8465 0.0595 0.5291
vn 0.4407 0.2776 0.8536
vn 0.4407 0.2777 0.8536
vn 0.4408 0.2776 0.8536
vn 0.4407 0.2776 0.8536
vn 0.4407 0.2777 0.8537
vn 0.4407 0.2776 0.8536
vn 0.3903 0.7502 0.5337
vn 0.3903 0.7502 0.5336
vn 0.3903 0.7502 0.5337
vn 0.3903 0.7502 0.5337
vn 0.3903 0.7502 0.5336
vn 0.3903 0.7502 0.5337
vn 0.5899 0.8064 0.0414
vn 0.5898 0.8065 0.0415
vn 0.5898 0.8065 0.0415
vn 0.5899 0.8064 0.0415
vn 0.5898 0.8065 0.0415
vn 0.5899 0.8064 0.0415
vn 0.7070 0.7072 0.0000
vn 0.7043 0.7099 -0.0000
vn 0.7071 0.7071 0.0000
vn 0.7043 0.7099 0.0000
vn 0.7071 0.7071 0.0000
vn 0.7044 0.7098 0.0000
vn 0.7071 -0.0001 0.7071
vn 0.7071 -0.0001 0.7071
vn 0.7072 -0.0000 0.7070
vn 0.7071 0.0000 0.7071
vn 0.7071 0.0000 0.7071
vn 0.7071 0.0000 0.7071
vn 0.4099 0.4067 0.8165
vn 0.4072 0.4072 0.8175
vn 0.4099 0.4066 0.8165
vn 0.4072 0.4072 0.8175
vn 0.4099 0.4067 0.8165
vn 0.4072 0.4072 0.8175
vn 0.4093 0.8154 0.4093
vn 0.4093 0.8154 0.4093
vn 0.4094 0.8154 0.4093
vn 0.4093 0.8154 0.4093
vn 0.4093 0.8154 0.4094
vn 0.4094 0.8154 0.4093
vn 0.7070 0.0000 0.7072
vn 0.7071 0.0000 0.7071
vn 0.7071 0.0000 0.7071
vn 0.7071 0.0000 0.7071
vn 0.7071 0.0000 0.7071
vn 0.4067 0.4099 0.8165
vn 0.4067 0.4099 0.8165
vn 0.4067 0.4099 0.8165
vn 0.4067 0.4099 0.8165
vn 0.4093 0.8154 0.4093
vn 0.4093 0.8154 0.4093
vn 0.7098 0.7044 0.0000
vn 0.7099 0.7043 0.0000
vn 0.7072 0.7071 0.0000
vn 0.7099 0.7043 0.0000
vn 0.7099 0.7043 0.0000
vn 0.7099 0.7043 0.0000
vn 0.4077 0.4045 0.8186
vn 0.4104 0.4040 0.8175
vn 0.4077 0.4045 0.8186
vn 0.4104 0.4040 0.8175
vn 0.4077 0.4045 0.8186
vn 0.4104 0.4039 0.8175
vn 0.4072 0.8175 0.4072
vn 0.4072 0.8175 0.4072
vn 0.4072 0.8175 0.4072
vn 0.4072 0.8175 0.4072
vn 0.4072 0.8175 0.4072
vn 0.4072 0.8175 0.4072
vn 0.7016 0.7126 0.0000
vn 0.7016 0.7126 0.0000
vn 0.7016 0.7126 0.0000
vn 0.7015 0.7126 0.0000
vn 0.7016 0.7126 -0.0000
vn 0.7016 0.7126 -0.0000
vn 0.7071 -0.0000 0.7071
vn 0.7071 -0.0000 0.7071
vn 0.7072 -0.0000 0.7070
vn 0.7071 -0.0000 0.7071
vn 0.7071 -0.0000 0.7071
vn 0.7071 -0.0000 0.7071
vn 0.4072 0.8176 0.4071
vn 0.8144 0.4088 0.4120
vn 0.4093 0.8154 0.4093
vn 0.8144 0.4088 0.4120
vn 0.4072 0.8176 0.4071
vn 0.8154 0.4061 0.4125
vn 0.4093 0.8154 0.4094
vn 0.0001 0.7127 0.7015
vn 0.4071 0.8176 0.4072
vn -0.0000 0.7126 0.7016
vn 0.4093 0.8154 0.4093
vn 0.0000 0.7126 0.7015
vn 0.8154 0.4061 0.4126
vn 0.7071 -0.0000 0.7071
vn 0.8143 0.4088 0.4120
vn 0.7071 -0.0000 0.7071
vn 0.8154 0.4061 0.4125
vn 0.7071 -0.0000 0.7071
vn 0.7071 0.0001 0.7071
vn -0.0000 0.7127 0.7015
vn 0.7071 0.0001 0.7071
vn -0.0001 0.7126 0.7015
vn 0.7071 0.0001 0.7071
vn -0.0001 0.7126 0.7016
vn 0.2887 0.7916 0.5385
vn 0.4077 0.4045 0.8186
vn 0.3888 0.7623 0.5174
vn 0.4077 0.4045 0.8187
vn 0.2888 0.7916 0.5385
vn 0.3143 0.4259 0.8484
vn 0.3144 0.4259 0.8484
vn 0.2888 0.7916 0.5385
vn -0.0000 0.6748 0.7380
vn 0.2887 0.7916 0.5385
vn 0.3890 0.9109 0.1373
vn -0.0001 0.6748 0.7380
vn 0.3891 0.9109 0.1373
vn 0.7930 0.5505 0.2611
vn 0.0000 0.6748 0.7380
vn 0.7930 0.5504 0.2612
vn 0.4808 0.0539 0.8752
vn -0.0001 0.6747 0.7381
vn 0.4808 0.0539 0.8752
vn 0.3144 0.4259 0.8484
vn -0.0001 0.6748 0.7380
vn 0.3889 0.7623 0.5174
vn 0.3891 0.9109 0.1373
vn 0.2888 0.7916 0.5386
vn 0.3891 0.9109 0.1373
vn 0.3888 0.7623 0.5174
vn 0.5257 0.8444 0.1035
vn 0.5257 0.8443 0.1034
vn 0.7929 0.5504 0.2613
vn 0.3892 0.9109 0.1373
vn 0.7929 0.5504 0.2613
vn 0.5257 0.8443 0.1034
vn 0.9078 0.3859 0.1643
vn 0.9077 0.3860 0.1645
vn 0.4808 0.0540 0.8752
vn 0.7930 0.5504 0.2612
vn 0.4809 0.0541 0.8751
vn 0.9077 0.3861 0.1643
vn 0.6128 0.0240 0.7899
vn 0.6128 0.0240 0.7899
vn 0.3143 0.4259 0.8484
vn 0.4808 0.0541 0.8752
vn 0.3143 0.4259 0.8484
vn 0.6128 0.0239 0.7899
vn 0.4077 0.4045 0.8186
vn 0.8154 0.4093 0.4093
vn 0.8154 0.4093 0.4093
vn 0.8154 0.4093 0.4093
vn 0.8154 0.4093 0.4093
vn 0.8154 0.4093 0.4093
vn 0.8154 0.4093 0.4093
vn 0.8154 0.4094 0.4093
vn 0.8154 0.4093 0.4093
vn 0.8154 0.4093 0.4094
vn 0.4098 0.4066 0.8165
vn 0.7215 0.3834 0.5766
vn 0.7215 0.3834 0.5766
vn 0.7215 0.3834 0.5766
vn 0.4099 0.4066 0.8165
vn 0.4093 0.4093 0.8154
vn 0.0735 0.5532 0.8298
vn 0.4093 0.4093 0.8154
vn 0.4098 0.4066 0.8165
vn 0.4093 0.4094 0.8154
vn 0.0735 0.5532 0.8298
vn 0.0735 0.5532 0.8298
vn 0.0000 0.7071 0.7071
vn 0.0734 0.5532 0.8298
vn 0.0734 0.5532 0.8298
vn 0.0734 0.5532 0.8298
vn 0.0000 0.7071 0.7072
vn 0.8186 0.4110 0.4013
vn 0.7215 0.3834 0.5766
vn 0.7215 0.3834 0.5766
vn 0.7215 0.3834 0.5766
vn 0.8186 0.4109 0.4013
vn 0.8186 0.4110 0.4013
vn 0.7071 0.0000 0.7072
vn 0.7071 0.0000 0.7071
vn 0.7071 0.0000 0.7071
vn 0.7070 0.0000 0.7072
vn 0.7072 0.0000 0.7070
vn 0.7043 0.0000 0.7099
vn 0.7070 0.0000 0.7072
vn 0.7044 0.0000 0.7098
vn 0.7071 0.0000 0.7071
vn 0.7042 -0.0000 0.7100
vn 0.7072 -0.0000 0.7070
vn 0.7044 -0.0000 0.7098
vn 0.7043 0.0000 0.7099
vn 0.7071 0.0000 0.7071
vn 0.7043 0.0000 0.7099
vn 0.7071 0.0000 0.7071
vn 0.7072 0.0000 0.7070
vn 0.7044 0.0000 0.7098
vn 0.7071 0.0000 0.7072
vn 0.7071 0.0000 0.7071
vn 0.7071 -0.0000 0.7071
vn 0.7044 -0.0000 0.7098
vn 0.7043 -0.0000 0.7099
vn 0.7071 0.0000 0.7072
vn 0.7043 0.0000 0.7099
vn 0.7044 -0.0000 0.7098
vn 0.7043 0.0000 0.7099
vn 0.7072 0.0000 0.7071
vn 0.7071 0.0000 0.7071
vn 0.7071 0.7071 0.0000
vn 0.1118 0.8874 0.4472
vn 0.1118 0.8874 0.4472
vn 0.1119 0.8874 0.4472
vn 0.7071 0.7071 0.0000
vn 0.7071 0.7071 0.0000
vn 0.8584 0.4581 0.2308
vn 0.7071 0.7071 -0.0000
vn 0.7071 0.7071 -0.0000
vn 0.7071 0.7071 -0.0000
vn 0.8584 0.4581 0.2308
vn 0.8585 0.4580 0.2308
vn 0.6530 0.3867 0.6512
vn 0.8584 0.4581 0.2308
vn 0.8584 0.4581 0.2309
vn 0.8584 0.4581 0.2309
vn 0.6530 0.3835 0.6531
vn 0.6530 0.3835 0.6531
vn 0.1450 0.4980 0.8550
vn 0.1118 0.8874 0.4472
vn 0.1118 0.8874 0.4472
vn 0.1118 0.8874 0.4472
vn 0.1450 0.4981 0.8549
vn 0.1450 0.4981 0.8549
vn 0.6531 0.3835 0.6530
vn 0.1451 0.4981 0.8549
vn 0.1451 0.4980 0.8549
vn 0.1451 0.4980 0.8549
vn 0.6531 0.3835 0.6530
vn 0.6531 0.3835 0.6530
vn 0.4067 0.8165 0.4099
vn 0.4099 0.8165 0.4067
vn 0.4099 0.8165 0.4067
vn 0.4098 0.8165 0.4067
vn 0.4067 0.8165 0.4099
vn 0.4067 0.8165 0.4099
vn 0.4072 0.8175 0.4072
vn 0.4067 0.8165 0.4099
vn 0.4066 0.8165 0.4099
vn 0.4072 0.8175 0.4072
vn 0.4072 0.8175 0.4072
vn 0.4067 0.8165 0.4099
vn 0.4072 0.8175 0.4072
vn 0.4072 0.8175 0.4072
vn 0.4072 0.8175 0.4072
vn 0.4067 0.8165 0.4099
vn 0.4094 0.8154 0.4093
vn 0.4067 0.8165 0.4099
vn 0.4093 0.8154 0.4093
vn 0.4066 0.8165 0.4099
vn 0.4094 0.8154 0.4093
vn 0.4067 0.8165 0.4098
vn 0.4093 0.8154 0.4094
vn 0.4099 0.8165 0.4067
vn 0.4093 0.8154 0.4093
vn 0.4067 0.8165 0.4099
vn 0.4093 0.8154 0.4093
vn 0.4099 0.8165 0.4067
vn 0.4099 0.8165 0.4066
vn 0.8480 0.4308 0.3087
vn 0.8636 0.0776 0.4981
vn 0.8637 0.0777 0.4981
vn 0.8636 0.0777 0.4981
vn 0.8480 0.4308 0.3086
vn 0.8468 0.4335 0.3082
vn 0.4096 0.1055 0.9061
vn 0.8637 0.0776 0.4981
vn 0.8637 0.0776 0.4981
vn 0.8637 0.0776 0.4980
vn 0.4095 0.1055 0.9062
vn 0.4096 0.1055 0.9061
vn 0.0240 0.6151 0.7881
vn 0.4097 0.1055 0.9061
vn 0.4096 0.1056 0.9061
vn 0.4096 0.1055 0.9062
vn 0.0241 0.6151 0.7881
vn 0.0240 0.6151 0.7881
vn 0.0240 0.6151 0.7881
vn 0.2300 0.8296 0.5088
vn 0.2300 0.8296 0.5089
vn 0.2300 0.8296 0.5089
vn 0.0240 0.6151 0.7881
vn 0.0240 0.6151 0.7881
vn 0.5854 0.7371 0.3377
vn 0.2300 0.8295 0.5089
vn 0.2300 0.8295 0.5089
vn 0.2301 0.8295 0.5089
vn 0.5854 0.7371 0.3376
vn 0.5854 0.7371 0.3376
vn 0.8468 0.4335 0.3082
vn 0.5853 0.7372 0.3376
vn 0.5854 0.7371 0.3377
vn 0.5854 0.7371 0.3377
vn 0.8468 0.4335 0.3082
vn 0.8480 0.4308 0.3087
vn 0.5049 0.3910 0.7696
vn 0.5048 0.3910 0.7696
vn 0.5048 0.3910 0.7696
vn 0.5048 0.3910 0.7696
vn 0.5048 0.3909 0.7696
vn 0.5049 0.3909 0.7696
vn 0.5048 0.3910 0.7696
vn 0.5042 0.3936 0.7687
vn 0.5048 0.3910 0.7696
vn 0.5042 0.3936 0.7687
vn 0.5048 0.3910 0.7696
vn 0.5043 0.3935 0.7687
vn 0.8572 0.4480 0.2540
vn 0.8239 0.4104 0.3910
vn 0.8572 0.4480 0.2540
vn 0.8239 0.4104 0.3910
vn 0.8572 0.4480 0.2540
vn 0.8228 0.4130 0.3904
vn 0.8572 0.4479 0.2540
vn 0.7632 0.6461 0.0051
vn 0.8572 0.4480 0.2540
vn 0.7632 0.6462 0.0051
vn 0.8572 0.4480 0.2540
vn 0.7632 0.6461 0.0051
vn 0.7632 0.6462 0.0051
vn 0.3330 0.9193 0.2099
vn 0.7632 0.6461 0.0051
vn 0.3330 0.9192 0.2100
vn 0.7631 0.6462 0.0051
vn 0.3307 0.9204 0.2086
vn 0.3308 0.9203 0.2086
vn 0.1405 0.8992 0.4144
vn 0.3330 0.9193 0.2099
vn 0.1405 0.8992 0.4144
vn 0.3308 0.9203 0.2086
vn 0.1405 0.8992 0.4144
vn 0.4072 0.8175 0.4072
vn 0.4094 0.8154 0.4093
vn 0.4093 0.8154 0.4093
vn 0.4072 0.8175 0.4072
vn 0.4072 0.8175 0.4072
vn 0.4094 0.8154 0.4093
vn 0.4072 0.8175 0.4072
vn 0.4072 0.8175 0.4071
vn 0.4072 0.8175 0.4072
vn 0.7099 -0.0000 0.7043
vn 0.7099 0.0000 0.7043
vn 0.7100 -0.0000 0.7042
vn 0.7099 0.0000 0.7043
vn 0.7098 0.0000 0.7044
vn 0.7099 0.0000 0.7043
vn 0.7099 0.0000 0.7043
vn 0.7099 0.0000 0.7043
vn 0.7099 0.0000 0.7043
vn 0.8530 0.4901 0.1796
vn 0.7267 0.3845 0.5693
vn 0.8460 0.4917 0.2061
vn 0.7267 0.3846 0.5693
vn 0.8530 0.4901 0.1796
vn 0.7267 0.3846 0.5693
vn 0.7267 0.3846 0.5692
vn 0.4093 0.4093 0.8154
vn 0.7267 0.3845 0.5692
vn 0.4093 0.4093 0.8154
vn 0.7267 0.3846 0.5692
vn 0.4093 0.4093 0.8154
vn 0.4093 0.4093 0.8154
vn 0.2305 0.4609 0.8570
vn 0.4093 0.4094 0.8154
vn 0.2305 0.4609 0.8570
vn 0.4093 0.4093 0.8154
vn 0.2305 0.4609 0.8570
vn 0.7099 0.0000 0.7043
vn 0.7099 0.0000 0.7043
vn 0.7098 0.0000 0.7044
vn 0.7099 0.0000 0.7043
vn 0.7430 0.0062 0.6693
vn 0.7099 0.0000 0.7044
vn 0.7429 0.0062 0.6693
vn 0.7098 -0.0000 0.7044
vn 0.7402 0.0062 0.6723
vn 0.7429 0.0062 0.6693
vn 0.7402 0.0062 0.6724
vn 0.7961 0.0574 0.6024
vn 0.8530 0.4901 0.1796
vn 0.8460 0.4917 0.2061
vn 0.8388 0.5388 0.0782
vn 0.8529 0.4902 0.1795
vn 0.8250 0.5599 0.0769
vn 0.8530 0.4901 0.1796
vn 0.8387 0.5389 0.0782
vn 0.8617 0.4725 0.1851
vn 0.8725 0.4399 0.2125
vn 0.7285 0.3869 0.5653
vn 0.8617 0.4724 0.1852
vn 0.7285 0.3870 0.5653
vn 0.8725 0.4400 0.2126
vn 0.7285 0.3870 0.5653
vn 0.7285 0.3869 0.5653
vn 0.4099 0.4066 0.8165
vn 0.7285 0.3869 0.5653
vn 0.4099 0.4066 0.8165
vn 0.7285 0.3869 0.5653
vn 0.4098 0.4066 0.8165
vn 0.4098 0.4067 0.8165
vn 0.2309 0.4581 0.8584
vn 0.4098 0.4067 0.8165
vn 0.2309 0.4581 0.8584
vn 0.4098 0.4066 0.8165
vn 0.2309 0.4581 0.8584
vn 0.4093 0.8154 0.4093
vn 0.4093 0.8154 0.4093
vn 0.4093 0.8154 0.4093
vn 0.4093 0.8154 0.4093
vn 0.4093 0.8154 0.4093
vn 0.4093 0.8154 0.4094
vn 0.4010 0.8418 0.3613
vn 0.3983 0.8429 0.3617
vn 0.3983 0.8429 0.3617
vn 0.4010 0.8418 0.3613
vn 0.3915 0.8712 0.2963
vn 0.7071 0.0000 0.7071
vn 0.7072 -0.0000 0.7070
vn 0.7071 -0.0000 0.7071
vn 0.7070 0.0000 0.7072
vn 0.7072 -0.0000 0.7070
vn 0.7070 0.0000 0.7072
vn 0.8725 0.4400 0.2125
vn 0.8617 0.4724 0.1852
vn 0.8387 0.5389 0.0782
vn 0.4072 0.8175 0.4072
vn 0.4072 0.8175 0.4072
vn 0.4099 0.8165 0.4066
vn 0.4072 0.8175 0.4072
vn 0.4072 0.8175 0.4072
vn 0.4072 0.8175 0.4072
vn 0.5287 0.3881 0.7549
vn 0.5287 0.3881 0.7549
vn 0.5287 0.3881 0.7549
vn 0.5281 0.3907 0.7540
vn 0.5281 0.3907 0.7540
vn 0.5281 0.3907 0.7540
vn 0.8506 0.4338 0.2972
vn 0.5343 0.3878 0.7511
vn 0.8493 0.4366 0.2968
vn 0.5343 0.3878 0.7511
vn 0.8506 0.4338 0.2972
vn 0.5343 0.3877 0.7511
vn 0.5343 0.3878 0.7511
vn 0.0328 0.5989 0.8001
vn 0.5343 0.3878 0.7511
vn 0.0327 0.5990 0.8001
vn 0.5343 0.3878 0.7511
vn 0.0328 0.5989 0.8001
vn 0.0328 0.5989 0.8002
vn 0.5791 0.8146 0.0318
vn 0.0328 0.5989 0.8002
vn 0.5791 0.8146 0.0319
vn 0.0328 0.5990 0.8001
vn 0.5791 0.8146 0.0319
vn 0.8493 0.4367 0.2967
vn 0.5791 0.8146 0.0318
vn 0.8506 0.4338 0.2972
vn 0.5791 0.8146 0.0318
vn 0.8493 0.4366 0.2968
vn 0.5791 0.8146 0.0318
vn 0.4093 0.8154 0.4093
vn 0.4094 0.8154 0.4093
vn 0.4093 0.8154 0.4093
vn 0.4093 0.8154 0.4093
vn 0.4093 0.8154 0.4093
vn 0.7071 0.0000 0.7071
vn 0.7071 0.0000 0.7071
vn 0.7071 0.0000 0.7072
vn 0.7071 0.0000 0.7071
vn 0.7071 0.0000 0.7071
vn 0.7043 0.0000 0.7099
vn 0.3932 0.7895 0.4712
vn 0.3426 0.8036 0.4867
vn 0.3984 0.7876 0.4700
vn 0.3426 0.8036 0.4866
vn 0.3932 0.7895 0.4713
vn 0.3398 0.8045 0.4872
vn 0.6407 0.0102 0.7677
vn 0.5756 0.0215 0.8174
vn 0.5719 0.0216 0.8200
vn 0.5754 0.0216 0.8176
vn 0.6406 0.0102 0.7678
vn 0.6466 0.0101 0.7628
vn 0.8175 0.4072 0.4072
vn 0.8165 0.4067 0.4099
vn 0.8165 0.4067 0.4099
vn 0.8165 0.4067 0.4099
vn 0.8175 0.4072 0.4072
vn 0.8175 0.4072 0.4072
vn 0.1644 0.4894 0.8564
vn 0.1644 0.4894 0.8564
vn 0.1644 0.4894 0.8564
vn 0.1644 0.4893 0.8565
vn 0.1644 0.4894 0.8564
vn 0.1644 0.4894 0.8564
vn 0.0000 0.7071 0.7071
vn 0.0000 0.7099 0.7043
vn 0.0000 0.7099 0.7043
vn 0.0000 0.7099 0.7043
vn 0.0000 0.7071 0.7071
vn 0.0000 0.7071 0.7071
vn 0.4093 0.8154 0.4093
vn 0.4093 0.8154 0.4093
vn 0.4093 0.8154 0.4093
vn 0.4093 0.8154 0.4093
vn 0.4093 0.8154 0.4093
vn 0.4093 0.8154 0.4093
vn 0.4094 0.8154 0.4093
vn 0.8154 0.4093 0.4093
vn 0.8154 0.4093 0.4093
vn 0.8154 0.4093 0.4093
vn 0.8154 0.4093 0.4093
vn 0.8154 0.4093 0.4094
vn 0.8154 0.4093 0.4093
vn 0.8154 0.4093 0.4094
vn 0.8154 0.4093 0.4093
vn 0.8154 0.4094 0.4093
vn 0.8154 0.4093 0.4093
vn 0.8154 0.4093 0.4094
vn 0.8154 0.4094 0.4093
vn 0.8154 0.4093 0.4093
vn 0.8154 0.4094 0.4093
vn 0.8154 0.4094 0.4093
vn 0.8154 0.4093 0.4093
vn 0.0000 0.7071 0.7071
vn 0.0000 0.7071 0.7071
vn 0.0000 0.7071 0.7071
vn 0.0000 0.7071 0.7072
vn 0.0000 0.7071 0.7071
vn 0.0000 0.7068 0.7074
vn 0.0000 0.7071 0.7071
vn 0.0000 0.7071 0.7071
vn 0.0000 0.7071 0.7071
vn 0.0000 0.7070 0.7072
vn -0.0000 0.7072 0.7071
vn -0.0000 0.7071 0.7071
vn -0.0000 0.7071 0.7071
vn 0.0000 0.7071 0.7071
vn 0.0000 0.7071 0.7072
vn 0.0000 0.7072 0.7070
vn 0.0000 0.7071 0.7071
vn 0.0000 0.7071 0.7071
vn 0.0000 0.7072 0.7071
vn 0.0000 0.7071 0.7071
vn 0.0000 0.7071 0.7071
vn 0.0000 0.7071 0.7072
vn 0.0000 0.7071 0.7071
vn 0.0000 0.7071 0.7071
vn 0.0000 0.7071 0.7071
vn 0.0000 0.7072 0.7071
vn 0.0000 0.7070 0.7072
vn 0.0000 0.7072 0.7070
vn 0.7154 0.0001 0.6987
vn 0.7155 0.0001 0.6986
vn 0.7155 0.0001 0.6986
vn 0.7071 0.7071 0.0000
vn 0.7072 0.7070 0.0000
vn 0.7071 0.7071 0.0000
vn 0.7071 0.7071 0.0000
vn 0.5010 0.8533 0.1448
vn 0.5010 0.8533 0.1448
vn 0.5010 0.8533 0.1448
vn 0.5010 0.8532 0.1448
vn 0.5010 0.8532 0.1448
vn 0.5009 0.8533 0.1448
vn 0.7182 -0.0000 0.6958
vn 0.7183 -0.0000 0.6957
vn 0.7182 -0.0000 0.6958
vn 0.7182 -0.0000 0.6958
vn 0.7182 -0.0000 0.6958
vn 0.7183 -0.0000 0.6957
vn 0.5070 0.1346 0.8514
vn 0.5069 0.1346 0.8514
vn 0.5069 0.1346 0.8514
vn 0.5069 0.1346 0.8514
vn 0.5069 0.1346 0.8514
vn 0.5069 0.1346 0.8514
vn 0.4093 0.4094 0.8154
vn 0.4093 0.4093 0.8154
vn 0.4099 0.4067 0.8165
vn 0.4099 0.4066 0.8165
vn 0.4098 0.4067 0.8165
vn 0.3834 0.6471 0.6590
vn 0.3834 0.6471 0.6590
vn 0.3834 0.6471 0.6590
vn 0.3834 0.6471 0.6590
vn 0.3834 0.6470 0.6591
vn 0.3834 0.6471 0.6590
vn 0.9256 0.2676 0.2676
vn 0.9256 0.2677 0.2676
vn 0.9256 0.2683 0.2670
vn 0.9256 0.2676 0.2677
vn 0.9256 0.2676 0.2677
vn 0.9256 0.2676 0.2677
vn 0.8110 0.5833 0.0455
vn 0.7917 0.6105 0.0238
vn 0.7917 0.6105 0.0238
vn 0.7917 0.6105 0.0238
vn 0.8111 0.5832 0.0456
vn 0.8110 0.5832 0.0456
vn 0.7205 0.6935 0.0000
vn 0.7917 0.6104 0.0239
vn 0.7917 0.6104 0.0239
vn 0.7917 0.6105 0.0239
vn 0.7205 0.6934 0.0000
vn 0.7205 0.6935 0.0000
vn 0.5834 0.8116 0.0316
vn 0.7206 0.6934 0.0000
vn 0.7205 0.6935 0.0000
vn 0.7206 0.6934 -0.0000
vn 0.5833 0.8116 0.0316
vn 0.5834 0.8116 0.0316
vn 0.4887 0.8687 0.0814
vn 0.5834 0.8116 0.0317
vn 0.5834 0.8115 0.0317
vn 0.5833 0.8116 0.0318
vn 0.4886 0.8687 0.0815
vn 0.4887 0.8687 0.0814
vn 0.6918 0.0051 0.7221
vn 0.7098 0.0000 0.7044
vn 0.7124 0.0000 0.7018
vn 0.7098 0.0000 0.7044
vn 0.6918 0.0051 0.7220
vn 0.6841 0.0051 0.7294
vn 0.6957 0.0000 0.7183
vn 0.7124 0.0000 0.7017
vn 0.7097 0.0000 0.7045
vn 0.7123 0.0000 0.7019
vn 0.6958 0.0000 0.7182
vn 0.6958 0.0000 0.7183
vn 0.6727 -0.0001 0.7399
vn 0.6959 -0.0000 0.7182
vn 0.6958 -0.0000 0.7182
vn 0.6958 -0.0000 0.7182
vn 0.6726 -0.0000 0.7400
vn 0.6668 -0.0000 0.7452
vn 0.6625 0.0000 0.7490
vn 0.6667 -0.0001 0.7453
vn 0.6727 -0.0001 0.7399
vn 0.6667 -0.0001 0.7453
vn 0.6626 -0.0000 0.7490
vn 0.6626 -0.0000 0.7490
vn 0.2828 0.4413 0.8516
vn 0.3083 0.4335 0.8468
vn 0.3083 0.4336 0.8468
vn 0.3083 0.4336 0.8467
vn 0.2828 0.4414 0.8516
vn 0.2827 0.4414 0.8516
vn 0.3904 0.4131 0.8228
vn 0.3083 0.4335 0.8468
vn 0.3082 0.4336 0.8467
vn 0.3083 0.4336 0.8468
vn 0.3905 0.4130 0.8228
vn 0.3905 0.4130 0.8228
vn 0.4961 0.3945 0.7735
vn 0.3904 0.4130 0.8228
vn 0.3904 0.4130 0.8228
vn 0.3904 0.4130 0.8228
vn 0.4962 0.3944 0.7735
vn 0.4961 0.3945 0.7735
vn 0.5469 0.3889 0.7414
vn 0.4961 0.3944 0.7735
vn 0.4961 0.3944 0.7735
vn 0.4961 0.3944 0.7735
vn 0.5469 0.3889 0.7414
vn 0.5469 0.3889 0.7414
vn 0.4234 0.7908 0.4421
vn 0.4249 0.8026 0.4186
vn 0.4208 0.8069 0.4145
vn 0.4249 0.8026 0.4186
vn 0.4234 0.7908 0.4420
vn 0.4203 0.7907 0.4451
vn 0.3986 0.8196 0.4115
vn 0.4209 0.8069 0.4145
vn 0.4250 0.8026 0.4186
vn 0.4209 0.8069 0.4145
vn 0.3986 0.8196 0.4115
vn 0.3986 0.8196 0.4115
vn 0.3823 0.8193 0.4273
vn 0.3986 0.8196 0.4114
vn 0.3986 0.8196 0.4115
vn 0.3986 0.8197 0.4115
vn 0.3823 0.8193 0.4273
vn 0.3823 0.8193 0.4274
vn 0.3756 0.8257 0.4210
vn 0.3823 0.8193 0.4274
vn 0.3824 0.8193 0.4273
vn 0.3823 0.8193 0.4274
vn 0.3756 0.8257 0.4209
vn 0.3762 0.8268 0.4182
vn 0.0052 0.6542 0.7563
vn 0.0052 0.6542 0.7563
vn 0.0052 0.6542 0.7563
vn 0.0052 0.6541 0.7564
vn 0.0052 0.6541 0.7564
vn 0.0051 0.6542 0.7563
vn 0.5578 0.3880 0.7337
vn 0.5578 0.3880 0.7337
vn 0.5578 0.3880 0.7337
vn 0.5578 0.3880 0.7337
vn 0.5578 0.3880 0.7337
vn 0.5578 0.3880 0.7337
vn 0.7072 0.0000 0.7070
vn 0.7072 0.0000 0.7071
vn 0.7098 0.0000 0.7044
vn 0.7072 0.0000 0.7070
vn 0.7072 0.0000 0.7071
vn 0.7071 0.0000 0.7071
vn 0.7071 0.0000 0.7071
vn 0.7072 0.0000 0.7070
vn 0.7099 0.0000 0.7043
vn 0.7071 0.0000 0.7071
vn 0.7071 0.0000 0.7071
vn 0.7043 0.0000 0.7099
vn 0.7044 0.0000 0.7098
vn 0.7044 0.0000 0.7098
vn 0.7071 0.0000 0.7071
vn 0.7043 -0.0000 0.7099
vn 0.7043 -0.0000 0.7099
vn 0.7043 -0.0000 0.7099
vn 0.7044 -0.0000 0.7098
vn 0.7043 -0.0000 0.7099
vn 0.7044 -0.0000 0.7098
vn 0.7043 0.0000 0.7099
vn 0.7043 0.0000 0.7099
vn 0.7044 0.0000 0.7099
vn 0.4093 0.8154 0.4093
vn 0.4093 0.8154 0.4093
vn 0.4093 0.8154 0.4093
vn 0.4094 0.8154 0.4093
vn 0.4093 0.8154 0.4094
vn 0.4094 0.8154 0.4093
vn 0.4072 0.8175 0.4072
vn 0.4094 0.8154 0.4093
vn 0.4093 0.8154 0.4094
vn 0.4094 0.8154 0.4093
vn 0.4072 0.8175 0.4072
vn 0.4066 0.8165 0.4099
vn 0.4066 0.8165 0.4099
vn 0.4067 0.8165 0.4098
vn 0.4072 0.8175 0.4072
vn 0.4067 0.8165 0.4099
vn 0.4067 0.8165 0.4099
vn 0.4067 0.8165 0.4099
vn 0.4066 0.8165 0.4099
vn 0.4067 0.8165 0.4098
vn 0.4067 0.8165 0.4098
vn 0.4066 0.8165 0.4099
vn 0.4067 0.8165 0.4098
vn 0.4067 0.8165 0.4098
vn 0.7015 0.7127 0.0000
vn 0.6715 0.7410 0.0000
vn 0.6715 0.7410 0.0000
vn 0.6714 0.7411 0.0000
vn 0.7015 0.7126 0.0000
vn 0.7015 0.7127 0.0000
vn 0.5386 0.8409 0.0526
vn 0.6716 0.7409 -0.0001
vn 0.6715 0.7410 -0.0000
vn 0.6716 0.7410 -0.0001
vn 0.5387 0.8409 0.0526
vn 0.5387 0.8408 0.0525
vn 0.4268 0.8955 0.1260
vn 0.5387 0.8409 0.0526
vn 0.5387 0.8408 0.0525
vn 0.5386 0.8409 0.0526
vn 0.4268 0.8955 0.1260
vn 0.4268 0.8955 0.1260
vn 0.0000 0.6961 0.7179
vn 0.0000 0.6961 0.7179
vn 0.0000 0.6962 0.7179
vn 0.0000 0.6961 0.7179
vn 0.0000 0.6961 0.7180
vn 0.0000 0.6962 0.7179
vn 0.4093 0.4093 0.8154
vn 0.4093 0.4093 0.8154
vn 0.4093 0.4093 0.8154
vn 0.4093 0.4093 0.8154
vn 0.4094 0.4093 0.8154
vn 0.4093 0.4093 0.8154
vn 0.8154 0.4093 0.4093
vn 0.8154 0.4094 0.4093
vn 0.8154 0.4094 0.4093
vn 0.8154 0.4093 0.4093
vn 0.8176 0.4072 0.4072
vn 0.8154 0.4093 0.4094
vn 0.8175 0.4072 0.4072
vn 0.8175 0.4072 0.4072
vn 0.8175 0.4072 0.4072
vn 0.8175 0.4072 0.4071
vn 0.8175 0.4072 0.4072
vn 0.8175 0.4072 0.4072
vn 0.7099 -0.0001 0.7043
vn 0.7100 -0.0001 0.7042
vn 0.7098 -0.0001 0.7044
vn 0.7100 -0.0000 0.7042
vn 0.7098 -0.0001 0.7044
vn 0.0000 0.7072 0.7071
vn 0.0000 0.7071 0.7071
vn 0.0000 0.7071 0.7071
vn 0.0000 0.7071 0.7071
vn 0.0000 0.7071 0.7071
vn 0.0000 0.7071 0.7071
vn 0.0000 0.7071 0.7071
vn 0.0000 0.7071 0.7071
vn 0.0000 0.7071 0.7071
vn 0.0000 0.7070 0.7072
vn -0.0000 0.7071 0.7072
vn -0.0000 0.7071 0.7071
vn 0.0000 0.7070 0.7072
vn 0.0000 0.7070 0.7072
vn 0.0000 0.7071 0.7071
vn 0.0000 0.7071 0.7071
vn -0.0000 0.7072 0.7070
vn 0.0000 0.7071 0.7071
vn 0.0000 0.7072 0.7070
vn 0.0000 0.7071 0.7071
vn 0.0000 0.7071 0.7071
vn -0.0000 0.7072 0.7070
vn -0.0000 0.7071 0.7071
vn -0.0001 0.7071 0.7071
vn 0.4093 0.8154 0.4093
vn 0.4094 0.8154 0.4093
vn 0.4093 0.8154 0.4094
vn 0.4093 0.8154 0.4093
vn 0.4093 0.8154 0.4093
vn 0.4093 0.8154 0.4094
vn 0.4646 0.2122 0.8597
vn 0.4942 0.1518 0.8560
vn 0.4646 0.2122 0.8597
vn 0.4942 0.1517 0.8560
vn 0.4646 0.2121 0.8597
vn 0.4942 0.1518 0.8560
vn 0.4646 0.2122 0.8597
vn 0.4243 0.3415 0.8387
vn 0.4646 0.2122 0.8597
vn 0.4244 0.3414 0.8386
vn 0.4646 0.2122 0.8597
vn 0.4243 0.3415 0.8387
vn 0.4243 0.3415 0.8387
vn 0.3939 0.4985 0.7723
vn 0.4243 0.3415 0.8387
vn 0.3939 0.4984 0.7723
vn 0.4243 0.3415 0.8387
vn 0.3938 0.4985 0.7723
vn 0.3938 0.4985 0.7723
vn 0.3857 0.5877 0.7112
vn 0.3938 0.4985 0.7723
vn 0.3857 0.5877 0.7112
vn 0.3938 0.4984 0.7723
vn 0.3857 0.5877 0.7112
vn 0.5377 0.8384 0.0890
vn 0.4991 0.8538 0.1481
vn 0.5378 0.8384 0.0889
vn 0.4990 0.8539 0.1481
vn 0.5377 0.8384 0.0889
vn 0.4990 0.8538 0.1481
vn 0.5377 0.8384 0.0889
vn 0.6412 0.7673 0.0101
vn 0.5378 0.8384 0.0889
vn 0.6412 0.7673 0.0101
vn 0.5377 0.8384 0.0889
vn 0.6411 0.7674 0.0101
vn 0.6412 0.7673 0.0100
vn 0.8095 0.5865 0.0254
vn 0.6411 0.7674 0.0100
vn 0.8096 0.5865 0.0254
vn 0.6412 0.7673 0.0100
vn 0.8095 0.5865 0.0254
vn 0.8096 0.5865 0.0255
vn 0.8987 0.4175 0.1345
vn 0.8096 0.5865 0.0255
vn 0.8987 0.4175 0.1345
vn 0.8095 0.5865 0.0255
vn 0.9000 0.4149 0.1336
vn 0.4088 0.8143 0.4120
vn 0.4062 0.8154 0.4125
vn 0.4088 0.8143 0.4120
vn 0.4062 0.8154 0.4125
vn 0.4088 0.8143 0.4120
vn 0.4061 0.8154 0.4125
vn 0.7099 0.0000 0.7043
vn 0.7126 0.0001 0.7015
vn 0.7098 0.0000 0.7044
vn 0.7126 -0.0001 0.7015
vn 0.7100 0.0000 0.7042
vn 0.7126 -0.0001 0.7016
vn 0.4067 0.4099 0.8165
vn 0.4066 0.4099 0.8165
vn 0.4067 0.4099 0.8165
vn 0.4066 0.4099 0.8165
vn 0.4067 0.4099 0.8165
vn 0.4093 0.4094 0.8154
vn 0.4093 0.4093 0.8154
vn 0.4093 0.4093 0.8154
vn 0.4093 0.4093 0.8154
vn 0.7127 -0.0001 0.7015
vn 0.7127 -0.0001 0.7015
vn 0.7126 -0.0001 0.7015
vn 0.7127 -0.0001 0.7015
vn 0.7126 0.0001 0.7016
vn 0.7127 0.0001 0.7015
vn 0.4083 0.8197 0.4018
vn 0.4082 0.8197 0.4019
vn 0.4083 0.8197 0.4018
vn 0.4110 0.8186 0.4013
vn 0.4109 0.8186 0.4013
vn 0.4110 0.8186 0.4013
vn 0.5281 0.7540 0.3907
vn 0.6348 0.6708 0.3834
vn 0.5281 0.7540 0.3907
vn 0.6349 0.6708 0.3833
vn 0.5281 0.7540 0.3907
vn 0.6349 0.6708 0.3833
vn 0.6349 0.6708 0.3833
vn 0.7246 0.5707 0.3864
vn 0.6349 0.6708 0.3833
vn 0.7246 0.5706 0.3864
vn 0.6349 0.6708 0.3833
vn 0.7246 0.5706 0.3864
vn 0.5999 0.0188 0.7999
vn 0.7729 0.0149 0.6343
vn 0.5999 0.0188 0.7998
vn 0.7730 0.0149 0.6343
vn 0.5999 0.0188 0.7998
vn 0.7730 0.0149 0.6342
vn 0.0529 0.5293 0.8468
vn 0.5999 0.0188 0.7998
vn 0.5999 0.0188 0.7998
vn 0.5999 0.0188 0.7998
vn 0.0530 0.5292 0.8468
vn 0.0529 0.5293 0.8468
vn 0.0000 0.7380 0.6748
vn 0.0529 0.5292 0.8468
vn 0.0001 0.7381 0.6747
vn 0.0529 0.5293 0.8468
vn 0.0000 0.7380 0.6748
vn 0.0529 0.5293 0.8468
vn 0.4093 0.4093 0.8154
vn 0.4094 0.4093 0.8154
vn 0.4093 0.4094 0.8154
vn 0.4093 0.4093 0.8154
vn 0.4093 0.4093 0.8154
vn 0.4093 0.4094 0.8154
vn 0.4094 0.4093 0.8154
vn 0.4093 0.4093 0.8154
vn 0.4093 0.4093 0.8154
vn 0.4093 0.4093 0.8154
vn 0.4093 0.4093 0.8154
vn 0.4093 0.4094 0.8154
vn 0.4094 0.4093 0.8154
vn 0.4094 0.4093 0.8154
vn 0.4093 0.4093 0.8154
vn 0.2828 0.8516 0.4414
vn 0.2828 0.8516 0.4413
vn 0.2828 0.8516 0.4414
vn 0.2828 0.8516 0.4414
vn 0.2828 0.8516 0.4413
vn 0.2827 0.8516 0.4414
vn 0.8377 0.3444 0.4238
vn 0.8377 0.3444 0.4238
vn 0.8377 0.3444 0.4239
vn 0.8377 0.3444 0.4238
vn 0.8377 0.3444 0.4238
vn 0.8377 0.3444 0.4239
vn 0.3093 0.8347 0.4556
vn 0.3093 0.8347 0.4556
vn 0.3093 0.8347 0.4556
vn 0.3093 0.8347 0.4556
vn 0.3093 0.8347 0.4556
vn 0.3093 0.8347 0.4556
vn 0.4119 0.3827 0.8270
vn 0.3044 0.3786 0.8741
vn 0.3011 0.3791 0.8750
vn 0.3043 0.3787 0.8741
vn 0.4119 0.3827 0.8270
vn 0.4146 0.3822 0.8259
vn 0.3043 0.3786 0.8741
vn 0.1965 0.3930 0.8983
vn 0.3011 0.3790 0.8750
vn 0.1965 0.3930 0.8983
vn 0.3043 0.3786 0.8741
vn 0.1996 0.3913 0.8984
vn 0.8081 0.0200 0.5887
vn 0.8081 0.0200 0.5887
vn 0.8082 0.0200 0.5886
vn 0.8082 0.0200 0.5886
vn 0.8081 0.0200 0.5887
vn 0.8081 0.0200 0.5887
vn 0.5846 0.8109 0.0252
vn 0.5846 0.8109 0.0252
vn 0.5846 0.8109 0.0252
vn 0.5846 0.8109 0.0252
vn 0.5847 0.8109 0.0252
vn 0.5845 0.8110 0.0252
vn 0.7704 0.4972 0.3990
vn 0.7704 0.4972 0.3990
vn 0.7704 0.4972 0.3990
vn 0.7704 0.4973 0.3990
vn 0.7704 0.4973 0.3990
vn 0.7704 0.4972 0.3990
vn 0.4093 0.8154 0.4093
vn 0.4093 0.8154 0.4093
vn 0.4093 0.8154 0.4093
vn 0.4094 0.8154 0.4093
vn 0.4093 0.8154 0.4093
vn 0.4093 0.4093 0.8154
vn 0.2918 0.4359 0.8513
vn 0.2882 0.4392 0.8509
vn 0.2918 0.4360 0.8513
vn 0.4093 0.4093 0.8154
vn 0.2918 0.4360 0.8514
vn 0.1747 0.4824 0.8584
vn 0.2882 0.4392 0.8509
vn 0.1747 0.4823 0.8584
vn 0.2918 0.4360 0.8513
vn 0.1778 0.4804 0.8588
vn 0.7072 0.0000 0.7070
vn 0.7072 0.0000 0.7070
vn 0.7071 0.0000 0.7071
vn 0.7071 0.0000 0.7071
vn 0.7071 0.0000 0.7071
vn 0.7071 0.0000 0.7071
vn 0.5804 0.8139 0.0252
vn 0.5804 0.8139 0.0252
vn 0.5804 0.8139 0.0252
vn 0.5804 0.8139 0.0252
vn 0.5804 0.8139 0.0252
vn 0.5805 0.8139 0.0252
vn 0.8154 0.4093 0.4093
vn 0.8154 0.4094 0.4093
vn 0.8154 0.4094 0.4093
vn 0.8154 0.4094 0.4093
vn 0.8154 0.4093 0.4093
vn 0.4749 0.7853 0.3973
vn 0.3385 0.8396 0.4248
vn 0.4749 0.7853 0.3973
vn 0.3385 0.8396 0.4248
vn 0.4749 0.7853 0.3973
vn 0.3385 0.8396 0.4248
vn 0.3385 0.8396 0.4248
vn 0.1991 0.8589 0.4719
vn 0.3385 0.8396 0.4248
vn 0.1991 0.8589 0.4719
vn 0.3385 0.8396 0.4248
vn 0.1991 0.8589 0.4719
vn 0.0848 0.8355 0.5429
vn 0.1990 0.8589 0.4718
vn 0.1990 0.8589 0.4719
vn 0.1990 0.8589 0.4718
vn 0.0848 0.8355 0.5428
vn 0.0848 0.8355 0.5428
vn 0.0101 0.7628 0.6466
vn 0.0848 0.8355 0.5429
vn 0.0848 0.8355 0.5429
vn 0.0848 0.8356 0.5428
vn 0.0101 0.7628 0.6466
vn 0.0101 0.7628 0.6466
vn 0.0101 0.7628 0.6466
vn 0.0000 0.7071 0.7071
vn 0.0101 0.7628 0.6465
vn 0.0000 0.7071 0.7072
vn 0.0101 0.7627 0.6466
vn 0.6031 0.6991 0.3841
vn 0.4749 0.7853 0.3973
vn 0.4749 0.7853 0.3973
vn 0.4749 0.7853 0.3973
vn 0.6031 0.6991 0.3841
vn 0.6031 0.6991 0.3841
vn 0.7073 0.5928 0.3852
vn 0.6031 0.6991 0.3841
vn 0.6031 0.6991 0.3840
vn 0.6031 0.6991 0.3840
vn 0.7072 0.5929 0.3852
vn 0.7072 0.5929 0.3852
vn 0.7072 0.5928 0.3852
vn 0.7876 0.4701 0.3984
vn 0.7072 0.5929 0.3852
vn 0.7876 0.4701 0.3984
vn 0.7072 0.5928 0.3852
vn 0.7876 0.4701 0.3985
vn 0.7876 0.4700 0.3985
vn 0.8377 0.3444 0.4238
vn 0.7876 0.4701 0.3985
vn 0.8377 0.3443 0.4239
vn 0.7876 0.4700 0.3985
vn 0.8377 0.3444 0.4238
vn 0.8377 0.3444 0.4239
vn 0.8582 0.2119 0.4675
vn 0.8377 0.3444 0.4239
vn 0.8582 0.2119 0.4675
vn 0.8377 0.3444 0.4238
vn 0.8582 0.2119 0.4675
vn 0.8399 0.0919 0.5349
vn 0.8582 0.2118 0.4675
vn 0.8583 0.2118 0.4675
vn 0.8582 0.2118 0.4675
vn 0.8399 0.0920 0.5348
vn 0.8399 0.0919 0.5349
vn 0.7670 0.0100 0.6416
vn 0.8399 0.0919 0.5349
vn 0.8399 0.0919 0.5349
vn 0.8399 0.0919 0.5349
vn 0.7670 0.0100 0.6416
vn 0.7669 0.0100 0.6417
vn 0.7669 0.0101 0.6416
vn 0.7071 0.0000 0.7071
vn 0.7669 0.0101 0.6416
vn 0.7071 0.0000 0.7071
vn 0.7669 0.0101 0.6416
vn 0.4099 0.4067 0.8165
vn 0.4032 0.3870 0.8292
vn 0.4168 0.3844 0.8237
vn 0.4099 0.4066 0.8165
vn 0.3820 0.4015 0.8324
vn 0.4033 0.3870 0.8292
vn 0.4099 0.4066 0.8165
vn 0.3756 0.4209 0.8257
vn 0.3820 0.4015 0.8324
vn 0.4098 0.4067 0.8165
vn 0.3823 0.4274 0.8193
vn 0.3756 0.4209 0.8257
vn 0.4098 0.4067 0.8165
vn 0.3895 0.4310 0.8140
vn 0.3824 0.4273 0.8193
vn 0.4098 0.4067 0.8165
vn 0.3997 0.4314 0.8088
vn 0.3895 0.4310 0.8140
vn 0.4099 0.4066 0.8165
vn 0.4076 0.4297 0.8057
vn 0.3997 0.4314 0.8088
vn 0.4098 0.4067 0.8165
vn 0.4186 0.4249 0.8026
vn 0.4076 0.4297 0.8057
vn 0.4098 0.4067 0.8165
vn 0.4275 0.4181 0.8015
vn 0.4186 0.4249 0.8026
vn 0.4099 0.4066 0.8165
vn 0.4369 0.4086 0.8014
vn 0.4275 0.4181 0.8015
vn 0.4098 0.4067 0.8165
vn 0.4422 0.3948 0.8054
vn 0.4368 0.4086 0.8014
vn 0.4099 0.4066 0.8165
vn 0.4341 0.3862 0.8139
vn 0.4421 0.3948 0.8054
vn 0.4099 0.4066 0.8165
vn 0.4273 0.3824 0.8193
vn 0.4341 0.3862 0.8139
vn 0.4098 0.4067 0.8165
vn 0.4168 0.3844 0.8237
vn 0.4273 0.3823 0.8193
vn 0.2489 0.8074 0.5349
vn 0.4436 0.5787 0.6844
vn 0.5265 0.7401 0.4182
vn 0.4435 0.5786 0.6844
vn 0.2489 0.8074 0.5349
vn 0.3550 0.5937 0.7222
vn 0.2490 0.8074 0.5349
vn 0.0584 0.7385 0.6717
vn 0.3550 0.5937 0.7221
vn 0.0584 0.7385 0.6717
vn 0.2124 0.4895 0.8458
vn 0.3550 0.5937 0.7221
vn 0.2124 0.4895 0.8458
vn 0.4297 0.2260 0.8742
vn 0.3550 0.5937 0.7221
vn 0.4297 0.2259 0.8742
vn 0.2123 0.4895 0.8458
vn 0.2185 0.4408 0.8706
vn 0.0780 0.4347 0.8972
vn 0.4297 0.2260 0.8743
vn 0.2186 0.4408 0.8706
vn 0.0780 0.4347 0.8972
vn 0.4204 0.0852 0.9033
vn 0.4297 0.2260 0.8742
vn 0.4203 0.0852 0.9034
vn 0.5339 0.2051 0.8203
vn 0.4297 0.2260 0.8742
vn 0.5339 0.2051 0.8203
vn 0.4205 0.0852 0.9033
vn 0.7824 0.0402 0.6215
vn 0.7824 0.0403 0.6214
vn 0.6150 0.3200 0.7206
vn 0.5339 0.2051 0.8203
vn 0.6150 0.3200 0.7207
vn 0.7824 0.0403 0.6214
vn 0.8380 0.2644 0.4774
vn 0.7330 0.5347 0.4205
vn 0.6150 0.3199 0.7207
vn 0.8380 0.2644 0.4774
vn 0.6151 0.3200 0.7206
vn 0.7330 0.5347 0.4205
vn 0.5810 0.4460 0.6808
vn 0.5266 0.7401 0.4182
vn 0.5810 0.4461 0.6808
vn 0.7329 0.5347 0.4206
vn 0.5810 0.4461 0.6808
vn 0.5265 0.7401 0.4183
vn 0.4436 0.5787 0.6844
vn 0.4436 0.5787 0.6844
vn 0.6151 0.3199 0.7206
vn 0.5811 0.4460 0.6808
vn 0.6151 0.3200 0.7206
vn 0.4436 0.5787 0.6844
vn 0.5339 0.2051 0.8203
vn 0.4436 0.5787 0.6844
vn 0.4297 0.2260 0.8742
vn 0.5339 0.2051 0.8203
vn 0.4297 0.2260 0.8742
vn 0.4436 0.5787 0.6844
vn 0.3550 0.5937 0.7221
vn 0.0780 0.4346 0.8972
vn 0.2123 0.4895 0.8458
vn 0.0584 0.7385 0.6718
vn 0.2124 0.4894 0.8458
vn 0.0780 0.4346 0.8972
vn 0.2186 0.4409 0.8705
vn 0.2064 0.9283 0.3095
vn 0.0781 0.4347 0.8972
vn 0.0585 0.7385 0.6717
vn 0.0781 0.4347 0.8972
vn 0.2064 0.9283 0.3094
vn 0.4800 0.5010 0.7201
vn 0.0780 0.4347 0.8972
vn 0.4801 0.5009 0.7201
vn 0.4205 0.0852 0.9033
vn 0.9265 0.2128 0.3103
vn 0.4204 0.0852 0.9033
vn 0.4801 0.5009 0.7202
vn 0.4205 0.0853 0.9033
vn 0.9265 0.2127 0.3103
vn 0.7824 0.0402 0.6214
vn 0.6912 0.6846 0.2315
vn 0.2490 0.8074 0.5349
vn 0.5266 0.7402 0.4182
vn 0.2490 0.8074 0.5349
vn 0.6912 0.6846 0.2315
vn 0.2063 0.9283 0.3095
vn 0.2490 0.8074 0.5349
vn 0.2063 0.9283 0.3094
vn 0.0584 0.7385 0.6717
vn 0.8380 0.2645 0.4774
vn 0.6912 0.6846 0.2315
vn 0.7329 0.5347 0.4206
vn 0.6912 0.6846 0.2315
vn 0.8380 0.2644 0.4774
vn 0.9265 0.2128 0.3104
vn 0.5265 0.7402 0.4183
vn 0.7330 0.5347 0.4206
vn 0.6912 0.6846 0.2315
vn 0.8380 0.2644 0.4774
vn 0.7824 0.0402 0.6214
vn 0.9265 0.2128 0.3103
vn 0.8175 0.4072 0.4072
vn 0.8175 0.4072 0.4072
vn 0.8175 0.4072 0.4072
vn 0.8175 0.4072 0.4071
vn 0.8175 0.4072 0.4072
vn 0.7043 0.0000 0.7099
vn 0.7042 0.0000 0.7100
vn 0.7044 0.0000 0.7098
vn 0.7043 0.0000 0.7099
vn 0.7043 0.0000 0.7099
vn 0.7044 0.0000 0.7098
vn 0.4094 0.4093 0.8154
vn 0.4093 0.4093 0.8154
vn 0.4093 0.4093 0.8154
vn 0.4093 0.4093 0.8154
vn 0.4066 0.8165 0.4099
vn 0.4066 0.8165 0.4099
vn 0.4067 0.8165 0.4099
vn 0.4067 0.8165 0.4099
vn 0.4066 0.8165 0.4099
vn 0.4067 0.8165 0.4098
vn 0.0000 0.7071 0.7071
vn 0.0000 0.7071 0.7071
vn 0.0000 0.7071 0.7071
vn 0.0000 0.7071 0.7072
vn 0.0000 0.7071 0.7071
vn 0.0000 0.7071 0.7071
vn 0.8165 0.4099 0.4067
vn 0.8165 0.4099 0.4067
vn 0.8165 0.4099 0.4067
vn 0.8165 0.4099 0.4067
vn 0.8165 0.4099 0.4067
vn 0.8165 0.4098 0.4067
vn 0.7071 -0.0000 0.7071
vn 0.7071 -0.0000 0.7071
vn 0.7072 -0.0000 0.7070
vn 0.7071 0.0000 0.7071
vn 0.7070 0.0000 0.7072
vn 0.7071 0.0000 0.7071
vn 0.4093 0.4093 0.8154
vn 0.4093 0.4094 0.8154
vn 0.4093 0.4093 0.8154
vn 0.4093 0.4093 0.8154
vn 0.4093 0.4093 0.8154
vn 0.4094 0.4093 0.8154
vn 0.4093 0.8154 0.4093
vn 0.4093 0.8154 0.4094
vn 0.4094 0.8154 0.4093
vn 0.4093 0.8154 0.4093
vn 0.4093 0.8154 0.4093
vn 0.4094 0.8154 0.4093
vn -0.0001 0.7029 0.7113
vn -0.0001 0.7044 0.7098
vn -0.0001 0.7043 0.7099
vn -0.0001 0.7042 0.7100
vn -0.0001 0.7043 0.7099
vn -0.0001 0.7043 0.7099
vn 0.2489 0.8074 0.5349
vn 0.4436 0.5787 0.6844
vn 0.5265 0.7401 0.4182
vn 0.4435 0.5786 0.6844
vn 0.2489 0.8074 0.5349
vn 0.3550 0.5937 0.7222
vn 0.2490 0.8074 0.5349
vn 0.0585 0.7385 0.6717
vn 0.3550 0.5937 0.7222
vn 0.0585 0.7385 0.6717
vn 0.2124 0.4895 0.8458
vn 0.3550 0.5937 0.7222
vn 0.2124 0.4895 0.8458
vn 0.4297 0.2260 0.8742
vn 0.3550 0.5937 0.7221
vn 0.4297 0.2259 0.8742
vn 0.2123 0.4895 0.8458
vn 0.2185 0.4408 0.8706
vn 0.0780 0.4347 0.8972
vn 0.4297 0.2260 0.8742
vn 0.2185 0.4409 0.8706
vn 0.0780 0.4347 0.8972
vn 0.4204 0.0852 0.9033
vn 0.4297 0.2259 0.8742
vn 0.4203 0.0852 0.9034
vn 0.5339 0.2051 0.8203
vn 0.4297 0.2260 0.8742
vn 0.5339 0.2051 0.8203
vn 0.4204 0.0852 0.9033
vn 0.7824 0.0402 0.6215
vn 0.7824 0.0403 0.6214
vn 0.6151 0.3199 0.7206
vn 0.5339 0.2051 0.8203
vn 0.6150 0.3200 0.7207
vn 0.7824 0.0403 0.6214
vn 0.8380 0.2644 0.4774
vn 0.7329 0.5347 0.4205
vn 0.6150 0.3199 0.7207
vn 0.8380 0.2644 0.4773
vn 0.6151 0.3200 0.7206
vn 0.7329 0.5347 0.4206
vn 0.5810 0.4460 0.6808
vn 0.5265 0.7402 0.4182
vn 0.5810 0.4461 0.6808
vn 0.7329 0.5347 0.4206
vn 0.5810 0.4461 0.6808
vn 0.5266 0.7401 0.4183
vn 0.4436 0.5787 0.6844
vn 0.4435 0.5787 0.6844
vn 0.6151 0.3200 0.7206
vn 0.5810 0.4461 0.6808
vn 0.6151 0.3200 0.7206
vn 0.4436 0.5787 0.6844
vn 0.5339 0.2051 0.8203
vn 0.4436 0.5786 0.6844
vn 0.4297 0.2260 0.8742
vn 0.4297 0.2260 0.8742
vn 0.4435 0.5787 0.6844
vn 0.0780 0.4347 0.8972
vn 0.2124 0.4895 0.8458
vn 0.0584 0.7385 0.6717
vn 0.2123 0.4895 0.8458
vn 0.0780 0.4346 0.8972
vn 0.2186 0.4409 0.8706
vn 0.2064 0.9283 0.3095
vn 0.0780 0.4346 0.8972
vn 0.0584 0.7385 0.6717
vn 0.0780 0.4347 0.8972
vn 0.2063 0.9282 0.3095
vn 0.4800 0.5010 0.7201
vn 0.0779 0.4346 0.8972
vn 0.4801 0.5010 0.7201
vn 0.4204 0.0853 0.9033
vn 0.9265 0.2128 0.3103
vn 0.4205 0.0852 0.9033
vn 0.4801 0.5009 0.7202
vn 0.4205 0.0853 0.9033
vn 0.9265 0.2127 0.3103
vn 0.7824 0.0402 0.6214
vn 0.6912 0.6846 0.2315
vn 0.2490 0.8074 0.5349
vn 0.5266 0.7402 0.4182
vn 0.2490 0.8074 0.5349
vn 0.6911 0.6846 0.2316
vn 0.2063 0.9283 0.3095
vn 0.2490 0.8074 0.5349
vn 0.2063 0.9283 0.3094
vn 0.0584 0.7385 0.6717
vn 0.8380 0.2645 0.4774
vn 0.6912 0.6846 0.2315
vn 0.7329 0.5347 0.4206
vn 0.6912 0.6846 0.2315
vn 0.8380 0.2644 0.4774
vn 0.9265 0.2128 0.3104
vn 0.5265 0.7402 0.4183
vn 0.7330 0.5347 0.4206
vn 0.6912 0.6846 0.2315
vn 0.8380 0.2644 0.4774
vn 0.7824 0.0402 0.6214
vn 0.9265 0.2128 0.3103
vn 0.2489 0.8074 0.5349
vn 0.4436 0.5786 0.6844
vn 0.5265 0.7401 0.4182
vn 0.4436 0.5787 0.6844
vn 0.2489 0.8074 0.5349
vn 0.3549 0.5936 0.7222
vn 0.2490 0.8074 0.5349
vn 0.0585 0.7385 0.6717
vn 0.3550 0.5937 0.7222
vn 0.0584 0.7385 0.6717
vn 0.2124 0.4895 0.8458
vn 0.3550 0.5936 0.7222
vn 0.2123 0.4895 0.8458
vn 0.4297 0.2260 0.8742
vn 0.3550 0.5937 0.7221
vn 0.4297 0.2260 0.8742
vn 0.2123 0.4895 0.8458
vn 0.2185 0.4408 0.8706
vn 0.0780 0.4347 0.8972
vn 0.4297 0.2260 0.8742
vn 0.2185 0.4409 0.8706
vn 0.0780 0.4347 0.8972
vn 0.4204 0.0852 0.9033
vn 0.4297 0.2260 0.8742
vn 0.4204 0.0852 0.9033
vn 0.5339 0.2051 0.8203
vn 0.4297 0.2260 0.8742
vn 0.5338 0.2051 0.8203
vn 0.4205 0.0851 0.9033
vn 0.7824 0.0402 0.6215
vn 0.7824 0.0403 0.6214
vn 0.6151 0.3199 0.7207
vn 0.5339 0.2051 0.8203
vn 0.6150 0.3200 0.7207
vn 0.7824 0.0403 0.6214
vn 0.8380 0.2644 0.4774
vn 0.7330 0.5347 0.4205
vn 0.6150 0.3200 0.7207
vn 0.8380 0.2644 0.4774
vn 0.6151 0.3200 0.7206
vn 0.7330 0.5347 0.4206
vn 0.5810 0.4461 0.6808
vn 0.5265 0.7402 0.4182
vn 0.5810 0.4461 0.6807
vn 0.7329 0.5347 0.4206
vn 0.5810 0.4461 0.6808
vn 0.5266 0.7401 0.4182
vn 0.4436 0.5787 0.6844
vn 0.4436 0.5786 0.6844
vn 0.6151 0.3199 0.7206
vn 0.5810 0.4461 0.6808
vn 0.6151 0.3200 0.7206
vn 0.4436 0.5787 0.6844
vn 0.5339 0.2051 0.8203
vn 0.4436 0.5787 0.6844
vn 0.4297 0.2260 0.8742
vn 0.4297 0.2260 0.8742
vn 0.4435 0.5787 0.6844
vn 0.0780 0.4346 0.8972
vn 0.2124 0.4895 0.8458
vn 0.0584 0.7385 0.6717
vn 0.2124 0.4895 0.8458
vn 0.0780 0.4347 0.8972
vn 0.2186 0.4409 0.8705
vn 0.2064 0.9283 0.3095
vn 0.0780 0.4346 0.8972
vn 0.0584 0.7385 0.6717
vn 0.0781 0.4348 0.8972
vn 0.2063 0.9282 0.3095
vn 0.4800 0.5010 0.7201
vn 0.0780 0.4347 0.8972
vn 0.4801 0.5010 0.7201
vn 0.4204 0.0852 0.9033
vn 0.9265 0.2129 0.3103
vn 0.4204 0.0852 0.9034
vn 0.4801 0.5009 0.7202
vn 0.4205 0.0853 0.9033
vn 0.9265 0.2128 0.3103
vn 0.7824 0.0403 0.6215
vn 0.6912 0.6846 0.2315
vn 0.2490 0.8074 0.5349
vn 0.5265 0.7402 0.4182
vn 0.2489 0.8074 0.5349
vn 0.6911 0.6846 0.2316
vn 0.2063 0.9283 0.3095
vn 0.2489 0.8074 0.5349
vn 0.2062 0.9283 0.3094
vn 0.0583 0.7385 0.6718
vn 0.8380 0.2645 0.4774
vn 0.6912 0.6846 0.2315
vn 0.7330 0.5347 0.4206
vn 0.6912 0.6846 0.2315
vn 0.8380 0.2644 0.4774
vn 0.9265 0.2128 0.3103
vn 0.5265 0.7402 0.4182
vn 0.7329 0.5347 0.4206
vn 0.6912 0.6846 0.2315
vn 0.8380 0.2644 0.4774
vn 0.7825 0.0402 0.6214
vn 0.9265 0.2127 0.3103
vn 0.2489 0.8074 0.5349
vn 0.4436 0.5786 0.6844
vn 0.5265 0.7401 0.4182
vn 0.4436 0.5787 0.6844
vn 0.2489 0.8074 0.5349
vn 0.3550 0.5937 0.7222
vn 0.2489 0.8074 0.5349
vn 0.0585 0.7385 0.6717
vn 0.3550 0.5937 0.7222
vn 0.0584 0.7385 0.6717
vn 0.2124 0.4895 0.8458
vn 0.3550 0.5937 0.7222
vn 0.2124 0.4895 0.8458
vn 0.4297 0.2260 0.8742
vn 0.3550 0.5937 0.7221
vn 0.4297 0.2259 0.8742
vn 0.2123 0.4895 0.8458
vn 0.2185 0.4408 0.8706
vn 0.0780 0.4347 0.8972
vn 0.4297 0.2259 0.8742
vn 0.2185 0.4409 0.8706
vn 0.0780 0.4347 0.8972
vn 0.4205 0.0852 0.9033
vn 0.4297 0.2259 0.8742
vn 0.4204 0.0852 0.9033
vn 0.5339 0.2051 0.8203
vn 0.4297 0.2260 0.8742
vn 0.5338 0.2051 0.8203
vn 0.4205 0.0851 0.9033
vn 0.7824 0.0402 0.6215
vn 0.7824 0.0403 0.6214
vn 0.6151 0.3199 0.7207
vn 0.5339 0.2051 0.8203
vn 0.6150 0.3200 0.7207
vn 0.7824 0.0403 0.6214
vn 0.8380 0.2644 0.4774
vn 0.7330 0.5347 0.4205
vn 0.6150 0.3200 0.7207
vn 0.8380 0.2644 0.4773
vn 0.6151 0.3200 0.7206
vn 0.7330 0.5347 0.4206
vn 0.5810 0.4461 0.6808
vn 0.5265 0.7401 0.4182
vn 0.5810 0.4461 0.6808
vn 0.7329 0.5347 0.4206
vn 0.5810 0.4461 0.6808
vn 0.5266 0.7401 0.4182
vn 0.4436 0.5787 0.6844
vn 0.4436 0.5786 0.6844
vn 0.6151 0.3199 0.7206
vn 0.5810 0.4461 0.6808
vn 0.6151 0.3200 0.7206
vn 0.4436 0.5787 0.6844
vn 0.5339 0.2051 0.8203
vn 0.4436 0.5787 0.6844
vn 0.4297 0.2260 0.8742
vn 0.4297 0.2260 0.8742
vn 0.4436 0.5787 0.6844
vn 0.8380 0.2645 0.4774
vn 0.6912 0.6846 0.2315
vn 0.7330 0.5347 0.4206
vn 0.6912 0.6846 0.2315
vn 0.8380 0.2644 0.4774
vn 0.9265 0.2128 0.3104
vn 0.5265 0.7402 0.4182
vn 0.7329 0.5347 0.4206
vn 0.6912 0.6846 0.2315
vn 0.8380 0.2644 0.4774
vn 0.7825 0.0402 0.6214
vn 0.9265 0.2127 0.3103
vn 0.6176 0.3151 0.7206
vn 0.7315 0.5396 0.4167
vn 0.5806 0.4516 0.6775
vn 0.7315 0.5397 0.4167
vn 0.6176 0.3151 0.7206
vn 0.8395 0.2580 0.4782
vn 0.6176 0.3151 0.7206
vn 0.7791 0.0361 0.6259
vn 0.8395 0.2580 0.4782
vn 0.7790 0.0361 0.6260
vn 0.6176 0.3151 0.7206
vn 0.5337 0.1993 0.8218
vn 0.6177 0.3151 0.7206
vn 0.4415 0.5857 0.6798
vn 0.5337 0.1992 0.8219
vn 0.4415 0.5856 0.6798
vn 0.6177 0.3151 0.7206
vn 0.5807 0.4516 0.6774
vn 0.5806 0.4516 0.6774
vn 0.5210 0.7438 0.4186
vn 0.4415 0.5857 0.6798
vn 0.5210 0.7438 0.4186
vn 0.5806 0.4517 0.6774
vn 0.7315 0.5397 0.4168
vn 0.5210 0.7438 0.4186
vn 0.3256 0.6171 0.7164
vn 0.4414 0.5856 0.6798
vn 0.3257 0.6171 0.7163
vn 0.5210 0.7438 0.4186
vn 0.2779 0.8372 0.4711
vn 0.2779 0.8372 0.4711
vn 0.2011 0.5433 0.8151
vn 0.3257 0.6172 0.7163
vn 0.2012 0.5434 0.8150
vn 0.2780 0.8372 0.4711
vn 0.0484 0.7905 0.6105
vn 0.0694 0.4737 0.8779
vn 0.2011 0.5434 0.8150
vn 0.0483 0.7905 0.6105
vn 0.2012 0.5433 0.8151
vn 0.0695 0.4737 0.8780
vn 0.2205 0.3908 0.8937
vn 0.5076 0.0495 0.8602
vn 0.2205 0.3908 0.8937
vn 0.0695 0.4737 0.8779
vn 0.2205 0.3908 0.8937
vn 0.5075 0.0495 0.8602
vn 0.4041 0.2156 0.8890
vn 0.5074 0.0495 0.8603
vn 0.5337 0.1993 0.8219
vn 0.4041 0.2155 0.8889
vn 0.5336 0.1993 0.8219
vn 0.5076 0.0495 0.8602
vn 0.7790 0.0360 0.6260
vn 0.4415 0.5857 0.6798
vn 0.4041 0.2155 0.8890
vn 0.5337 0.1993 0.8219
vn 0.4041 0.2155 0.8890
vn 0.4414 0.5857 0.6798
vn 0.3256 0.6171 0.7163
vn 0.2011 0.5434 0.8150
vn 0.4041 0.2156 0.8890
vn 0.3256 0.6171 0.7163
vn 0.4041 0.2155 0.8890
vn 0.2011 0.5434 0.8150
vn 0.2205 0.3908 0.8937
vn 0.8395 0.2581 0.4782
vn 0.6870 0.6870 0.2367
vn 0.7315 0.5396 0.4167
vn 0.6870 0.6870 0.2366
vn 0.8395 0.2580 0.4783
vn 0.9256 0.2038 0.3189
vn 0.8395 0.2581 0.4782
vn 0.7790 0.0360 0.6259
vn 0.9257 0.2037 0.3188
vn 0.7790 0.0360 0.6260
vn 0.4741 0.4740 0.7420
vn 0.9257 0.2037 0.3188
vn 0.4741 0.4740 0.7420
vn 0.7790 0.0360 0.6260
vn 0.5074 0.0496 0.8603
vn 0.5075 0.0495 0.8602
vn 0.0695 0.4736 0.8780
vn 0.4741 0.4740 0.7420
vn 0.5210 0.7439 0.4186
vn 0.7315 0.5396 0.4167
vn 0.6870 0.6870 0.2367
vn 0.6870 0.6870 0.2367
vn 0.2780 0.8371 0.4711
vn 0.5210 0.7439 0.4186
vn 0.2779 0.8371 0.4711
vn 0.6870 0.6870 0.2367
vn 0.2037 0.9256 0.3189
vn 0.0483 0.7906 0.6105
vn 0.2779 0.8372 0.4711
vn 0.2037 0.9256 0.3189
vn 0.4740 0.4741 0.7420
vn 0.0483 0.7906 0.6105
vn 0.2038 0.9256 0.3189
vn 0.0484 0.7906 0.6104
vn 0.4740 0.4741 0.7420
vn 0.0695 0.4737 0.8779
vn 0.8175 0.4072 0.4072
vn 0.8175 0.4072 0.4072
vn 0.8175 0.4072 0.4072
vn 0.8175 0.4072 0.4072
vn 0.8175 0.4072 0.4072
vn 0.8175 0.4072 0.4072
vn 0.7071 0.0000 0.7071
vn 0.7071 0.0000 0.7072
vn 0.7099 0.0000 0.7043
vn 0.7071 0.0000 0.7071
vn 0.7070 0.0000 0.7072
vn 0.7043 0.0000 0.7099
vn 0.4093 0.4093 0.8154
vn 0.4093 0.4094 0.8154
vn 0.4099 0.4066 0.8165
vn 0.4093 0.4093 0.8154
vn 0.4093 0.4093 0.8154
vn 0.4093 0.8154 0.4093
vn 0.4093 0.8154 0.4094
vn 0.4093 0.8154 0.4093
vn 0.4093 0.8154 0.4094
vn 0.4094 0.8154 0.4093
vn -0.0000 0.7071 0.7071
vn -0.0000 0.7071 0.7071
vn -0.0000 0.7071 0.7071
vn -0.0000 0.7072 0.7071
vn -0.0000 0.7071 0.7071
vn -0.0000 0.7071 0.7071
vn 0.4130 0.4162 0.8101
vn 0.3450 0.1940 0.9183
vn 0.3450 0.1940 0.9183
vn 0.3450 0.1940 0.9183
vn 0.4130 0.4161 0.8101
vn 0.4156 0.4156 0.8090
vn 0.5412 0.6600 0.5210
vn 0.4156 0.4156 0.8091
vn 0.4130 0.4162 0.8101
vn 0.4156 0.4156 0.8091
vn 0.5413 0.6600 0.5210
vn 0.5421 0.6610 0.5189
vn 0.6470 0.7562 0.0974
vn 0.5421 0.6610 0.5189
vn 0.5413 0.6599 0.5211
vn 0.5421 0.6609 0.5189
vn 0.6471 0.7562 0.0974
vn 0.6470 0.7562 0.0974
vn 0.5050 0.1522 0.8496
vn 0.3449 0.1939 0.9184
vn 0.3449 0.1939 0.9184
vn 0.3449 0.1941 0.9184
vn 0.5049 0.1522 0.8497
vn 0.5014 0.1512 0.8519
vn 0.0733 0.8278 0.5562
vn 0.0733 0.8278 0.5562
vn 0.0733 0.8278 0.5562
vn 0.0732 0.8278 0.5562
vn 0.0732 0.8278 0.5562
vn 0.0733 0.8278 0.5562
vn 0.0733 0.8279 0.5561
vn 0.0733 0.8278 0.5562
vn 0.0733 0.8278 0.5562
vn 0.0732 0.8278 0.5562
vn 0.0733 0.8279 0.5561
vn 0.0732 0.8278 0.5562
vn 0.0732 0.8278 0.5562
vn 0.0732 0.8278 0.5562
vn 0.0732 0.8278 0.5562
vn 0.0732 0.8278 0.5562
vn 0.0732 0.8278 0.5562
vn 0.0732 0.8278 0.5562
vn 0.0732 0.8278 0.5562
vn 0.0732 0.8278 0.5562
vn 0.0732 0.8278 0.5562
vn 0.0733 0.8278 0.5562
vn 0.0732 0.8279 0.5561
vn 0.0733 0.8278 0.5562
vn 0.0732 0.8278 0.5562
vn 0.0732 0.8278 0.5562
vn 0.0733 0.8279 0.5561
vn 0.0732 0.8278 0.5562
vn 0.0732 0.8278 0.5562
vn 0.0733 0.8278 0.5562
vn 0.0733 0.8278 0.5561
vn 0.0733 0.8278 0.5562
vn 0.0733 0.8278 0.5562
vn 0.0733 0.8278 0.5562
vn 0.0733 0.8278 0.5561
vn 0.0733 0.8278 0.5562
vn 0.0733 0.8278 0.5562
vn 0.0733 0.8279 0.5561
vn 0.0733 0.8279 0.5561
vn 0.7129 0.7013 -0.0001
vn 0.6327 0.7593 0.1518
vn 0.6327 0.7593 0.1519
vn 0.6328 0.7593 0.1518
vn 0.7129 0.7013 -0.0000
vn 0.7128 0.7014 -0.0001
vn 0.7490 0.3745 0.5466
vn 0.7129 0.7013 0.0001
vn 0.7129 0.7013 0.0001
vn 0.7128 0.7014 -0.0001
vn 0.7490 0.3745 0.5466
vn 0.7461 0.3831 0.5445
vn 0.3678 0.1189 0.9223
vn 0.7461 0.3831 0.5446
vn 0.7490 0.3745 0.5466
vn 0.7462 0.3831 0.5445
vn 0.3678 0.1188 0.9223
vn 0.3677 0.1189 0.9223
vn 0.3679 0.3037 0.8789
vn 0.3678 0.1188 0.9223
vn 0.3678 0.1188 0.9223
vn 0.3678 0.1188 0.9223
vn 0.3680 0.3036 0.8789
vn 0.3710 0.3033 0.8777
vn 0.4708 0.5327 0.7033
vn 0.3711 0.3032 0.8777
vn 0.3679 0.3037 0.8789
vn 0.3710 0.3033 0.8777
vn 0.4709 0.5326 0.7033
vn 0.4708 0.5326 0.7033
vn 0.5668 0.6966 0.4399
vn 0.4708 0.5327 0.7033
vn 0.4708 0.5327 0.7033
vn 0.4708 0.5327 0.7033
vn 0.5667 0.6967 0.4399
vn 0.5675 0.6976 0.4375
vn 0.6327 0.7593 0.1518
vn 0.5675 0.6975 0.4375
vn 0.5668 0.6966 0.4399
vn 0.5675 0.6975 0.4375
vn 0.6328 0.7593 0.1519
vn 0.6328 0.7593 0.1519
vn 0.8605 0.2278 0.4556
vn 0.8605 0.2278 0.4556
vn 0.8605 0.2278 0.4556
vn 0.8605 0.2278 0.4556
vn 0.8606 0.2279 0.4555
vn 0.8605 0.2278 0.4556
vn 0.8606 0.2279 0.4555
vn 0.8606 0.2278 0.4556
vn 0.8606 0.2278 0.4556
vn 0.8606 0.2279 0.4555
vn 0.8605 0.2278 0.4556
vn 0.8606 0.2278 0.4556
vn 0.8605 0.2278 0.4556
vn 0.8606 0.2278 0.4555
vn 0.8605 0.2278 0.4557
vn 0.8605 0.2278 0.4556
vn 0.8605 0.2278 0.4557
vn 0.8605 0.2278 0.4557
vn 0.8606 0.2278 0.4556
vn 0.8605 0.2278 0.4557
vn 0.8606 0.2278 0.4556
vn 0.8605 0.2278 0.4556
vn 0.8605 0.2278 0.4556
vn 0.8605 0.2278 0.4556
vn 0.8605 0.2278 0.4556
vn 0.8605 0.2278 0.4556
vn 0.8605 0.2278 0.4556
vn 0.8605 0.2279 0.4556
vn 0.8605 0.2278 0.4557
vn 0.8605 0.2279 0.4556
vn 0.8605 0.2278 0.4556
vn 0.8605 0.2278 0.4556
vn 0.8605 0.2278 0.4556
vn 0.8605 0.2278 0.4556
vn 0.8605 0.2278 0.4556
vn 0.8606 0.2278 0.4556
vn 0.8605 0.2278 0.4556
vn 0.8605 0.2278 0.4556
vn 0.8605 0.2278 0.4556
vn 0.5015 0.1512 0.8518
vn 0.7783 0.6178 0.1123
vn 0.7821 0.6128 0.1129
vn 0.7783 0.6178 0.1122
vn 0.5015 0.1512 0.8518
vn 0.5049 0.1522 0.8496
vn 0.6470 0.7563 0.0973
vn 0.7821 0.6128 0.1128
vn 0.7783 0.6178 0.1123
vn 0.7822 0.6128 0.1128
vn 0.6470 0.7562 0.0974
vn 0.6470 0.7562 0.0974
vn -0.0001 0.7231 0.6907
vn 0.2892 0.2458 0.9252
vn 0.2892 0.2457 0.9252
vn 0.2892 0.2458 0.9252
vn 0.0001 0.7232 0.6907
vn 0.0001 0.7231 0.6908
vn 0.2683 0.8538 0.4461
vn -0.0000 0.7231 0.6907
vn -0.0000 0.7231 0.6907
vn -0.0000 0.7231 0.6907
vn 0.2684 0.8538 0.4461
vn 0.2716 0.8530 0.4457
vn 0.6955 0.6082 0.3825
vn 0.2716 0.8530 0.4456
vn 0.2683 0.8538 0.4461
vn 0.2716 0.8530 0.4456
vn 0.6956 0.6082 0.3824
vn 0.6943 0.6101 0.3817
vn 0.7567 0.0052 0.6537
vn 0.2890 0.2458 0.9252
vn 0.2891 0.2458 0.9252
vn 0.2890 0.2458 0.9252
vn 0.7568 0.0052 0.6537
vn 0.7545 0.0052 0.6563
vn 0.7042 0.7100 0.0000
vn 0.7043 0.7099 0.0000
vn 0.7043 0.7099 0.0000
vn 0.7042 0.7100 -0.0000
vn 0.7043 0.7099 -0.0000
vn 0.7043 0.7099 -0.0000
vn 0.7043 0.7099 -0.0000
vn 0.7043 0.7099 -0.0000
vn 0.7044 0.7098 -0.0000
vn 0.7043 0.7099 0.0001
vn 0.7043 0.7099 0.0001
vn 0.7043 0.7099 0.0001
vn 0.7043 0.7099 0.0001
vn 0.7043 0.7099 0.0001
vn 0.7043 0.7099 0.0001
vn 0.7043 0.7099 -0.0000
vn 0.7044 0.7098 -0.0000
vn 0.7043 0.7099 -0.0000
vn 0.7043 0.7099 -0.0000
vn 0.7043 0.7099 -0.0000
vn 0.7043 0.7099 -0.0000
vn 0.7043 0.7099 -0.0000
vn 0.7043 0.7099 -0.0000
vn 0.7043 0.7099 -0.0000
vn 0.7044 0.7098 -0.0001
vn 0.7044 0.7099 -0.0001
vn 0.7043 0.7099 -0.0001
vn 0.7043 0.7099 0.0001
vn 0.7043 0.7099 0.0001
vn 0.7044 0.7098 0.0001
vn 0.7042 0.7100 0.0000
vn 0.7044 0.7098 0.0000
vn 0.7044 0.7098 0.0000
vn 0.7043 0.7099 0.0000
vn 0.7044 0.7098 0.0000
vn 0.7043 0.7099 0.0000
vn 0.7043 0.7099 -0.0000
vn 0.7043 0.7099 -0.0000
vn 0.7044 0.7098 -0.0000
vn 0.8270 0.3827 0.4119
vn 0.6447 0.6628 0.3808
vn 0.6448 0.6627 0.3809
vn 0.6448 0.6627 0.3809
vn 0.8270 0.3827 0.4119
vn 0.8270 0.3827 0.4119
vn 0.8393 0.0928 0.5357
vn 0.8270 0.3827 0.4119
vn 0.8270 0.3827 0.4119
vn 0.8270 0.3827 0.4118
vn 0.8393 0.0929 0.5356
vn 0.8406 0.0925 0.5338
vn 0.5748 0.0320 0.8177
vn 0.8406 0.0925 0.5337
vn 0.8393 0.0928 0.5356
vn 0.8405 0.0925 0.5338
vn 0.5749 0.0320 0.8176
vn 0.5749 0.0320 0.8176
vn 0.0527 0.5341 0.8438
vn 0.5749 0.0320 0.8176
vn 0.5749 0.0320 0.8176
vn 0.5749 0.0320 0.8176
vn 0.0528 0.5340 0.8438
vn 0.0528 0.5341 0.8438
vn 0.0737 0.8284 0.5552
vn 0.0528 0.5340 0.8438
vn 0.0528 0.5340 0.8438
vn 0.0527 0.5340 0.8438
vn 0.0737 0.8284 0.5552
vn 0.0735 0.8298 0.5532
vn 0.3549 0.8349 0.4207
vn 0.0735 0.8298 0.5532
vn 0.0737 0.8284 0.5553
vn 0.0735 0.8298 0.5532
vn 0.3549 0.8349 0.4207
vn 0.3578 0.8339 0.4202
vn 0.6448 0.6627 0.3809
vn 0.3578 0.8339 0.4202
vn 0.3550 0.8349 0.4207
vn 0.3579 0.8339 0.4202
vn 0.6448 0.6627 0.3808
vn 0.6448 0.6627 0.3809
vn 0.4120 0.4088 0.8144
vn 0.4120 0.4088 0.8144
vn 0.4120 0.4088 0.8144
vn 0.4120 0.4088 0.8144
vn 0.4120 0.4088 0.8144
vn 0.4119 0.4088 0.8144
vn 0.4120 0.4088 0.8143
vn 0.4120 0.4088 0.8143
vn 0.4120 0.4088 0.8143
vn 0.4120 0.4088 0.8143
vn 0.4120 0.4088 0.8143
vn 0.4119 0.4088 0.8143
vn 0.4120 0.4088 0.8144
vn 0.4120 0.4088 0.8144
vn 0.4120 0.4088 0.8144
vn 0.4120 0.4088 0.8143
vn 0.4120 0.4088 0.8143
vn 0.4120 0.4088 0.8143
vn 0.4120 0.4088 0.8143
vn 0.4120 0.4088 0.8143
vn 0.4120 0.4088 0.8143
vn 0.4120 0.4088 0.8143
vn 0.4120 0.4088 0.8143
vn 0.4120 0.4087 0.8143
vn 0.4120 0.4088 0.8144
vn 0.4120 0.4087 0.8144
vn 0.4120 0.4088 0.8144
vn 0.4120 0.4088 0.8143
vn 0.4120 0.4088 0.8143
vn 0.4120 0.4088 0.8143
vn 0.4120 0.4088 0.8144
vn 0.4120 0.4088 0.8144
vn 0.4120 0.4088 0.8144
vn 0.4120 0.4087 0.8143
vn 0.4120 0.4088 0.8143
vn 0.4120 0.4088 0.8143
vn 0.4120 0.4088 0.8143
vn 0.4120 0.4088 0.8143
vn 0.4120 0.4088 0.8143
vn 0.7545 0.0051 0.6563
vn 0.8589 0.2361 0.4545
vn 0.8589 0.2361 0.4545
vn 0.8589 0.2362 0.4544
vn 0.7545 0.0051 0.6563
vn 0.7567 0.0051 0.6538
vn 0.6943 0.6101 0.3818
vn 0.8589 0.2362 0.4545
vn 0.8589 0.2362 0.4545
vn 0.8589 0.2362 0.4545
vn 0.6943 0.6101 0.3817
vn 0.6955 0.6083 0.3824
vn 0.4007 0.4006 0.8240
vn 0.5402 0.5776 0.6120
vn 0.5402 0.5776 0.6120
vn 0.5402 0.5775 0.6120
vn 0.4006 0.4007 0.8240
vn 0.4006 0.4007 0.8240
vn 0.2785 0.1945 0.9405
vn 0.4007 0.4006 0.8240
vn 0.4006 0.4007 0.8240
vn 0.4007 0.4006 0.8240
vn 0.2785 0.1945 0.9405
vn 0.2785 0.1945 0.9405
vn 0.7370 0.6344 0.2332
vn 0.2784 0.1944 0.9406
vn 0.2785 0.1944 0.9406
vn 0.2785 0.1945 0.9406
vn 0.7370 0.6344 0.2332
vn 0.7370 0.6344 0.2332
vn 0.6409 0.6933 0.3296
vn 0.5402 0.5776 0.6120
vn 0.5402 0.5776 0.6120
vn 0.5402 0.5776 0.6120
vn 0.6409 0.6933 0.3297
vn 0.6409 0.6933 0.3297
vn 0.8556 0.1771 0.4863
vn 0.8557 0.1772 0.4863
vn 0.8556 0.1771 0.4863
vn 0.8556 0.1771 0.4863
vn 0.8556 0.1772 0.4863
vn 0.8557 0.1772 0.4863
vn 0.8557 0.1772 0.4862
vn 0.8557 0.1772 0.4863
vn 0.8556 0.1771 0.4863
vn 0.8557 0.1772 0.4862
vn 0.8557 0.1772 0.4863
vn 0.8557 0.1772 0.4862
vn 0.8556 0.1772 0.4863
vn 0.8557 0.1772 0.4862
vn 0.8557 0.1771 0.4863
vn 0.8557 0.1772 0.4862
vn 0.8556 0.1772 0.4863
vn 0.8557 0.1771 0.4863
vn 0.8557 0.1772 0.4862
vn 0.8557 0.1772 0.4863
vn 0.8556 0.1772 0.4863
vn 0.8557 0.1772 0.4862
vn 0.8557 0.1772 0.4863
vn 0.8557 0.1772 0.4862
vn 0.8557 0.1772 0.4862
vn 0.8557 0.1772 0.4862
vn 0.8557 0.1772 0.4863
vn 0.8557 0.1771 0.4863
vn 0.8557 0.1772 0.4863
vn 0.8557 0.1772 0.4863
vn 0.8557 0.1772 0.4862
vn 0.8557 0.1772 0.4863
vn 0.8556 0.1772 0.4863
vn 0.8557 0.1772 0.4862
vn 0.8557 0.1771 0.4863
vn 0.8557 0.1771 0.4863
vn 0.8557 0.1772 0.4862
vn 0.8556 0.1771 0.4863
vn 0.8556 0.1771 0.4863
vn 0.7071 0.7071 -0.0000
vn 0.6997 0.5640 0.4385
vn 0.6997 0.5640 0.4386
vn 0.6997 0.5639 0.4386
vn 0.7071 0.7071 0.0001
vn 0.7071 0.7071 0.0001
vn 0.6720 0.7168 0.1860
vn 0.7071 0.7071 -0.0000
vn 0.7071 0.7071 -0.0000
vn 0.7071 0.7071 -0.0000
vn 0.6720 0.7168 0.1860
vn 0.6701 0.7185 0.1865
vn 0.5963 0.6457 0.4770
vn 0.6701 0.7185 0.1865
vn 0.6720 0.7168 0.1860
vn 0.6701 0.7185 0.1865
vn 0.5962 0.6457 0.4771
vn 0.5989 0.6455 0.4740
vn 0.4706 0.4915 0.7328
vn 0.5989 0.6455 0.4739
vn 0.5962 0.6457 0.4770
vn 0.5989 0.6455 0.4740
vn 0.4706 0.4915 0.7328
vn 0.4706 0.4915 0.7328
vn 0.3263 0.3001 0.8964
vn 0.4706 0.4916 0.7327
vn 0.4707 0.4915 0.7327
vn 0.4706 0.4915 0.7327
vn 0.3263 0.3001 0.8964
vn 0.3267 0.2966 0.8974
vn 0.2971 0.1897 0.9358
vn 0.3266 0.2967 0.8974
vn 0.3263 0.3001 0.8964
vn 0.3267 0.2967 0.8974
vn 0.2971 0.1898 0.9358
vn 0.2972 0.1896 0.9358
vn 0.6997 0.5640 0.4386
vn 0.2971 0.1897 0.9358
vn 0.2972 0.1897 0.9358
vn 0.2972 0.1897 0.9358
vn 0.6997 0.5640 0.4386
vn 0.6997 0.5640 0.4386
vn 0.1143 0.8497 0.5147
vn 0.1144 0.8497 0.5147
vn 0.1144 0.8497 0.5147
vn 0.1143 0.8497 0.5147
vn 0.1144 0.8497 0.5147
vn 0.1143 0.8497 0.5147
vn 0.1143 0.8497 0.5147
vn 0.1143 0.8497 0.5147
vn 0.1144 0.8497 0.5147
vn 0.1144 0.8497 0.5147
vn 0.1144 0.8497 0.5146
vn 0.1144 0.8497 0.5146
vn 0.1144 0.8497 0.5147
vn 0.1144 0.8497 0.5146
vn 0.1144 0.8498 0.5146
vn 0.1143 0.8497 0.5148
vn 0.1143 0.8497 0.5148
vn 0.1143 0.8497 0.5148
vn 0.1143 0.8497 0.5147
vn 0.1143 0.8497 0.5147
vn 0.1143 0.8497 0.5147
vn 0.1144 0.8497 0.5147
vn 0.1144 0.8497 0.5147
vn 0.1143 0.8497 0.5148
vn 0.1144 0.8497 0.5146
vn 0.1143 0.8497 0.5147
vn 0.1143 0.8497 0.5147
vn 0.1144 0.8497 0.5146
vn 0.1143 0.8497 0.5147
vn 0.1143 0.8497 0.5148
vn 0.1144 0.8497 0.5146
vn 0.1143 0.8497 0.5147
vn 0.1144 0.8497 0.5147
vn 0.1143 0.8497 0.5147
vn 0.1143 0.8497 0.5148
vn 0.1143 0.8497 0.5148
vn 0.1144 0.8497 0.5147
vn 0.1143 0.8497 0.5147
vn 0.1143 0.8497 0.5147
vn 0.6409 0.6932 0.3297
vn 0.6912 0.7203 0.0583
vn 0.6889 0.7221 0.0623
vn 0.6912 0.7203 0.0583
vn 0.6409 0.6932 0.3297
vn 0.6409 0.6932 0.3297
vn 0.7370 0.6344 0.2332
vn 0.6889 0.7222 0.0622
vn 0.6912 0.7204 0.0582
vn 0.6889 0.7222 0.0622
vn 0.7370 0.6343 0.2333
vn 0.7370 0.6344 0.2333
vn 0.5904 0.3622 0.7213
vn 0.7959 0.3854 0.4669
vn 0.7959 0.3854 0.4669
vn 0.7959 0.3854 0.4669
vn 0.5904 0.3622 0.7213
vn 0.5884 0.3628 0.7226
vn 0.2136 0.4530 0.8655
vn 0.5885 0.3628 0.7225
vn 0.5904 0.3622 0.7212
vn 0.5884 0.3628 0.7226
vn 0.2136 0.4530 0.8655
vn 0.2136 0.4530 0.8655
vn 0.0377 0.8363 0.5470
vn 0.2137 0.4530 0.8655
vn 0.2137 0.4531 0.8655
vn 0.2136 0.4530 0.8655
vn 0.0378 0.8362 0.5471
vn 0.0378 0.8362 0.5471
vn 0.8527 0.4971 0.1607
vn 0.7959 0.3855 0.4669
vn 0.7959 0.3854 0.4669
vn 0.7959 0.3854 0.4669
vn 0.8527 0.4971 0.1607
vn 0.8527 0.4971 0.1607
vn 0.7215 0.0000 0.6925
vn 0.7214 0.0000 0.6925
vn 0.7214 0.0000 0.6925
vn 0.7214 -0.0001 0.6925
vn 0.7213 -0.0001 0.6926
vn 0.7214 -0.0001 0.6925
vn 0.7186 -0.0001 0.6954
vn 0.7214 0.0000 0.6925
vn 0.7214 0.0000 0.6925
vn 0.7186 0.0000 0.6954
vn 0.7186 0.0000 0.6954
vn 0.7214 -0.0000 0.6925
vn 0.7186 0.0000 0.6955
vn 0.7185 0.0000 0.6955
vn 0.7187 0.0000 0.6954
vn 0.7186 -0.0001 0.6954
vn 0.7186 -0.0001 0.6954
vn 0.7186 -0.0001 0.6954
vn 0.7187 -0.0001 0.6954
vn 0.7187 -0.0001 0.6953
vn 0.7216 0.0000 0.6923
vn 0.7215 -0.0000 0.6924
vn 0.7186 -0.0000 0.6955
vn 0.7213 -0.0000 0.6926
vn 0.7215 -0.0001 0.6924
vn 0.7214 -0.0001 0.6925
vn 0.7215 -0.0001 0.6924
vn 0.7213 0.0000 0.6926
vn 0.7215 0.0000 0.6925
vn 0.7214 0.0000 0.6925
vn 0.7213 -0.0000 0.6926
vn 0.7214 -0.0000 0.6925
vn 0.7214 -0.0000 0.6925
vn 0.7214 -0.0001 0.6926
vn 0.7214 -0.0001 0.6926
vn 0.7213 -0.0001 0.6926
vn 0.7192 -0.0002 0.6948
vn 0.7214 -0.0001 0.6925
vn 0.7214 -0.0001 0.6926
vn 0.4342 0.8947 0.1053
vn 0.0060 0.7797 0.6261
vn 0.0060 0.7797 0.6262
vn 0.0059 0.7797 0.6261
vn 0.4342 0.8947 0.1053
vn 0.4342 0.8946 0.1052
vn 0.7988 0.6003 0.0406
vn 0.4341 0.8947 0.1052
vn 0.4342 0.8947 0.1052
vn 0.4342 0.8947 0.1052
vn 0.7988 0.6002 0.0406
vn 0.7972 0.6024 0.0408
vn 0.8484 0.4276 0.3121
vn 0.7972 0.6023 0.0408
vn 0.7988 0.6002 0.0406
vn 0.7971 0.6024 0.0407
vn 0.8484 0.4276 0.3121
vn 0.8484 0.4275 0.3122
vn 0.7039 0.3641 0.6099
vn 0.8484 0.4276 0.3122
vn 0.8484 0.4276 0.3122
vn 0.8484 0.4276 0.3122
vn 0.7039 0.3641 0.6099
vn 0.7039 0.3642 0.6098
vn 0.4320 0.3840 0.8160
vn 0.7039 0.3641 0.6099
vn 0.7039 0.3641 0.6099
vn 0.7039 0.3641 0.6099
vn 0.4320 0.3840 0.8160
vn 0.4294 0.3845 0.8172
vn 0.1285 0.5020 0.8553
vn 0.4294 0.3846 0.8171
vn 0.4320 0.3840 0.8160
vn 0.4294 0.3846 0.8171
vn 0.1285 0.5020 0.8553
vn 0.1285 0.5020 0.8553
vn 0.0059 0.7797 0.6261
vn 0.1286 0.5020 0.8553
vn 0.1285 0.5019 0.8553
vn 0.1285 0.5020 0.8553
vn 0.0059 0.7797 0.6261
vn 0.0059 0.7797 0.6261
vn 0.4108 0.8058 0.4266
vn 0.4108 0.8058 0.4266
vn 0.4108 0.8058 0.4266
vn 0.4108 0.8058 0.4266
vn 0.4108 0.8058 0.4266
vn 0.4108 0.8058 0.4266
vn 0.4134 0.8047 0.4261
vn 0.4108 0.8058 0.4266
vn 0.4108 0.8058 0.4266
vn 0.4108 0.8058 0.4266
vn 0.4134 0.8047 0.4260
vn 0.4134 0.8047 0.4260
vn 0.4134 0.8047 0.4260
vn 0.4134 0.8047 0.4261
vn 0.4134 0.8047 0.4260
vn 0.4129 0.8036 0.4286
vn 0.4134 0.8047 0.4260
vn 0.4134 0.8047 0.4260
vn 0.4134 0.8047 0.4261
vn 0.4128 0.8036 0.4286
vn 0.4134 0.8047 0.4260
vn 0.4129 0.8036 0.4286
vn 0.4108 0.8058 0.4266
vn 0.4134 0.8047 0.4260
vn 0.4108 0.8058 0.4266
vn 0.4129 0.8036 0.4286
vn 0.4108 0.8058 0.4266
vn 0.4108 0.8058 0.4266
vn 0.4108 0.8058 0.4266
vn 0.4108 0.8058 0.4266
vn 0.4108 0.8058 0.4266
vn 0.4108 0.8058 0.4266
vn 0.4108 0.8058 0.4266
vn 0.4108 0.8058 0.4266
vn 0.4108 0.8058 0.4266
vn 0.4108 0.8058 0.4266
vn 0.4108 0.8058 0.4266
vn 0.4108 0.8058 0.4266
vn 0.4108 0.8058 0.4266
vn 0.8527 0.4971 0.1606
vn 0.6357 0.7719 0.0056
vn 0.6357 0.7719 0.0056
vn 0.6358 0.7718 0.0057
vn 0.8527 0.4971 0.1606
vn 0.8527 0.4972 0.1606
vn 0.0377 0.8363 0.5470
vn 0.6357 0.7719 0.0057
vn 0.6357 0.7719 0.0057
vn 0.6357 0.7719 0.0057
vn 0.0377 0.8363 0.5470
vn 0.0376 0.8362 0.5471
vn 0.0098 0.6617 0.7497
vn 0.6028 0.7978 0.0118
vn 0.0098 0.6616 0.7498
vn 0.6028 0.7978 0.0117
vn 0.0099 0.6616 0.7498
vn 0.6027 0.7979 0.0118
vn 0.0098 0.6616 0.7498
vn 0.4707 0.4153 0.7784
vn 0.0098 0.6616 0.7498
vn 0.4707 0.4154 0.7784
vn 0.0098 0.6616 0.7498
vn 0.4707 0.4154 0.7784
vn 0.6028 0.7978 0.0118
vn 0.8312 0.4436 0.3351
vn 0.6028 0.7978 0.0118
vn 0.8312 0.4436 0.3351
vn 0.6028 0.7978 0.0118
vn 0.8312 0.4436 0.3351
vn 0.8312 0.4435 0.3352
vn 0.4707 0.4154 0.7784
vn 0.8313 0.4435 0.3351
vn 0.4707 0.4154 0.7784
vn 0.8312 0.4435 0.3351
vn 0.4707 0.4154 0.7784
vn 0.0001 0.7303 0.6831
vn 0.6711 0.7414 -0.0000
vn 0.0000 0.7251 0.6886
vn 0.6711 0.7414 0.0000
vn 0.0001 0.7303 0.6831
vn 0.6711 0.7414 -0.0000
vn 0.0000 0.7251 0.6886
vn 0.4100 0.4414 0.7982
vn 0.0000 0.7303 0.6831
vn 0.4100 0.4414 0.7982
vn 0.0000 0.7251 0.6886
vn 0.4100 0.4414 0.7982
vn 0.6711 0.7414 -0.0000
vn 0.8065 0.4396 0.3953
vn 0.6711 0.7414 -0.0000
vn 0.8065 0.4396 0.3953
vn 0.6710 0.7414 -0.0000
vn 0.8085 0.4408 0.3899
vn 0.8085 0.4407 0.3900
vn 0.4100 0.4413 0.7982
vn 0.8065 0.4396 0.3953
vn 0.4100 0.4413 0.7982
vn 0.8085 0.4407 0.3900
vn 0.4101 0.4413 0.7982
vn 0.0103 0.6171 0.7869
vn 0.6476 0.7619 0.0127
vn 0.6476 0.7619 0.0127
vn 0.6476 0.7619 0.0127
vn 0.0103 0.6171 0.7868
vn 0.0103 0.6172 0.7868
vn 0.4794 0.3761 0.7929
vn 0.0103 0.6171 0.7868
vn 0.0103 0.6171 0.7868
vn 0.0103 0.6171 0.7868
vn 0.4794 0.3761 0.7929
vn 0.4795 0.3760 0.7929
vn 0.6398 0.7685 0.0072
vn 0.8489 0.4027 0.3423
vn 0.8489 0.4026 0.3423
vn 0.8489 0.4027 0.3423
vn 0.6477 0.7618 0.0127
vn 0.6476 0.7619 0.0127
vn 0.4795 0.3761 0.7929
vn 0.8489 0.4027 0.3423
vn 0.8490 0.4026 0.3423
vn 0.8489 0.4027 0.3423
vn 0.4794 0.3760 0.7929
vn 0.4795 0.3761 0.7929
vn 0.0000 0.6657 0.7462
vn 0.7245 0.6893 -0.0001
vn 0.7244 0.6894 0.0000
vn 0.7244 0.6894 -0.0001
vn -0.0000 0.6657 0.7462
vn -0.0000 0.6601 0.7512
vn 0.4246 0.3695 0.8265
vn 0.0000 0.6601 0.7512
vn -0.0000 0.6658 0.7461
vn 0.0000 0.6601 0.7512
vn 0.4246 0.3695 0.8266
vn 0.4246 0.3695 0.8266
vn 0.7244 0.6894 -0.0000
vn 0.8312 0.3782 0.4075
vn 0.8335 0.3791 0.4020
vn 0.8312 0.3782 0.4075
vn 0.7244 0.6893 0.0000
vn 0.7244 0.6893 0.0000
vn 0.4246 0.3695 0.8266
vn 0.8335 0.3791 0.4020
vn 0.8312 0.3781 0.4075
vn 0.8335 0.3792 0.4020
vn 0.4246 0.3695 0.8265
vn 0.4246 0.3695 0.8265
vn 0.8165 0.4098 0.4066
vn 0.7192 0.3868 0.5772
vn 0.7192 0.3868 0.5772
vn 0.7192 0.3868 0.5772
vn 0.8165 0.4098 0.4066
vn 0.8165 0.4098 0.4067
vn 0.8570 0.4609 0.2305
vn 0.8165 0.4099 0.4067
vn 0.8165 0.4098 0.4067
vn 0.8165 0.4099 0.4067
vn 0.8570 0.4609 0.2305
vn 0.8570 0.4610 0.2305
vn 0.8285 0.5552 0.0737
vn 0.8570 0.4610 0.2304
vn 0.8570 0.4609 0.2304
vn 0.8570 0.4609 0.2304
vn 0.8285 0.5551 0.0738
vn 0.8304 0.5522 0.0739
vn 0.7192 0.3868 0.5772
vn 0.5772 0.3868 0.7192
vn 0.5772 0.3868 0.7192
vn 0.5772 0.3868 0.7192
vn 0.7192 0.3868 0.5772
vn 0.7192 0.3868 0.5772
vn 0.4093 0.4093 0.8154
vn 0.5772 0.3868 0.7192
vn 0.5771 0.3868 0.7192
vn 0.5772 0.3868 0.7192
vn 0.4093 0.4093 0.8154
vn 0.4093 0.4093 0.8154
vn 0.2305 0.4609 0.8570
vn 0.4094 0.4093 0.8154
vn 0.4093 0.4094 0.8154
vn 0.4093 0.4094 0.8154
vn 0.2305 0.4609 0.8570
vn 0.2305 0.4610 0.8570
vn 0.2304 0.4609 0.8570
vn 0.0737 0.5552 0.8284
vn 0.0737 0.5552 0.8284
vn 0.0737 0.5552 0.8284
vn 0.2304 0.4609 0.8570
vn 0.2304 0.4609 0.8570
vn 0.0000 0.7071 0.7071
vn 0.0738 0.5552 0.8285
vn 0.0738 0.5552 0.8285
vn 0.0737 0.5553 0.8284
vn 0.0000 0.7070 0.7072
vn 0.0000 0.7072 0.7071
vn 0.1179 0.8882 0.4442
vn -0.0001 0.7070 0.7072
vn -0.0001 0.7072 0.7071
vn -0.0001 0.7071 0.7071
vn 0.1179 0.8882 0.4441
vn 0.1179 0.8882 0.4441
vn 0.1180 0.8882 0.4441
vn 0.4441 0.8882 0.1180
vn 0.4469 0.8867 0.1187
vn 0.4441 0.8882 0.1180
vn 0.1180 0.8882 0.4440
vn 0.1179 0.8882 0.4441
vn 0.7071 0.7071 0.0001
vn 0.4468 0.8867 0.1187
vn 0.4441 0.8882 0.1180
vn 0.4468 0.8867 0.1187
vn 0.7072 0.7071 0.0000
vn 0.7071 0.7071 0.0001
vn 0.8304 0.5522 0.0740
vn 0.7072 0.7070 0.0000
vn 0.7071 0.7071 -0.0000
vn 0.7071 0.7071 -0.0000
vn 0.8304 0.5522 0.0740
vn 0.8285 0.5552 0.0738
vn 0.7071 -0.0000 0.7071
vn 0.7071 -0.0000 0.7071
vn 0.7071 -0.0000 0.7071
vn 0.7071 0.0000 0.7071
vn 0.7071 0.0000 0.7071
vn 0.7071 0.0000 0.7071
vn 0.7071 0.0000 0.7071
vn 0.7070 0.0000 0.7072
vn 0.7068 -0.0000 0.7074
vn 0.7071 0.0000 0.7071
vn 0.7071 0.0000 0.7071
vn 0.7071 0.0000 0.7071
vn 0.7071 0.0000 0.7071
vn 0.7071 0.0000 0.7071
vn 0.7070 0.0000 0.7072
vn 0.7070 -0.0000 0.7072
vn 0.7071 0.0000 0.7071
vn 0.7071 -0.0000 0.7071
vn 0.7071 0.0000 0.7071
vn 0.7071 0.0000 0.7071
vn 0.7071 0.0000 0.7071
vn 0.7071 0.0000 0.7071
vn 0.7071 0.0000 0.7071
vn 0.7071 0.0000 0.7071
vn 0.7071 0.0000 0.7071
vn 0.7068 -0.0000 0.7074
vn 0.7071 -0.0000 0.7071
vn 0.7071 -0.0000 0.7071
vn 0.7071 0.0000 0.7071
vn 0.7071 0.0000 0.7071
vn 0.4093 0.8154 0.4094
vn 0.4094 0.8154 0.4093
vn 0.4093 0.8154 0.4093
vn 0.4093 0.8154 0.4093
vn 0.4093 0.8154 0.4093
vn 0.4093 0.8154 0.4093
vn 0.4093 0.8154 0.4093
vn 0.4093 0.8154 0.4094
vn 0.4093 0.8154 0.4094
vn 0.4093 0.8154 0.4093
vn 0.4093 0.8154 0.4093
vn 0.4093 0.8154 0.4093
vn 0.4094 0.8154 0.4093
vn 0.4093 0.8154 0.4093
vn 0.4093 0.8154 0.4093
vn 0.4094 0.8154 0.4093
vn 0.4093 0.8154 0.4094
vn 0.4093 0.8154 0.4093
vn 0.4093 0.8154 0.4093
vn 0.4093 0.8154 0.4094
vn 0.4093 0.8154 0.4093
vn 0.4094 0.8154 0.4093
vn 0.4094 0.8154 0.4093
vn 0.4093 0.8154 0.4093
vn 0.4093 0.8154 0.4094
vn 0.4094 0.8154 0.4093
vn 0.4093 0.8154 0.4093
vn 0.4093 0.8154 0.4093
vn 0.4093 0.8154 0.4093
vn 0.4092 0.8154 0.4094
vn 0.4093 0.8154 0.4093
vn 0.4093 0.8154 0.4093
vn 0.4093 0.8154 0.4093
vn 0.4094 0.8154 0.4093
vn 0.4093 0.8154 0.4093
vn 0.4093 0.8154 0.4093
vn 0.4093 0.8154 0.4093
vn 0.4093 0.8154 0.4093
vn 0.4093 0.8154 0.4093
vn 0.4093 0.8154 0.4094
vn 0.4093 0.8154 0.4093
vn 0.4093 0.8154 0.4093
vn 0.4093 0.8154 0.4093
vn 0.4093 0.8154 0.4093
vn 0.4093 0.8154 0.4093
vn 0.4094 0.8154 0.4093
vn 0.4094 0.8154 0.4093
vn 0.4093 0.8154 0.4093
vn 0.4093 0.8154 0.4093
vn 0.4093 0.8154 0.4093
vn 0.4093 0.8154 0.4093
vn 0.4094 0.8154 0.4093
vn 0.4093 0.8154 0.4093
vn 0.4093 0.8154 0.4093
vn 0.4093 0.8154 0.4093
vn 0.4093 0.8154 0.4093
vn 0.4093 0.8154 0.4093
vn 0.4093 0.8154 0.4093
vn 0.4093 0.8154 0.4093
vn 0.4093 0.8154 0.4093
vn 0.4093 0.8154 0.4093
vn 0.4093 0.8154 0.4093
vn 0.4091 0.8154 0.4095
vn 0.4093 0.8154 0.4093
vn 0.4093 0.8154 0.4093
vn 0.4093 0.8154 0.4093
vn 0.4094 0.8154 0.4093
vn 0.4093 0.8154 0.4093
vn 0.4093 0.8154 0.4093
vn 0.4093 0.8154 0.4093
vn 0.4093 0.8154 0.4093
vn 0.4093 0.8154 0.4093
vn 0.4093 0.8154 0.4093
vn 0.4094 0.8154 0.4093
vn 0.4093 0.8154 0.4093
vn 0.4093 0.8154 0.4093
vn 0.4093 0.8154 0.4093
vn 0.4093 0.8154 0.4093
vn 0.4093 0.8154 0.4093
vn 0.4093 0.8154 0.4093
vn 0.4093 0.8154 0.4094
vn 0.4093 0.8154 0.4093
vn 0.4094 0.8154 0.4093
vn 0.4093 0.8154 0.4093
vn 0.1788 0.8635 0.4716
vn 0.2918 0.9109 0.2917
vn 0.2235 0.9061 0.3592
vn 0.2918 0.9109 0.2918
vn 0.1787 0.8635 0.4717
vn 0.1969 0.8271 0.5264
vn 0.2037 0.7837 0.5869
vn 0.1970 0.8272 0.5263
vn 0.1788 0.8635 0.4717
vn 0.2727 0.7282 0.6288
vn 0.1970 0.8271 0.5264
vn 0.2037 0.7836 0.5869
vn 0.1970 0.8271 0.5264
vn 0.2727 0.7282 0.6287
vn 0.3333 0.7128 0.6172
vn 0.3916 0.6784 0.6216
vn 0.3333 0.7128 0.6172
vn 0.2727 0.7282 0.6288
vn 0.4796 0.6598 0.5785
vn 0.3332 0.7128 0.6171
vn 0.3915 0.6785 0.6216
vn 0.3332 0.7128 0.6172
vn 0.4796 0.6598 0.5785
vn 0.5249 0.6700 0.5249
vn 0.5784 0.6598 0.4796
vn 0.5249 0.6700 0.5249
vn 0.4796 0.6599 0.5784
vn 0.6216 0.6785 0.3915
vn 0.5250 0.6700 0.5249
vn 0.5784 0.6599 0.4796
vn 0.5249 0.6700 0.5249
vn 0.6216 0.6785 0.3915
vn 0.6171 0.7128 0.3332
vn 0.6288 0.7282 0.2727
vn 0.6171 0.7128 0.3333
vn 0.6216 0.6784 0.3915
vn 0.5869 0.7836 0.2037
vn 0.6171 0.7128 0.3333
vn 0.6288 0.7282 0.2727
vn 0.6171 0.7128 0.3333
vn 0.5869 0.7836 0.2037
vn 0.5264 0.8271 0.1970
vn 0.4717 0.8634 0.1788
vn 0.5263 0.8272 0.1970
vn 0.5868 0.7837 0.2037
vn 0.3593 0.9061 0.2235
vn 0.5263 0.8272 0.1969
vn 0.4717 0.8635 0.1788
vn 0.5263 0.8271 0.1969
vn 0.3592 0.9061 0.2235
vn 0.2918 0.9109 0.2918
vn 0.2235 0.9061 0.3592
vn 0.2918 0.9109 0.2918
vn 0.3592 0.9061 0.2235
vn 0.8165 0.4098 0.4066
vn 0.7200 0.3842 0.5779
vn 0.8165 0.4098 0.4066
vn 0.7200 0.3842 0.5778
vn 0.8165 0.4098 0.4067
vn 0.7200 0.3842 0.5779
vn 0.8165 0.4099 0.4066
vn 0.8570 0.4609 0.2305
vn 0.8165 0.4099 0.4067
vn 0.8570 0.4609 0.2305
vn 0.8165 0.4099 0.4067
vn 0.8570 0.4609 0.2305
vn 0.8570 0.4609 0.2304
vn 0.8284 0.5552 0.0737
vn 0.8570 0.4609 0.2304
vn 0.8284 0.5552 0.0737
vn 0.8570 0.4609 0.2304
vn 0.8285 0.5552 0.0737
vn 0.7200 0.3842 0.5779
vn 0.5778 0.3842 0.7200
vn 0.7200 0.3842 0.5779
vn 0.5778 0.3842 0.7201
vn 0.7201 0.3842 0.5778
vn 0.5779 0.3842 0.7201
vn 0.5778 0.3842 0.7200
vn 0.4099 0.4066 0.8165
vn 0.5779 0.3842 0.7200
vn 0.4098 0.4067 0.8165
vn 0.5778 0.3843 0.7200
vn 0.4099 0.4066 0.8165
vn 0.4099 0.4067 0.8165
vn 0.2308 0.4581 0.8584
vn 0.4099 0.4067 0.8165
vn 0.2308 0.4581 0.8584
vn 0.4099 0.4066 0.8165
vn 0.2309 0.4581 0.8584
vn 0.2309 0.4580 0.8585
vn 0.0739 0.5522 0.8304
vn 0.2308 0.4581 0.8584
vn 0.0739 0.5522 0.8304
vn 0.2308 0.4581 0.8584
vn 0.0740 0.5521 0.8305
vn 0.0740 0.5521 0.8305
vn -0.0000 0.7044 0.7098
vn 0.0739 0.5522 0.8305
vn -0.0000 0.7043 0.7099
vn 0.0739 0.5522 0.8304
vn -0.0000 0.7043 0.7099
vn 0.0000 0.7043 0.7099
vn 0.1179 0.8882 0.4441
vn 0.0000 0.7043 0.7099
vn 0.1179 0.8882 0.4441
vn 0.0001 0.7044 0.7098
vn 0.1179 0.8882 0.4440
vn 0.1180 0.8882 0.4441
vn 0.4442 0.8882 0.1180
vn 0.1180 0.8882 0.4440
vn 0.4441 0.8882 0.1180
vn 0.1179 0.8882 0.4441
vn 0.4441 0.8882 0.1180
vn 0.4441 0.8882 0.1180
vn 0.7043 0.7099 -0.0001
vn 0.4441 0.8882 0.1180
vn 0.7043 0.7099 -0.0001
vn 0.4441 0.8882 0.1180
vn 0.7043 0.7099 -0.0001
vn 0.7043 0.7099 -0.0000
vn 0.8285 0.5552 0.0738
vn 0.7044 0.7098 0.0000
vn 0.8284 0.5553 0.0738
vn 0.7043 0.7099 -0.0000
vn 0.8284 0.5552 0.0738
vn 0.4067 0.8165 0.4099
vn 0.4066 0.8165 0.4099
vn 0.4067 0.8165 0.4099
vn 0.4067 0.8165 0.4099
vn 0.4066 0.8165 0.4099
vn 0.4067 0.8165 0.4099
vn 0.4067 0.8165 0.4099
vn 0.4067 0.8165 0.4099
vn 0.4067 0.8165 0.4098
vn 0.4066 0.8165 0.4099
vn 0.4067 0.8165 0.4099
vn 0.4067 0.8165 0.4098
vn 0.4099 0.8165 0.4067
vn 0.4067 0.8165 0.4099
vn 0.4067 0.8165 0.4098
vn 0.4067 0.8165 0.4099
vn 0.4067 0.8165 0.4099
vn 0.4067 0.8165 0.4099
vn 0.4067 0.8165 0.4099
vn 0.4066 0.8165 0.4099
vn 0.4093 0.8154 0.4093
vn 0.4093 0.8154 0.4093
vn 0.4067 0.8165 0.4099
vn 0.4072 0.8175 0.4072
vn 0.4067 0.8165 0.4099
vn 0.4093 0.8154 0.4093
vn 0.4081 0.8165 0.4085
vn 0.4067 0.8165 0.4099
vn 0.4067 0.8165 0.4099
vn 0.4072 0.8175 0.4072
vn 0.7099 0.0000 0.7043
vn 0.7098 0.0000 0.7044
vn 0.7099 0.0000 0.7043
vn 0.7099 -0.0000 0.7043
vn 0.7099 -0.0000 0.7043
vn 0.7064 0.0000 0.7079
vn 0.7099 0.0000 0.7043
vn 0.7098 0.0000 0.7044
vn 0.7099 0.0000 0.7043
vn 0.7099 -0.0000 0.7043
vn 0.7098 -0.0000 0.7044
vn 0.7099 -0.0000 0.7043
vn 0.7099 0.0000 0.7043
vn 0.7098 0.0000 0.7044
vn 0.7099 0.0000 0.7043
vn 0.7099 -0.0000 0.7043
vn 0.7098 0.0000 0.7044
vn 0.7099 -0.0000 0.7043
vn 0.7099 0.0000 0.7043
vn 0.7098 0.0000 0.7044
vn 0.7099 0.0000 0.7043
vn 0.7099 -0.0000 0.7043
vn 0.7099 -0.0000 0.7043
vn 0.7099 -0.0000 0.7043
vn 0.7099 -0.0000 0.7043
vn 0.7099 -0.0000 0.7043
vn 0.7098 -0.0000 0.7044
vn 0.7099 0.0000 0.7043
vn 0.7099 0.0000 0.7043
vn 0.7099 0.0000 0.7043
vn 0.7099 0.0000 0.7043
vn 0.7098 0.0000 0.7044
vn 0.7099 0.0000 0.7043
vn 0.7099 -0.0000 0.7043
vn 0.7099 0.0000 0.7043
vn 0.7098 0.0000 0.7044
vn 0.7099 -0.0000 0.7043
vn 0.7076 0.0000 0.7066
vn 0.7099 -0.0000 0.7043
vn 0.7098 0.0000 0.7044
vn 0.7099 0.0000 0.7043
vn 0.7099 0.0000 0.7043
vn 0.7099 0.0000 0.7043
vn 0.7098 0.0000 0.7044
vn 0.7099 0.0000 0.7043
vn 0.7099 0.0000 0.7043
vn 0.7099 0.0000 0.7043
vn 0.7098 0.0000 0.7044
vn 0.7099 0.0000 0.7043
vn 0.7099 0.0000 0.7043
vn 0.7098 0.0000 0.7044
vn 0.7099 0.0000 0.7043
vn 0.7099 0.0000 0.7043
vn 0.7099 0.0000 0.7043
vn 0.7099 0.0000 0.7043
vn 0.7099 0.0000 0.7043
vn 0.7099 0.0000 0.7043
vn 0.7099 0.0000 0.7043
vn 0.7098 0.0000 0.7044
vn 0.7099 -0.0000 0.7043
vn 0.7099 -0.0000 0.7043
vn 0.7099 -0.0000 0.7043
vn 0.7098 -0.0000 0.7044
vn 0.7099 0.0000 0.7043
vn 0.7098 0.0000 0.7044
vn 0.7099 0.0000 0.7043
vn 0.7099 0.0000 0.7043
vn 0.7098 0.0000 0.7044
vn 0.7099 0.0000 0.7043
vn 0.7099 0.0000 0.7043
vn 0.7098 0.0000 0.7044
vn 0.7099 0.0000 0.7043
vn 0.7098 0.0000 0.7044
vn 0.7098 0.0000 0.7044
vn 0.7099 0.0000 0.7043
vn 0.7099 0.0000 0.7044
vn 0.7068 -0.0000 0.7074
vn 0.7099 0.0000 0.7043
vn 0.7099 0.0000 0.7043
vn 0.7098 0.0000 0.7044
vn 0.7099 0.0000 0.7043
vn 0.7099 0.0000 0.7043
vn 0.7098 0.0000 0.7044
vn 0.7098 0.0000 0.7044
vn 0.3467 0.2066 0.9149
vn 0.6893 0.2234 0.6892
vn 0.3464 0.1512 0.9258
vn 0.6892 0.2236 0.6893
vn 0.3467 0.2066 0.9149
vn 0.5107 0.2553 0.8210
vn 0.5108 0.2554 0.8209
vn 0.8209 0.2554 0.5108
vn 0.6892 0.2235 0.6892
vn 0.8209 0.2554 0.5108
vn 0.9258 0.1511 0.3464
vn 0.6892 0.2235 0.6892
vn 0.9258 0.1511 0.3464
vn 0.8209 0.2555 0.5108
vn 0.9149 0.2065 0.3468
vn 0.9149 0.2067 0.3468
vn 0.9335 0.1537 0.3239
vn 0.9258 0.1512 0.3464
vn 0.9335 0.1538 0.3240
vn 0.8750 0.1050 0.4726
vn 0.9258 0.1512 0.3464
vn 0.8750 0.1050 0.4726
vn 0.9335 0.1538 0.3240
vn 0.9097 0.1300 0.3945
vn 0.9097 0.1299 0.3945
vn 0.8407 0.1132 0.5295
vn 0.8751 0.1050 0.4725
vn 0.8408 0.1132 0.5294
vn 0.7040 0.0933 0.7040
vn 0.8750 0.1050 0.4725
vn 0.7040 0.0933 0.7040
vn 0.8407 0.1131 0.5295
vn 0.7653 0.1076 0.6346
vn 0.7653 0.1077 0.6346
vn 0.6346 0.1077 0.7653
vn 0.7041 0.0934 0.7040
vn 0.6346 0.1076 0.7653
vn 0.4726 0.1050 0.8750
vn 0.7041 0.0933 0.7040
vn 0.4726 0.1050 0.8750
vn 0.6346 0.1076 0.7653
vn 0.5294 0.1132 0.8408
vn 0.5294 0.1132 0.8408
vn 0.3945 0.1299 0.9097
vn 0.4725 0.1050 0.8751
vn 0.3944 0.1300 0.9097
vn 0.3465 0.1511 0.9258
vn 0.4726 0.1050 0.8750
vn 0.3463 0.1512 0.9258
vn 0.3945 0.1299 0.9096
vn 0.3240 0.1538 0.9335
vn 0.3239 0.1537 0.9335
vn 0.3468 0.2066 0.9149
vn 0.3463 0.1512 0.9258
vn 0.7043 0.0000 0.7099
vn 0.7071 0.0000 0.7071
vn 0.7044 0.0000 0.7098
vn 0.7071 0.0000 0.7071
vn 0.7043 0.0000 0.7099
vn 0.7072 0.0000 0.7071
vn 0.7071 0.0000 0.7071
vn 0.7071 0.0000 0.7071
vn 0.7072 0.0000 0.7070
vn 0.7071 0.0000 0.7071
vn 0.7068 0.0000 0.7074
vn 0.7044 0.0000 0.7098
vn 0.7071 0.0000 0.7071
vn 0.7043 0.0000 0.7099
vn 0.7071 0.0000 0.7071
vn 0.7044 0.0000 0.7098
vn 0.7043 0.0000 0.7099
vn 0.7043 0.0000 0.7099
vn 0.7043 0.0000 0.7099
vn 0.7044 0.0000 0.7098
vn 0.7071 0.0000 0.7071
vn 0.7071 0.0000 0.7071
vn 0.7044 0.0000 0.7098
vn 0.7068 0.0000 0.7074
vn 0.7044 0.0000 0.7098
vn 0.7071 0.0000 0.7071
vn 0.7044 0.0000 0.7098
vn 0.7043 0.0000 0.7099
vn 0.7071 0.0000 0.7071
vn 0.7071 0.0000 0.7071
vn 0.7071 0.0000 0.7071
vn 0.4856 0.3959 0.7794
vn 0.4856 0.3959 0.7794
vn 0.4856 0.3959 0.7794
vn 0.4856 0.3959 0.7794
vn 0.4856 0.3959 0.7794
vn 0.4856 0.3959 0.7794
vn 0.8514 0.5069 0.1346
vn 0.8514 0.5070 0.1346
vn 0.8514 0.5069 0.1346
vn 0.8514 0.5069 0.1346
vn 0.8514 0.5069 0.1346
vn 0.8515 0.5068 0.1347
vn 0.7071 0.0000 0.7071
vn 0.7071 0.0000 0.7071
vn 0.7071 0.0000 0.7071
vn 0.3083 0.4336 0.8468
vn 0.3082 0.4336 0.8467
vn 0.3083 0.4335 0.8468
vn 0.3083 0.4336 0.8467
vn 0.3083 0.4336 0.8468
vn 0.3083 0.4336 0.8467
vn 0.8476 0.4340 0.3052
vn 0.8476 0.4340 0.3052
vn 0.8476 0.4340 0.3052
vn 0.8476 0.4340 0.3052
vn 0.8476 0.4340 0.3052
vn 0.8477 0.4340 0.3052
vn 0.7071 -0.0000 0.7071
vn 0.7071 -0.0000 0.7072
vn 0.7071 -0.0000 0.7071
vn 0.1381 0.5049 0.8521
vn 0.1381 0.5049 0.8521
vn 0.1381 0.5049 0.8521
vn 0.1381 0.5049 0.8521
vn 0.1380 0.5049 0.8521
vn 0.1381 0.5049 0.8521
vn 0.7806 0.3965 0.4832
vn 0.7806 0.3965 0.4832
vn 0.7806 0.3965 0.4832
vn 0.7806 0.3965 0.4833
vn 0.7806 0.3965 0.4832
vn 0.7806 0.3965 0.4832
vn 0.7043 0.0000 0.7099
vn 0.7044 0.0000 0.7098
vn 0.7043 0.0000 0.7099
vn 0.0148 0.6318 0.7750
vn 0.0148 0.6319 0.7749
vn 0.0148 0.6318 0.7750
vn 0.0148 0.6318 0.7750
vn 0.0148 0.6318 0.7750
vn 0.0148 0.6318 0.7750
vn 0.6620 0.3834 0.6440
vn 0.6620 0.3834 0.6440
vn 0.6620 0.3834 0.6440
vn 0.6620 0.3834 0.6440
vn 0.6620 0.3834 0.6440
vn 0.6620 0.3834 0.6440
vn 0.7043 0.0000 0.7099
vn 0.7043 0.0000 0.7099
vn 0.7074 -0.0000 0.7068
vn 0.0318 0.8147 0.5791
vn 0.0318 0.8146 0.5791
vn 0.0318 0.8146 0.5791
vn 0.0318 0.8146 0.5791
vn 0.0317 0.8146 0.5792
vn 0.0317 0.8146 0.5791
vn 0.5043 0.3936 0.7687
vn 0.5042 0.3936 0.7687
vn 0.5043 0.3936 0.7687
vn 0.5042 0.3936 0.7687
vn 0.5042 0.3936 0.7687
vn 0.5043 0.3936 0.7687
vn 0.7043 0.0000 0.7099
vn 0.7043 0.0000 0.7099
vn 0.7044 0.0000 0.7098
vn 0.2891 0.9252 0.2458
vn 0.2891 0.9252 0.2458
vn 0.2891 0.9252 0.2458
vn 0.2891 0.9252 0.2457
vn 0.2891 0.9252 0.2458
vn 0.2891 0.9252 0.2458
vn 0.3277 0.4278 0.8424
vn 0.3276 0.4279 0.8424
vn 0.3276 0.4279 0.8424
vn 0.3276 0.4279 0.8424
vn 0.3276 0.4279 0.8424
vn 0.3276 0.4279 0.8424
vn 0.7071 -0.0000 0.7071
vn 0.7071 -0.0000 0.7071
vn 0.7071 -0.0000 0.7072
vn 0.6117 0.7909 0.0185
vn 0.6117 0.7909 0.0185
vn 0.6118 0.7908 0.0185
vn 0.6118 0.7908 0.0185
vn 0.6117 0.7909 0.0185
vn 0.6117 0.7909 0.0185
vn 0.1547 0.4951 0.8549
vn 0.1547 0.4952 0.8549
vn 0.1547 0.4952 0.8549
vn 0.1547 0.4951 0.8549
vn 0.1547 0.4952 0.8549
vn 0.1547 0.4951 0.8549
vn 0.7071 0.0000 0.7071
vn 0.7071 0.0000 0.7071
vn 0.7071 0.0000 0.7071
vn 0.7899 0.6128 0.0239
vn 0.7899 0.6128 0.0239
vn 0.7899 0.6127 0.0240
vn 0.7899 0.6127 0.0239
vn 0.7899 0.6128 0.0239
vn 0.7899 0.6127 0.0239
vn 0.0240 0.6150 0.7881
vn 0.0240 0.6152 0.7880
vn 0.0240 0.6151 0.7881
vn 0.0240 0.6151 0.7881
vn 0.0240 0.6151 0.7881
vn 0.0240 0.6151 0.7881
vn 0.7071 -0.0000 0.7072
vn 0.7071 -0.0000 0.7072
vn 0.7071 -0.0000 0.7071
vn 0.8544 0.4949 0.1585
vn 0.8544 0.4948 0.1585
vn 0.8544 0.4948 0.1585
vn 0.8544 0.4948 0.1585
vn 0.8544 0.4949 0.1585
vn 0.8544 0.4949 0.1585
vn 0.0186 0.7939 0.6077
vn 0.0186 0.7939 0.6077
vn 0.0185 0.7938 0.6079
vn 0.0186 0.7939 0.6078
vn 0.0186 0.7939 0.6077
vn 0.0185 0.7938 0.6079
vn 0.7099 0.0000 0.7043
vn 0.7098 0.0000 0.7044
vn 0.7098 0.0000 0.7044
vn 0.8414 0.4274 0.3306
vn 0.8414 0.4274 0.3306
vn 0.8414 0.4274 0.3306
vn 0.8414 0.4274 0.3306
vn 0.8414 0.4274 0.3306
vn 0.8414 0.4274 0.3306
vn 0.2458 0.9252 0.2892
vn 0.2458 0.9252 0.2891
vn 0.2458 0.9252 0.2891
vn 0.2457 0.9252 0.2892
vn 0.2458 0.9252 0.2891
vn 0.2458 0.9252 0.2892
vn 0.7099 -0.0000 0.7043
vn 0.7098 -0.0000 0.7044
vn 0.7099 -0.0000 0.7044
vn 0.7675 0.3929 0.5066
vn 0.7675 0.3930 0.5065
vn 0.7675 0.3930 0.5065
vn 0.7675 0.3930 0.5065
vn 0.7675 0.3930 0.5065
vn 0.7675 0.3930 0.5065
vn 0.5750 0.8176 0.0319
vn 0.5749 0.8176 0.0319
vn 0.5749 0.8176 0.0319
vn 0.5749 0.8176 0.0319
vn 0.5749 0.8176 0.0319
vn 0.5749 0.8176 0.0319
vn 0.7099 -0.0000 0.7043
vn 0.7098 -0.0000 0.7044
vn 0.7098 -0.0000 0.7044
vn 0.6440 0.3834 0.6620
vn 0.6440 0.3834 0.6620
vn 0.6440 0.3834 0.6620
vn 0.6441 0.3834 0.6620
vn 0.6440 0.3834 0.6620
vn 0.6440 0.3834 0.6620
vn 0.7730 0.6342 0.0149
vn 0.7730 0.6343 0.0149
vn 0.7730 0.6342 0.0149
vn 0.7730 0.6342 0.0149
vn 0.7730 0.6342 0.0149
vn 0.7730 0.6342 0.0149
vn 0.7207 0.3859 0.5759
vn 0.7207 0.3859 0.5759
vn 0.7206 0.3859 0.5760
vn 0.7207 0.3860 0.5759
vn 0.7207 0.3859 0.5759
vn 0.7207 0.3859 0.5759
vn 0.8165 0.4099 0.4066
vn 0.8165 0.4098 0.4067
vn 0.8165 0.4099 0.4066
vn 0.8165 0.4098 0.4067
vn 0.8165 0.4098 0.4067
vn 0.8165 0.4098 0.4067
vn 0.5792 0.3861 0.7179
vn 0.5792 0.3861 0.7180
vn 0.5792 0.3861 0.7180
vn 0.5792 0.3861 0.7180
vn 0.5792 0.3861 0.7180
vn 0.5792 0.3861 0.7180
vn 0.4093 0.4093 0.8154
vn 0.4093 0.4093 0.8154
vn 0.4093 0.4093 0.8154
vn 0.4094 0.4093 0.8154
vn 0.2271 0.4613 0.8577
vn 0.2271 0.4613 0.8577
vn 0.2271 0.4613 0.8577
vn 0.2270 0.4613 0.8577
vn 0.2271 0.4613 0.8577
vn 0.2271 0.4613 0.8577
vn 0.0694 0.5553 0.8288
vn 0.0694 0.5553 0.8287
vn 0.0694 0.5554 0.8287
vn 0.0694 0.5554 0.8287
vn 0.0694 0.5553 0.8287
vn 0.0694 0.5554 0.8287
vn 0.0000 0.7099 0.7043
vn 0.0000 0.7098 0.7044
vn 0.0000 0.7099 0.7043
vn 0.0000 0.7098 0.7044
vn 0.0000 0.7098 0.7044
vn 0.0000 0.7099 0.7043
vn 0.1184 0.8909 0.4386
vn 0.1184 0.8909 0.4385
vn 0.1184 0.8909 0.4386
vn 0.1184 0.8909 0.4385
vn 0.1184 0.8909 0.4385
vn 0.1184 0.8909 0.4385
vn 0.4445 0.8889 0.1112
vn 0.4445 0.8889 0.1112
vn 0.4445 0.8888 0.1112
vn 0.4444 0.8889 0.1112
vn 0.4445 0.8889 0.1112
vn 0.4446 0.8888 0.1111
vn 0.7072 0.7070 0.0000
vn 0.7071 0.7071 0.0000
vn 0.7072 0.7070 0.0000
vn 0.7071 0.7071 0.0000
vn 0.8287 0.5554 0.0694
vn 0.8288 0.5553 0.0694
vn 0.8287 0.5553 0.0694
vn 0.8287 0.5553 0.0694
vn 0.8287 0.5553 0.0694
vn 0.8287 0.5554 0.0693
vn 0.8577 0.4613 0.2271
vn 0.8577 0.4613 0.2270
vn 0.8577 0.4613 0.2270
vn 0.8577 0.4613 0.2270
vn 0.8577 0.4613 0.2271
vn 0.8577 0.4613 0.2270
vn 0.8558 0.4383 0.2748
vn 0.8612 0.4524 0.2316
vn 0.8611 0.4738 0.1843
vn 0.8344 0.5461 0.0743
vn 0.8612 0.4738 0.1843
vn 0.8613 0.4523 0.2316
vn 0.8612 0.4738 0.1842
vn 0.8344 0.5461 0.0743
vn 0.8482 0.5188 0.1070
vn 0.8482 0.5187 0.1070
vn 0.8344 0.5461 0.0742
vn 0.8124 0.5816 0.0415
vn 0.7154 0.6987 0.0000
vn 0.8124 0.5817 0.0416
vn 0.8344 0.5461 0.0743
vn 0.8124 0.5816 0.0415
vn 0.7154 0.6987 -0.0000
vn 0.7548 0.6560 0.0052
vn 0.7549 0.6558 0.0052
vn 0.7155 0.6986 0.0000
vn 0.6577 0.7533 0.0060
vn 0.4524 0.8837 0.1201
vn 0.6577 0.7533 0.0060
vn 0.7155 0.6987 0.0001
vn 0.6576 0.7533 0.0060
vn 0.4524 0.8837 0.1201
vn 0.5302 0.8457 0.0604
vn 0.5302 0.8457 0.0604
vn 0.4524 0.8837 0.1203
vn 0.3559 0.9152 0.1889
vn 0.1202 0.8836 0.4525
vn 0.3559 0.9152 0.1890
vn 0.4524 0.8837 0.1202
vn 0.3559 0.9152 0.1889
vn 0.1202 0.8837 0.4524
vn 0.1889 0.9152 0.3560
vn 0.1889 0.9152 0.3559
vn 0.1203 0.8836 0.4525
vn 0.0604 0.8456 0.5303
vn -0.0000 0.7015 0.7127
vn 0.0604 0.8457 0.5302
vn 0.1202 0.8836 0.4525
vn 0.0604 0.8457 0.5302
vn -0.0000 0.7015 0.7127
vn 0.0059 0.7533 0.6576
vn 0.0059 0.7533 0.6577
vn 0.0000 0.7014 0.7127
vn 0.0051 0.6559 0.7548
vn 0.0743 0.5462 0.8344
vn 0.0052 0.6559 0.7548
vn -0.0000 0.7015 0.7127
vn 0.0052 0.6559 0.7548
vn 0.0743 0.5462 0.8344
vn 0.0416 0.5816 0.8124
vn 0.0415 0.5816 0.8124
vn 0.0742 0.5460 0.8345
vn 0.1070 0.5188 0.8482
vn 0.2316 0.4524 0.8612
vn 0.1070 0.5188 0.8482
vn 0.0742 0.5461 0.8344
vn 0.1071 0.5188 0.8482
vn 0.2316 0.4523 0.8613
vn 0.1842 0.4738 0.8612
vn 0.1843 0.4738 0.8611
vn 0.2316 0.4523 0.8612
vn 0.2748 0.4383 0.8558
vn 0.4109 0.4013 0.8186
vn 0.2748 0.4383 0.8558
vn 0.2316 0.4524 0.8612
vn 0.2748 0.4383 0.8558
vn 0.4110 0.4013 0.8186
vn 0.3617 0.4143 0.8352
vn 0.3618 0.4143 0.8352
vn 0.4110 0.4013 0.8186
vn 0.4553 0.3957 0.7976
vn 0.5792 0.3791 0.7217
vn 0.4553 0.3957 0.7976
vn 0.4109 0.4013 0.8186
vn 0.4553 0.3956 0.7976
vn 0.5792 0.3790 0.7217
vn 0.5371 0.3846 0.7508
vn 0.5371 0.3845 0.7508
vn 0.5792 0.3791 0.7217
vn 0.6190 0.3786 0.6881
vn 0.7217 0.3790 0.5792
vn 0.6190 0.3786 0.6881
vn 0.5792 0.3790 0.7217
vn 0.6190 0.3786 0.6881
vn 0.7217 0.3790 0.5792
vn 0.6881 0.3786 0.6190
vn 0.6881 0.3786 0.6190
vn 0.7217 0.3790 0.5792
vn 0.7508 0.3845 0.5371
vn 0.8197 0.4018 0.4082
vn 0.7508 0.3845 0.5372
vn 0.7217 0.3791 0.5792
vn 0.7507 0.3845 0.5371
vn 0.8197 0.4018 0.4082
vn 0.7976 0.3956 0.4553
vn 0.7976 0.3956 0.4554
vn 0.8197 0.4018 0.4082
vn 0.8352 0.4144 0.3617
vn 0.8612 0.4524 0.2316
vn 0.8352 0.4143 0.3617
vn 0.8197 0.4019 0.4082
vn 0.8352 0.4143 0.3618
vn 0.8612 0.4524 0.2316
vn 0.8557 0.4384 0.2748
vn 0.4093 0.8154 0.4094
vn 0.4094 0.8154 0.4093
vn 0.4094 0.8154 0.4093
vn 0.4093 0.8154 0.4093
vn 0.4093 0.8154 0.4093
vn 0.4093 0.8154 0.4093
vn 0.4093 0.8154 0.4094
vn 0.4093 0.8154 0.4093
vn 0.4093 0.8154 0.4093
vn 0.4093 0.8154 0.4094
vn 0.4093 0.8154 0.4094
vn 0.4093 0.8154 0.4093
vn 0.4093 0.8154 0.4093
vn 0.4093 0.8154 0.4093
vn 0.4093 0.8154 0.4093
vn 0.4093 0.8154 0.4093
vn 0.4093 0.8154 0.4093
vn 0.4093 0.8154 0.4093
vn 0.4093 0.8154 0.4093
vn 0.4094 0.8154 0.4093
vn 0.4093 0.8154 0.4093
vn 0.4093 0.8154 0.4094
vn 0.4093 0.8154 0.4093
vn 0.4094 0.8154 0.4093
vn 0.4094 0.8154 0.4093
vn 0.4093 0.8154 0.4093
vn 0.4093 0.8154 0.4093
vn 0.4093 0.8154 0.4093
vn 0.4093 0.8154 0.4093
vn 0.4093 0.8154 0.4093
vn 0.4093 0.8154 0.4093
vn 0.4093 0.8154 0.4094
vn 0.4093 0.8154 0.4093
vn 0.4093 0.8154 0.4093
vn 0.4093 0.8154 0.4093
vn 0.4093 0.8154 0.4093
vn 0.4066 0.8165 0.4099
vn 0.4067 0.8165 0.4099
vn 0.4067 0.8165 0.4098
vn 0.4067 0.8165 0.4099
vn 0.4066 0.8165 0.4099
vn 0.4066 0.8165 0.4099
vn 0.4067 0.8165 0.4099
vn 0.4066 0.8165 0.4099
vn 0.4067 0.8165 0.4098
vn 0.4067 0.8165 0.4099
vn 0.4066 0.8165 0.4099
vn 0.4067 0.8165 0.4098
vn 0.4074 0.8165 0.4091
vn 0.4067 0.8165 0.4098
vn 0.4067 0.8165 0.4098
vn 0.4067 0.8165 0.4098
vn 0.4066 0.8165 0.4099
vn 0.4067 0.8165 0.4098
vn 0.4066 0.8165 0.4099
vn 0.4067 0.8165 0.4099
vn 0.4066 0.8165 0.4099
vn 0.4066 0.8165 0.4099
vn 0.4067 0.8165 0.4099
vn 0.4067 0.8165 0.4099
vn 0.4067 0.8165 0.4099
vn 0.4067 0.8165 0.4099
vn 0.4067 0.8165 0.4099
vn 0.4066 0.8165 0.4099
vn 0.4066 0.8165 0.4099
vn 0.4066 0.8165 0.4099
vn 0.4072 0.8175 0.4072
vn 0.4072 0.8175 0.4072
vn 0.4072 0.8175 0.4072
vn 0.4072 0.8175 0.4072
vn 0.4072 0.8175 0.4072
vn 0.4072 0.8175 0.4072
vn 0.4072 0.8176 0.4071
vn 0.4072 0.8176 0.4072
vn 0.4072 0.8176 0.4072
vn 0.4072 0.8176 0.4072
vn 0.4072 0.8176 0.4072
vn 0.4072 0.8176 0.4072
vn 0.4072 0.8175 0.4072
vn 0.4072 0.8175 0.4072
vn 0.4072 0.8175 0.4072
vn 0.4072 0.8175 0.4072
vn 0.4072 0.8175 0.4072
vn 0.4072 0.8175 0.4072
vn 0.4072 0.8176 0.4072
vn 0.4072 0.8176 0.4072
vn 0.4072 0.8176 0.4072
vn 0.4072 0.8176 0.4072
vn 0.4072 0.8176 0.4072
vn 0.4072 0.8176 0.4072
vn 0.4072 0.8175 0.4072
vn 0.4072 0.8175 0.4072
vn 0.4072 0.8175 0.4072
vn 0.4072 0.8175 0.4072
vn 0.4072 0.8175 0.4072
vn 0.4072 0.8175 0.4072
vn 0.4099 0.8165 0.4067
vn 0.4099 0.8165 0.4066
vn 0.4099 0.8165 0.4066
vn 0.4098 0.8165 0.4067
vn 0.4099 0.8165 0.4067
vn 0.4098 0.8165 0.4067
vn 0.4099 0.8165 0.4066
vn 0.4099 0.8165 0.4066
vn 0.4098 0.8165 0.4067
vn 0.4099 0.8165 0.4066
vn 0.4098 0.8165 0.4067
vn 0.4098 0.8165 0.4067
vn 0.4098 0.8165 0.4067
vn 0.4099 0.8165 0.4067
vn 0.4099 0.8165 0.4066
vn 0.4099 0.8165 0.4067
vn 0.4099 0.8165 0.4067
vn 0.4099 0.8165 0.4066
vn 0.4098 0.8165 0.4067
vn 0.4098 0.8165 0.4067
vn 0.4099 0.8165 0.4066
vn 0.4079 0.8165 0.4086
vn 0.4099 0.8165 0.4067
vn 0.4099 0.8165 0.4066
vn 0.4098 0.8165 0.4067
vn 0.4099 0.8165 0.4066
vn 0.4098 0.8165 0.4067
vn 0.4098 0.8165 0.4067
vn 0.4099 0.8165 0.4067
vn 0.4098 0.8165 0.4067
vn 0.4099 0.8165 0.4067
vn 0.4099 0.8165 0.4067
vn 0.4099 0.8165 0.4067
vn 0.4099 0.8165 0.4067
vn 0.4098 0.8165 0.4067
vn 0.4099 0.8165 0.4067
vn 0.4099 0.8165 0.4066
vn 0.4099 0.8165 0.4067
vn 0.4099 0.8165 0.4067
vn 0.4094 0.8154 0.4093
vn 0.4093 0.8154 0.4093
vn 0.4093 0.8154 0.4093
vn 0.4072 0.8175 0.4072
vn 0.4072 0.8175 0.4072
vn 0.4072 0.8175 0.4072
vn 0.4066 0.8165 0.4099
vn 0.4066 0.8165 0.4099
vn 0.4066 0.8165 0.4099
vn 0.2432 0.8372 0.4899
vn 0.2913 0.8847 0.3641
vn 0.2540 0.8743 0.4136
vn 0.2913 0.8846 0.3641
vn 0.2432 0.8372 0.4899
vn 0.2675 0.8124 0.5182
vn 0.2825 0.7823 0.5551
vn 0.2675 0.8124 0.5182
vn 0.2432 0.8372 0.4898
vn 0.3411 0.7472 0.5704
vn 0.2674 0.8124 0.5182
vn 0.2824 0.7823 0.5552
vn 0.2674 0.8124 0.5182
vn 0.3411 0.7472 0.5705
vn 0.3885 0.7375 0.5524
vn 0.4314 0.7171 0.5474
vn 0.3885 0.7376 0.5524
vn 0.3410 0.7472 0.5704
vn 0.4942 0.7090 0.5030
vn 0.3885 0.7376 0.5524
vn 0.4314 0.7171 0.5475
vn 0.3885 0.7375 0.5524
vn 0.4942 0.7090 0.5030
vn 0.5189 0.7207 0.4597
vn 0.5523 0.7196 0.4209
vn 0.5190 0.7207 0.4597
vn 0.4942 0.7090 0.5030
vn 0.5701 0.7427 0.3513
vn 0.5190 0.7207 0.4597
vn 0.5523 0.7195 0.4210
vn 0.5190 0.7207 0.4597
vn 0.5701 0.7427 0.3513
vn 0.5543 0.7697 0.3167
vn 0.5471 0.7894 0.2784
vn 0.5543 0.7697 0.3167
vn 0.5701 0.7426 0.3513
vn 0.4994 0.8301 0.2481
vn 0.5543 0.7697 0.3168
vn 0.5471 0.7894 0.2784
vn 0.5543 0.7697 0.3168
vn 0.4994 0.8301 0.2480
vn 0.4476 0.8564 0.2573
vn 0.4007 0.8779 0.2623
vn 0.4475 0.8564 0.2574
vn 0.4994 0.8301 0.2480
vn 0.3256 0.8917 0.3145
vn 0.4476 0.8564 0.2573
vn 0.4007 0.8779 0.2623
vn 0.4477 0.8564 0.2572
vn 0.3256 0.8917 0.3145
vn 0.2912 0.8847 0.3641
vn 0.2539 0.8743 0.4136
vn 0.2912 0.8847 0.3641
vn 0.3256 0.8917 0.3145
vn 0.7710 0.5933 0.2313
vn 0.6636 0.5188 0.5390
vn 0.6626 0.5179 0.5411
vn 0.6636 0.5188 0.5390
vn 0.7710 0.5933 0.2313
vn 0.7703 0.5953 0.2287
vn 0.5847 0.8102 0.0414
vn 0.7703 0.5953 0.2287
vn 0.7710 0.5934 0.2313
vn 0.7702 0.5953 0.2287
vn 0.5846 0.8102 0.0414
vn 0.5847 0.8102 0.0414
vn 0.1305 0.9237 0.3601
vn 0.5846 0.8102 0.0414
vn 0.5846 0.8102 0.0414
vn 0.5846 0.8102 0.0415
vn 0.1304 0.9238 0.3600
vn 0.1358 0.9249 0.3552
vn 0.1000 0.6880 0.7188
vn 0.1359 0.9248 0.3553
vn 0.1305 0.9237 0.3602
vn 0.1358 0.9248 0.3554
vn 0.0999 0.6880 0.7188
vn 0.1003 0.6899 0.7169
vn 0.3890 0.5469 0.7413
vn 0.1003 0.6899 0.7169
vn 0.1000 0.6881 0.7187
vn 0.1003 0.6899 0.7169
vn 0.3889 0.5469 0.7414
vn 0.3863 0.5475 0.7423
vn 0.6625 0.5179 0.5411
vn 0.3864 0.5475 0.7423
vn 0.3889 0.5469 0.7414
vn 0.3864 0.5475 0.7423
vn 0.6626 0.5179 0.5411
vn 0.6636 0.5187 0.5390
vn 0.4093 0.8154 0.4093
vn 0.4093 0.8154 0.4093
vn 0.4093 0.8154 0.4094
vn 0.4094 0.8154 0.4093
vn 0.4093 0.8154 0.4093
vn 0.4094 0.8154 0.4093
vn 0.4093 0.8154 0.4093
vn 0.4093 0.8154 0.4094
vn 0.4093 0.8154 0.4093
vn 0.4094 0.8154 0.4093
vn 0.4093 0.8154 0.4093
vn 0.4067 0.8165 0.4099
vn 0.4067 0.8165 0.4099
vn 0.4066 0.8165 0.4099
vn 0.4067 0.8165 0.4099
vn 0.4067 0.8165 0.4098
vn 0.4067 0.8165 0.4098
vn 0.4067 0.8165 0.4099
vn 0.4067 0.8165 0.4099
vn 0.4067 0.8165 0.4099
vn 0.4067 0.8165 0.4099
vn 0.4067 0.8165 0.4099
vn 0.4093 0.8154 0.4093
vn 0.4067 0.8165 0.4099
vn 0.4067 0.8165 0.4099
vn 0.4067 0.8165 0.4099
vn 0.4093 0.8154 0.4093
vn 0.4081 0.8165 0.4084
vn 0.4093 0.8154 0.4094
vn 0.4067 0.8165 0.4099
vn 0.4067 0.8165 0.4099
vn 0.4067 0.8165 0.4099
vn 0.4067 0.8165 0.4099
vn 0.4067 0.8165 0.4099
vn 0.4067 0.8165 0.4099
vn 0.4067 0.8165 0.4099
vn 0.4067 0.8165 0.4099
vn 0.4067 0.8165 0.4099
vn 0.4067 0.8165 0.4099
vn 0.4862 0.3933 0.7804
vn 0.4862 0.3933 0.7804
vn 0.4862 0.3933 0.7804
vn 0.4862 0.3933 0.7804
vn 0.4862 0.3932 0.7804
vn 0.4862 0.3933 0.7804
vn 0.8515 0.5069 0.1346
vn 0.8514 0.5069 0.1346
vn 0.8514 0.5069 0.1346
vn 0.8514 0.5069 0.1346
vn 0.8514 0.5069 0.1346
vn 0.8514 0.5069 0.1346
vn 0.3087 0.4308 0.8480
vn 0.3087 0.4308 0.8480
vn 0.3087 0.4309 0.8480
vn 0.3087 0.4308 0.8480
vn 0.3087 0.4308 0.8480
vn 0.3087 0.4308 0.8480
vn 0.8476 0.4340 0.3052
vn 0.8476 0.4340 0.3052
vn 0.8476 0.4340 0.3052
vn 0.8476 0.4340 0.3052
vn 0.8476 0.4340 0.3052
vn 0.8476 0.4341 0.3052
vn 0.4093 0.8154 0.4093
vn 0.4093 0.8154 0.4093
vn 0.4093 0.8154 0.4093
vn 0.1383 0.5019 0.8538
vn 0.1383 0.5020 0.8538
vn 0.1383 0.5020 0.8538
vn 0.1383 0.5020 0.8537
vn 0.1383 0.5019 0.8538
vn 0.1383 0.5020 0.8537
vn 0.7806 0.3965 0.4832
vn 0.7806 0.3965 0.4832
vn 0.7806 0.3965 0.4832
vn 0.7806 0.3965 0.4832
vn 0.7806 0.3965 0.4832
vn 0.7806 0.3965 0.4832
vn 0.4067 0.8165 0.4099
vn 0.4067 0.8165 0.4099
vn 0.4067 0.8165 0.4098
vn 0.0149 0.6288 0.7774
vn 0.0149 0.6289 0.7774
vn 0.0149 0.6288 0.7774
vn 0.0149 0.6289 0.7774
vn 0.0149 0.6288 0.7774
vn 0.0149 0.6289 0.7774
vn 0.6628 0.3808 0.6448
vn 0.6628 0.3808 0.6448
vn 0.6628 0.3808 0.6447
vn 0.6627 0.3808 0.6448
vn 0.6628 0.3808 0.6448
vn 0.6628 0.3808 0.6448
vn 0.4065 0.8165 0.4100
vn 0.4066 0.8165 0.4099
vn 0.4067 0.8165 0.4098
vn 0.0318 0.8146 0.5791
vn 0.0317 0.8146 0.5792
vn 0.0318 0.8147 0.5791
vn 0.0317 0.8146 0.5791
vn 0.0317 0.8146 0.5791
vn 0.0317 0.8146 0.5791
vn 0.5049 0.3909 0.7696
vn 0.5049 0.3909 0.7696
vn 0.5049 0.3910 0.7696
vn 0.5049 0.3909 0.7696
vn 0.5049 0.3909 0.7696
vn 0.5049 0.3910 0.7696
vn 0.2892 0.9252 0.2457
vn 0.2891 0.9252 0.2458
vn 0.2891 0.9252 0.2458
vn 0.2892 0.9252 0.2457
vn 0.2891 0.9252 0.2457
vn 0.2891 0.9252 0.2458
vn 0.3281 0.4251 0.8436
vn 0.3281 0.4251 0.8436
vn 0.3281 0.4252 0.8436
vn 0.3281 0.4251 0.8436
vn 0.3281 0.4251 0.8436
vn 0.3281 0.4251 0.8436
vn 0.4072 0.8175 0.4072
vn 0.4072 0.8175 0.4072
vn 0.4072 0.8175 0.4072
vn 0.6116 0.7910 0.0185
vn 0.6117 0.7909 0.0185
vn 0.6116 0.7909 0.0185
vn 0.6117 0.7909 0.0185
vn 0.6117 0.7909 0.0185
vn 0.6117 0.7909 0.0185
vn 0.1550 0.4922 0.8566
vn 0.1550 0.4922 0.8566
vn 0.1550 0.4922 0.8566
vn 0.1550 0.4923 0.8565
vn 0.1550 0.4922 0.8566
vn 0.1550 0.4922 0.8566
vn 0.7899 0.6127 0.0239
vn 0.7899 0.6127 0.0239
vn 0.7899 0.6128 0.0239
vn 0.7899 0.6128 0.0239
vn 0.7899 0.6128 0.0239
vn 0.7899 0.6128 0.0239
vn 0.0241 0.6121 0.7904
vn 0.0241 0.6121 0.7904
vn 0.0241 0.6121 0.7904
vn 0.0241 0.6121 0.7904
vn 0.0241 0.6121 0.7904
vn 0.0241 0.6122 0.7904
vn 0.4072 0.8176 0.4072
vn 0.4072 0.8176 0.4072
vn 0.4072 0.8175 0.4072
vn 0.8560 0.4919 0.1588
vn 0.8560 0.4919 0.1588
vn 0.8560 0.4919 0.1588
vn 0.8544 0.4948 0.1585
vn 0.8544 0.4948 0.1585
vn 0.8544 0.4949 0.1585
vn 0.0187 0.7915 0.6109
vn 0.0187 0.7916 0.6108
vn 0.0187 0.7916 0.6108
vn 0.0186 0.7939 0.6078
vn 0.0186 0.7939 0.6078
vn 0.0186 0.7939 0.6078
vn 0.4099 0.8165 0.4067
vn 0.4099 0.8165 0.4066
vn 0.4099 0.8165 0.4066
vn 0.8414 0.4274 0.3306
vn 0.8414 0.4274 0.3306
vn 0.8414 0.4275 0.3306
vn 0.8414 0.4274 0.3306
vn 0.8414 0.4274 0.3306
vn 0.8414 0.4275 0.3305
vn 0.2475 0.9241 0.2910
vn 0.2474 0.9241 0.2911
vn 0.2475 0.9241 0.2911
vn 0.2458 0.9252 0.2891
vn 0.2458 0.9252 0.2891
vn 0.2458 0.9252 0.2891
vn 0.7675 0.3930 0.5065
vn 0.7675 0.3929 0.5065
vn 0.7675 0.3929 0.5066
vn 0.7675 0.3930 0.5065
vn 0.7675 0.3929 0.5066
vn 0.7675 0.3930 0.5065
vn 0.5748 0.8177 0.0320
vn 0.5748 0.8176 0.0319
vn 0.5748 0.8176 0.0319
vn 0.5748 0.8177 0.0320
vn 0.5749 0.8176 0.0319
vn 0.5749 0.8176 0.0319
vn 0.6448 0.3808 0.6627
vn 0.6448 0.3808 0.6627
vn 0.6447 0.3808 0.6628
vn 0.6448 0.3808 0.6627
vn 0.6448 0.3808 0.6628
vn 0.6447 0.3808 0.6628
vn 0.7730 0.6342 0.0149
vn 0.7730 0.6342 0.0149
vn 0.7729 0.6343 0.0149
vn 0.7730 0.6342 0.0149
vn 0.7730 0.6342 0.0149
vn 0.7730 0.6343 0.0149
vn 0.7215 0.3834 0.5766
vn 0.7215 0.3834 0.5766
vn 0.7215 0.3834 0.5766
vn 0.7215 0.3834 0.5766
vn 0.7215 0.3834 0.5766
vn 0.7215 0.3834 0.5766
vn 0.8165 0.4098 0.4067
vn 0.8165 0.4099 0.4066
vn 0.8165 0.4098 0.4067
vn 0.8165 0.4098 0.4067
vn 0.8165 0.4098 0.4067
vn 0.8165 0.4098 0.4067
vn 0.5799 0.3835 0.7188
vn 0.5799 0.3835 0.7188
vn 0.5798 0.3835 0.7188
vn 0.5798 0.3835 0.7188
vn 0.5799 0.3835 0.7188
vn 0.5799 0.3835 0.7188
vn 0.4099 0.4067 0.8165
vn 0.4099 0.4067 0.8165
vn 0.4099 0.4067 0.8165
vn 0.4099 0.4067 0.8165
vn 0.4099 0.4067 0.8165
vn 0.2275 0.4584 0.8591
vn 0.2274 0.4585 0.8591
vn 0.2275 0.4584 0.8591
vn 0.2275 0.4584 0.8591
vn 0.2274 0.4584 0.8591
vn 0.2274 0.4585 0.8591
vn 0.0696 0.5523 0.8308
vn 0.0696 0.5523 0.8307
vn 0.0696 0.5523 0.8307
vn 0.0696 0.5523 0.8307
vn 0.0696 0.5523 0.8307
vn 0.0696 0.5523 0.8307
vn 0.0000 0.7071 0.7071
vn 0.0000 0.7071 0.7071
vn 0.0000 0.7071 0.7071
vn 0.0000 0.7071 0.7071
vn 0.0000 0.7072 0.7071
vn 0.0000 0.7071 0.7071
vn 0.1185 0.8909 0.4385
vn 0.1184 0.8909 0.4385
vn 0.1184 0.8909 0.4385
vn 0.1184 0.8909 0.4385
vn 0.1184 0.8909 0.4386
vn 0.1184 0.8909 0.4385
vn 0.4445 0.8889 0.1112
vn 0.4446 0.8888 0.1111
vn 0.4445 0.8889 0.1112
vn 0.4445 0.8888 0.1112
vn 0.4446 0.8888 0.1111
vn 0.4445 0.8889 0.1112
vn 0.7071 0.7071 0.0000
vn 0.7071 0.7071 0.0000
vn 0.7071 0.7071 0.0000
vn 0.7071 0.7071 0.0000
vn 0.8288 0.5553 0.0694
vn 0.8287 0.5554 0.0693
vn 0.8287 0.5553 0.0694
vn 0.8287 0.5554 0.0694
vn 0.8287 0.5554 0.0693
vn 0.8287 0.5554 0.0694
vn 0.8577 0.4613 0.2271
vn 0.8577 0.4613 0.2271
vn 0.8577 0.4613 0.2270
vn 0.8577 0.4613 0.2271
vn 0.8577 0.4614 0.2270
vn 0.8577 0.4613 0.2271
vn 0.8518 0.4467 0.2736
vn 0.8565 0.4825 0.1833
vn 0.8542 0.4665 0.2297
vn 0.8565 0.4825 0.1832
vn 0.8244 0.5612 0.0734
vn 0.8542 0.4665 0.2297
vn 0.8245 0.5611 0.0734
vn 0.8565 0.4825 0.1832
vn 0.8427 0.5277 0.1063
vn 0.8428 0.5277 0.1063
vn 0.8059 0.5906 0.0412
vn 0.8244 0.5612 0.0733
vn 0.8059 0.5907 0.0412
vn 0.7015 0.7126 -0.0000
vn 0.8244 0.5612 0.0734
vn 0.7015 0.7126 -0.0000
vn 0.8058 0.5907 0.0412
vn 0.7471 0.6647 0.0052
vn 0.7471 0.6647 0.0052
vn 0.6489 0.7609 0.0059
vn 0.7017 0.7125 0.0000
vn 0.6489 0.7609 0.0058
vn 0.4388 0.8910 0.1165
vn 0.7016 0.7125 -0.0001
vn 0.4387 0.8910 0.1165
vn 0.6488 0.7610 0.0059
vn 0.5213 0.8513 0.0593
vn 0.5213 0.8513 0.0595
vn 0.3489 0.9187 0.1852
vn 0.4387 0.8910 0.1165
vn 0.3489 0.9187 0.1853
vn 0.1166 0.8911 0.4387
vn 0.4386 0.8911 0.1165
vn 0.1165 0.8910 0.4387
vn 0.3490 0.9187 0.1851
vn 0.1852 0.9186 0.3490
vn 0.1852 0.9187 0.3490
vn 0.0595 0.8513 0.5214
vn 0.1166 0.8911 0.4386
vn 0.0593 0.8513 0.5213
vn -0.0000 0.7154 0.6987
vn 0.1165 0.8911 0.4387
vn -0.0000 0.7154 0.6987
vn 0.0594 0.8513 0.5213
vn 0.0058 0.7609 0.6489
vn 0.0059 0.7609 0.6488
vn 0.0052 0.6646 0.7472
vn 0.0000 0.7153 0.6988
vn 0.0052 0.6647 0.7471
vn 0.0734 0.5612 0.8244
vn 0.0000 0.7153 0.6988
vn 0.0734 0.5612 0.8244
vn 0.0052 0.6647 0.7471
vn 0.0412 0.5907 0.8059
vn 0.0412 0.5907 0.8059
vn 0.1063 0.5277 0.8427
vn 0.0733 0.5611 0.8245
vn 0.1064 0.5277 0.8428
vn 0.2297 0.4665 0.8542
vn 0.0734 0.5612 0.8245
vn 0.2296 0.4665 0.8542
vn 0.1064 0.5278 0.8427
vn 0.1832 0.4825 0.8565
vn 0.1833 0.4825 0.8565
vn 0.2736 0.4467 0.8518
vn 0.2297 0.4666 0.8541
vn 0.2736 0.4467 0.8518
vn 0.4083 0.4146 0.8133
vn 0.2298 0.4665 0.8541
vn 0.4083 0.4146 0.8133
vn 0.2736 0.4467 0.8518
vn 0.3602 0.4225 0.8317
vn 0.3602 0.4224 0.8318
vn 0.4537 0.4035 0.7946
vn 0.4083 0.4146 0.8133
vn 0.4536 0.4036 0.7946
vn 0.5758 0.3919 0.7175
vn 0.4083 0.4146 0.8133
vn 0.5758 0.3919 0.7175
vn 0.4536 0.4036 0.7946
vn 0.5352 0.3923 0.7481
vn 0.5352 0.3923 0.7481
vn 0.6169 0.3863 0.6858
vn 0.5758 0.3919 0.7175
vn 0.6169 0.3862 0.6858
vn 0.7175 0.3919 0.5758
vn 0.5758 0.3919 0.7175
vn 0.7175 0.3919 0.5758
vn 0.6169 0.3863 0.6857
vn 0.6857 0.3863 0.6169
vn 0.6857 0.3863 0.6169
vn 0.7481 0.3923 0.5352
vn 0.7176 0.3919 0.5758
vn 0.7481 0.3923 0.5352
vn 0.8144 0.4151 0.4056
vn 0.7175 0.3919 0.5759
vn 0.8143 0.4151 0.4056
vn 0.7481 0.3923 0.5352
vn 0.7946 0.4035 0.4536
vn 0.7946 0.4036 0.4536
vn 0.8317 0.4224 0.3602
vn 0.8143 0.4152 0.4056
vn 0.8317 0.4225 0.3602
vn 0.8541 0.4666 0.2297
vn 0.8143 0.4152 0.4056
vn 0.8541 0.4666 0.2297
vn 0.8317 0.4224 0.3602
vn 0.8518 0.4467 0.2736
vn 0.7070 -0.0000 0.7072
vn 0.7071 0.0000 0.7071
vn 0.7071 -0.0000 0.7071
vn 0.7071 0.0000 0.7071
vn 0.7071 0.0000 0.7071
vn 0.7071 0.0000 0.7071
vn 0.7072 0.0000 0.7071
vn 0.7071 0.0000 0.7071
vn 0.7071 0.0000 0.7071
vn 0.7072 0.0000 0.7071
vn 0.7071 0.0000 0.7071
vn 0.7071 0.0000 0.7071
vn 0.7071 -0.0000 0.7071
vn 0.7071 -0.0000 0.7071
vn 0.7071 -0.0000 0.7071
vn 0.7071 0.0000 0.7071
vn 0.7071 0.0000 0.7071
vn 0.7071 0.0000 0.7071
vn 0.7071 0.0000 0.7071
vn 0.7071 0.0000 0.7071
vn 0.7071 0.0000 0.7071
vn 0.7071 0.0000 0.7071
vn 0.7072 0.0000 0.7070
vn 0.7071 0.0000 0.7071
vn 0.7072 -0.0000 0.7070
vn 0.7071 -0.0000 0.7071
vn 0.7071 -0.0000 0.7071
vn 0.7071 -0.0000 0.7071
vn 0.7071 -0.0000 0.7071
vn 0.7071 -0.0000 0.7072
vn 0.7072 -0.0000 0.7070
vn 0.7071 -0.0000 0.7071
vn 0.7070 -0.0000 0.7072
vn 0.7071 -0.0000 0.7071
vn 0.7071 -0.0000 0.7071
vn 0.7071 -0.0000 0.7071
vn 0.7043 0.0000 0.7099
vn 0.7042 0.0000 0.7100
vn 0.7043 -0.0000 0.7099
vn 0.7043 0.0000 0.7099
vn 0.7043 0.0000 0.7099
vn 0.7044 0.0000 0.7098
vn 0.7043 -0.0000 0.7099
vn 0.7044 0.0000 0.7098
vn 0.7043 -0.0000 0.7099
vn 0.7043 0.0000 0.7099
vn 0.7044 0.0000 0.7098
vn 0.7043 0.0000 0.7099
vn 0.7043 0.0000 0.7099
vn 0.7043 0.0000 0.7099
vn 0.7044 0.0000 0.7098
vn 0.7074 0.0000 0.7068
vn 0.7043 0.0000 0.7099
vn 0.7043 0.0000 0.7099
vn 0.7043 0.0000 0.7099
vn 0.7043 0.0000 0.7099
vn 0.7043 0.0000 0.7099
vn 0.7043 0.0000 0.7099
vn 0.7043 0.0000 0.7099
vn 0.7043 0.0000 0.7099
vn 0.7043 0.0000 0.7099
vn 0.7043 -0.0000 0.7099
vn 0.7043 -0.0000 0.7099
vn 0.7044 0.0000 0.7098
vn 0.7043 0.0000 0.7099
vn 0.7043 0.0000 0.7099
vn 0.7071 0.0001 0.7071
vn 0.7071 0.0001 0.7072
vn 0.7072 0.0001 0.7070
vn 0.7071 -0.0000 0.7072
vn 0.7071 -0.0000 0.7071
vn 0.7071 -0.0000 0.7071
vn 0.7071 -0.0001 0.7072
vn 0.7071 -0.0001 0.7071
vn 0.7071 -0.0001 0.7071
vn 0.7071 -0.0001 0.7071
vn 0.7071 -0.0001 0.7071
vn 0.7071 -0.0001 0.7071
vn 0.7071 -0.0000 0.7071
vn 0.7071 -0.0000 0.7071
vn 0.7071 -0.0000 0.7071
vn 0.7071 0.0000 0.7071
vn 0.7071 0.0000 0.7071
vn 0.7071 0.0000 0.7071
vn 0.7071 -0.0001 0.7071
vn 0.7072 -0.0001 0.7070
vn 0.7072 -0.0001 0.7071
vn 0.7071 -0.0001 0.7071
vn 0.7071 -0.0001 0.7071
vn 0.7071 -0.0001 0.7071
vn 0.7072 0.0000 0.7070
vn 0.7070 0.0000 0.7072
vn 0.7072 0.0001 0.7071
vn 0.7071 -0.0000 0.7071
vn 0.7071 -0.0000 0.7072
vn 0.7071 -0.0000 0.7072
vn 0.7071 0.0001 0.7071
vn 0.7071 0.0001 0.7071
vn 0.7072 0.0001 0.7070
vn 0.7071 0.0001 0.7072
vn 0.7072 0.0001 0.7071
vn 0.7072 0.0001 0.7070
vn 0.7099 -0.0000 0.7043
vn 0.7099 -0.0000 0.7043
vn 0.7099 -0.0000 0.7043
vn 0.7098 0.0000 0.7044
vn 0.7099 0.0000 0.7043
vn 0.7098 0.0000 0.7044
vn 0.7099 0.0000 0.7044
vn 0.7100 0.0000 0.7042
vn 0.7099 0.0000 0.7043
vn 0.7099 0.0000 0.7043
vn 0.7099 0.0000 0.7043
vn 0.7098 0.0000 0.7044
vn 0.7037 -0.0000 0.7105
vn 0.7099 0.0000 0.7043
vn 0.7099 0.0000 0.7043
vn 0.7099 -0.0000 0.7044
vn 0.7099 -0.0000 0.7043
vn 0.7098 -0.0000 0.7044
vn 0.7099 -0.0000 0.7043
vn 0.7098 -0.0000 0.7044
vn 0.7099 -0.0000 0.7043
vn 0.7099 0.0000 0.7043
vn 0.7098 0.0000 0.7044
vn 0.7099 0.0000 0.7043
vn 0.7098 -0.0000 0.7044
vn 0.7099 -0.0000 0.7043
vn 0.7099 -0.0000 0.7043
vn 0.7098 -0.0000 0.7044
vn 0.7099 -0.0000 0.7043
vn 0.7098 -0.0000 0.7044
vn 0.7099 0.0000 0.7043
vn 0.7099 0.0000 0.7043
vn 0.7099 0.0000 0.7043
vn 0.7099 -0.0000 0.7043
vn 0.7099 -0.0000 0.7043
vn 0.7099 -0.0000 0.7043
vn 0.7099 0.0001 0.7043
vn 0.7098 0.0001 0.7044
vn 0.7099 0.0001 0.7043
vn 0.7099 0.0001 0.7043
vn 0.7099 0.0001 0.7043
vn 0.7099 0.0001 0.7043
vn 0.4429 0.0886 0.8922
vn 0.6219 0.0934 0.7775
vn 0.4576 0.0687 0.8865
vn 0.6220 0.0933 0.7774
vn 0.4429 0.0885 0.8922
vn 0.5204 0.1041 0.8476
vn 0.5204 0.1041 0.8476
vn 0.7146 0.1136 0.6902
vn 0.6220 0.0933 0.7775
vn 0.7146 0.1137 0.6902
vn 0.8641 0.0817 0.4966
vn 0.6219 0.0932 0.7775
vn 0.8641 0.0817 0.4967
vn 0.7146 0.1137 0.6902
vn 0.8320 0.1060 0.5446
vn 0.8320 0.1060 0.5446
vn 0.8923 0.0862 0.4431
vn 0.8641 0.0817 0.4967
vn 0.8923 0.0861 0.4431
vn 0.8667 0.0594 0.4953
vn 0.8641 0.0815 0.4967
vn 0.8667 0.0595 0.4952
vn 0.8923 0.0861 0.4431
vn 0.8887 0.0745 0.4524
vn 0.8887 0.0745 0.4523
vn 0.8496 0.0643 0.5236
vn 0.8667 0.0594 0.4953
vn 0.8496 0.0642 0.5235
vn 0.7476 0.0513 0.6621
vn 0.8667 0.0594 0.4952
vn 0.7476 0.0512 0.6622
vn 0.8496 0.0642 0.5235
vn 0.7939 0.0600 0.6051
vn 0.7939 0.0601 0.6051
vn 0.6996 0.0583 0.7121
vn 0.7476 0.0512 0.6622
vn 0.6996 0.0583 0.7121
vn 0.5744 0.0538 0.8168
vn 0.7476 0.0512 0.6622
vn 0.5744 0.0538 0.8168
vn 0.6996 0.0582 0.7121
vn 0.6178 0.0596 0.7841
vn 0.6178 0.0596 0.7841
vn 0.5120 0.0651 0.8565
vn 0.5745 0.0538 0.8168
vn 0.5120 0.0652 0.8565
vn 0.4576 0.0687 0.8865
vn 0.5744 0.0539 0.8168
vn 0.4576 0.0686 0.8865
vn 0.5120 0.0652 0.8565
vn 0.4523 0.0728 0.8889
vn 0.4523 0.0728 0.8889
vn 0.4430 0.0886 0.8921
vn 0.4575 0.0686 0.8866
vn 0.9110 0.3090 0.2733
vn 0.7517 0.2495 0.6106
vn 0.9113 0.3104 0.2706
vn 0.7516 0.2495 0.6106
vn 0.9110 0.3090 0.2733
vn 0.7502 0.2490 0.6126
vn 0.7502 0.2490 0.6126
vn 0.4455 0.2631 0.8558
vn 0.7516 0.2495 0.6105
vn 0.4455 0.2631 0.8558
vn 0.7502 0.2490 0.6126
vn 0.4482 0.2627 0.8545
vn 0.4482 0.2626 0.8545
vn 0.1283 0.3752 0.9180
vn 0.4454 0.2630 0.8558
vn 0.1283 0.3751 0.9181
vn 0.4482 0.2626 0.8545
vn 0.1277 0.3734 0.9188
vn 0.1278 0.3734 0.9188
vn 0.2436 0.7310 0.6374
vn 0.1284 0.3751 0.9180
vn 0.2438 0.7310 0.6373
vn 0.1279 0.3734 0.9188
vn 0.2335 0.7283 0.6442
vn 0.2335 0.7283 0.6443
vn 0.8476 0.5272 0.0601
vn 0.2437 0.7311 0.6373
vn 0.8476 0.5272 0.0601
vn 0.2334 0.7283 0.6443
vn 0.8476 0.5272 0.0601
vn 0.8476 0.5272 0.0601
vn 0.9113 0.3103 0.2707
vn 0.8476 0.5272 0.0601
vn 0.9113 0.3104 0.2706
vn 0.8476 0.5273 0.0600
vn 0.9110 0.3089 0.2734
vn 0.7099 0.0000 0.7043
vn 0.7099 0.0000 0.7043
vn 0.7099 0.0000 0.7043
vn 0.7100 0.0000 0.7043
vn 0.7099 0.0000 0.7043
vn 0.7099 0.0000 0.7043
vn 0.7099 0.0000 0.7043
vn 0.7098 0.0000 0.7044
vn 0.7098 0.0000 0.7044
vn 0.7099 0.0000 0.7043
vn 0.7099 0.0000 0.7043
vn 0.8154 0.4093 0.4093
vn 0.7192 0.3868 0.5772
vn 0.8154 0.4093 0.4093
vn 0.7192 0.3868 0.5772
vn 0.8154 0.4093 0.4093
vn 0.7192 0.3868 0.5772
vn 0.7192 0.3867 0.5772
vn 0.5772 0.3868 0.7192
vn 0.7192 0.3868 0.5772
vn 0.5772 0.3868 0.7192
vn 0.7192 0.3868 0.5772
vn 0.5772 0.3868 0.7192
vn 0.8154 0.4094 0.4093
vn 0.8584 0.4581 0.2308
vn 0.8154 0.4093 0.4093
vn 0.8584 0.4581 0.2308
vn 0.8154 0.4094 0.4093
vn 0.8584 0.4581 0.2309
vn 0.5772 0.3868 0.7192
vn 0.4093 0.4093 0.8154
vn 0.5772 0.3868 0.7192
vn 0.4093 0.4093 0.8154
vn 0.5771 0.3868 0.7192
vn 0.4093 0.4093 0.8154
vn 0.4094 0.4093 0.8154
vn 0.2305 0.4609 0.8570
vn 0.4094 0.4093 0.8154
vn 0.2305 0.4609 0.8570
vn 0.4094 0.4093 0.8154
vn 0.2305 0.4609 0.8570
vn 0.2304 0.4609 0.8570
vn 0.0737 0.5552 0.8284
vn 0.2304 0.4609 0.8570
vn 0.0737 0.5552 0.8284
vn 0.2304 0.4609 0.8570
vn 0.0737 0.5552 0.8284
vn 0.0738 0.5551 0.8285
vn 0.0000 0.7071 0.7071
vn 0.0737 0.5552 0.8284
vn 0.0000 0.7071 0.7071
vn 0.0737 0.5552 0.8284
vn 0.0000 0.7043 0.7099
vn -0.0000 0.7044 0.7098
vn 0.1187 0.8867 0.4469
vn -0.0001 0.7071 0.7071
vn 0.1187 0.8867 0.4469
vn -0.0001 0.7044 0.7098
vn 0.1187 0.8867 0.4468
vn 0.1186 0.8867 0.4469
vn 0.4468 0.8867 0.1187
vn 0.1187 0.8867 0.4468
vn 0.4468 0.8867 0.1187
vn 0.1187 0.8867 0.4468
vn 0.4468 0.8867 0.1187
vn 0.4469 0.8867 0.1187
vn 0.7071 0.7071 0.0000
vn 0.4468 0.8867 0.1187
vn 0.7071 0.7071 0.0000
vn 0.4468 0.8867 0.1187
vn 0.7071 0.7071 -0.0000
vn 0.7070 0.7072 -0.0000
vn 0.8304 0.5523 0.0739
vn 0.7071 0.7071 0.0000
vn 0.8304 0.5522 0.0740
vn 0.7070 0.7072 -0.0000
vn 0.8305 0.5521 0.0740
vn 0.8304 0.5522 0.0739
vn 0.8584 0.4581 0.2308
vn 0.8305 0.5521 0.0739
vn 0.8585 0.4580 0.2308
vn 0.8305 0.5522 0.0739
vn 0.8584 0.4581 0.2308
vn 0.4072 0.8175 0.4072
vn 0.4072 0.8175 0.4072
vn 0.4072 0.8175 0.4072
vn 0.4072 0.8175 0.4072
vn 0.4072 0.8175 0.4071
vn 0.4072 0.8175 0.4072
vn 0.4072 0.8175 0.4072
vn 0.4072 0.8175 0.4072
vn 0.4072 0.8175 0.4072
vn 0.4072 0.8175 0.4072
vn 0.4072 0.8175 0.4072
vn 0.4079 0.8165 0.4087
vn 0.4072 0.8175 0.4072
vn 0.4072 0.8175 0.4072
vn 0.4099 0.8165 0.4067
vn 0.4072 0.8175 0.4072
vn 0.4072 0.8175 0.4072
vn 0.4072 0.8175 0.4072
vn 0.4072 0.8175 0.4072
vn 0.4072 0.8175 0.4072
vn 0.4099 0.8165 0.4067
vn 0.4072 0.8175 0.4072
vn 0.4098 0.8165 0.4067
vn 0.4099 0.8165 0.4067
vn 0.4098 0.8165 0.4067
vn 0.4072 0.8175 0.4072
vn 0.4072 0.8175 0.4072
vn 0.4072 0.8175 0.4072
vn 0.4099 0.8165 0.4067
vn 0.4099 0.8165 0.4066
vn 0.7425 0.0052 0.6699
vn 0.7207 0.0000 0.6933
vn 0.7420 0.0051 0.6704
vn 0.7207 0.0000 0.6933
vn 0.7425 0.0052 0.6699
vn 0.7153 0.0000 0.6988
vn 0.7154 0.0000 0.6988
vn 0.6942 0.0051 0.7197
vn 0.7208 -0.0000 0.6932
vn 0.6943 0.0051 0.7197
vn 0.7153 0.0000 0.6988
vn 0.6891 0.0051 0.7247
vn 0.6891 0.0051 0.7246
vn 0.6618 0.0052 0.7496
vn 0.6941 0.0051 0.7198
vn 0.6618 0.0052 0.7497
vn 0.6891 0.0051 0.7246
vn 0.6618 0.0052 0.7497
vn 0.6619 0.0052 0.7496
vn 0.6397 0.0054 0.7686
vn 0.6618 0.0052 0.7497
vn 0.6397 0.0054 0.7686
vn 0.6618 0.0052 0.7497
vn 0.6396 0.0054 0.7687
vn 0.6396 0.0054 0.7687
vn 0.6357 0.0057 0.7719
vn 0.6396 0.0054 0.7687
vn 0.6357 0.0057 0.7719
vn 0.6397 0.0054 0.7686
vn 0.6357 0.0057 0.7720
vn 0.6357 0.0057 0.7719
vn 0.6546 0.0060 0.7559
vn 0.6356 0.0057 0.7720
vn 0.6547 0.0059 0.7559
vn 0.6357 0.0056 0.7720
vn 0.6547 0.0059 0.7559
vn 0.6547 0.0059 0.7559
vn 0.6853 0.0062 0.7282
vn 0.6547 0.0059 0.7559
vn 0.6854 0.0060 0.7282
vn 0.6547 0.0059 0.7559
vn 0.6854 0.0060 0.7282
vn 0.6853 0.0060 0.7282
vn 0.7282 0.0060 0.6853
vn 0.6854 0.0060 0.7282
vn 0.7282 0.0060 0.6854
vn 0.6854 0.0060 0.7282
vn 0.7282 0.0060 0.6854
vn 0.7282 0.0060 0.6854
vn 0.7559 0.0059 0.6546
vn 0.7281 0.0060 0.6854
vn 0.7559 0.0059 0.6547
vn 0.7282 0.0060 0.6853
vn 0.7559 0.0059 0.6546
vn 0.7559 0.0059 0.6547
vn 0.7719 0.0056 0.6357
vn 0.7559 0.0058 0.6547
vn 0.7719 0.0056 0.6357
vn 0.7558 0.0059 0.6547
vn 0.7720 0.0056 0.6356
vn 0.7719 0.0057 0.6357
vn 0.7686 0.0054 0.6397
vn 0.7719 0.0057 0.6357
vn 0.7686 0.0054 0.6397
vn 0.7719 0.0057 0.6358
vn 0.7687 0.0054 0.6396
vn 0.7686 0.0054 0.6397
vn 0.7420 0.0052 0.6703
vn 0.7687 0.0054 0.6396
vn 0.7421 0.0052 0.6703
vn 0.7686 0.0054 0.6397
vn 0.7425 0.0052 0.6699
vn 0.0121 0.6312 0.7755
vn 0.1443 0.8414 0.5209
vn 0.0122 0.6342 0.7731
vn 0.1443 0.8414 0.5208
vn 0.0121 0.6312 0.7755
vn 0.1442 0.8413 0.5209
vn 0.1442 0.8414 0.5209
vn 0.5208 0.8414 0.1442
vn 0.1442 0.8414 0.5209
vn 0.5208 0.8414 0.1442
vn 0.1442 0.8414 0.5208
vn 0.5208 0.8414 0.1442
vn 0.5208 0.8414 0.1443
vn 0.7706 0.6372 0.0122
vn 0.5208 0.8414 0.1443
vn 0.7706 0.6372 0.0121
vn 0.5209 0.8414 0.1442
vn 0.7707 0.6371 0.0121
vn 0.7706 0.6372 0.0122
vn 0.8723 0.4820 0.0827
vn 0.7706 0.6372 0.0122
vn 0.8722 0.4821 0.0827
vn 0.7707 0.6371 0.0122
vn 0.8722 0.4820 0.0827
vn 0.8723 0.4820 0.0827
vn 0.8868 0.3930 0.2432
vn 0.8723 0.4820 0.0826
vn 0.8869 0.3929 0.2432
vn 0.8722 0.4821 0.0825
vn 0.8868 0.3929 0.2432
vn 0.8868 0.3929 0.2432
vn 0.8379 0.3478 0.4207
vn 0.8868 0.3929 0.2433
vn 0.8379 0.3478 0.4206
vn 0.8868 0.3929 0.2433
vn 0.8379 0.3478 0.4207
vn 0.8379 0.3478 0.4206
vn 0.7374 0.3267 0.5912
vn 0.8379 0.3478 0.4206
vn 0.7374 0.3267 0.5912
vn 0.8379 0.3478 0.4206
vn 0.7374 0.3267 0.5912
vn 0.7374 0.3267 0.5912
vn 0.5912 0.3267 0.7374
vn 0.7374 0.3267 0.5912
vn 0.5911 0.3267 0.7374
vn 0.7374 0.3267 0.5912
vn 0.5912 0.3267 0.7374
vn 0.5912 0.3267 0.7374
vn 0.4234 0.3473 0.8368
vn 0.5912 0.3267 0.7374
vn 0.4234 0.3473 0.8368
vn 0.5912 0.3267 0.7374
vn 0.4233 0.3473 0.8368
vn 0.4234 0.3473 0.8367
vn 0.2432 0.3929 0.8868
vn 0.4234 0.3473 0.8367
vn 0.2432 0.3930 0.8868
vn 0.4234 0.3473 0.8367
vn 0.2433 0.3929 0.8868
vn 0.2432 0.3929 0.8868
vn 0.0826 0.4821 0.8722
vn 0.2432 0.3929 0.8868
vn 0.0826 0.4820 0.8723
vn 0.2432 0.3929 0.8868
vn 0.0826 0.4820 0.8723
vn 0.0826 0.4821 0.8722
vn 0.0121 0.6342 0.7731
vn 0.0827 0.4821 0.8722
vn 0.0121 0.6343 0.7730
vn 0.0827 0.4821 0.8722
vn 0.0121 0.6312 0.7755
vn 0.7071 -0.0000 0.7071
vn 0.7181 -0.0000 0.6960
vn 0.7352 -0.0000 0.6778
vn 0.7182 -0.0001 0.6959
vn 0.7017 -0.0000 0.7125
vn 0.7352 -0.0001 0.6779
vn 0.7017 -0.0000 0.7125
vn 0.7181 -0.0000 0.6959
vn 0.7070 -0.0000 0.7072
vn 0.7072 0.0000 0.7070
vn 0.6989 0.0001 0.7152
vn 0.7016 0.0000 0.7126
vn 0.6988 0.0000 0.7153
vn 0.7071 0.0000 0.7071
vn 0.7071 0.0000 0.7071
vn 0.7072 -0.0000 0.7071
vn 0.7071 0.0000 0.7071
vn 0.6989 -0.0000 0.7152
vn 0.7071 0.0000 0.7071
vn 0.7071 -0.0000 0.7071
vn 0.7071 0.0000 0.7071
vn 0.7071 -0.0000 0.7071
vn 0.7072 -0.0000 0.7070
vn 0.7071 -0.0000 0.7071
vn 0.7071 0.0000 0.7071
vn 0.7071 0.0000 0.7071
vn 0.7071 0.0000 0.7072
vn 0.7071 0.0000 0.7071
vn 0.7071 0.0000 0.7071
vn 0.7071 0.0000 0.7071
vn 0.8765 0.4199 0.2357
vn 0.7306 0.3499 0.5864
vn 0.8765 0.4198 0.2357
vn 0.7306 0.3500 0.5863
vn 0.8765 0.4199 0.2357
vn 0.7306 0.3499 0.5864
vn 0.8765 0.4198 0.2357
vn 0.7468 0.6651 -0.0000
vn 0.8765 0.4198 0.2357
vn 0.7468 0.6650 -0.0000
vn 0.8765 0.4198 0.2357
vn 0.7468 0.6650 -0.0000
vn 0.7468 0.6651 -0.0000
vn 0.1290 0.8647 0.4854
vn 0.7468 0.6650 -0.0000
vn 0.1289 0.8647 0.4855
vn 0.7467 0.6651 0.0001
vn 0.1290 0.8647 0.4854
vn 0.1289 0.8647 0.4855
vn 0.0761 0.5110 0.8562
vn 0.1289 0.8647 0.4855
vn 0.0761 0.5110 0.8562
vn 0.1289 0.8647 0.4855
vn 0.0761 0.5110 0.8562
vn 0.0762 0.5110 0.8562
vn 0.4138 0.3716 0.8311
vn 0.0762 0.5110 0.8562
vn 0.4139 0.3715 0.8311
vn 0.0762 0.5111 0.8562
vn 0.4138 0.3716 0.8311
vn 0.4139 0.3715 0.8311
vn 0.7306 0.3500 0.5863
vn 0.4139 0.3715 0.8311
vn 0.7306 0.3500 0.5863
vn 0.4139 0.3715 0.8311
vn 0.7306 0.3500 0.5863
vn 0.8446 0.0356 0.5343
vn 0.7417 0.0313 0.6700
vn 0.7098 -0.0000 0.7044
vn 0.7416 0.0312 0.6701
vn 0.5967 0.0326 0.8018
vn 0.7099 -0.0000 0.7043
vn 0.5967 0.0327 0.8018
vn 0.5099 0.0401 0.8593
vn 0.7099 0.0000 0.7043
vn 0.5098 0.0401 0.8593
vn 0.6458 0.0509 0.7618
vn 0.7100 0.0000 0.7043
vn 0.6457 0.0508 0.7619
vn 0.8382 0.0459 0.5435
vn 0.7099 -0.0000 0.7043
vn 0.8382 0.0457 0.5435
vn 0.8446 0.0356 0.5341
vn 0.7099 0.0000 0.7043
vn 0.8165 0.4098 0.4067
vn 0.7192 0.3869 0.5771
vn 0.8165 0.4099 0.4066
vn 0.7192 0.3868 0.5772
vn 0.8165 0.4098 0.4067
vn 0.7192 0.3868 0.5772
vn 0.7192 0.3867 0.5772
vn 0.5779 0.3842 0.7201
vn 0.7192 0.3868 0.5772
vn 0.5779 0.3842 0.7200
vn 0.7192 0.3868 0.5772
vn 0.5779 0.3842 0.7200
vn 0.8165 0.4099 0.4066
vn 0.8570 0.4609 0.2305
vn 0.8165 0.4098 0.4067
vn 0.8570 0.4610 0.2304
vn 0.8165 0.4099 0.4067
vn 0.8570 0.4609 0.2305
vn 0.5779 0.3842 0.7200
vn 0.4099 0.4066 0.8165
vn 0.5779 0.3842 0.7200
vn 0.4098 0.4066 0.8165
vn 0.5778 0.3843 0.7200
vn 0.4098 0.4066 0.8165
vn 0.4099 0.4067 0.8165
vn 0.2308 0.4581 0.8584
vn 0.4099 0.4067 0.8165
vn 0.2308 0.4581 0.8584
vn 0.4099 0.4067 0.8165
vn 0.2309 0.4580 0.8584
vn 0.2308 0.4581 0.8584
vn 0.0739 0.5522 0.8304
vn 0.2308 0.4581 0.8584
vn 0.0739 0.5521 0.8305
vn 0.2308 0.4581 0.8584
vn 0.0739 0.5522 0.8304
vn 0.0740 0.5521 0.8305
vn 0.0000 0.7071 0.7071
vn 0.0740 0.5521 0.8305
vn 0.0000 0.7071 0.7071
vn 0.0740 0.5522 0.8304
vn -0.0000 0.7043 0.7099
vn -0.0000 0.7043 0.7099
vn 0.1187 0.8867 0.4469
vn -0.0000 0.7071 0.7072
vn 0.1188 0.8867 0.4468
vn -0.0000 0.7044 0.7098
vn 0.1188 0.8867 0.4468
vn 0.1186 0.8867 0.4469
vn 0.4441 0.8882 0.1180
vn 0.1187 0.8867 0.4468
vn 0.4441 0.8882 0.1180
vn 0.1187 0.8867 0.4468
vn 0.4441 0.8882 0.1181
vn 0.4441 0.8882 0.1180
vn 0.7043 0.7099 0.0000
vn 0.4441 0.8882 0.1180
vn 0.7042 0.7100 0.0000
vn 0.4441 0.8882 0.1179
vn 0.7044 0.7098 -0.0000
vn 0.7043 0.7099 -0.0000
vn 0.8285 0.5552 0.0737
vn 0.7044 0.7098 -0.0000
vn 0.8284 0.5553 0.0737
vn 0.7043 0.7099 -0.0000
vn 0.8285 0.5551 0.0738
vn 0.8285 0.5552 0.0737
vn 0.8570 0.4609 0.2304
vn 0.8285 0.5552 0.0737
vn 0.8570 0.4608 0.2305
vn 0.8285 0.5552 0.0737
vn 0.8570 0.4609 0.2304
vn 0.4067 0.8165 0.4099
vn 0.4067 0.8165 0.4098
vn 0.4067 0.8165 0.4098
vn 0.4067 0.8165 0.4098
vn 0.4067 0.8165 0.4099
vn 0.4067 0.8165 0.4099
vn 0.4067 0.8165 0.4099
vn 0.4067 0.8165 0.4098
vn 0.4067 0.8165 0.4099
vn 0.4067 0.8165 0.4099
vn 0.4067 0.8165 0.4098
vn 0.4079 0.8165 0.4087
vn 0.4067 0.8165 0.4099
vn 0.4093 0.8154 0.4093
vn 0.4067 0.8165 0.4098
vn 0.4067 0.8165 0.4099
vn 0.4067 0.8165 0.4098
vn 0.4067 0.8165 0.4099
vn 0.4067 0.8165 0.4099
vn 0.4067 0.8165 0.4098
vn 0.4066 0.8165 0.4099
vn 0.4067 0.8165 0.4099
vn 0.4067 0.8165 0.4099
vn 0.4067 0.8165 0.4099
vn 0.4067 0.8165 0.4099
vn 0.4067 0.8165 0.4099
vn 0.4067 0.8165 0.4099
vn 0.4067 0.8165 0.4099
vn 0.4067 0.8165 0.4099
vn 0.4067 0.8165 0.4098
vn 0.7426 0.0052 0.6698
vn 0.7207 0.0000 0.6933
vn 0.7420 0.0052 0.6704
vn 0.7207 0.0000 0.6932
vn 0.7425 0.0052 0.6698
vn 0.7154 0.0000 0.6988
vn 0.7154 0.0000 0.6988
vn 0.6942 0.0051 0.7197
vn 0.7208 -0.0000 0.6932
vn 0.6943 0.0051 0.7197
vn 0.7153 0.0000 0.6988
vn 0.6891 0.0051 0.7247
vn 0.6891 0.0051 0.7246
vn 0.6618 0.0052 0.7496
vn 0.6942 0.0052 0.7197
vn 0.6618 0.0052 0.7497
vn 0.6891 0.0051 0.7246
vn 0.6619 0.0052 0.7496
vn 0.6618 0.0052 0.7497
vn 0.6397 0.0054 0.7686
vn 0.6618 0.0052 0.7496
vn 0.6397 0.0054 0.7686
vn 0.6617 0.0052 0.7497
vn 0.6396 0.0054 0.7687
vn 0.6396 0.0054 0.7687
vn 0.6357 0.0057 0.7719
vn 0.6396 0.0054 0.7687
vn 0.6356 0.0057 0.7720
vn 0.6396 0.0054 0.7687
vn 0.6357 0.0057 0.7719
vn 0.6357 0.0056 0.7719
vn 0.6547 0.0059 0.7558
vn 0.6357 0.0056 0.7720
vn 0.6547 0.0060 0.7559
vn 0.6357 0.0057 0.7719
vn 0.6547 0.0060 0.7559
vn 0.6547 0.0059 0.7559
vn 0.6853 0.0060 0.7282
vn 0.6546 0.0059 0.7559
vn 0.6854 0.0061 0.7281
vn 0.6547 0.0059 0.7558
vn 0.6854 0.0061 0.7282
vn 0.6854 0.0061 0.7281
vn 0.7281 0.0061 0.6854
vn 0.6854 0.0061 0.7282
vn 0.7282 0.0060 0.6854
vn 0.6854 0.0060 0.7282
vn 0.7282 0.0060 0.6854
vn 0.7282 0.0061 0.6854
vn 0.7584 0.0059 0.6518
vn 0.7281 0.0061 0.6854
vn 0.7584 0.0059 0.6518
vn 0.7282 0.0061 0.6853
vn 0.7585 0.0059 0.6517
vn 0.7584 0.0059 0.6517
vn 0.7719 0.0056 0.6357
vn 0.7584 0.0059 0.6518
vn 0.7719 0.0057 0.6357
vn 0.7585 0.0059 0.6517
vn 0.7719 0.0057 0.6357
vn 0.7719 0.0057 0.6357
vn 0.7686 0.0054 0.6397
vn 0.7719 0.0057 0.6357
vn 0.7686 0.0054 0.6397
vn 0.7719 0.0057 0.6358
vn 0.7687 0.0054 0.6396
vn 0.7686 0.0054 0.6397
vn 0.7420 0.0052 0.6703
vn 0.7687 0.0054 0.6396
vn 0.7420 0.0052 0.6704
vn 0.7687 0.0054 0.6396
vn 0.7425 0.0052 0.6698
vn 0.0121 0.6312 0.7755
vn 0.1443 0.8414 0.5209
vn 0.0122 0.6342 0.7731
vn 0.1443 0.8414 0.5209
vn 0.0121 0.6312 0.7755
vn 0.1442 0.8413 0.5209
vn 0.1442 0.8414 0.5209
vn 0.5208 0.8414 0.1442
vn 0.1442 0.8414 0.5209
vn 0.5208 0.8414 0.1442
vn 0.1442 0.8414 0.5208
vn 0.5208 0.8414 0.1442
vn 0.5208 0.8414 0.1443
vn 0.7706 0.6372 0.0122
vn 0.5209 0.8413 0.1443
vn 0.7707 0.6371 0.0122
vn 0.5208 0.8414 0.1443
vn 0.7707 0.6371 0.0122
vn 0.7706 0.6372 0.0122
vn 0.8722 0.4821 0.0827
vn 0.7707 0.6371 0.0122
vn 0.8722 0.4821 0.0827
vn 0.7706 0.6372 0.0122
vn 0.8722 0.4821 0.0827
vn 0.8723 0.4820 0.0827
vn 0.8868 0.3930 0.2432
vn 0.8723 0.4820 0.0826
vn 0.8868 0.3929 0.2432
vn 0.8723 0.4820 0.0826
vn 0.8868 0.3929 0.2432
vn 0.8868 0.3929 0.2433
vn 0.8379 0.3478 0.4206
vn 0.8868 0.3929 0.2433
vn 0.8379 0.3478 0.4206
vn 0.8868 0.3930 0.2432
vn 0.8379 0.3477 0.4207
vn 0.8379 0.3478 0.4206
vn 0.7374 0.3267 0.5912
vn 0.8379 0.3478 0.4206
vn 0.7374 0.3267 0.5912
vn 0.8379 0.3478 0.4206
vn 0.7374 0.3267 0.5912
vn 0.7374 0.3267 0.5912
vn 0.5912 0.3267 0.7374
vn 0.7374 0.3267 0.5912
vn 0.5912 0.3267 0.7374
vn 0.7374 0.3267 0.5912
vn 0.5912 0.3267 0.7374
vn 0.5912 0.3267 0.7374
vn 0.4233 0.3473 0.8368
vn 0.5912 0.3267 0.7374
vn 0.4233 0.3473 0.8368
vn 0.5912 0.3267 0.7374
vn 0.4233 0.3473 0.8368
vn 0.4234 0.3473 0.8367
vn 0.2432 0.3930 0.8868
vn 0.4234 0.3473 0.8367
vn 0.2433 0.3929 0.8868
vn 0.4234 0.3473 0.8368
vn 0.2433 0.3929 0.8868
vn 0.2432 0.3929 0.8868
vn 0.0826 0.4821 0.8722
vn 0.2432 0.3929 0.8868
vn 0.0826 0.4820 0.8723
vn 0.2432 0.3929 0.8868
vn 0.0826 0.4820 0.8723
vn 0.0826 0.4821 0.8722
vn 0.0121 0.6342 0.7731
vn 0.0827 0.4821 0.8722
vn 0.0121 0.6343 0.7730
vn 0.0827 0.4821 0.8722
vn 0.0121 0.6312 0.7755
vn 0.7099 -0.0000 0.7043
vn 0.7181 -0.0000 0.6959
vn 0.7352 -0.0000 0.6778
vn 0.7182 -0.0001 0.6959
vn 0.7017 -0.0000 0.7125
vn 0.7352 -0.0001 0.6779
vn 0.7017 -0.0000 0.7125
vn 0.7181 -0.0000 0.6959
vn 0.7070 -0.0000 0.7072
vn 0.7072 0.0000 0.7070
vn 0.6989 0.0001 0.7152
vn 0.7016 0.0000 0.7126
vn 0.6988 -0.0000 0.7153
vn 0.7071 -0.0000 0.7071
vn 0.7098 -0.0000 0.7044
vn 0.7099 0.0000 0.7043
vn 0.7099 0.0000 0.7043
vn 0.6989 0.0000 0.7152
vn 0.7099 0.0000 0.7043
vn 0.7098 -0.0000 0.7044
vn 0.7098 0.0000 0.7044
vn 0.7098 0.0000 0.7044
vn 0.7072 0.0000 0.7070
vn 0.7099 0.0000 0.7043
vn 0.7099 0.0000 0.7043
vn 0.7099 0.0000 0.7043
vn 0.7098 0.0000 0.7044
vn 0.7099 0.0000 0.7043
vn 0.7099 0.0000 0.7043
vn 0.7098 0.0000 0.7044
vn 0.8765 0.4199 0.2357
vn 0.7306 0.3499 0.5864
vn 0.8765 0.4198 0.2357
vn 0.7306 0.3500 0.5863
vn 0.8765 0.4199 0.2357
vn 0.7306 0.3499 0.5864
vn 0.8764 0.4199 0.2357
vn 0.7467 0.6651 -0.0001
vn 0.8765 0.4198 0.2357
vn 0.7468 0.6651 -0.0000
vn 0.8765 0.4198 0.2357
vn 0.7468 0.6650 -0.0000
vn 0.7467 0.6651 -0.0000
vn 0.1290 0.8647 0.4854
vn 0.7468 0.6651 -0.0000
vn 0.1290 0.8647 0.4855
vn 0.7468 0.6651 0.0000
vn 0.1289 0.8647 0.4855
vn 0.1289 0.8647 0.4855
vn 0.0762 0.5110 0.8562
vn 0.1289 0.8647 0.4855
vn 0.0762 0.5110 0.8562
vn 0.1289 0.8647 0.4855
vn 0.0761 0.5110 0.8562
vn 0.0762 0.5111 0.8561
vn 0.4139 0.3715 0.8311
vn 0.0763 0.5110 0.8562
vn 0.4139 0.3715 0.8311
vn 0.0762 0.5111 0.8562
vn 0.4139 0.3716 0.8311
vn 0.4139 0.3715 0.8311
vn 0.7306 0.3500 0.5863
vn 0.4139 0.3715 0.8310
vn 0.7306 0.3500 0.5863
vn 0.4139 0.3715 0.8310
vn 0.7306 0.3499 0.5863
vn 0.8446 0.0356 0.5342
vn 0.7416 0.0312 0.6701
vn 0.7099 -0.0000 0.7043
vn 0.7416 0.0312 0.6701
vn 0.5967 0.0326 0.8018
vn 0.7099 -0.0001 0.7043
vn 0.5967 0.0327 0.8018
vn 0.5099 0.0401 0.8593
vn 0.7099 0.0000 0.7043
vn 0.5099 0.0401 0.8593
vn 0.6458 0.0508 0.7618
vn 0.7099 0.0000 0.7043
vn 0.6458 0.0509 0.7618
vn 0.8382 0.0459 0.5435
vn 0.7099 -0.0000 0.7043
vn 0.8382 0.0458 0.5435
vn 0.8446 0.0356 0.5341
vn 0.7099 -0.0000 0.7043
vn 0.7192 0.3868 0.5772
vn 0.5779 0.3842 0.7200
vn 0.7192 0.3868 0.5772
vn 0.5779 0.3842 0.7201
vn 0.7192 0.3868 0.5772
vn 0.5779 0.3842 0.7200
vn 0.5778 0.3843 0.7200
vn 0.4099 0.4066 0.8165
vn 0.5779 0.3842 0.7200
vn 0.4098 0.4066 0.8165
vn 0.5779 0.3842 0.7200
vn 0.4098 0.4066 0.8165
vn 0.4099 0.4066 0.8165
vn 0.2309 0.4581 0.8584
vn 0.4099 0.4067 0.8165
vn 0.2309 0.4581 0.8584
vn 0.4099 0.4067 0.8165
vn 0.2309 0.4581 0.8584
vn 0.2308 0.4581 0.8584
vn 0.0739 0.5522 0.8304
vn 0.2308 0.4581 0.8584
vn 0.0739 0.5521 0.8305
vn 0.2308 0.4581 0.8584
vn 0.0739 0.5522 0.8304
vn 0.0739 0.5521 0.8305
vn 0.0000 0.7071 0.7071
vn 0.0739 0.5521 0.8305
vn 0.0000 0.7071 0.7071
vn 0.0739 0.5522 0.8304
vn 0.0000 0.7043 0.7099
vn -0.0000 0.7044 0.7098
vn 0.1187 0.8867 0.4469
vn -0.0001 0.7071 0.7071
vn 0.1187 0.8867 0.4469
vn -0.0001 0.7044 0.7098
vn 0.1187 0.8867 0.4468
vn 0.1186 0.8867 0.4469
vn 0.4441 0.8882 0.1180
vn 0.1187 0.8867 0.4468
vn 0.4441 0.8882 0.1180
vn 0.1187 0.8867 0.4468
vn 0.4441 0.8882 0.1181
vn 0.4442 0.8881 0.1179
vn 0.7043 0.7099 0.0000
vn 0.4441 0.8882 0.1180
vn 0.7043 0.7099 0.0000
vn 0.4441 0.8882 0.1180
vn 0.7044 0.7098 0.0000
vn 0.7044 0.7098 0.0000
vn 0.8284 0.5552 0.0738
vn 0.7044 0.7098 0.0000
vn 0.8285 0.5552 0.0738
vn 0.7043 0.7099 -0.0000
vn 0.8284 0.5552 0.0738
vn 0.8285 0.5552 0.0737
vn 0.8570 0.4610 0.2304
vn 0.8285 0.5552 0.0737
vn 0.8570 0.4608 0.2305
vn 0.8284 0.5552 0.0737
vn 0.8570 0.4610 0.2304
vn 0.4067 0.8165 0.4099
vn 0.4067 0.8165 0.4098
vn 0.4067 0.8165 0.4099
vn 0.4067 0.8165 0.4099
vn 0.4067 0.8165 0.4099
vn 0.4067 0.8165 0.4099
vn 0.4067 0.8165 0.4099
vn 0.4067 0.8165 0.4098
vn 0.4067 0.8165 0.4099
vn 0.4067 0.8165 0.4099
vn 0.4067 0.8165 0.4098
vn 0.4079 0.8165 0.4087
vn 0.4067 0.8165 0.4098
vn 0.4067 0.8165 0.4099
vn 0.4067 0.8165 0.4099
vn 0.4067 0.8165 0.4099
vn 0.4067 0.8165 0.4098
vn 0.4067 0.8165 0.4099
vn 0.4067 0.8165 0.4099
vn 0.4067 0.8165 0.4098
vn 0.4067 0.8165 0.4099
vn 0.4067 0.8165 0.4099
vn 0.4067 0.8165 0.4098
vn 0.4067 0.8165 0.4099
vn 0.4067 0.8165 0.4099
vn 0.4067 0.8165 0.4099
vn 0.4067 0.8165 0.4099
vn 0.4067 0.8165 0.4099
vn 0.4067 0.8165 0.4099
vn 0.4067 0.8165 0.4098
vn 0.7425 0.0052 0.6698
vn 0.7207 0.0000 0.6932
vn 0.7420 0.0052 0.6704
vn 0.7207 0.0000 0.6933
vn 0.7425 0.0052 0.6698
vn 0.7153 0.0000 0.6988
vn 0.7154 0.0000 0.6988
vn 0.6942 0.0051 0.7198
vn 0.7208 -0.0000 0.6932
vn 0.6942 0.0051 0.7197
vn 0.7153 0.0000 0.6988
vn 0.6891 0.0051 0.7246
vn 0.6891 0.0051 0.7246
vn 0.6618 0.0052 0.7496
vn 0.6941 0.0051 0.7198
vn 0.6618 0.0052 0.7497
vn 0.6891 0.0051 0.7246
vn 0.6397 0.0054 0.7686
vn 0.6618 0.0052 0.7497
vn 0.6396 0.0054 0.7687
vn 0.6396 0.0054 0.7687
vn 0.6357 0.0057 0.7719
vn 0.6396 0.0054 0.7687
vn 0.6357 0.0057 0.7719
vn 0.6397 0.0054 0.7686
vn 0.6357 0.0057 0.7720
vn 0.6357 0.0057 0.7719
vn 0.6546 0.0060 0.7559
vn 0.6356 0.0057 0.7720
vn 0.6547 0.0059 0.7559
vn 0.6357 0.0056 0.7720
vn 0.6546 0.0059 0.7559
vn 0.6547 0.0059 0.7559
vn 0.6853 0.0062 0.7282
vn 0.6547 0.0059 0.7559
vn 0.6854 0.0060 0.7282
vn 0.6547 0.0059 0.7559
vn 0.6854 0.0060 0.7282
vn 0.6853 0.0060 0.7282
vn 0.7282 0.0060 0.6853
vn 0.6854 0.0060 0.7282
vn 0.7282 0.0060 0.6854
vn 0.6854 0.0060 0.7282
vn 0.7282 0.0060 0.6854
vn 0.7282 0.0060 0.6854
vn 0.7584 0.0059 0.6518
vn 0.7281 0.0060 0.6854
vn 0.7584 0.0060 0.6517
vn 0.7282 0.0060 0.6853
vn 0.7584 0.0059 0.6518
vn 0.7584 0.0059 0.6517
vn 0.7719 0.0056 0.6357
vn 0.7585 0.0059 0.6517
vn 0.7719 0.0056 0.6357
vn 0.7585 0.0058 0.6517
vn 0.7720 0.0056 0.6356
vn 0.7719 0.0057 0.6357
vn 0.7686 0.0054 0.6397
vn 0.7719 0.0057 0.6357
vn 0.7687 0.0054 0.6396
vn 0.7719 0.0057 0.6357
vn 0.7687 0.0054 0.6396
vn 0.7686 0.0054 0.6397
vn 0.7420 0.0052 0.6704
vn 0.7687 0.0054 0.6396
vn 0.0121 0.6312 0.7755
vn 0.1443 0.8414 0.5208
vn 0.0121 0.6342 0.7731
vn 0.1442 0.8413 0.5209
vn 0.0121 0.6313 0.7755
vn 0.1442 0.8414 0.5209
vn 0.1442 0.8414 0.5209
vn 0.5208 0.8414 0.1442
vn 0.1442 0.8414 0.5209
vn 0.5208 0.8414 0.1442
vn 0.1442 0.8414 0.5208
vn 0.5208 0.8414 0.1442
vn 0.5208 0.8414 0.1443
vn 0.7706 0.6372 0.0122
vn 0.5208 0.8414 0.1443
vn 0.7706 0.6372 0.0121
vn 0.5209 0.8414 0.1442
vn 0.7707 0.6371 0.0121
vn 0.7706 0.6372 0.0122
vn 0.8723 0.4820 0.0827
vn 0.7706 0.6372 0.0122
vn 0.8722 0.4821 0.0827
vn 0.7707 0.6371 0.0122
vn 0.8722 0.4820 0.0827
vn 0.8723 0.4820 0.0827
vn 0.8868 0.3930 0.2432
vn 0.8723 0.4820 0.0826
vn 0.8869 0.3929 0.2432
vn 0.8722 0.4821 0.0825
vn 0.8868 0.3929 0.2432
vn 0.8379 0.3478 0.4206
vn 0.8868 0.3929 0.2433
vn 0.8379 0.3478 0.4207
vn 0.8379 0.3478 0.4206
vn 0.7374 0.3267 0.5912
vn 0.8379 0.3478 0.4206
vn 0.7374 0.3267 0.5912
vn 0.5912 0.3267 0.7374
vn 0.7374 0.3267 0.5912
vn 0.5911 0.3267 0.7374
vn 0.7374 0.3267 0.5912
vn 0.5912 0.3267 0.7374
vn 0.5912 0.3267 0.7374
vn 0.4234 0.3473 0.8368
vn 0.5912 0.3267 0.7374
vn 0.4234 0.3473 0.8368
vn 0.5912 0.3267 0.7374
vn 0.4233 0.3473 0.8368
vn 0.4234 0.3473 0.8367
vn 0.2432 0.3929 0.8868
vn 0.4234 0.3473 0.8367
vn 0.2432 0.3930 0.8868
vn 0.4234 0.3473 0.8367
vn 0.2433 0.3929 0.8868
vn 0.2432 0.3929 0.8868
vn 0.0826 0.4821 0.8722
vn 0.2432 0.3929 0.8868
vn 0.0826 0.4820 0.8723
vn 0.2432 0.3929 0.8868
vn 0.0826 0.4820 0.8723
vn 0.0826 0.4821 0.8722
vn 0.0121 0.6342 0.7731
vn 0.0827 0.4821 0.8722
vn 0.0121 0.6342 0.7731
vn 0.0827 0.4821 0.8722
vn 0.0121 0.6312 0.7756
vn 0.7099 -0.0000 0.7043
vn 0.7181 -0.0000 0.6960
vn 0.7352 -0.0000 0.6778
vn 0.7182 0.0000 0.6959
vn 0.7017 -0.0000 0.7125
vn 0.7352 -0.0001 0.6779
vn 0.7017 -0.0000 0.7125
vn 0.7181 -0.0000 0.6959
vn 0.7070 -0.0000 0.7072
vn 0.7072 0.0000 0.7070
vn 0.6988 0.0000 0.7153
vn 0.7071 0.0000 0.7071
vn 0.7098 0.0000 0.7044
vn 0.7099 -0.0000 0.7043
vn 0.7099 0.0000 0.7043
vn 0.6989 -0.0000 0.7152
vn 0.7099 0.0000 0.7043
vn 0.7098 -0.0000 0.7044
vn 0.7098 0.0000 0.7044
vn 0.7098 -0.0000 0.7044
vn 0.7072 -0.0000 0.7070
vn 0.7099 -0.0000 0.7043
vn 0.7099 0.0000 0.7043
vn 0.7099 0.0000 0.7043
vn 0.7098 0.0000 0.7044
vn 0.8765 0.4199 0.2357
vn 0.7306 0.3500 0.5863
vn 0.8765 0.4198 0.2357
vn 0.7306 0.3499 0.5864
vn 0.8765 0.4198 0.2357
vn 0.7306 0.3499 0.5864
vn 0.8765 0.4198 0.2357
vn 0.7467 0.6651 -0.0001
vn 0.8765 0.4198 0.2357
vn 0.7468 0.6651 -0.0000
vn 0.8765 0.4198 0.2357
vn 0.7468 0.6650 -0.0000
vn 0.7468 0.6651 -0.0000
vn 0.1290 0.8647 0.4854
vn 0.7468 0.6650 -0.0000
vn 0.1289 0.8647 0.4855
vn 0.7467 0.6651 0.0001
vn 0.1290 0.8647 0.4854
vn 0.1289 0.8647 0.4855
vn 0.0761 0.5110 0.8562
vn 0.1289 0.8647 0.4855
vn 0.0761 0.5110 0.8562
vn 0.1289 0.8647 0.4855
vn 0.0761 0.5110 0.8562
vn 0.0762 0.5110 0.8562
vn 0.4138 0.3716 0.8311
vn 0.0762 0.5110 0.8562
vn 0.4139 0.3715 0.8311
vn 0.0762 0.5111 0.8562
vn 0.4138 0.3716 0.8311
vn 0.4139 0.3715 0.8311
vn 0.7306 0.3500 0.5863
vn 0.4139 0.3715 0.8311
vn 0.7306 0.3500 0.5863
vn 0.4139 0.3715 0.8310
vn 0.7306 0.3500 0.5863
vn 0.8446 0.0356 0.5342
vn 0.7416 0.0312 0.6701
vn 0.7099 -0.0000 0.7043
vn 0.7416 0.0312 0.6701
vn 0.5967 0.0326 0.8018
vn 0.7099 -0.0001 0.7043
vn 0.5967 0.0327 0.8018
vn 0.5099 0.0401 0.8593
vn 0.7099 0.0000 0.7043
vn 0.5098 0.0401 0.8593
vn 0.6458 0.0509 0.7618
vn 0.7100 0.0000 0.7043
vn 0.6457 0.0508 0.7619
vn 0.8382 0.0459 0.5435
vn 0.7099 -0.0000 0.7043
vn 0.8382 0.0458 0.5435
vn 0.8446 0.0356 0.5341
vn 0.7099 -0.0000 0.7043
vn 0.8165 0.4098 0.4067
vn 0.7192 0.3868 0.5772
vn 0.8165 0.4098 0.4066
vn 0.7192 0.3868 0.5771
vn 0.8165 0.4098 0.4066
vn 0.7192 0.3868 0.5772
vn 0.8165 0.4099 0.4066
vn 0.8570 0.4609 0.2305
vn 0.8165 0.4098 0.4067
vn 0.8570 0.4610 0.2304
vn 0.8165 0.4099 0.4066
vn 0.8570 0.4609 0.2305
vn 0.0739 0.5521 0.8305
vn 0.0000 0.7044 0.7098
vn 0.0739 0.5521 0.8305
vn 0.0000 0.7043 0.7099
vn 0.0739 0.5522 0.8304
vn 0.0000 0.7043 0.7099
vn -0.0000 0.7044 0.7098
vn 0.1187 0.8867 0.4469
vn -0.0001 0.7044 0.7098
vn 0.1187 0.8867 0.4469
vn -0.0001 0.7044 0.7098
vn 0.1187 0.8867 0.4468
vn 0.4089 0.8154 0.4097
vn 0.4067 0.8165 0.4098
vn 0.4093 0.8154 0.4093
vn 0.4094 0.8154 0.4093
vn 0.4067 0.8165 0.4099
vn 0.4067 0.8165 0.4098
vn 0.4067 0.8165 0.4099
vn 0.4067 0.8165 0.4099
vn 0.4067 0.8165 0.4099
vn 0.4067 0.8165 0.4099
vn 0.4067 0.8165 0.4099
vn 0.4067 0.8165 0.4099
vn 0.4067 0.8165 0.4099
vn 0.7207 0.0000 0.6933
vn 0.7425 0.0052 0.6699
vn 0.7153 0.0000 0.6988
vn 0.7154 0.0000 0.6988
vn 0.6942 0.0051 0.7197
vn 0.7208 -0.0000 0.6932
vn 0.6943 0.0051 0.7197
vn 0.7153 0.0000 0.6988
vn 0.6891 0.0051 0.7247
vn 0.6619 0.0052 0.7496
vn 0.6397 0.0054 0.7686
vn 0.6618 0.0052 0.7497
vn 0.6397 0.0054 0.7686
vn 0.6618 0.0052 0.7497
vn 0.6396 0.0054 0.7687
vn 0.6396 0.0054 0.7687
vn 0.6357 0.0057 0.7719
vn 0.6396 0.0054 0.7687
vn 0.6357 0.0057 0.7719
vn 0.6397 0.0054 0.7686
vn 0.6357 0.0057 0.7720
vn 0.6357 0.0057 0.7719
vn 0.6546 0.0060 0.7559
vn 0.6356 0.0057 0.7720
vn 0.6547 0.0059 0.7559
vn 0.6357 0.0056 0.7720
vn 0.6547 0.0059 0.7559
vn 0.6547 0.0059 0.7559
vn 0.6853 0.0062 0.7282
vn 0.6547 0.0059 0.7559
vn 0.6854 0.0060 0.7282
vn 0.6547 0.0059 0.7559
vn 0.6854 0.0060 0.7282
vn 0.6853 0.0060 0.7282
vn 0.7282 0.0060 0.6853
vn 0.6854 0.0060 0.7282
vn 0.7282 0.0060 0.6854
vn 0.6854 0.0060 0.7282
vn 0.7282 0.0060 0.6854
vn 0.7282 0.0060 0.6854
vn 0.7584 0.0059 0.6518
vn 0.7281 0.0060 0.6854
vn 0.7584 0.0060 0.6517
vn 0.7282 0.0060 0.6853
vn 0.7584 0.0059 0.6518
vn 0.7584 0.0059 0.6517
vn 0.7719 0.0056 0.6357
vn 0.7585 0.0059 0.6517
vn 0.7719 0.0056 0.6357
vn 0.7585 0.0058 0.6517
vn 0.7720 0.0056 0.6356
vn 0.7719 0.0057 0.6357
vn 0.7686 0.0054 0.6397
vn 0.7719 0.0057 0.6357
vn 0.7686 0.0054 0.6397
vn 0.7719 0.0057 0.6358
vn 0.7687 0.0054 0.6396
vn 0.7686 0.0054 0.6397
vn 0.7420 0.0052 0.6703
vn 0.7687 0.0054 0.6396
vn 0.7421 0.0052 0.6703
vn 0.7686 0.0054 0.6397
vn 0.7425 0.0052 0.6699
vn 0.0121 0.6312 0.7755
vn 0.1443 0.8414 0.5209
vn 0.0122 0.6342 0.7731
vn 0.1443 0.8414 0.5208
vn 0.0121 0.6312 0.7755
vn 0.1442 0.8413 0.5209
vn 0.1442 0.8414 0.5209
vn 0.5208 0.8414 0.1442
vn 0.1442 0.8414 0.5209
vn 0.5208 0.8414 0.1442
vn 0.1442 0.8414 0.5208
vn 0.5208 0.8414 0.1442
vn 0.5208 0.8414 0.1443
vn 0.7706 0.6372 0.0122
vn 0.5208 0.8414 0.1443
vn 0.7706 0.6372 0.0121
vn 0.5209 0.8414 0.1442
vn 0.7707 0.6371 0.0121
vn 0.7706 0.6372 0.0122
vn 0.8723 0.4820 0.0827
vn 0.7706 0.6372 0.0122
vn 0.8722 0.4821 0.0827
vn 0.7707 0.6371 0.0122
vn 0.8722 0.4820 0.0827
vn 0.8723 0.4820 0.0827
vn 0.8868 0.3930 0.2432
vn 0.8723 0.4820 0.0826
vn 0.8869 0.3929 0.2432
vn 0.8722 0.4821 0.0825
vn 0.8868 0.3929 0.2432
vn 0.8868 0.3929 0.2432
vn 0.8379 0.3478 0.4207
vn 0.8868 0.3929 0.2433
vn 0.8379 0.3478 0.4206
vn 0.8868 0.3929 0.2433
vn 0.8379 0.3478 0.4207
vn 0.7374 0.3267 0.5912
vn 0.8379 0.3478 0.4207
vn 0.7374 0.3267 0.5912
vn 0.7374 0.3267 0.5912
vn 0.5912 0.3267 0.7374
vn 0.7374 0.3267 0.5912
vn 0.5911 0.3267 0.7374
vn 0.7374 0.3267 0.5912
vn 0.5912 0.3267 0.7374
vn 0.5912 0.3267 0.7374
vn 0.4234 0.3473 0.8368
vn 0.5912 0.3267 0.7374
vn 0.4234 0.3473 0.8368
vn 0.5912 0.3267 0.7374
vn 0.4233 0.3473 0.8368
vn 0.4234 0.3473 0.8367
vn 0.2432 0.3929 0.8868
vn 0.4234 0.3473 0.8367
vn 0.2432 0.3930 0.8868
vn 0.4234 0.3473 0.8367
vn 0.2433 0.3929 0.8868
vn 0.2432 0.3929 0.8868
vn 0.0826 0.4821 0.8722
vn 0.2432 0.3929 0.8868
vn 0.0826 0.4820 0.8723
vn 0.2432 0.3929 0.8868
vn 0.0826 0.4820 0.8723
vn 0.0826 0.4821 0.8722
vn 0.0121 0.6342 0.7731
vn 0.0827 0.4821 0.8722
vn 0.0121 0.6343 0.7730
vn 0.0827 0.4821 0.8722
vn 0.0121 0.6312 0.7755
vn 0.7099 -0.0000 0.7043
vn 0.7181 -0.0000 0.6960
vn 0.7352 -0.0000 0.6778
vn 0.7182 -0.0001 0.6959
vn 0.7017 -0.0000 0.7125
vn 0.7352 -0.0001 0.6779
vn 0.7017 -0.0000 0.7125
vn 0.7181 -0.0000 0.6959
vn 0.7070 -0.0000 0.7072
vn 0.7072 0.0000 0.7070
vn 0.6989 0.0001 0.7152
vn 0.7016 0.0000 0.7126
vn 0.6988 0.0000 0.7153
vn 0.7098 0.0000 0.7044
vn 0.7099 -0.0000 0.7043
vn 0.7099 0.0000 0.7043
vn 0.6989 -0.0000 0.7152
vn 0.7099 0.0000 0.7043
vn 0.7098 -0.0000 0.7044
vn 0.7098 0.0000 0.7044
vn 0.7098 0.0000 0.7044
vn 0.7072 0.0000 0.7070
vn 0.7099 0.0000 0.7043
vn 0.7099 -0.0000 0.7043
vn 0.7099 -0.0000 0.7043
vn 0.7098 -0.0000 0.7044
vn 0.7099 0.0000 0.7043
vn 0.7099 0.0000 0.7043
vn 0.7098 0.0000 0.7044
vn 0.8765 0.4199 0.2357
vn 0.7306 0.3499 0.5864
vn 0.8765 0.4198 0.2357
vn 0.7306 0.3500 0.5863
vn 0.8765 0.4199 0.2357
vn 0.7306 0.3499 0.5864
vn 0.8765 0.4198 0.2357
vn 0.7468 0.6651 -0.0000
vn 0.8765 0.4198 0.2357
vn 0.7468 0.6650 -0.0000
vn 0.8765 0.4198 0.2357
vn 0.7468 0.6650 -0.0000
vn 0.7468 0.6651 -0.0000
vn 0.1290 0.8647 0.4854
vn 0.7468 0.6650 -0.0000
vn 0.1289 0.8647 0.4855
vn 0.7467 0.6651 0.0001
vn 0.1290 0.8647 0.4854
vn 0.1289 0.8647 0.4855
vn 0.0761 0.5110 0.8562
vn 0.1289 0.8647 0.4855
vn 0.0761 0.5110 0.8562
vn 0.1289 0.8647 0.4855
vn 0.0761 0.5110 0.8562
vn 0.0762 0.5110 0.8562
vn 0.4138 0.3716 0.8311
vn 0.0762 0.5110 0.8562
vn 0.4139 0.3715 0.8311
vn 0.0762 0.5111 0.8562
vn 0.4138 0.3716 0.8311
vn 0.4139 0.3715 0.8311
vn 0.7306 0.3500 0.5863
vn 0.4139 0.3715 0.8311
vn 0.7306 0.3500 0.5863
vn 0.4139 0.3715 0.8311
vn 0.7306 0.3500 0.5863
vn 0.8446 0.0356 0.5343
vn 0.7417 0.0313 0.6700
vn 0.7098 -0.0000 0.7044
vn 0.7416 0.0312 0.6701
vn 0.5967 0.0326 0.8018
vn 0.7099 -0.0000 0.7043
vn 0.5967 0.0327 0.8018
vn 0.5099 0.0401 0.8593
vn 0.7099 0.0000 0.7043
vn 0.5098 0.0401 0.8593
vn 0.6458 0.0509 0.7618
vn 0.7100 0.0000 0.7043
vn 0.6457 0.0508 0.7619
vn 0.8382 0.0459 0.5435
vn 0.7099 -0.0000 0.7043
vn 0.8382 0.0457 0.5435
vn 0.8446 0.0356 0.5341
vn 0.7099 0.0000 0.7043
vn 0.8165 0.4098 0.4067
vn 0.7192 0.3869 0.5771
vn 0.8165 0.4099 0.4066
vn 0.7192 0.3868 0.5772
vn 0.8165 0.4098 0.4067
vn 0.7192 0.3868 0.5772
vn 0.7192 0.3867 0.5772
vn 0.5779 0.3842 0.7201
vn 0.7192 0.3868 0.5772
vn 0.5779 0.3842 0.7200
vn 0.7192 0.3868 0.5772
vn 0.5779 0.3842 0.7200
vn 0.8165 0.4099 0.4066
vn 0.8570 0.4609 0.2305
vn 0.8165 0.4098 0.4067
vn 0.8570 0.4610 0.2304
vn 0.8165 0.4099 0.4067
vn 0.8570 0.4609 0.2305
vn 0.5779 0.3842 0.7200
vn 0.4072 0.4072 0.8176
vn 0.5779 0.3842 0.7200
vn 0.4072 0.4072 0.8176
vn 0.5778 0.3843 0.7200
vn 0.4098 0.4066 0.8165
vn 0.4099 0.4067 0.8165
vn 0.2309 0.4581 0.8584
vn 0.4072 0.4071 0.8176
vn 0.2308 0.4581 0.8584
vn 0.4099 0.4067 0.8165
vn 0.2309 0.4581 0.8584
vn 0.2308 0.4580 0.8585
vn 0.0739 0.5522 0.8304
vn 0.2308 0.4581 0.8584
vn 0.0739 0.5522 0.8304
vn 0.2308 0.4581 0.8584
vn 0.0739 0.5521 0.8305
vn 0.0000 0.7071 0.7071
vn 0.0000 0.7071 0.7071
vn -0.0001 0.7071 0.7071
vn 0.1187 0.8867 0.4468
vn 0.4441 0.8882 0.1180
vn 0.1187 0.8867 0.4468
vn 0.4441 0.8882 0.1180
vn 0.1187 0.8867 0.4468
vn 0.4441 0.8882 0.1180
vn 0.4441 0.8882 0.1180
vn 0.7043 0.7099 0.0000
vn 0.4441 0.8882 0.1180
vn 0.7042 0.7100 0.0000
vn 0.4441 0.8882 0.1179
vn 0.7044 0.7098 -0.0000
vn 0.7043 0.7099 -0.0000
vn 0.8285 0.5552 0.0737
vn 0.7044 0.7098 -0.0000
vn 0.8284 0.5553 0.0737
vn 0.7043 0.7099 -0.0000
vn 0.8285 0.5551 0.0738
vn 0.8285 0.5552 0.0737
vn 0.8570 0.4609 0.2304
vn 0.8285 0.5552 0.0737
vn 0.8570 0.4608 0.2305
vn 0.8285 0.5552 0.0737
vn 0.8570 0.4609 0.2304
vn 0.4067 0.8165 0.4099
vn 0.4067 0.8165 0.4098
vn 0.4067 0.8165 0.4098
vn 0.4067 0.8165 0.4098
vn 0.4067 0.8165 0.4099
vn 0.4067 0.8165 0.4099
vn 0.4067 0.8165 0.4099
vn 0.4067 0.8165 0.4099
vn 0.4067 0.8165 0.4099
vn 0.4067 0.8165 0.4099
vn 0.4067 0.8165 0.4098
vn 0.4084 0.8165 0.4082
vn 0.4067 0.8165 0.4099
vn 0.4093 0.8154 0.4094
vn 0.4067 0.8165 0.4098
vn 0.4067 0.8165 0.4099
vn 0.4067 0.8165 0.4099
vn 0.4093 0.8154 0.4093
vn 0.4066 0.8165 0.4099
vn 0.4093 0.8154 0.4093
vn 0.4067 0.8165 0.4099
vn 0.4067 0.8165 0.4099
vn 0.4067 0.8165 0.4099
vn 0.4093 0.8154 0.4094
vn 0.4067 0.8165 0.4099
vn 0.4066 0.8165 0.4099
vn 0.4067 0.8165 0.4099
vn 0.4067 0.8165 0.4098
vn 0.7425 0.0052 0.6698
vn 0.7207 0.0000 0.6932
vn 0.7420 0.0052 0.6704
vn 0.7207 0.0000 0.6933
vn 0.7425 0.0052 0.6698
vn 0.7153 0.0000 0.6988
vn 0.7154 0.0000 0.6987
vn 0.6942 0.0051 0.7198
vn 0.7208 -0.0000 0.6932
vn 0.6943 0.0051 0.7197
vn 0.7153 0.0000 0.6988
vn 0.6891 0.0051 0.7247
vn 0.6891 0.0051 0.7246
vn 0.6618 0.0052 0.7496
vn 0.6942 0.0052 0.7197
vn 0.6618 0.0052 0.7497
vn 0.6891 0.0051 0.7246
vn 0.6619 0.0052 0.7496
vn 0.6618 0.0052 0.7497
vn 0.6397 0.0054 0.7686
vn 0.6618 0.0052 0.7496
vn 0.6397 0.0054 0.7686
vn 0.6617 0.0052 0.7497
vn 0.6397 0.0054 0.7686
vn 0.6396 0.0054 0.7687
vn 0.6357 0.0057 0.7719
vn 0.6396 0.0054 0.7687
vn 0.6357 0.0057 0.7719
vn 0.6396 0.0054 0.7687
vn 0.6357 0.0057 0.7719
vn 0.6357 0.0057 0.7719
vn 0.6546 0.0060 0.7559
vn 0.6356 0.0057 0.7720
vn 0.6547 0.0059 0.7559
vn 0.6357 0.0056 0.7720
vn 0.6547 0.0059 0.7559
vn 0.6547 0.0059 0.7559
vn 0.6853 0.0062 0.7282
vn 0.6547 0.0059 0.7559
vn 0.6854 0.0060 0.7282
vn 0.6547 0.0059 0.7559
vn 0.6854 0.0060 0.7282
vn 0.6854 0.0061 0.7281
vn 0.7281 0.0061 0.6854
vn 0.6854 0.0061 0.7282
vn 0.7282 0.0061 0.6853
vn 0.6854 0.0061 0.7281
vn 0.7281 0.0061 0.6854
vn 0.7282 0.0061 0.6854
vn 0.7584 0.0059 0.6518
vn 0.7281 0.0061 0.6854
vn 0.7584 0.0059 0.6518
vn 0.7282 0.0061 0.6853
vn 0.7585 0.0059 0.6517
vn 0.7584 0.0059 0.6517
vn 0.7719 0.0056 0.6357
vn 0.7584 0.0059 0.6518
vn 0.7719 0.0057 0.6357
vn 0.7585 0.0059 0.6517
vn 0.7719 0.0057 0.6357
vn 0.7719 0.0057 0.6358
vn 0.7686 0.0054 0.6397
vn 0.7719 0.0057 0.6357
vn 0.7686 0.0054 0.6397
vn 0.7720 0.0057 0.6357
vn 0.7687 0.0054 0.6396
vn 0.7686 0.0054 0.6397
vn 0.7420 0.0052 0.6704
vn 0.7687 0.0054 0.6396
vn 0.7420 0.0052 0.6704
vn 0.7687 0.0054 0.6396
vn 0.7425 0.0052 0.6698
vn 0.0121 0.6312 0.7755
vn 0.1443 0.8414 0.5209
vn 0.0122 0.6342 0.7731
vn 0.1443 0.8413 0.5209
vn 0.0120 0.6313 0.7755
vn 0.1443 0.8413 0.5209
vn 0.1442 0.8414 0.5209
vn 0.5209 0.8413 0.1442
vn 0.1443 0.8414 0.5208
vn 0.5209 0.8414 0.1443
vn 0.1442 0.8414 0.5208
vn 0.5208 0.8414 0.1443
vn 0.5208 0.8414 0.1442
vn 0.7706 0.6372 0.0122
vn 0.5208 0.8414 0.1442
vn 0.7707 0.6371 0.0122
vn 0.5208 0.8414 0.1443
vn 0.7731 0.6341 0.0121
vn 0.7731 0.6341 0.0121
vn 0.8722 0.4821 0.0827
vn 0.7707 0.6371 0.0122
vn 0.8722 0.4821 0.0827
vn 0.7731 0.6342 0.0121
vn 0.8722 0.4821 0.0827
vn 0.8723 0.4820 0.0827
vn 0.8868 0.3930 0.2432
vn 0.8723 0.4820 0.0826
vn 0.8868 0.3929 0.2432
vn 0.8723 0.4820 0.0826
vn 0.8868 0.3929 0.2432
vn 0.8868 0.3929 0.2433
vn 0.8379 0.3478 0.4206
vn 0.8868 0.3929 0.2433
vn 0.8379 0.3478 0.4206
vn 0.8868 0.3929 0.2432
vn 0.8379 0.3478 0.4207
vn 0.8379 0.3478 0.4206
vn 0.7374 0.3267 0.5912
vn 0.8379 0.3478 0.4206
vn 0.7374 0.3267 0.5912
vn 0.8379 0.3478 0.4206
vn 0.7374 0.3267 0.5912
vn 0.7374 0.3267 0.5912
vn 0.5912 0.3267 0.7374
vn 0.7374 0.3267 0.5912
vn 0.5912 0.3267 0.7374
vn 0.7374 0.3267 0.5912
vn 0.5912 0.3267 0.7374
vn 0.5912 0.3267 0.7374
vn 0.4233 0.3473 0.8368
vn 0.5912 0.3267 0.7374
vn 0.4233 0.3473 0.8368
vn 0.5912 0.3267 0.7374
vn 0.4233 0.3473 0.8368
vn 0.2432 0.3929 0.8868
vn 0.4234 0.3473 0.8367
vn 0.2432 0.3929 0.8868
vn 0.2432 0.3929 0.8868
vn 0.0826 0.4820 0.8723
vn 0.2432 0.3929 0.8868
vn 0.0826 0.4820 0.8723
vn 0.2432 0.3929 0.8869
vn 0.0826 0.4820 0.8723
vn 0.0827 0.4820 0.8723
vn 0.0121 0.6342 0.7730
vn 0.0827 0.4820 0.8723
vn 0.0121 0.6342 0.7731
vn 0.0827 0.4820 0.8722
vn 0.0121 0.6312 0.7755
vn 0.7099 0.0000 0.7043
vn 0.7181 0.0000 0.6959
vn 0.7352 0.0000 0.6778
vn 0.7182 -0.0001 0.6959
vn 0.7016 -0.0000 0.7126
vn 0.7352 -0.0001 0.6779
vn 0.7017 -0.0000 0.7125
vn 0.7181 -0.0000 0.6959
vn 0.7070 -0.0000 0.7072
vn 0.7072 0.0000 0.7070
vn 0.6989 0.0001 0.7152
vn 0.7016 0.0000 0.7126
vn 0.6988 -0.0000 0.7153
vn 0.7071 -0.0000 0.7071
vn 0.7098 -0.0000 0.7044
vn 0.7099 0.0000 0.7043
vn 0.7099 -0.0000 0.7043
vn 0.6989 0.0000 0.7152
vn 0.7099 -0.0000 0.7043
vn 0.7098 -0.0000 0.7044
vn 0.7098 -0.0000 0.7044
vn 0.7098 0.0000 0.7044
vn 0.7083 0.0000 0.7059
vn 0.7098 0.0000 0.7044
vn 0.7099 -0.0000 0.7043
vn 0.7099 -0.0000 0.7044
vn 0.7071 -0.0000 0.7072
vn 0.7071 0.0000 0.7072
vn 0.7071 0.0000 0.7071
vn 0.7098 0.0000 0.7044
vn 0.8765 0.4199 0.2357
vn 0.7306 0.3499 0.5864
vn 0.8765 0.4198 0.2357
vn 0.7306 0.3500 0.5863
vn 0.8765 0.4199 0.2357
vn 0.7306 0.3499 0.5864
vn 0.8764 0.4199 0.2357
vn 0.7467 0.6651 -0.0001
vn 0.8765 0.4198 0.2357
vn 0.7468 0.6651 -0.0000
vn 0.8765 0.4198 0.2357
vn 0.7468 0.6650 -0.0000
vn 0.7467 0.6651 -0.0000
vn 0.1290 0.8647 0.4854
vn 0.7468 0.6651 -0.0000
vn 0.1289 0.8647 0.4855
vn 0.7468 0.6651 0.0001
vn 0.1290 0.8647 0.4854
vn 0.1289 0.8647 0.4855
vn 0.0761 0.5110 0.8562
vn 0.1289 0.8647 0.4854
vn 0.0761 0.5110 0.8562
vn 0.1289 0.8647 0.4854
vn 0.0761 0.5110 0.8562
vn 0.0762 0.5111 0.8562
vn 0.4166 0.3711 0.8299
vn 0.0762 0.5110 0.8562
vn 0.4165 0.3711 0.8299
vn 0.0762 0.5111 0.8562
vn 0.4138 0.3716 0.8311
vn 0.4139 0.3715 0.8311
vn 0.7306 0.3500 0.5863
vn 0.4166 0.3710 0.8299
vn 0.7306 0.3500 0.5863
vn 0.4139 0.3715 0.8311
vn 0.7306 0.3499 0.5863
vn 0.8446 0.0356 0.5342
vn 0.7416 0.0312 0.6701
vn 0.7099 -0.0000 0.7043
vn 0.7416 0.0312 0.6701
vn 0.5967 0.0326 0.8018
vn 0.7099 -0.0001 0.7043
vn 0.5967 0.0327 0.8018
vn 0.5099 0.0401 0.8593
vn 0.7099 0.0000 0.7043
vn 0.6457 0.0508 0.7619
vn 0.8382 0.0459 0.5435
vn 0.7099 -0.0000 0.7043
vn 0.8382 0.0458 0.5435
vn 0.8446 0.0356 0.5341
vn 0.7099 -0.0000 0.7043
vn 0.7192 0.3868 0.5772
vn 0.5779 0.3842 0.7200
vn 0.7192 0.3868 0.5772
vn 0.5779 0.3842 0.7201
vn 0.7192 0.3868 0.5772
vn 0.5779 0.3842 0.7200
vn 0.5778 0.3843 0.7200
vn 0.4099 0.4066 0.8165
vn 0.5779 0.3842 0.7200
vn 0.4098 0.4066 0.8165
vn 0.5779 0.3842 0.7200
vn 0.4098 0.4066 0.8165
vn 0.2308 0.4581 0.8584
vn 0.0739 0.5522 0.8304
vn 0.2308 0.4581 0.8584
vn 0.0739 0.5521 0.8305
vn 0.2308 0.4581 0.8584
vn 0.0739 0.5522 0.8304
vn 0.4441 0.8882 0.1180
vn 0.4441 0.8882 0.1180
vn 0.4441 0.8882 0.1181
vn 0.7044 0.7099 0.0000
vn 0.8284 0.5552 0.0738
vn 0.7044 0.7098 0.0000
vn 0.8285 0.5552 0.0738
vn 0.7043 0.7099 -0.0000
vn 0.8285 0.5552 0.0737
vn 0.8570 0.4610 0.2304
vn 0.8285 0.5552 0.0737
vn 0.8570 0.4608 0.2305
vn 0.8284 0.5552 0.0737
vn 0.8570 0.4610 0.2304
vn 0.4067 0.8165 0.4099
vn 0.4067 0.8165 0.4099
vn 0.4067 0.8165 0.4098
vn 0.4089 0.8154 0.4097
vn 0.4067 0.8165 0.4098
vn 0.4067 0.8165 0.4099
vn 0.4067 0.8165 0.4099
vn 0.4067 0.8165 0.4098
vn 0.4067 0.8165 0.4099
vn 0.4067 0.8165 0.4099
vn 0.4066 0.8165 0.4099
vn 0.4067 0.8165 0.4099
vn 0.4067 0.8165 0.4099
vn 0.4067 0.8165 0.4099
vn 0.4067 0.8165 0.4099
vn 0.7425 0.0052 0.6698
vn 0.7207 0.0000 0.6932
vn 0.7420 0.0052 0.6704
vn 0.7207 0.0000 0.6933
vn 0.7153 0.0000 0.6988
vn 0.7154 0.0000 0.6988
vn 0.6942 0.0051 0.7198
vn 0.7207 -0.0000 0.6932
vn 0.6942 0.0052 0.7197
vn 0.7153 0.0000 0.6988
vn 0.6891 0.0051 0.7246
vn 0.6891 0.0051 0.7246
vn 0.6618 0.0052 0.7496
vn 0.6941 0.0051 0.7198
vn 0.6618 0.0052 0.7497
vn 0.6891 0.0051 0.7246
vn 0.6618 0.0052 0.7497
vn 0.6396 0.0054 0.7687
vn 0.6357 0.0057 0.7719
vn 0.6396 0.0054 0.7687
vn 0.6357 0.0057 0.7719
vn 0.6397 0.0054 0.7686
vn 0.6356 0.0057 0.7720
vn 0.6357 0.0057 0.7719
vn 0.6546 0.0060 0.7559
vn 0.6356 0.0057 0.7720
vn 0.6547 0.0059 0.7559
vn 0.6357 0.0056 0.7720
vn 0.6547 0.0059 0.7559
vn 0.6547 0.0059 0.7559
vn 0.6853 0.0062 0.7282
vn 0.6547 0.0059 0.7559
vn 0.6853 0.0060 0.7282
vn 0.7282 0.0060 0.6853
vn 0.6854 0.0060 0.7282
vn 0.7282 0.0060 0.6854
vn 0.6854 0.0060 0.7282
vn 0.7282 0.0060 0.6854
vn 0.7282 0.0060 0.6854
vn 0.7584 0.0059 0.6518
vn 0.7281 0.0060 0.6854
vn 0.7584 0.0060 0.6517
vn 0.7584 0.0059 0.6518
vn 0.7584 0.0059 0.6517
vn 0.7585 0.0059 0.6517
vn 0.7719 0.0056 0.6357
vn 0.7585 0.0058 0.6517
vn 0.7720 0.0056 0.6356
vn 0.7687 0.0054 0.6396
vn 0.7719 0.0057 0.6357
vn 0.7687 0.0054 0.6396
vn 0.7686 0.0054 0.6397
vn 0.7420 0.0052 0.6704
vn 0.7687 0.0054 0.6396
vn 0.7420 0.0052 0.6704
vn 0.7687 0.0054 0.6396
vn 0.7425 0.0052 0.6698
vn 0.0121 0.6312 0.7755
vn 0.1443 0.8414 0.5208
vn 0.0121 0.6342 0.7731
vn 0.1442 0.8413 0.5209
vn 0.0121 0.6312 0.7755
vn 0.1442 0.8414 0.5209
vn 0.5208 0.8414 0.1442
vn 0.1442 0.8414 0.5208
vn 0.5208 0.8414 0.1442
vn 0.5208 0.8414 0.1443
vn 0.7706 0.6372 0.0122
vn 0.5208 0.8414 0.1443
vn 0.7706 0.6372 0.0122
vn 0.8723 0.4820 0.0827
vn 0.7706 0.6372 0.0122
vn 0.8722 0.4821 0.0827
vn 0.7707 0.6371 0.0122
vn 0.8722 0.4820 0.0827
vn 0.8723 0.4820 0.0827
vn 0.8868 0.3930 0.2432
vn 0.8723 0.4820 0.0826
vn 0.8869 0.3929 0.2432
vn 0.8722 0.4821 0.0825
vn 0.8868 0.3929 0.2432
vn 0.8868 0.3929 0.2432
vn 0.8379 0.3478 0.4207
vn 0.8868 0.3929 0.2433
vn 0.8379 0.3478 0.4206
vn 0.8868 0.3929 0.2433
vn 0.8379 0.3478 0.4207
vn 0.7374 0.3267 0.5912
vn 0.8379 0.3478 0.4206
vn 0.7374 0.3267 0.5912
vn 0.7374 0.3267 0.5912
vn 0.5912 0.3267 0.7374
vn 0.7374 0.3267 0.5912
vn 0.5911 0.3267 0.7374
vn 0.7374 0.3267 0.5912
vn 0.5912 0.3267 0.7374
vn 0.5912 0.3267 0.7374
vn 0.4234 0.3473 0.8368
vn 0.5912 0.3267 0.7374
vn 0.2432 0.3930 0.8868
vn 0.4234 0.3473 0.8367
vn 0.2433 0.3929 0.8868
vn 0.2432 0.3929 0.8868
vn 0.0826 0.4821 0.8722
vn 0.2432 0.3929 0.8868
vn 0.0826 0.4821 0.8722
vn 0.0121 0.6342 0.7731
vn 0.0827 0.4821 0.8722
vn 0.0121 0.6342 0.7731
vn 0.0827 0.4821 0.8722
vn 0.0121 0.6312 0.7756
vn 0.7099 0.0000 0.7043
vn 0.7181 0.0000 0.6960
vn 0.7352 0.0000 0.6778
vn 0.7182 -0.0001 0.6959
vn 0.7017 -0.0000 0.7125
vn 0.7352 -0.0001 0.6779
vn 0.7017 -0.0000 0.7125
vn 0.7181 -0.0000 0.6959
vn 0.7070 -0.0000 0.7072
vn 0.7072 0.0000 0.7070
vn 0.6989 0.0001 0.7152
vn 0.7016 0.0000 0.7126
vn 0.6988 0.0000 0.7153
vn 0.7099 -0.0000 0.7043
vn 0.7099 0.0000 0.7043
vn 0.6989 -0.0000 0.7152
vn 0.7099 0.0000 0.7043
vn 0.7098 -0.0000 0.7044
vn 0.7098 -0.0000 0.7044
vn 0.7072 -0.0000 0.7070
vn 0.7099 -0.0000 0.7043
vn 0.7099 0.0000 0.7043
vn 0.7099 0.0000 0.7043
vn 0.7098 0.0000 0.7044
vn 0.7099 0.0000 0.7043
vn 0.7099 0.0000 0.7043
vn 0.8765 0.4199 0.2357
vn 0.7306 0.3500 0.5863
vn 0.8765 0.4198 0.2357
vn 0.7306 0.3500 0.5863
vn 0.8765 0.4198 0.2357
vn 0.7306 0.3499 0.5864
vn 0.8765 0.4198 0.2357
vn 0.7467 0.6651 -0.0001
vn 0.8765 0.4198 0.2357
vn 0.7468 0.6651 -0.0000
vn 0.1290 0.8647 0.4854
vn 0.7468 0.6650 -0.0000
vn 0.1289 0.8647 0.4855
vn 0.7467 0.6651 0.0001
vn 0.1290 0.8647 0.4854
vn 0.0762 0.5110 0.8562
vn 0.4166 0.3710 0.8300
vn 0.0762 0.5110 0.8562
vn 0.4165 0.3711 0.8299
vn 0.4166 0.3710 0.8299
vn 0.4166 0.3710 0.8299
vn 0.4166 0.3710 0.8299
vn 0.4166 0.3710 0.8299
vn 0.8446 0.0356 0.5342
vn 0.7416 0.0313 0.6701
vn 0.7099 -0.0000 0.7043
vn 0.5967 0.0327 0.8018
vn 0.5099 0.0401 0.8593
vn 0.7099 0.0000 0.7043
vn 0.5098 0.0401 0.8593
vn 0.6458 0.0509 0.7618
vn 0.7100 0.0000 0.7043
vn 0.6457 0.0508 0.7619
vn 0.8382 0.0459 0.5435
vn 0.7099 -0.0000 0.7043
vn 0.8382 0.0458 0.5435
vn 0.8446 0.0356 0.5341
vn 0.7099 -0.0000 0.7043
vn 0.8154 0.4093 0.4093
vn 0.7192 0.3868 0.5772
vn 0.7192 0.3868 0.5772
vn 0.7192 0.3868 0.5771
vn 0.8154 0.4093 0.4093
vn 0.8154 0.4093 0.4093
vn 0.8570 0.4609 0.2305
vn 0.8154 0.4093 0.4093
vn 0.8154 0.4094 0.4093
vn 0.8154 0.4093 0.4093
vn 0.8570 0.4609 0.2305
vn 0.8570 0.4609 0.2305
vn 0.5772 0.3868 0.7192
vn 0.7192 0.3868 0.5772
vn 0.7192 0.3868 0.5772
vn 0.7192 0.3868 0.5772
vn 0.5772 0.3868 0.7192
vn 0.5772 0.3868 0.7192
vn 0.5772 0.3868 0.7192
vn 0.4093 0.4093 0.8154
vn 0.4093 0.4093 0.8154
vn 0.4093 0.4093 0.8154
vn 0.5772 0.3868 0.7192
vn 0.5771 0.3868 0.7192
vn 0.2305 0.4609 0.8570
vn 0.4093 0.4094 0.8154
vn 0.4093 0.4094 0.8154
vn 0.4093 0.4094 0.8154
vn 0.2305 0.4609 0.8570
vn 0.2305 0.4609 0.8570
vn 0.0737 0.5552 0.8284
vn 0.2304 0.4609 0.8570
vn 0.2304 0.4609 0.8570
vn 0.2304 0.4608 0.8570
vn 0.0737 0.5552 0.8284
vn 0.0737 0.5552 0.8284
vn 0.0737 0.5552 0.8284
vn 0.0000 0.7071 0.7071
vn 0.0000 0.7071 0.7071
vn 0.0000 0.7071 0.7071
vn 0.0738 0.5552 0.8285
vn 0.0737 0.5553 0.8284
vn 0.1180 0.8882 0.4441
vn -0.0001 0.7071 0.7071
vn -0.0000 0.7071 0.7071
vn -0.0001 0.7071 0.7071
vn 0.1180 0.8882 0.4440
vn 0.1180 0.8882 0.4441
vn 0.4441 0.8882 0.1180
vn 0.1181 0.8882 0.4441
vn 0.1180 0.8881 0.4442
vn 0.1180 0.8881 0.4442
vn 0.4440 0.8882 0.1181
vn 0.4442 0.8881 0.1180
vn 0.4441 0.8882 0.1180
vn 0.7044 0.7098 -0.0000
vn 0.7043 0.7099 0.0000
vn 0.7043 0.7099 0.0000
vn 0.4441 0.8882 0.1180
vn 0.4441 0.8882 0.1180
vn 0.8284 0.5552 0.0738
vn 0.7044 0.7098 0.0000
vn 0.7043 0.7099 -0.0000
vn 0.7043 0.7099 -0.0000
vn 0.8285 0.5551 0.0738
vn 0.8285 0.5552 0.0738
vn 0.8570 0.4609 0.2304
vn 0.8285 0.5551 0.0738
vn 0.8284 0.5552 0.0737
vn 0.8285 0.5552 0.0737
vn 0.8570 0.4609 0.2304
vn 0.8570 0.4609 0.2304
vn 0.7071 0.0000 0.7071
vn 0.7071 0.0000 0.7071
vn 0.7072 0.0000 0.7070
vn 0.7070 0.0000 0.7072
vn 0.7071 0.0000 0.7071
vn 0.7071 0.0000 0.7071
vn 0.7070 0.0000 0.7072
vn 0.7071 0.0000 0.7071
vn 0.7072 0.0000 0.7070
vn 0.7070 0.0000 0.7072
vn 0.7071 0.0000 0.7071
vn 0.7071 0.0000 0.7071
vn 0.7071 0.0000 0.7071
vn 0.7071 0.0000 0.7071
vn 0.7069 0.0000 0.7073
vn 0.7071 0.0000 0.7072
vn 0.7071 0.0000 0.7071
vn 0.7071 0.0000 0.7071
vn 0.7071 0.0000 0.7071
vn 0.7071 0.0000 0.7071
vn 0.7071 0.0000 0.7071
vn 0.7070 0.0000 0.7072
vn 0.7071 0.0000 0.7071
vn 0.7071 0.0000 0.7071
vn 0.7071 0.0000 0.7072
vn 0.7071 0.0000 0.7071
vn 0.7071 0.0000 0.7071
vn 0.7071 0.0000 0.7071
vn 0.7071 0.0000 0.7071
vn 0.7071 0.0000 0.7071
vn 0.4487 0.7968 0.4047
vn 0.4183 0.8143 0.4024
vn 0.4152 0.8143 0.4056
vn 0.4183 0.8143 0.4024
vn 0.4486 0.7969 0.4047
vn 0.4525 0.7926 0.4088
vn 0.4542 0.8067 0.3780
vn 0.4524 0.7926 0.4088
vn 0.4486 0.7968 0.4047
vn 0.4525 0.7926 0.4088
vn 0.4542 0.8067 0.3780
vn 0.4542 0.8067 0.3780
vn 0.4400 0.8217 0.3624
vn 0.4542 0.8067 0.3780
vn 0.4542 0.8067 0.3780
vn 0.4542 0.8067 0.3780
vn 0.4399 0.8217 0.3624
vn 0.4400 0.8217 0.3623
vn 0.4171 0.8340 0.3612
vn 0.4399 0.8217 0.3624
vn 0.4399 0.8217 0.3624
vn 0.4400 0.8216 0.3623
vn 0.4171 0.8340 0.3612
vn 0.4170 0.8340 0.3612
vn 0.3940 0.8410 0.3709
vn 0.4171 0.8340 0.3612
vn 0.4171 0.8340 0.3612
vn 0.4170 0.8340 0.3613
vn 0.3940 0.8410 0.3709
vn 0.3940 0.8410 0.3708
vn 0.3709 0.8410 0.3940
vn 0.3940 0.8410 0.3709
vn 0.3941 0.8410 0.3708
vn 0.3940 0.8410 0.3708
vn 0.3709 0.8410 0.3940
vn 0.3708 0.8410 0.3940
vn 0.3612 0.8340 0.4171
vn 0.3709 0.8410 0.3940
vn 0.3708 0.8410 0.3940
vn 0.3709 0.8410 0.3940
vn 0.3612 0.8340 0.4171
vn 0.3612 0.8340 0.4171
vn 0.3624 0.8217 0.4399
vn 0.3612 0.8340 0.4171
vn 0.3612 0.8340 0.4170
vn 0.3612 0.8340 0.4170
vn 0.3623 0.8217 0.4400
vn 0.3623 0.8217 0.4400
vn 0.3780 0.8067 0.4542
vn 0.3623 0.8217 0.4399
vn 0.3623 0.8217 0.4400
vn 0.3624 0.8217 0.4399
vn 0.3780 0.8067 0.4542
vn 0.3780 0.8067 0.4542
vn 0.4009 0.7956 0.4542
vn 0.3780 0.8067 0.4542
vn 0.3780 0.8067 0.4542
vn 0.3779 0.8067 0.4542
vn 0.4009 0.7956 0.4542
vn 0.4010 0.7956 0.4542
vn 0.4228 0.7897 0.4446
vn 0.4010 0.7956 0.4542
vn 0.4010 0.7956 0.4542
vn 0.4009 0.7956 0.4542
vn 0.4228 0.7897 0.4446
vn 0.4240 0.7919 0.4395
vn 0.4152 0.8143 0.4056
vn 0.4240 0.7919 0.4396
vn 0.4228 0.7897 0.4446
vn 0.4240 0.7918 0.4396
vn 0.4152 0.8143 0.4056
vn 0.4184 0.8143 0.4024
vn 0.0101 0.7582 0.6520
vn 0.1094 0.9120 0.3952
vn 0.1094 0.9120 0.3952
vn 0.1094 0.9121 0.3952
vn 0.0100 0.7581 0.6520
vn 0.0102 0.7606 0.6491
vn 0.3952 0.9121 0.1094
vn 0.1096 0.9120 0.3952
vn 0.1095 0.9120 0.3953
vn 0.1094 0.9120 0.3953
vn 0.3952 0.9121 0.1094
vn 0.3951 0.9121 0.1095
vn 0.6461 0.7632 0.0102
vn 0.3952 0.9121 0.1094
vn 0.3952 0.9121 0.1094
vn 0.3952 0.9121 0.1094
vn 0.6462 0.7631 0.0101
vn 0.6461 0.7632 0.0102
vn 0.6462 0.7631 0.0101
vn 0.7827 0.6180 0.0741
vn 0.7827 0.6179 0.0741
vn 0.7827 0.6180 0.0741
vn 0.6461 0.7632 0.0101
vn 0.6461 0.7632 0.0101
vn 0.8231 0.5210 0.2258
vn 0.7827 0.6179 0.0742
vn 0.7827 0.6179 0.0742
vn 0.7827 0.6180 0.0742
vn 0.8232 0.5210 0.2258
vn 0.8232 0.5210 0.2257
vn 0.7897 0.4682 0.3965
vn 0.8232 0.5210 0.2258
vn 0.8232 0.5210 0.2258
vn 0.8231 0.5210 0.2258
vn 0.7897 0.4683 0.3964
vn 0.7897 0.4682 0.3965
vn 0.7897 0.4682 0.3964
vn 0.6996 0.4427 0.5608
vn 0.6996 0.4428 0.5608
vn 0.6996 0.4428 0.5608
vn 0.7897 0.4682 0.3964
vn 0.7897 0.4682 0.3964
vn 0.5609 0.4427 0.6996
vn 0.6996 0.4428 0.5609
vn 0.6996 0.4427 0.5608
vn 0.6996 0.4427 0.5609
vn 0.5609 0.4428 0.6996
vn 0.5608 0.4427 0.6996
vn 0.3990 0.4676 0.7888
vn 0.5609 0.4427 0.6996
vn 0.5608 0.4428 0.6996
vn 0.5608 0.4428 0.6996
vn 0.3990 0.4676 0.7888
vn 0.3990 0.4676 0.7887
vn 0.3991 0.4676 0.7887
vn 0.2258 0.5210 0.8231
vn 0.2258 0.5210 0.8231
vn 0.2258 0.5210 0.8231
vn 0.3991 0.4676 0.7887
vn 0.3991 0.4677 0.7887
vn 0.0742 0.6179 0.7827
vn 0.2258 0.5210 0.8231
vn 0.2258 0.5210 0.8232
vn 0.2258 0.5210 0.8232
vn 0.0741 0.6180 0.7827
vn 0.0742 0.6179 0.7827
vn 0.0101 0.7606 0.6491
vn 0.0742 0.6179 0.7827
vn 0.0741 0.6180 0.7827
vn 0.0741 0.6180 0.7827
vn 0.0101 0.7606 0.6491
vn 0.0101 0.7582 0.6520
vn 0.4093 0.8154 0.4093
vn 0.4146 0.8259 0.3822
vn 0.4136 0.8175 0.4007
vn 0.4103 0.8111 0.4167
vn 0.4136 0.8175 0.4008
vn 0.4146 0.8259 0.3822
vn 0.4136 0.8175 0.4008
vn 0.4104 0.8111 0.4167
vn 0.4093 0.8154 0.4093
vn 0.4077 0.8122 0.4173
vn 0.4093 0.8154 0.4093
vn 0.4104 0.8111 0.4167
vn 0.4093 0.8154 0.4093
vn 0.4077 0.8122 0.4173
vn 0.4093 0.8154 0.4093
vn 0.4093 0.8154 0.4093
vn 0.4093 0.8154 0.4093
vn 0.4077 0.8122 0.4173
vn 0.4093 0.8154 0.4093
vn 0.4093 0.8154 0.4094
vn 0.4093 0.8154 0.4093
vn 0.4093 0.8154 0.4093
vn 0.4093 0.8154 0.4093
vn 0.4094 0.8154 0.4093
vn 0.4093 0.8154 0.4093
vn 0.4093 0.8154 0.4094
vn 0.4093 0.8154 0.4093
vn 0.4093 0.8154 0.4093
vn 0.4093 0.8154 0.4094
vn 0.4093 0.8154 0.4093
vn 0.8382 0.4966 0.2254
vn 0.7080 0.4195 0.5682
vn 0.7079 0.4195 0.5682
vn 0.7080 0.4194 0.5682
vn 0.8382 0.4966 0.2254
vn 0.8382 0.4966 0.2254
vn 0.6721 0.7404 -0.0000
vn 0.8382 0.4966 0.2254
vn 0.8382 0.4965 0.2254
vn 0.8382 0.4966 0.2254
vn 0.6721 0.7404 -0.0001
vn 0.6721 0.7404 -0.0000
vn 0.1092 0.9051 0.4109
vn 0.6722 0.7404 0.0000
vn 0.6722 0.7404 0.0000
vn 0.6721 0.7405 0.0000
vn 0.1092 0.9051 0.4109
vn 0.1092 0.9051 0.4109
vn 0.0714 0.5924 0.8025
vn 0.1092 0.9051 0.4108
vn 0.1092 0.9051 0.4109
vn 0.1092 0.9052 0.4108
vn 0.0714 0.5925 0.8024
vn 0.0714 0.5924 0.8024
vn 0.3995 0.4437 0.8022
vn 0.0714 0.5924 0.8024
vn 0.0714 0.5924 0.8024
vn 0.0714 0.5925 0.8024
vn 0.3995 0.4437 0.8022
vn 0.3995 0.4436 0.8022
vn 0.7080 0.4194 0.5682
vn 0.3996 0.4436 0.8023
vn 0.3996 0.4436 0.8022
vn 0.3996 0.4436 0.8022
vn 0.7080 0.4194 0.5682
vn 0.7080 0.4195 0.5682
vn 0.5247 0.7839 0.3319
vn 0.4099 0.8165 0.4066
vn 0.4970 0.7425 0.4491
vn 0.4396 0.8517 0.2851
vn 0.4099 0.8165 0.4067
vn 0.5248 0.7839 0.3319
vn 0.3138 0.8743 0.3702
vn 0.4099 0.8165 0.4066
vn 0.4397 0.8517 0.2850
vn 0.2935 0.8179 0.4948
vn 0.4099 0.8165 0.4066
vn 0.3138 0.8743 0.3702
vn 0.3879 0.7574 0.5253
vn 0.4099 0.8165 0.4067
vn 0.2935 0.8180 0.4947
vn 0.4970 0.7425 0.4491
vn 0.4098 0.8165 0.4066
vn 0.3878 0.7574 0.5253
vn 0.8165 0.4099 0.4066
vn 0.7192 0.3868 0.5772
vn 0.7192 0.3868 0.5772
vn 0.7192 0.3868 0.5772
vn 0.8165 0.4098 0.4067
vn 0.8165 0.4098 0.4067
vn 0.8570 0.4609 0.2305
vn 0.8165 0.4099 0.4067
vn 0.8165 0.4099 0.4067
vn 0.8165 0.4099 0.4067
vn 0.8570 0.4609 0.2305
vn 0.8584 0.4581 0.2308
vn 0.5772 0.3868 0.7192
vn 0.7192 0.3868 0.5772
vn 0.7192 0.3867 0.5772
vn 0.7192 0.3867 0.5772
vn 0.5772 0.3868 0.7192
vn 0.5772 0.3868 0.7192
vn 0.0737 0.5552 0.8284
vn 0.0000 0.7071 0.7071
vn 0.0000 0.7071 0.7071
vn 0.0000 0.7071 0.7071
vn 0.0738 0.5552 0.8285
vn 0.0737 0.5553 0.8284
vn 0.1180 0.8882 0.4441
vn -0.0001 0.7071 0.7071
vn -0.0000 0.7071 0.7071
vn -0.0001 0.7071 0.7071
vn 0.1180 0.8882 0.4440
vn 0.1180 0.8882 0.4441
vn 0.7070 0.7072 0.0000
vn 0.8305 0.5521 0.0740
vn 0.7071 0.7071 0.0000
vn 0.7071 0.7071 0.0000
vn 0.8305 0.5521 0.0740
vn 0.8304 0.5522 0.0740
vn 0.8584 0.4581 0.2308
vn 0.8305 0.5522 0.0739
vn 0.8304 0.5522 0.0739
vn 0.8304 0.5522 0.0739
vn 0.8584 0.4580 0.2308
vn 0.8570 0.4609 0.2304
vn 0.7071 0.0000 0.7071
vn 0.7071 0.0000 0.7071
vn 0.7077 0.0000 0.7065
vn 0.7071 0.0000 0.7071
vn 0.7071 0.0000 0.7071
vn 0.7071 0.0000 0.7071
vn 0.7072 0.0000 0.7070
vn 0.7071 0.0000 0.7071
vn 0.7071 0.0000 0.7071
vn 0.7070 0.0000 0.7072
vn 0.7071 0.0000 0.7071
vn 0.7071 0.0000 0.7071
vn 0.7071 0.0000 0.7071
vn 0.7071 0.0000 0.7071
vn 0.7071 0.0000 0.7071
vn 0.4487 0.7968 0.4047
vn 0.4183 0.8143 0.4024
vn 0.4152 0.8143 0.4056
vn 0.4183 0.8143 0.4024
vn 0.4486 0.7969 0.4047
vn 0.4525 0.7926 0.4088
vn 0.4542 0.8067 0.3780
vn 0.4524 0.7926 0.4088
vn 0.4486 0.7968 0.4047
vn 0.4525 0.7926 0.4088
vn 0.4542 0.8068 0.3780
vn 0.4542 0.8068 0.3780
vn 0.4400 0.8217 0.3623
vn 0.4542 0.8067 0.3780
vn 0.4542 0.8067 0.3780
vn 0.4542 0.8067 0.3780
vn 0.4399 0.8217 0.3624
vn 0.4400 0.8217 0.3623
vn 0.4171 0.8340 0.3612
vn 0.4399 0.8217 0.3624
vn 0.4399 0.8217 0.3624
vn 0.4400 0.8216 0.3623
vn 0.4171 0.8340 0.3612
vn 0.4170 0.8340 0.3612
vn 0.3940 0.8410 0.3709
vn 0.4171 0.8340 0.3612
vn 0.4171 0.8340 0.3612
vn 0.3709 0.8410 0.3940
vn 0.3940 0.8410 0.3709
vn 0.3941 0.8410 0.3708
vn 0.3940 0.8410 0.3708
vn 0.3709 0.8410 0.3940
vn 0.3708 0.8410 0.3940
vn 0.3612 0.8340 0.4171
vn 0.3709 0.8410 0.3940
vn 0.3708 0.8410 0.3940
vn 0.3709 0.8410 0.3940
vn 0.3612 0.8340 0.4171
vn 0.3612 0.8340 0.4171
vn 0.3624 0.8217 0.4399
vn 0.3612 0.8340 0.4171
vn 0.3612 0.8340 0.4170
vn 0.3612 0.8340 0.4170
vn 0.3624 0.8217 0.4399
vn 0.3624 0.8217 0.4399
vn 0.3780 0.8067 0.4542
vn 0.3623 0.8217 0.4400
vn 0.3623 0.8217 0.4400
vn 0.3624 0.8217 0.4399
vn 0.3780 0.8067 0.4542
vn 0.3780 0.8067 0.4542
vn 0.3779 0.8067 0.4542
vn 0.4009 0.7956 0.4542
vn 0.4010 0.7956 0.4542
vn 0.4228 0.7897 0.4446
vn 0.4010 0.7956 0.4542
vn 0.4010 0.7956 0.4542
vn 0.4009 0.7956 0.4542
vn 0.4228 0.7897 0.4446
vn 0.4240 0.7919 0.4395
vn 0.4152 0.8143 0.4055
vn 0.4240 0.7919 0.4396
vn 0.4228 0.7897 0.4446
vn 0.4240 0.7918 0.4396
vn 0.4152 0.8143 0.4056
vn 0.4184 0.8143 0.4024
vn 0.0101 0.7582 0.6519
vn 0.1094 0.9121 0.3951
vn 0.1094 0.9121 0.3952
vn 0.1094 0.9121 0.3951
vn 0.0101 0.7581 0.6521
vn 0.0101 0.7607 0.6491
vn 0.3952 0.9121 0.1094
vn 0.1096 0.9120 0.3952
vn 0.1095 0.9120 0.3953
vn 0.1094 0.9120 0.3953
vn 0.3952 0.9121 0.1094
vn 0.3951 0.9121 0.1095
vn 0.6462 0.7631 0.0101
vn 0.7827 0.6180 0.0741
vn 0.7827 0.6179 0.0741
vn 0.7827 0.6180 0.0741
vn 0.6461 0.7632 0.0101
vn 0.6461 0.7632 0.0101
vn 0.8231 0.5210 0.2258
vn 0.7828 0.6179 0.0742
vn 0.7827 0.6179 0.0742
vn 0.7827 0.6180 0.0742
vn 0.8232 0.5210 0.2258
vn 0.8232 0.5210 0.2257
vn 0.7897 0.4682 0.3965
vn 0.8232 0.5210 0.2258
vn 0.8232 0.5210 0.2258
vn 0.8231 0.5210 0.2258
vn 0.7897 0.4683 0.3964
vn 0.7897 0.4682 0.3965
vn 0.7897 0.4682 0.3964
vn 0.6996 0.4427 0.5608
vn 0.6996 0.4428 0.5608
vn 0.5609 0.4427 0.6996
vn 0.6996 0.4428 0.5609
vn 0.6996 0.4427 0.5608
vn 0.6996 0.4427 0.5609
vn 0.5609 0.4428 0.6996
vn 0.5609 0.4428 0.6996
vn 0.3990 0.4676 0.7888
vn 0.5609 0.4427 0.6996
vn 0.5608 0.4428 0.6996
vn 0.3991 0.4676 0.7887
vn 0.2258 0.5210 0.8231
vn 0.2258 0.5210 0.8231
vn 0.2258 0.5210 0.8231
vn 0.3991 0.4676 0.7887
vn 0.3991 0.4677 0.7887
vn 0.0742 0.6179 0.7827
vn 0.2258 0.5210 0.8231
vn 0.2258 0.5210 0.8232
vn 0.2258 0.5210 0.8232
vn 0.0741 0.6180 0.7827
vn 0.0742 0.6179 0.7827
vn 0.0101 0.7606 0.6491
vn 0.0742 0.6179 0.7827
vn 0.0741 0.6180 0.7827
vn 0.0742 0.6180 0.7827
vn 0.0101 0.7606 0.6491
vn 0.0101 0.7582 0.6520
vn 0.4136 0.8175 0.4007
vn 0.4103 0.8111 0.4167
vn 0.4136 0.8175 0.4008
vn 0.4146 0.8259 0.3822
vn 0.4136 0.8175 0.4008
vn 0.4093 0.8154 0.4093
vn 0.4077 0.8122 0.4173
vn 0.4093 0.8154 0.4093
vn 0.4104 0.8111 0.4167
vn 0.4093 0.8154 0.4093
vn 0.4093 0.8154 0.4094
vn 0.4093 0.8154 0.4093
vn 0.4093 0.8154 0.4093
vn 0.4093 0.8154 0.4094
vn 0.4093 0.8154 0.4093
vn 0.4093 0.8154 0.4093
vn 0.4093 0.8154 0.4094
vn 0.4093 0.8154 0.4093
vn 0.8382 0.4966 0.2254
vn 0.7080 0.4195 0.5682
vn 0.7080 0.4195 0.5682
vn 0.7080 0.4194 0.5682
vn 0.8382 0.4966 0.2254
vn 0.8382 0.4966 0.2254
vn 0.6721 0.7404 -0.0001
vn 0.8382 0.4965 0.2254
vn 0.8382 0.4966 0.2254
vn 0.8382 0.4966 0.2254
vn 0.6722 0.7404 -0.0000
vn 0.6721 0.7405 -0.0001
vn 0.1092 0.9051 0.4109
vn 0.6722 0.7404 0.0000
vn 0.6722 0.7404 0.0000
vn 0.6721 0.7405 0.0000
vn 0.1092 0.9051 0.4109
vn 0.1092 0.9051 0.4109
vn 0.0714 0.5924 0.8025
vn 0.1092 0.9052 0.4108
vn 0.1092 0.9051 0.4109
vn 0.1092 0.9052 0.4108
vn 0.0714 0.5925 0.8024
vn 0.0714 0.5924 0.8024
vn 0.4022 0.4430 0.8012
vn 0.0714 0.5924 0.8024
vn 0.0714 0.5924 0.8024
vn 0.0714 0.5925 0.8024
vn 0.4022 0.4431 0.8012
vn 0.3995 0.4436 0.8022
vn 0.7080 0.4194 0.5682
vn 0.3996 0.4436 0.8023
vn 0.4022 0.4430 0.8012
vn 0.3995 0.4435 0.8023
vn 0.7080 0.4194 0.5682
vn 0.7080 0.4195 0.5682
vn 0.5247 0.7839 0.3319
vn 0.4098 0.8165 0.4066
vn 0.4970 0.7425 0.4491
vn 0.4396 0.8517 0.2851
vn 0.4099 0.8165 0.4067
vn 0.5247 0.7839 0.3319
vn 0.3138 0.8743 0.3702
vn 0.4099 0.8165 0.4066
vn 0.4397 0.8517 0.2850
vn 0.2935 0.8179 0.4948
vn 0.4099 0.8165 0.4066
vn 0.3138 0.8743 0.3702
vn 0.3904 0.7565 0.5247
vn 0.4099 0.8165 0.4067
vn 0.2935 0.8180 0.4948
vn 0.4970 0.7425 0.4491
vn 0.4098 0.8165 0.4066
vn 0.3904 0.7565 0.5246
vn 0.5772 0.3868 0.7192
vn 0.7192 0.3868 0.5772
vn 0.7192 0.3868 0.5772
vn 0.7192 0.3868 0.5772
vn 0.5772 0.3868 0.7192
vn 0.5772 0.3868 0.7192
vn 0.5772 0.3868 0.7192
vn 0.4093 0.4093 0.8155
vn 0.4093 0.4093 0.8154
vn 0.4093 0.4093 0.8154
vn 0.5772 0.3868 0.7192
vn 0.5772 0.3868 0.7192
vn 0.2305 0.4609 0.8570
vn 0.4094 0.4093 0.8154
vn 0.4093 0.4093 0.8154
vn 0.4093 0.4094 0.8154
vn 0.2305 0.4609 0.8570
vn 0.2304 0.4609 0.8570
vn 0.0737 0.5552 0.8284
vn 0.2304 0.4609 0.8570
vn 0.2305 0.4609 0.8570
vn 0.2304 0.4610 0.8570
vn 0.0737 0.5552 0.8285
vn 0.0737 0.5552 0.8284
vn 0.4442 0.8881 0.1180
vn 0.1180 0.8881 0.4441
vn 0.1180 0.8882 0.4441
vn 0.1180 0.8881 0.4442
vn 0.4441 0.8882 0.1181
vn 0.4441 0.8881 0.1180
vn 0.4441 0.8882 0.1180
vn 0.7044 0.7098 -0.0000
vn 0.7071 0.7071 -0.0000
vn 0.7043 0.7099 0.0000
vn 0.4440 0.8882 0.1180
vn 0.4441 0.8882 0.1180
vn 0.8304 0.5522 0.0739
vn 0.7072 0.7071 0.0000
vn 0.7043 0.7099 -0.0000
vn 0.7071 0.7071 -0.0000
vn 0.8305 0.5521 0.0739
vn 0.8304 0.5522 0.0739
vn 0.8585 0.4580 0.2308
vn 0.8304 0.5522 0.0739
vn 0.8304 0.5522 0.0739
vn 0.8304 0.5522 0.0739
vn 0.8584 0.4581 0.2308
vn 0.8570 0.4609 0.2304
vn 0.7071 0.0000 0.7071
vn 0.7071 0.0000 0.7071
vn 0.7071 0.0000 0.7071
vn 0.7071 0.0000 0.7072
vn 0.7071 0.0000 0.7071
vn 0.7072 0.0000 0.7070
vn 0.7071 0.0000 0.7072
vn 0.7072 0.0000 0.7071
vn 0.7072 0.0000 0.7071
vn 0.7072 0.0000 0.7071
vn 0.7071 0.0000 0.7071
vn 0.7072 0.0000 0.7071
vn 0.7071 0.0000 0.7071
vn 0.7071 0.0000 0.7071
vn 0.7069 0.0000 0.7073
vn 0.7071 0.0000 0.7072
vn 0.7071 0.0000 0.7071
vn 0.7071 0.0000 0.7071
vn 0.7071 0.0000 0.7071
vn 0.7071 0.0000 0.7071
vn 0.7071 0.0000 0.7071
vn 0.7072 0.0000 0.7070
vn 0.7073 0.0000 0.7069
vn 0.7071 0.0000 0.7071
vn 0.4183 0.8143 0.4024
vn 0.4486 0.7969 0.4047
vn 0.4525 0.7926 0.4088
vn 0.4542 0.8067 0.3780
vn 0.4524 0.7926 0.4088
vn 0.4486 0.7968 0.4047
vn 0.4525 0.7926 0.4088
vn 0.4542 0.8068 0.3780
vn 0.4542 0.8068 0.3780
vn 0.4399 0.8217 0.3623
vn 0.4542 0.8068 0.3780
vn 0.4542 0.8067 0.3780
vn 0.4542 0.8067 0.3780
vn 0.4400 0.8217 0.3623
vn 0.4400 0.8217 0.3623
vn 0.4171 0.8340 0.3612
vn 0.4400 0.8217 0.3624
vn 0.4400 0.8217 0.3624
vn 0.4400 0.8217 0.3623
vn 0.4171 0.8340 0.3612
vn 0.4170 0.8340 0.3612
vn 0.3940 0.8410 0.3708
vn 0.4171 0.8340 0.3612
vn 0.4171 0.8340 0.3612
vn 0.4170 0.8340 0.3612
vn 0.3940 0.8410 0.3709
vn 0.3940 0.8410 0.3708
vn 0.3709 0.8410 0.3940
vn 0.3940 0.8410 0.3709
vn 0.3940 0.8410 0.3708
vn 0.3941 0.8410 0.3708
vn 0.3709 0.8410 0.3940
vn 0.3709 0.8410 0.3940
vn 0.3607 0.8329 0.4197
vn 0.3709 0.8410 0.3940
vn 0.3708 0.8410 0.3940
vn 0.3709 0.8410 0.3940
vn 0.3607 0.8329 0.4198
vn 0.3607 0.8329 0.4198
vn 0.3624 0.8217 0.4399
vn 0.3607 0.8329 0.4198
vn 0.3607 0.8329 0.4198
vn 0.3607 0.8329 0.4198
vn 0.3624 0.8217 0.4399
vn 0.3623 0.8217 0.4400
vn 0.3780 0.8067 0.4542
vn 0.3623 0.8217 0.4400
vn 0.3623 0.8217 0.4400
vn 0.3623 0.8217 0.4400
vn 0.3780 0.8067 0.4542
vn 0.3780 0.8067 0.4542
vn 0.4010 0.7956 0.4542
vn 0.3780 0.8067 0.4542
vn 0.3780 0.8067 0.4542
vn 0.3780 0.8067 0.4542
vn 0.4009 0.7956 0.4542
vn 0.4009 0.7956 0.4542
vn 0.4228 0.7897 0.4446
vn 0.4010 0.7956 0.4542
vn 0.4010 0.7956 0.4542
vn 0.4009 0.7956 0.4542
vn 0.4228 0.7897 0.4446
vn 0.4240 0.7918 0.4396
vn 0.4152 0.8143 0.4056
vn 0.4240 0.7919 0.4396
vn 0.4228 0.7897 0.4446
vn 0.4240 0.7918 0.4396
vn 0.4152 0.8143 0.4056
vn 0.4184 0.8143 0.4024
vn 0.0101 0.7581 0.6521
vn 0.1094 0.9121 0.3952
vn 0.1094 0.9121 0.3952
vn 0.1094 0.9121 0.3952
vn 0.0100 0.7581 0.6520
vn 0.0102 0.7606 0.6491
vn 0.3952 0.9120 0.1095
vn 0.1095 0.9121 0.3951
vn 0.1094 0.9121 0.3952
vn 0.1094 0.9120 0.3953
vn 0.3951 0.9121 0.1094
vn 0.3951 0.9121 0.1095
vn 0.6462 0.7631 0.0101
vn 0.3951 0.9121 0.1094
vn 0.3952 0.9121 0.1093
vn 0.3953 0.9120 0.1094
vn 0.6462 0.7631 0.0102
vn 0.6461 0.7632 0.0102
vn 0.6462 0.7631 0.0101
vn 0.7827 0.6179 0.0742
vn 0.7827 0.6179 0.0742
vn 0.7827 0.6180 0.0741
vn 0.6461 0.7632 0.0101
vn 0.6462 0.7631 0.0101
vn 0.8231 0.5210 0.2258
vn 0.7828 0.6179 0.0742
vn 0.7827 0.6179 0.0742
vn 0.7827 0.6180 0.0742
vn 0.8232 0.5210 0.2257
vn 0.8231 0.5210 0.2257
vn 0.7897 0.4682 0.3964
vn 0.8232 0.5210 0.2258
vn 0.8232 0.5210 0.2258
vn 0.8231 0.5210 0.2258
vn 0.7897 0.4682 0.3964
vn 0.7897 0.4682 0.3964
vn 0.7897 0.4682 0.3964
vn 0.6996 0.4428 0.5609
vn 0.6996 0.4428 0.5608
vn 0.6996 0.4428 0.5608
vn 0.7897 0.4682 0.3964
vn 0.7897 0.4682 0.3964
vn 0.5609 0.4427 0.6996
vn 0.6996 0.4428 0.5609
vn 0.6996 0.4427 0.5609
vn 0.6996 0.4427 0.5609
vn 0.5609 0.4427 0.6996
vn 0.5609 0.4427 0.6996
vn 0.3990 0.4676 0.7888
vn 0.5608 0.4427 0.6996
vn 0.5608 0.4428 0.6996
vn 0.5608 0.4428 0.6996
vn 0.3990 0.4676 0.7888
vn 0.3990 0.4676 0.7888
vn 0.3991 0.4676 0.7887
vn 0.2258 0.5210 0.8232
vn 0.2258 0.5210 0.8231
vn 0.0742 0.6179 0.7827
vn 0.2257 0.5211 0.8231
vn 0.2258 0.5210 0.8232
vn 0.2258 0.5209 0.8232
vn 0.0742 0.6179 0.7828
vn 0.0742 0.6180 0.7827
vn 0.0101 0.7606 0.6491
vn 0.0742 0.6179 0.7828
vn 0.0742 0.6180 0.7827
vn 0.0741 0.6179 0.7827
vn 0.0101 0.7606 0.6491
vn 0.0101 0.7582 0.6519
vn 0.4093 0.8154 0.4093
vn 0.4146 0.8259 0.3822
vn 0.4136 0.8175 0.4007
vn 0.4104 0.8111 0.4167
vn 0.4136 0.8175 0.4008
vn 0.4146 0.8259 0.3822
vn 0.4136 0.8175 0.4008
vn 0.4104 0.8111 0.4167
vn 0.4093 0.8154 0.4093
vn 0.4077 0.8122 0.4173
vn 0.4093 0.8154 0.4093
vn 0.4093 0.8154 0.4093
vn 0.4093 0.8154 0.4093
vn 0.4093 0.8154 0.4093
vn 0.4093 0.8154 0.4093
vn 0.4093 0.8154 0.4093
vn 0.4093 0.8154 0.4094
vn 0.4093 0.8154 0.4093
vn 0.4093 0.8154 0.4093
vn 0.4093 0.8154 0.4093
vn 0.4093 0.8154 0.4094
vn 0.4093 0.8154 0.4093
vn 0.4093 0.8154 0.4094
vn 0.4093 0.8154 0.4093
vn 0.4093 0.8154 0.4094
vn 0.4093 0.8154 0.4093
vn 0.8382 0.4966 0.2254
vn 0.7080 0.4195 0.5682
vn 0.7079 0.4195 0.5682
vn 0.7080 0.4195 0.5682
vn 0.8382 0.4966 0.2254
vn 0.8382 0.4966 0.2254
vn 0.6721 0.7404 -0.0000
vn 0.8382 0.4965 0.2254
vn 0.8382 0.4966 0.2254
vn 0.8382 0.4966 0.2254
vn 0.6722 0.7404 -0.0000
vn 0.6721 0.7405 -0.0001
vn 0.1091 0.9051 0.4109
vn 0.6722 0.7404 0.0001
vn 0.6721 0.7404 0.0001
vn 0.6722 0.7404 0.0000
vn 0.1091 0.9051 0.4109
vn 0.1092 0.9051 0.4109
vn 0.0713 0.5923 0.8025
vn 0.1091 0.9052 0.4108
vn 0.1090 0.9051 0.4109
vn 0.1090 0.9051 0.4109
vn 0.0713 0.5924 0.8025
vn 0.0714 0.5925 0.8024
vn 0.3995 0.4436 0.8023
vn 0.0715 0.5924 0.8025
vn 0.0714 0.5924 0.8024
vn 0.0714 0.5925 0.8024
vn 0.3995 0.4437 0.8022
vn 0.3995 0.4436 0.8022
vn 0.7080 0.4195 0.5682
vn 0.3995 0.4436 0.8023
vn 0.3995 0.4436 0.8023
vn 0.3995 0.4435 0.8023
vn 0.7080 0.4194 0.5682
vn 0.7080 0.4194 0.5682
vn 0.5247 0.7839 0.3319
vn 0.4098 0.8165 0.4066
vn 0.4970 0.7425 0.4491
vn 0.4396 0.8517 0.2851
vn 0.4099 0.8165 0.4067
vn 0.5247 0.7839 0.3319
vn 0.3138 0.8743 0.3702
vn 0.4099 0.8165 0.4066
vn 0.4397 0.8517 0.2850
vn 0.2935 0.8179 0.4948
vn 0.4099 0.8165 0.4066
vn 0.3138 0.8743 0.3702
vn 0.3879 0.7574 0.5253
vn 0.4099 0.8165 0.4067
vn 0.2935 0.8180 0.4948
vn 0.4970 0.7425 0.4491
vn 0.4098 0.8165 0.4066
vn 0.3878 0.7574 0.5253
vn 0.8165 0.4098 0.4066
vn 0.7192 0.3868 0.5772
vn 0.7192 0.3868 0.5772
vn 0.7192 0.3868 0.5771
vn 0.8165 0.4098 0.4066
vn 0.8165 0.4098 0.4067
vn 0.8570 0.4609 0.2305
vn 0.8165 0.4098 0.4067
vn 0.8165 0.4099 0.4067
vn 0.8165 0.4098 0.4067
vn 0.8570 0.4609 0.2305
vn 0.8584 0.4581 0.2309
vn 0.5772 0.3868 0.7192
vn 0.7192 0.3868 0.5772
vn 0.7192 0.3868 0.5772
vn 0.7192 0.3868 0.5772
vn 0.5772 0.3868 0.7192
vn 0.5772 0.3868 0.7192
vn 0.5772 0.3868 0.7192
vn 0.4093 0.4093 0.8154
vn 0.4093 0.4093 0.8154
vn 0.4093 0.4093 0.8154
vn 0.5772 0.3868 0.7192
vn 0.5771 0.3868 0.7192
vn 0.0737 0.5552 0.8284
vn 0.2304 0.4609 0.8570
vn 0.2304 0.4609 0.8570
vn 0.2304 0.4608 0.8570
vn 0.0737 0.5552 0.8284
vn 0.0737 0.5552 0.8284
vn 0.4441 0.8882 0.1180
vn 0.1181 0.8882 0.4441
vn 0.1180 0.8881 0.4442
vn 0.1180 0.8881 0.4442
vn 0.4440 0.8882 0.1181
vn 0.4442 0.8881 0.1180
vn 0.8305 0.5521 0.0740
vn 0.7071 0.7071 0.0000
vn 0.7043 0.7099 -0.0000
vn 0.7071 0.7071 0.0000
vn 0.8305 0.5521 0.0740
vn 0.8304 0.5522 0.0740
vn 0.8585 0.4580 0.2308
vn 0.8304 0.5522 0.0739
vn 0.8304 0.5522 0.0739
vn 0.8304 0.5522 0.0739
vn 0.8584 0.4581 0.2308
vn 0.8570 0.4609 0.2304
vn 0.7070 0.0000 0.7072
vn 0.7071 0.0000 0.7071
vn 0.7072 0.0000 0.7070
vn 0.7071 0.0000 0.7071
vn 0.7071 0.0000 0.7071
vn 0.7071 0.0000 0.7071
vn 0.7069 0.0000 0.7073
vn 0.7071 0.0000 0.7071
vn 0.7071 0.0000 0.7071
vn 0.7071 0.0000 0.7071
vn 0.7071 0.0000 0.7071
vn 0.7070 0.0000 0.7072
vn 0.7071 0.0000 0.7071
vn 0.7071 0.0000 0.7072
vn 0.7070 0.0000 0.7072
vn 0.7071 0.0000 0.7071
vn 0.4487 0.7968 0.4047
vn 0.4183 0.8143 0.4024
vn 0.4152 0.8143 0.4056
vn 0.4542 0.8067 0.3780
vn 0.4524 0.7926 0.4088
vn 0.4486 0.7968 0.4047
vn 0.4525 0.7926 0.4088
vn 0.4542 0.8067 0.3780
vn 0.4542 0.8067 0.3780
vn 0.4400 0.8217 0.3624
vn 0.4542 0.8067 0.3780
vn 0.4542 0.8067 0.3780
vn 0.4542 0.8067 0.3780
vn 0.4399 0.8217 0.3624
vn 0.4400 0.8217 0.3623
vn 0.4171 0.8340 0.3612
vn 0.4399 0.8217 0.3624
vn 0.4399 0.8217 0.3624
vn 0.4400 0.8216 0.3623
vn 0.4171 0.8340 0.3612
vn 0.4170 0.8340 0.3612
vn 0.3940 0.8410 0.3709
vn 0.4171 0.8340 0.3612
vn 0.4171 0.8340 0.3612
vn 0.4170 0.8340 0.3613
vn 0.3940 0.8410 0.3709
vn 0.3940 0.8410 0.3708
vn 0.3709 0.8410 0.3940
vn 0.3940 0.8410 0.3709
vn 0.3941 0.8410 0.3708
vn 0.3940 0.8410 0.3708
vn 0.3709 0.8410 0.3940
vn 0.3708 0.8410 0.3940
vn 0.3607 0.8329 0.4197
vn 0.3709 0.8410 0.3940
vn 0.3708 0.8410 0.3940
vn 0.3709 0.8410 0.3940
vn 0.3607 0.8329 0.4198
vn 0.3607 0.8329 0.4198
vn 0.3624 0.8217 0.4399
vn 0.3607 0.8329 0.4198
vn 0.3607 0.8329 0.4198
vn 0.3607 0.8329 0.4198
vn 0.3623 0.8217 0.4400
vn 0.3623 0.8217 0.4400
vn 0.3780 0.8067 0.4542
vn 0.3623 0.8217 0.4399
vn 0.3623 0.8217 0.4400
vn 0.3624 0.8217 0.4399
vn 0.3780 0.8067 0.4542
vn 0.3780 0.8067 0.4542
vn 0.4009 0.7956 0.4542
vn 0.3780 0.8067 0.4542
vn 0.3780 0.8067 0.4542
vn 0.3779 0.8067 0.4542
vn 0.4009 0.7956 0.4542
vn 0.4010 0.7956 0.4542
vn 0.4228 0.7897 0.4446
vn 0.4010 0.7956 0.4542
vn 0.4010 0.7956 0.4542
vn 0.4009 0.7956 0.4542
vn 0.4240 0.7919 0.4395
vn 0.4152 0.8143 0.4056
vn 0.4240 0.7919 0.4396
vn 0.4228 0.7897 0.4446
vn 0.4240 0.7918 0.4396
vn 0.4152 0.8143 0.4056
vn 0.4184 0.8143 0.4024
vn 0.0101 0.7582 0.6520
vn 0.1094 0.9120 0.3952
vn 0.1094 0.9120 0.3952
vn 0.1094 0.9121 0.3952
vn 0.0100 0.7581 0.6520
vn 0.0102 0.7606 0.6491
vn 0.3952 0.9121 0.1094
vn 0.1096 0.9120 0.3952
vn 0.1095 0.9120 0.3953
vn 0.1094 0.9120 0.3953
vn 0.3952 0.9121 0.1094
vn 0.3951 0.9121 0.1095
vn 0.6461 0.7632 0.0102
vn 0.3952 0.9121 0.1094
vn 0.3952 0.9121 0.1094
vn 0.3952 0.9121 0.1094
vn 0.6462 0.7631 0.0101
vn 0.6461 0.7632 0.0102
vn 0.6462 0.7631 0.0101
vn 0.7827 0.6180 0.0741
vn 0.7827 0.6179 0.0741
vn 0.7827 0.6180 0.0741
vn 0.6461 0.7632 0.0101
vn 0.6461 0.7632 0.0101
vn 0.8231 0.5210 0.2258
vn 0.7828 0.6179 0.0742
vn 0.7827 0.6179 0.0742
vn 0.7827 0.6180 0.0742
vn 0.8232 0.5210 0.2258
vn 0.8232 0.5210 0.2257
vn 0.7897 0.4682 0.3965
vn 0.8232 0.5210 0.2258
vn 0.8232 0.5210 0.2258
vn 0.8231 0.5210 0.2258
vn 0.7897 0.4683 0.3964
vn 0.7897 0.4682 0.3965
vn 0.7897 0.4682 0.3964
vn 0.6996 0.4427 0.5608
vn 0.6996 0.4428 0.5608
vn 0.6996 0.4428 0.5608
vn 0.7897 0.4682 0.3964
vn 0.7897 0.4682 0.3964
vn 0.5609 0.4427 0.6996
vn 0.6996 0.4428 0.5609
vn 0.6996 0.4427 0.5608
vn 0.6996 0.4427 0.5609
vn 0.5609 0.4428 0.6996
vn 0.5609 0.4428 0.6996
vn 0.3990 0.4676 0.7888
vn 0.5609 0.4427 0.6996
vn 0.5608 0.4428 0.6996
vn 0.5608 0.4428 0.6996
vn 0.3990 0.4676 0.7888
vn 0.3990 0.4676 0.7887
vn 0.3991 0.4676 0.7887
vn 0.2258 0.5210 0.8231
vn 0.2258 0.5210 0.8231
vn 0.2258 0.5210 0.8231
vn 0.3991 0.4676 0.7887
vn 0.3991 0.4677 0.7887
vn 0.0742 0.6179 0.7828
vn 0.2258 0.5210 0.8231
vn 0.2258 0.5210 0.8232
vn 0.0741 0.6180 0.7827
vn 0.0101 0.7606 0.6491
vn 0.0101 0.7582 0.6520
vn 0.4093 0.8154 0.4093
vn 0.4146 0.8259 0.3822
vn 0.4136 0.8175 0.4007
vn 0.4104 0.8111 0.4167
vn 0.4136 0.8175 0.4008
vn 0.4146 0.8259 0.3822
vn 0.4104 0.8111 0.4167
vn 0.4077 0.8122 0.4173
vn 0.4093 0.8154 0.4093
vn 0.4077 0.8122 0.4173
vn 0.4093 0.8154 0.4093
vn 0.4093 0.8154 0.4093
vn 0.4093 0.8154 0.4093
vn 0.4093 0.8154 0.4093
vn 0.4094 0.8154 0.4093
vn 0.4093 0.8154 0.4093
vn 0.4093 0.8154 0.4093
vn 0.4093 0.8154 0.4093
vn 0.4093 0.8154 0.4094
vn 0.4093 0.8154 0.4093
vn 0.8382 0.4966 0.2254
vn 0.7080 0.4195 0.5682
vn 0.7079 0.4195 0.5682
vn 0.7080 0.4195 0.5682
vn 0.8382 0.4966 0.2254
vn 0.8382 0.4966 0.2254
vn 0.6721 0.7404 -0.0000
vn 0.8382 0.4966 0.2254
vn 0.8382 0.4965 0.2254
vn 0.8382 0.4966 0.2254
vn 0.6721 0.7404 -0.0001
vn 0.6721 0.7404 -0.0000
vn 0.1092 0.9051 0.4109
vn 0.6722 0.7404 0.0000
vn 0.6722 0.7404 0.0000
vn 0.6721 0.7405 0.0000
vn 0.1092 0.9051 0.4109
vn 0.1092 0.9051 0.4109
vn 0.0714 0.5924 0.8025
vn 0.1092 0.9052 0.4108
vn 0.1092 0.9051 0.4109
vn 0.1092 0.9052 0.4108
vn 0.0714 0.5925 0.8024
vn 0.0714 0.5924 0.8024
vn 0.3995 0.4437 0.8022
vn 0.0714 0.5924 0.8024
vn 0.0714 0.5924 0.8024
vn 0.0714 0.5925 0.8024
vn 0.3995 0.4437 0.8022
vn 0.3995 0.4436 0.8022
vn 0.7080 0.4194 0.5682
vn 0.3996 0.4436 0.8023
vn 0.3996 0.4436 0.8022
vn 0.3996 0.4436 0.8022
vn 0.7080 0.4194 0.5682
vn 0.7080 0.4195 0.5682
vn 0.5247 0.7839 0.3319
vn 0.4099 0.8165 0.4066
vn 0.4970 0.7425 0.4491
vn 0.4396 0.8517 0.2851
vn 0.4099 0.8165 0.4067
vn 0.5248 0.7839 0.3319
vn 0.3138 0.8743 0.3702
vn 0.4099 0.8165 0.4066
vn 0.4397 0.8517 0.2850
vn 0.2935 0.8179 0.4948
vn 0.4099 0.8165 0.4066
vn 0.3138 0.8743 0.3702
vn 0.3879 0.7574 0.5253
vn 0.4099 0.8165 0.4067
vn 0.2935 0.8180 0.4948
vn 0.4970 0.7425 0.4491
vn 0.4098 0.8165 0.4066
vn 0.3878 0.7574 0.5253
vn 0.8165 0.4099 0.4066
vn 0.7192 0.3868 0.5772
vn 0.7192 0.3868 0.5772
vn 0.7192 0.3868 0.5772
vn 0.8165 0.4098 0.4067
vn 0.8165 0.4098 0.4067
vn 0.8570 0.4609 0.2305
vn 0.8165 0.4099 0.4067
vn 0.8165 0.4099 0.4067
vn 0.8165 0.4099 0.4067
vn 0.8570 0.4609 0.2305
vn 0.8584 0.4581 0.2308
vn 0.5772 0.3868 0.7192
vn 0.7192 0.3868 0.5772
vn 0.7192 0.3867 0.5772
vn 0.7192 0.3867 0.5772
vn 0.5772 0.3868 0.7192
vn 0.5772 0.3868 0.7192
vn 0.0737 0.5552 0.8284
vn 0.0000 0.7071 0.7071
vn 0.0000 0.7071 0.7071
vn 0.0000 0.7071 0.7071
vn 0.0737 0.5552 0.8285
vn 0.0737 0.5553 0.8284
vn 0.1180 0.8882 0.4441
vn -0.0001 0.7071 0.7071
vn -0.0000 0.7071 0.7071
vn -0.0001 0.7071 0.7071
vn 0.1180 0.8882 0.4440
vn 0.1180 0.8882 0.4441
vn 0.8584 0.4581 0.2308
vn 0.8305 0.5522 0.0739
vn 0.8304 0.5522 0.0739
vn 0.8304 0.5522 0.0739
vn 0.8584 0.4580 0.2308
vn 0.8570 0.4609 0.2304
vn 0.7070 0.0000 0.7072
vn 0.7071 0.0000 0.7071
vn 0.7071 0.0000 0.7071
vn 0.7071 0.0000 0.7071
vn 0.7071 0.0000 0.7071
vn 0.7077 0.0000 0.7065
vn 0.7071 0.0000 0.7071
vn 0.7071 0.0000 0.7071
vn 0.7071 0.0000 0.7071
vn 0.7072 0.0000 0.7070
vn 0.7071 0.0000 0.7071
vn 0.7071 0.0000 0.7071
vn 0.7071 0.0000 0.7071
vn 0.7071 0.0000 0.7071
vn 0.7071 0.0000 0.7071
vn 0.4487 0.7968 0.4047
vn 0.4183 0.8143 0.4024
vn 0.4152 0.8143 0.4056
vn 0.4183 0.8143 0.4024
vn 0.4486 0.7969 0.4047
vn 0.4525 0.7926 0.4088
vn 0.4542 0.8067 0.3780
vn 0.4524 0.7926 0.4088
vn 0.4486 0.7968 0.4047
vn 0.4525 0.7926 0.4088
vn 0.4542 0.8068 0.3780
vn 0.4542 0.8068 0.3780
vn 0.4399 0.8217 0.3623
vn 0.4542 0.8067 0.3780
vn 0.4542 0.8067 0.3780
vn 0.4171 0.8340 0.3612
vn 0.4399 0.8217 0.3624
vn 0.4399 0.8217 0.3624
vn 0.4400 0.8216 0.3623
vn 0.4171 0.8340 0.3612
vn 0.4170 0.8340 0.3612
vn 0.4170 0.8340 0.3613
vn 0.3940 0.8410 0.3709
vn 0.3940 0.8410 0.3708
vn 0.3709 0.8410 0.3940
vn 0.3940 0.8410 0.3709
vn 0.3941 0.8410 0.3708
vn 0.3940 0.8410 0.3708
vn 0.3709 0.8410 0.3940
vn 0.3708 0.8410 0.3940
vn 0.3607 0.8329 0.4197
vn 0.3709 0.8410 0.3940
vn 0.3708 0.8410 0.3940
vn 0.3709 0.8410 0.3940
vn 0.3607 0.8329 0.4198
vn 0.3607 0.8329 0.4198
vn 0.3624 0.8217 0.4399
vn 0.3607 0.8329 0.4198
vn 0.3608 0.8329 0.4197
vn 0.3607 0.8329 0.4198
vn 0.3624 0.8217 0.4399
vn 0.3623 0.8217 0.4400
vn 0.3780 0.8067 0.4542
vn 0.3623 0.8217 0.4399
vn 0.3623 0.8217 0.4400
vn 0.3624 0.8217 0.4399
vn 0.3780 0.8067 0.4542
vn 0.3780 0.8067 0.4542
vn 0.4009 0.7956 0.4542
vn 0.3780 0.8067 0.4542
vn 0.3780 0.8067 0.4542
vn 0.4228 0.7897 0.4446
vn 0.4010 0.7956 0.4542
vn 0.4010 0.7956 0.4542
vn 0.4152 0.8143 0.4055
vn 0.4240 0.7919 0.4396
vn 0.4228 0.7897 0.4446
vn 0.4240 0.7918 0.4396
vn 0.4152 0.8143 0.4056
vn 0.4184 0.8143 0.4024
vn 0.0100 0.7582 0.6519
vn 0.1094 0.9121 0.3951
vn 0.1094 0.9121 0.3952
vn 0.1094 0.9121 0.3951
vn 0.0101 0.7581 0.6521
vn 0.0101 0.7607 0.6491
vn 0.3952 0.9121 0.1094
vn 0.1096 0.9120 0.3952
vn 0.1095 0.9120 0.3953
vn 0.1094 0.9120 0.3953
vn 0.3952 0.9121 0.1094
vn 0.3951 0.9121 0.1095
vn 0.6461 0.7632 0.0102
vn 0.3952 0.9121 0.1094
vn 0.3952 0.9121 0.1094
vn 0.3952 0.9121 0.1094
vn 0.6462 0.7631 0.0101
vn 0.6461 0.7632 0.0102
vn 0.6461 0.7632 0.0101
vn 0.7827 0.6180 0.0741
vn 0.7827 0.6179 0.0741
vn 0.7827 0.6180 0.0741
vn 0.6461 0.7632 0.0101
vn 0.6461 0.7632 0.0101
vn 0.8231 0.5210 0.2258
vn 0.7827 0.6179 0.0742
vn 0.7827 0.6179 0.0742
vn 0.7827 0.6180 0.0742
vn 0.8232 0.5210 0.2258
vn 0.8232 0.5210 0.2258
vn 0.7897 0.4682 0.3965
vn 0.8232 0.5210 0.2258
vn 0.8232 0.5210 0.2258
vn 0.8231 0.5210 0.2258
vn 0.7897 0.4683 0.3964
vn 0.7897 0.4682 0.3965
vn 0.7897 0.4682 0.3964
vn 0.6996 0.4427 0.5608
vn 0.6996 0.4428 0.5608
vn 0.5609 0.4427 0.6996
vn 0.6996 0.4428 0.5609
vn 0.6996 0.4427 0.5608
vn 0.6996 0.4427 0.5609
vn 0.5609 0.4428 0.6996
vn 0.5608 0.4427 0.6996
vn 0.3990 0.4676 0.7888
vn 0.5609 0.4427 0.6996
vn 0.5608 0.4428 0.6996
vn 0.5608 0.4428 0.6996
vn 0.3990 0.4676 0.7888
vn 0.3990 0.4676 0.7887
vn 0.3991 0.4676 0.7887
vn 0.2258 0.5210 0.8231
vn 0.2258 0.5210 0.8231
vn 0.0742 0.6179 0.7827
vn 0.2257 0.5210 0.8232
vn 0.2258 0.5210 0.8232
vn 0.0101 0.7606 0.6491
vn 0.0741 0.6179 0.7827
vn 0.0741 0.6180 0.7827
vn 0.0741 0.6180 0.7827
vn 0.0101 0.7606 0.6491
vn 0.0101 0.7582 0.6520
vn 0.4103 0.8111 0.4167
vn 0.4136 0.8175 0.4008
vn 0.4146 0.8259 0.3822
vn 0.4136 0.8175 0.4008
vn 0.4104 0.8111 0.4167
vn 0.4093 0.8154 0.4093
vn 0.4077 0.8122 0.4173
vn 0.4093 0.8154 0.4093
vn 0.4093 0.8154 0.4093
vn 0.4093 0.8154 0.4093
vn 0.4093 0.8154 0.4093
vn 0.4077 0.8122 0.4173
vn 0.4093 0.8154 0.4093
vn 0.4092 0.8154 0.4094
vn 0.8382 0.4966 0.2254
vn 0.7080 0.4195 0.5682
vn 0.7080 0.4195 0.5682
vn 0.7080 0.4194 0.5682
vn 0.8382 0.4966 0.2254
vn 0.8382 0.4966 0.2254
vn 0.6721 0.7404 -0.0001
vn 0.8382 0.4965 0.2254
vn 0.8382 0.4966 0.2254
vn 0.1092 0.9051 0.4109
vn 0.6722 0.7404 0.0000
vn 0.6722 0.7404 0.0000
vn 0.6721 0.7405 0.0000
vn 0.1092 0.9051 0.4109
vn 0.1092 0.9051 0.4109
vn 0.0714 0.5924 0.8025
vn 0.1092 0.9052 0.4108
vn 0.1092 0.9051 0.4109
vn 0.3995 0.4437 0.8022
vn 0.0714 0.5924 0.8024
vn 0.0714 0.5924 0.8024
vn 0.0714 0.5925 0.8024
vn 0.3995 0.4437 0.8022
vn 0.3995 0.4436 0.8022
vn 0.7080 0.4194 0.5682
vn 0.3996 0.4436 0.8023
vn 0.3996 0.4436 0.8022
vn 0.3995 0.4435 0.8023
vn 0.7080 0.4194 0.5682
vn 0.7079 0.4195 0.5682
vn 0.5247 0.7839 0.3319
vn 0.4098 0.8165 0.4066
vn 0.4970 0.7425 0.4491
vn 0.4396 0.8517 0.2851
vn 0.4099 0.8165 0.4067
vn 0.5247 0.7839 0.3319
vn 0.3138 0.8743 0.3702
vn 0.4099 0.8165 0.4066
vn 0.4397 0.8517 0.2850
vn 0.3879 0.7574 0.5253
vn 0.4099 0.8165 0.4067
vn 0.2935 0.8180 0.4948
vn 0.3878 0.7574 0.5253
vn 0.5772 0.3868 0.7192
vn 0.4093 0.4093 0.8155
vn 0.4093 0.4093 0.8154
vn 0.4093 0.4093 0.8154
vn 0.5772 0.3868 0.7192
vn 0.5772 0.3868 0.7192
vn 0.2305 0.4609 0.8570
vn 0.4094 0.4093 0.8154
vn 0.4093 0.4093 0.8154
vn 0.4093 0.4094 0.8154
vn 0.2305 0.4609 0.8570
vn 0.2304 0.4609 0.8570
vn 0.0737 0.5552 0.8284
vn 0.2304 0.4609 0.8570
vn 0.2304 0.4609 0.8570
vn 0.2304 0.4608 0.8570
vn 0.0737 0.5552 0.8284
vn 0.0737 0.5552 0.8284
vn 0.0738 0.5552 0.8284
vn 0.0000 0.7071 0.7071
vn 0.0000 0.7071 0.7071
vn 0.0000 0.7072 0.7070
vn 0.0738 0.5552 0.8284
vn 0.0738 0.5552 0.8285
vn 0.1180 0.8882 0.4441
vn -0.0000 0.7071 0.7071
vn 0.0000 0.7072 0.7070
vn 0.0000 0.7072 0.7071
vn 0.1180 0.8882 0.4441
vn 0.1180 0.8882 0.4441
vn 0.4441 0.8882 0.1180
vn 0.1181 0.8882 0.4441
vn 0.1180 0.8881 0.4442
vn 0.1180 0.8881 0.4442
vn 0.4440 0.8882 0.1181
vn 0.4442 0.8881 0.1180
vn 0.4441 0.8882 0.1180
vn 0.7044 0.7098 -0.0000
vn 0.7071 0.7071 -0.0000
vn 0.7043 0.7099 0.0000
vn 0.4440 0.8882 0.1180
vn 0.4441 0.8882 0.1180
vn 0.8304 0.5522 0.0739
vn 0.7072 0.7071 0.0000
vn 0.7043 0.7099 -0.0000
vn 0.7071 0.7071 -0.0000
vn 0.8305 0.5521 0.0739
vn 0.8304 0.5522 0.0739
vn 0.7071 0.0000 0.7071
vn 0.7071 0.0000 0.7071
vn 0.7071 0.0000 0.7072
vn 0.7071 0.0000 0.7071
vn 0.7072 0.0000 0.7070
vn 0.7071 0.0000 0.7072
vn 0.7072 0.0000 0.7071
vn 0.7072 0.0000 0.7071
vn 0.7072 0.0000 0.7071
vn 0.7071 0.0000 0.7071
vn 0.7072 0.0000 0.7071
vn 0.7071 0.0000 0.7071
vn 0.7071 0.0000 0.7071
vn 0.7069 0.0000 0.7073
vn 0.7072 0.0000 0.7070
vn 0.7071 0.0000 0.7071
vn 0.7071 0.0000 0.7071
vn 0.7070 0.0000 0.7072
vn 0.7071 0.0000 0.7071
vn 0.7071 0.0000 0.7071
vn 0.7071 0.0000 0.7072
vn 0.7071 0.0000 0.7071
vn 0.7071 0.0000 0.7071
vn 0.7071 0.0000 0.7071
vn 0.7071 0.0000 0.7071
vn 0.4486 0.7968 0.4047
vn 0.4184 0.8143 0.4023
vn 0.4152 0.8143 0.4056
vn 0.4183 0.8143 0.4023
vn 0.4486 0.7969 0.4047
vn 0.4525 0.7926 0.4088
vn 0.4525 0.7926 0.4088
vn 0.4542 0.8067 0.3780
vn 0.4542 0.8067 0.3780
vn 0.4400 0.8217 0.3624
vn 0.4542 0.8067 0.3780
vn 0.4542 0.8067 0.3780
vn 0.4542 0.8067 0.3780
vn 0.4399 0.8217 0.3624
vn 0.4400 0.8217 0.3623
vn 0.4170 0.8340 0.3612
vn 0.4400 0.8217 0.3624
vn 0.4400 0.8217 0.3624
vn 0.4400 0.8217 0.3623
vn 0.4171 0.8340 0.3612
vn 0.4170 0.8340 0.3612
vn 0.3940 0.8410 0.3708
vn 0.4171 0.8340 0.3612
vn 0.4171 0.8340 0.3612
vn 0.4170 0.8340 0.3612
vn 0.3940 0.8410 0.3709
vn 0.3940 0.8410 0.3708
vn 0.3709 0.8410 0.3940
vn 0.3940 0.8410 0.3709
vn 0.3940 0.8410 0.3709
vn 0.3940 0.8410 0.3708
vn 0.3709 0.8410 0.3940
vn 0.3708 0.8410 0.3940
vn 0.3608 0.8329 0.4197
vn 0.3709 0.8410 0.3940
vn 0.3708 0.8410 0.3940
vn 0.3709 0.8410 0.3940
vn 0.3607 0.8329 0.4198
vn 0.3607 0.8329 0.4197
vn 0.3623 0.8217 0.4400
vn 0.3607 0.8329 0.4198
vn 0.3608 0.8329 0.4197
vn 0.3607 0.8329 0.4198
vn 0.3624 0.8217 0.4399
vn 0.3623 0.8217 0.4400
vn 0.3780 0.8067 0.4543
vn 0.3624 0.8217 0.4399
vn 0.3623 0.8217 0.4400
vn 0.3623 0.8217 0.4400
vn 0.3780 0.8067 0.4542
vn 0.3780 0.8067 0.4542
vn 0.4010 0.7956 0.4542
vn 0.3780 0.8067 0.4542
vn 0.3780 0.8067 0.4542
vn 0.3780 0.8068 0.4542
vn 0.4009 0.7956 0.4542
vn 0.4009 0.7956 0.4542
vn 0.4228 0.7897 0.4446
vn 0.4010 0.7956 0.4542
vn 0.4010 0.7956 0.4542
vn 0.4009 0.7956 0.4542
vn 0.4228 0.7897 0.4446
vn 0.4240 0.7918 0.4396
vn 0.4152 0.8143 0.4056
vn 0.4240 0.7919 0.4396
vn 0.4228 0.7897 0.4446
vn 0.4240 0.7918 0.4396
vn 0.4152 0.8143 0.4056
vn 0.4183 0.8143 0.4024
vn 0.0101 0.7582 0.6520
vn 0.1094 0.9120 0.3952
vn 0.1094 0.9120 0.3952
vn 0.1094 0.9121 0.3952
vn 0.0100 0.7581 0.6520
vn 0.0102 0.7606 0.6491
vn 0.3952 0.9121 0.1094
vn 0.1096 0.9120 0.3952
vn 0.1095 0.9120 0.3953
vn 0.1094 0.9120 0.3953
vn 0.3952 0.9121 0.1094
vn 0.3951 0.9121 0.1095
vn 0.6462 0.7631 0.0102
vn 0.3951 0.9121 0.1094
vn 0.3952 0.9121 0.1094
vn 0.3953 0.9120 0.1094
vn 0.6462 0.7631 0.0102
vn 0.6461 0.7632 0.0102
vn 0.6462 0.7631 0.0101
vn 0.7827 0.6179 0.0742
vn 0.7827 0.6179 0.0742
vn 0.7827 0.6180 0.0741
vn 0.6461 0.7632 0.0101
vn 0.6462 0.7631 0.0101
vn 0.8231 0.5210 0.2258
vn 0.7827 0.6179 0.0742
vn 0.7827 0.6179 0.0742
vn 0.7827 0.6180 0.0742
vn 0.8232 0.5210 0.2257
vn 0.8231 0.5210 0.2257
vn 0.7897 0.4682 0.3964
vn 0.8232 0.5210 0.2258
vn 0.8231 0.5210 0.2258
vn 0.8231 0.5210 0.2258
vn 0.7897 0.4682 0.3964
vn 0.7897 0.4682 0.3964
vn 0.7897 0.4682 0.3964
vn 0.6996 0.4428 0.5609
vn 0.6996 0.4428 0.5608
vn 0.6996 0.4428 0.5608
vn 0.7897 0.4682 0.3964
vn 0.7897 0.4682 0.3964
vn 0.5609 0.4427 0.6996
vn 0.6996 0.4428 0.5609
vn 0.6996 0.4427 0.5608
vn 0.6996 0.4427 0.5609
vn 0.5609 0.4427 0.6996
vn 0.5609 0.4427 0.6996
vn 0.3990 0.4676 0.7888
vn 0.5608 0.4427 0.6996
vn 0.5608 0.4428 0.6996
vn 0.5608 0.4428 0.6996
vn 0.3990 0.4676 0.7888
vn 0.3990 0.4676 0.7888
vn 0.3991 0.4676 0.7887
vn 0.2258 0.5210 0.8232
vn 0.2257 0.5210 0.8231
vn 0.2258 0.5210 0.8231
vn 0.3991 0.4676 0.7887
vn 0.3991 0.4676 0.7887
vn 0.0742 0.6179 0.7827
vn 0.2257 0.5210 0.8232
vn 0.2258 0.5210 0.8232
vn 0.2258 0.5210 0.8232
vn 0.0741 0.6180 0.7827
vn 0.0742 0.6179 0.7827
vn 0.0101 0.7606 0.6491
vn 0.0742 0.6179 0.7827
vn 0.0742 0.6180 0.7827
vn 0.0741 0.6180 0.7827
vn 0.0101 0.7606 0.6491
vn 0.0101 0.7582 0.6520
vn 0.4093 0.8154 0.4093
vn 0.4146 0.8259 0.3822
vn 0.4136 0.8175 0.4007
vn 0.4103 0.8111 0.4167
vn 0.4136 0.8175 0.4008
vn 0.4146 0.8259 0.3822
vn 0.4136 0.8175 0.4008
vn 0.4104 0.8111 0.4167
vn 0.4093 0.8154 0.4093
vn 0.4077 0.8122 0.4173
vn 0.4093 0.8154 0.4093
vn 0.4104 0.8111 0.4167
vn 0.4093 0.8154 0.4093
vn 0.4077 0.8122 0.4173
vn 0.4094 0.8154 0.4093
vn 0.4093 0.8154 0.4093
vn 0.4077 0.8122 0.4173
vn 0.4093 0.8154 0.4093
vn 0.4093 0.8154 0.4093
vn 0.4093 0.8154 0.4094
vn 0.4094 0.8154 0.4093
vn 0.4093 0.8154 0.4094
vn 0.4093 0.8154 0.4093
vn 0.4093 0.8154 0.4093
vn 0.8382 0.4966 0.2254
vn 0.7080 0.4195 0.5682
vn 0.7079 0.4195 0.5682
vn 0.7080 0.4195 0.5682
vn 0.8382 0.4966 0.2254
vn 0.8382 0.4966 0.2254
vn 0.6721 0.7404 -0.0000
vn 0.8382 0.4965 0.2254
vn 0.8382 0.4966 0.2254
vn 0.8382 0.4966 0.2254
vn 0.6722 0.7404 -0.0000
vn 0.6721 0.7405 -0.0001
vn 0.1091 0.9051 0.4109
vn 0.6722 0.7404 0.0001
vn 0.6721 0.7404 0.0001
vn 0.6721 0.7405 0.0000
vn 0.1093 0.9051 0.4109
vn 0.1092 0.9051 0.4109
vn 0.1092 0.9052 0.4108
vn 0.0714 0.5925 0.8024
vn 0.0714 0.5924 0.8024
vn 0.3995 0.4436 0.8023
vn 0.0714 0.5924 0.8025
vn 0.0714 0.5924 0.8025
vn 0.0714 0.5925 0.8024
vn 0.3996 0.4436 0.8022
vn 0.3996 0.4436 0.8022
vn 0.7080 0.4195 0.5682
vn 0.3995 0.4436 0.8023
vn 0.3995 0.4436 0.8023
vn 0.3995 0.4435 0.8023
vn 0.7080 0.4194 0.5682
vn 0.7080 0.4194 0.5682
vn 0.5247 0.7839 0.3319
vn 0.4098 0.8165 0.4066
vn 0.4970 0.7425 0.4491
vn 0.4396 0.8517 0.2851
vn 0.4099 0.8165 0.4067
vn 0.5247 0.7839 0.3319
vn 0.3138 0.8743 0.3702
vn 0.4098 0.8165 0.4066
vn 0.4397 0.8517 0.2850
vn 0.2936 0.8179 0.4948
vn 0.4099 0.8165 0.4067
vn 0.3138 0.8743 0.3702
vn 0.3879 0.7574 0.5253
vn 0.4099 0.8165 0.4067
vn 0.2936 0.8179 0.4948
vn 0.4970 0.7425 0.4491
vn 0.4098 0.8165 0.4066
vn 0.3878 0.7574 0.5253
vt 0.016602 1.908231
vt 0.016602 1.863308
vt 0.008789 1.855495
vt 0.025391 1.863308
vt 0.065432 1.969756
vt 0.046876 1.980499
vt 0.028321 1.994171
vt 0.028321 1.998077
vt 0.064455 1.880886
vt 0.024415 1.847682
vt 0.023438 1.758812
vt 0.062502 1.762719
vt 0.080081 1.780297
vt 0.081057 1.862331
vt 0.081057 1.869167
vt 0.078127 1.875027
vt 0.073244 1.878933
vt 0.089846 1.780297
vt 0.094729 1.862331
vt 0.080081 1.774438
vt 0.071291 1.763695
vt 0.077151 1.768578
vt 0.023438 1.743187
vt 0.022462 1.654317
vt 0.022462 1.638691
vt 0.058596 1.372082
vt 0.020508 1.549821
vt 0.020508 1.534196
vt 0.019532 1.445326
vt 0.019532 1.429701
vt 0.009766 1.385754
vt 0.010743 1.429701
vt 0.002930 1.438490
vt 0.010743 1.445326
vt 0.010743 1.490249
vt 0.011719 1.534196
vt 0.003906 1.542985
vt 0.012696 1.549821
vt 0.012696 1.594745
vt 0.013672 1.638691
vt 0.005860 1.647481
vt 0.013672 1.654317
vt 0.013672 1.699240
vt 0.014649 1.743187
vt 0.006836 1.750999
vt 0.015625 1.758812
vt 0.015625 1.803735
vt 0.016602 1.847682
vt 0.056642 1.345714
vt 0.048830 1.327158
vt 0.058596 1.372082
vt 0.040040 1.315439
vt 0.058596 1.372082
vt 0.142582 1.344737
vt 0.058596 1.345714
vt 0.142582 1.371105
vt 0.057619 1.326182
vt 0.142582 1.314463
vt 0.057619 1.315439
vt 0.142582 1.325205
vt 0.058596 1.345714
vt 0.142582 1.325205
vt 0.057619 1.326182
vt 0.142582 1.344737
vt 0.396496 1.235359
vt 0.477554 1.307627
vt 0.477554 1.236335
vt 0.477554 1.307627
vt 0.396496 1.235359
vt 0.396496 1.307627
vt 0.148442 1.325205
vt 0.160161 1.322275
vt 0.158208 1.313486
vt 0.147465 1.373058
vt 0.142582 1.371105
vt 0.142582 1.344737
vt 0.143559 1.388684
vt 0.369152 1.457045
vt 0.166997 1.373058
vt 0.155278 1.458022
vt 0.356456 1.374035
vt 0.366222 1.387707
vt 0.355480 1.322275
vt 0.166997 1.323252
vt 0.157231 1.388684
vt 0.132817 1.388684
vt 0.142582 1.371105
vt 0.058596 1.372082
vt 0.355480 1.322275
vt 0.166021 1.227546
vt 0.166997 1.323252
vt 0.355480 1.225593
vt 0.158208 1.969756
vt 0.145512 1.878933
vt 0.137700 1.969756
vt 0.150395 1.874050
vt 0.153325 1.868191
vt 0.159185 1.861354
vt 0.162114 1.863308
vt 0.153325 1.861354
vt 0.136723 1.880886
vt 0.372082 1.861354
vt 0.157231 1.780297
vt 0.157231 1.861354
vt 0.166021 1.864284
vt 0.242195 1.905301
vt 0.242195 1.864284
vt 0.166021 1.905301
vt 0.166021 1.905301
vt 0.240242 1.910184
vt 0.242195 1.905301
vt 0.240242 1.910184
vt 0.166021 1.905301
vt 0.166021 1.910184
vt 0.465835 1.079104
vt 0.464858 1.099612
vt 0.470717 1.099612
vt 0.785180 1.131840
vt 0.785180 1.168950
vt 0.807642 1.168950
vt 0.807642 1.187506
vt 0.785180 1.187506
vt 0.807642 1.203131
vt 0.785180 1.203131
vt 0.807642 1.221686
vt 0.785180 1.221686
vt 0.998077 1.131840
vt 0.974639 1.168950
vt 0.998077 1.168950
vt 0.974639 1.187506
vt 0.998077 1.187506
vt 0.974639 1.204108
vt 0.998077 1.204108
vt 0.974639 1.221686
vt 0.998077 1.221686
vt 0.785180 1.111331
vt 0.998077 1.111331
vt 0.304697 1.068362
vt 0.340831 1.079104
vt 0.320322 1.077151
vt 0.355480 1.068362
vt 0.242195 1.905301
vt 0.242195 1.935575
vt 0.282235 1.934599
vt 0.242195 1.905301
vt 0.240242 1.935575
vt 0.242195 1.935575
vt 0.240242 1.910184
vt 0.175787 1.049806
vt 0.015625 1.102542
vt 0.173833 1.108402
vt 0.017579 1.050783
vt 0.017579 1.042970
vt 0.173833 1.108402
vt 0.015625 1.102542
vt 0.015625 1.109378
vt 0.013672 1.061525
vt 0.011719 1.078127
vt 0.013672 1.078127
vt 0.011719 1.061525
vt 0.013672 1.061525
vt 0.011719 1.078127
vt 0.013672 1.078127
vt 0.011719 1.061525
vt 0.013672 1.061525
vt 0.011719 1.078127
vt 0.013672 1.078127
vt 0.011719 1.061525
vt 0.013672 1.061525
vt 0.011719 1.078127
vt 0.013672 1.078127
vt 0.011719 1.061525
vt 0.013672 1.061525
vt 0.011719 1.078127
vt 0.013672 1.078127
vt 0.011719 1.061525
vt 0.013672 1.061525
vt 0.011719 1.078127
vt 0.013672 1.078127
vt 0.011719 1.061525
vt 0.013672 1.061525
vt 0.011719 1.078127
vt 0.013672 1.078127
vt 0.011719 1.061525
vt 0.013672 1.061525
vt 0.011719 1.078127
vt 0.013672 1.078127
vt 0.011719 1.061525
vt 0.013672 1.061525
vt 0.011719 1.078127
vt 0.013672 1.078127
vt 0.011719 1.061525
vt 0.013672 1.078127
vt 0.011719 1.061525
vt 0.013672 1.061525
vt 0.011719 1.078127
vt 0.013672 1.078127
vt 0.011719 1.100589
vt 0.013672 1.100589
vt 0.011719 1.078127
vt 0.465835 1.079104
vt 0.537126 1.118168
vt 0.539079 1.079104
vt 0.537126 1.118168
vt 0.465835 1.079104
vt 0.470717 1.099612
vt 0.189459 1.055666
vt 0.183599 1.071291
vt 0.189459 1.071291
vt 0.183599 1.055666
vt 0.189459 1.071291
vt 0.183599 1.079104
vt 0.189459 1.079104
vt 0.183599 1.071291
vt 0.189459 1.055666
vt 0.183599 1.071291
vt 0.189459 1.071291
vt 0.183599 1.055666
vt 0.189459 1.071291
vt 0.183599 1.079104
vt 0.189459 1.079104
vt 0.183599 1.071291
vt 0.189459 1.055666
vt 0.183599 1.071291
vt 0.189459 1.071291
vt 0.183599 1.055666
vt 0.189459 1.071291
vt 0.183599 1.079104
vt 0.189459 1.079104
vt 0.183599 1.071291
vt 0.189459 1.055666
vt 0.183599 1.071291
vt 0.189459 1.071291
vt 0.183599 1.055666
vt 0.189459 1.071291
vt 0.183599 1.079104
vt 0.189459 1.079104
vt 0.183599 1.071291
vt 0.189459 1.055666
vt 0.183599 1.071291
vt 0.189459 1.071291
vt 0.183599 1.055666
vt 0.189459 1.071291
vt 0.183599 1.079104
vt 0.189459 1.079104
vt 0.183599 1.071291
vt 0.189459 1.055666
vt 0.183599 1.071291
vt 0.189459 1.071291
vt 0.183599 1.055666
vt 0.189459 1.071291
vt 0.183599 1.079104
vt 0.189459 1.079104
vt 0.183599 1.071291
vt 0.189459 1.055666
vt 0.183599 1.071291
vt 0.189459 1.071291
vt 0.183599 1.055666
vt 0.189459 1.071291
vt 0.183599 1.079104
vt 0.189459 1.079104
vt 0.183599 1.071291
vt 0.189459 1.055666
vt 0.183599 1.071291
vt 0.189459 1.071291
vt 0.183599 1.055666
vt 0.189459 1.071291
vt 0.183599 1.079104
vt 0.189459 1.079104
vt 0.183599 1.071291
vt 0.189459 1.055666
vt 0.183599 1.071291
vt 0.189459 1.071291
vt 0.183599 1.055666
vt 0.189459 1.071291
vt 0.183599 1.079104
vt 0.189459 1.079104
vt 0.183599 1.071291
vt 0.189459 1.055666
vt 0.183599 1.071291
vt 0.189459 1.071291
vt 0.183599 1.055666
vt 0.189459 1.071291
vt 0.183599 1.079104
vt 0.189459 1.079104
vt 0.183599 1.071291
vt 0.013672 1.100589
vt 0.011719 1.078127
vt 0.013672 1.078127
vt 0.011719 1.078127
vt 0.013672 1.100589
vt 0.011719 1.100589
vt 0.208014 1.026368
vt 0.207038 1.001953
vt 0.208014 1.001953
vt 0.207038 1.001953
vt 0.208014 1.026368
vt 0.207038 1.026368
vt 0.205084 1.027345
vt 0.207038 1.026368
vt 0.208014 1.026368
vt 0.207038 1.026368
vt 0.205084 1.027345
vt 0.205084 1.027345
vt 0.017579 1.042970
vt 0.006836 1.038087
vt 0.005860 1.032228
vt 0.011719 1.041993
vt 0.175787 1.049806
vt 0.205084 1.030274
vt 0.005860 1.022462
vt 0.195318 1.026368
vt 0.558611 1.092776
vt 0.539079 1.079104
vt 0.537126 1.118168
vt 0.558611 1.092776
vt 0.537126 1.118168
vt 0.560564 1.093753
vt 0.002930 1.001953
vt 0.195318 1.026368
vt 0.005860 1.022462
vt 0.195318 1.026368
vt 0.002930 1.001953
vt 0.195318 1.001953
vt 0.207038 1.026368
vt 0.195318 1.001953
vt 0.207038 1.001953
vt 0.195318 1.026368
vt 0.205084 1.027345
vt 0.195318 1.026368
vt 0.207038 1.026368
vt 0.195318 1.026368
vt 0.205084 1.027345
vt 0.205084 1.027345
vt 0.011719 1.051759
vt 0.002930 1.039064
vt 0.002930 1.061525
vt 0.514664 1.904325
vt 0.521500 1.852565
vt 0.513688 1.860378
vt 0.513688 1.844752
vt 0.514664 1.799829
vt 0.504898 1.844752
vt 0.504898 1.755883
vt 0.513688 1.755883
vt 0.521500 1.748070
vt 0.513688 1.740257
vt 0.513688 1.695334
vt 0.504898 1.740257
vt 0.504898 1.651387
vt 0.513688 1.651387
vt 0.521500 1.643574
vt 0.513688 1.635762
vt 0.513688 1.590838
vt 0.504898 1.635762
vt 0.504898 1.546892
vt 0.512711 1.546892
vt 0.521500 1.539079
vt 0.512711 1.531266
vt 0.513688 1.486343
vt 0.504898 1.531266
vt 0.504898 1.442396
vt 0.512711 1.442396
vt 0.520524 1.434584
vt 0.512711 1.426771
vt 0.513688 1.382824
vt 0.504898 1.426771
vt 0.463881 1.369152
vt 0.465835 1.342784
vt 0.472671 1.324229
vt 0.482437 1.312510
vt 0.466811 1.967803
vt 0.504898 1.860378
vt 0.485366 1.977569
vt 0.503922 1.991241
vt 0.503922 1.995148
vt 0.463881 1.369152
vt 0.379894 1.342784
vt 0.379894 1.370129
vt 0.463881 1.342784
vt 0.463881 1.324229
vt 0.379894 1.313486
vt 0.379894 1.324229
vt 0.463881 1.312510
vt 0.463881 1.342784
vt 0.379894 1.324229
vt 0.379894 1.342784
vt 0.463881 1.324229
vt 0.390637 1.387707
vt 0.466811 1.967803
vt 0.463881 1.369152
vt 0.466811 1.967803
vt 0.390637 1.387707
vt 0.394543 1.967803
vt 0.373058 1.324229
vt 0.375988 1.373058
vt 0.379894 1.370129
vt 0.361339 1.321299
vt 0.364269 1.312510
vt 0.378918 1.387707
vt 0.379894 1.342784
vt 0.390637 1.387707
vt 0.463881 1.369152
vt 0.379894 1.370129
vt 0.394543 1.967803
vt 0.372082 1.861354
vt 0.374035 1.967803
vt 0.390637 1.387707
vt 0.369152 1.457045
vt 0.166021 1.864284
vt 0.242195 1.905301
vt 0.166021 1.905301
vt 0.242195 1.905301
vt 0.166021 1.864284
vt 0.242195 1.864284
vt 0.166021 1.905301
vt 0.240242 1.910184
vt 0.166021 1.910184
vt 0.240242 1.910184
vt 0.166021 1.905301
vt 0.242195 1.905301
vt 0.465835 1.079104
vt 0.470717 1.099612
vt 0.464858 1.099612
vt 0.304697 1.068362
vt 0.340831 1.079104
vt 0.355480 1.068362
vt 0.320322 1.077151
vt 0.242195 1.905301
vt 0.282235 1.934599
vt 0.242195 1.935575
vt 0.242195 1.905301
vt 0.240242 1.935575
vt 0.240242 1.910184
vt 0.242195 1.935575
vt 0.011719 1.061525
vt 0.013672 1.078127
vt 0.013672 1.061525
vt 0.013672 1.078127
vt 0.011719 1.061525
vt 0.011719 1.078127
vt 0.011719 1.061525
vt 0.013672 1.078127
vt 0.013672 1.061525
vt 0.011719 1.078127
vt 0.011719 1.061525
vt 0.013672 1.078127
vt 0.013672 1.061525
vt 0.011719 1.078127
vt 0.011719 1.061525
vt 0.013672 1.078127
vt 0.013672 1.061525
vt 0.011719 1.078127
vt 0.011719 1.061525
vt 0.013672 1.078127
vt 0.013672 1.061525
vt 0.011719 1.078127
vt 0.011719 1.061525
vt 0.013672 1.078127
vt 0.013672 1.061525
vt 0.011719 1.078127
vt 0.011719 1.061525
vt 0.013672 1.078127
vt 0.013672 1.061525
vt 0.011719 1.078127
vt 0.011719 1.061525
vt 0.013672 1.078127
vt 0.013672 1.061525
vt 0.011719 1.078127
vt 0.011719 1.061525
vt 0.013672 1.078127
vt 0.013672 1.061525
vt 0.011719 1.078127
vt 0.011719 1.078127
vt 0.013672 1.061525
vt 0.013672 1.078127
vt 0.011719 1.061525
vt 0.011719 1.078127
vt 0.013672 1.100589
vt 0.013672 1.078127
vt 0.011719 1.100589
vt 0.465835 1.079104
vt 0.537126 1.118168
vt 0.470717 1.099612
vt 0.537126 1.118168
vt 0.465835 1.079104
vt 0.539079 1.079104
vt 0.183599 1.055666
vt 0.189459 1.071291
vt 0.189459 1.055666
vt 0.183599 1.071291
vt 0.183599 1.071291
vt 0.189459 1.079104
vt 0.189459 1.071291
vt 0.183599 1.079104
vt 0.183599 1.055666
vt 0.189459 1.071291
vt 0.189459 1.055666
vt 0.183599 1.071291
vt 0.183599 1.071291
vt 0.189459 1.079104
vt 0.189459 1.071291
vt 0.183599 1.079104
vt 0.183599 1.055666
vt 0.189459 1.071291
vt 0.189459 1.055666
vt 0.183599 1.071291
vt 0.183599 1.071291
vt 0.189459 1.079104
vt 0.189459 1.071291
vt 0.183599 1.079104
vt 0.183599 1.055666
vt 0.189459 1.071291
vt 0.189459 1.055666
vt 0.183599 1.071291
vt 0.183599 1.071291
vt 0.189459 1.079104
vt 0.189459 1.071291
vt 0.183599 1.079104
vt 0.183599 1.055666
vt 0.189459 1.071291
vt 0.189459 1.055666
vt 0.183599 1.071291
vt 0.183599 1.071291
vt 0.189459 1.079104
vt 0.189459 1.071291
vt 0.183599 1.079104
vt 0.183599 1.055666
vt 0.189459 1.071291
vt 0.189459 1.055666
vt 0.183599 1.071291
vt 0.183599 1.071291
vt 0.189459 1.079104
vt 0.189459 1.071291
vt 0.183599 1.079104
vt 0.183599 1.055666
vt 0.189459 1.071291
vt 0.189459 1.055666
vt 0.183599 1.071291
vt 0.183599 1.071291
vt 0.189459 1.079104
vt 0.189459 1.071291
vt 0.183599 1.079104
vt 0.183599 1.055666
vt 0.189459 1.071291
vt 0.189459 1.055666
vt 0.183599 1.071291
vt 0.183599 1.071291
vt 0.189459 1.079104
vt 0.189459 1.071291
vt 0.183599 1.079104
vt 0.183599 1.055666
vt 0.189459 1.071291
vt 0.189459 1.055666
vt 0.183599 1.071291
vt 0.183599 1.071291
vt 0.189459 1.079104
vt 0.189459 1.071291
vt 0.183599 1.079104
vt 0.183599 1.055666
vt 0.189459 1.071291
vt 0.189459 1.055666
vt 0.183599 1.071291
vt 0.183599 1.071291
vt 0.189459 1.079104
vt 0.189459 1.071291
vt 0.183599 1.079104
vt 0.011719 1.100589
vt 0.013672 1.078127
vt 0.013672 1.100589
vt 0.011719 1.078127
vt 0.208014 1.026368
vt 0.207038 1.001953
vt 0.207038 1.026368
vt 0.207038 1.001953
vt 0.208014 1.026368
vt 0.208014 1.001953
vt 0.205084 1.027345
vt 0.207038 1.026368
vt 0.205084 1.027345
vt 0.207038 1.026368
vt 0.205084 1.027345
vt 0.208014 1.026368
vt 0.017579 1.042970
vt 0.005860 1.032228
vt 0.006836 1.038087
vt 0.175787 1.049806
vt 0.205084 1.030274
vt 0.005860 1.022462
vt 0.195318 1.026368
vt 0.011719 1.041993
vt 0.558611 1.092776
vt 0.537126 1.118168
vt 0.539079 1.079104
vt 0.558611 1.092776
vt 0.560564 1.093753
vt 0.537126 1.118168
vt 0.002930 1.001953
vt 0.195318 1.026368
vt 0.195318 1.001953
vt 0.195318 1.026368
vt 0.002930 1.001953
vt 0.005860 1.022462
vt 0.207038 1.026368
vt 0.195318 1.001953
vt 0.195318 1.026368
vt 0.207038 1.001953
vt 0.205084 1.027345
vt 0.207038 1.026368
vt 0.195318 1.026368
vt 0.195318 1.026368
vt 0.205084 1.027345
vt 0.205084 1.027345
vt 0.011719 1.051759
vt 0.002930 1.061525
vt 0.002930 1.039064
vt 0.974639 1.168950
vt 0.807642 1.221686
vt 0.974639 1.221686
vt 0.807642 1.168950
vt 0.998077 1.111331
vt 0.785180 1.005860
vt 0.785180 1.111331
vt 0.998077 1.005860
vt 0.785180 1.001953
vt 0.998077 1.005860
vt 0.998077 1.001953
vt 0.998077 1.005860
vt 0.785180 1.001953
vt 0.785180 1.005860
vt 0.372082 1.861354
vt 0.368175 1.861354
vt 0.058596 1.372082
vt 0.135746 1.761742
vt 0.132817 1.388684
vt 0.062502 1.762719
vt 0.391614 1.235359
vt 0.385754 1.307627
vt 0.396496 1.307627
vt 0.396496 1.235359
vt 0.385754 1.307627
vt 0.391614 1.235359
vt 0.386731 1.235359
vt 0.491226 1.307627
vt 0.486343 1.235359
vt 0.477554 1.307627
vt 0.477554 1.236335
vt 0.486343 1.235359
vt 0.491226 1.307627
vt 0.491226 1.235359
vt 0.157231 1.780297
vt 0.149419 1.861354
vt 0.157231 1.861354
vt 0.149419 1.861354
vt 0.157231 1.780297
vt 0.153325 1.780297
vt 0.157231 1.780297
vt 0.369152 1.457045
vt 0.155278 1.458022
vt 0.369152 1.457045
vt 0.157231 1.780297
vt 0.372082 1.861354
vt 0.290048 1.089846
vt 0.288095 1.003906
vt 0.288095 1.089846
vt 0.290048 1.003906
vt 0.212897 1.089846
vt 0.215827 1.003906
vt 0.212897 1.003906
vt 0.215827 1.089846
vt 0.215827 1.089846
vt 0.288095 1.003906
vt 0.215827 1.003906
vt 0.288095 1.089846
vt 0.288095 1.001953
vt 0.215827 1.003906
vt 0.288095 1.003906
vt 0.215827 1.001953
vt 0.288095 1.003906
vt 0.215827 1.089846
vt 0.288095 1.089846
vt 0.215827 1.003906
vt 0.288095 1.089846
vt 0.215827 1.091800
vt 0.288095 1.091800
vt 0.215827 1.089846
vt 0.135746 1.761742
vt 0.155278 1.458022
vt 0.132817 1.388684
vt 0.144536 1.763695
vt 0.149419 1.767601
vt 0.152348 1.773461
vt 0.157231 1.780297
vt 0.152348 1.780297
vt 0.359386 1.235359
vt 0.368175 1.307627
vt 0.368175 1.235359
vt 0.359386 1.307627
vt 0.373058 1.307627
vt 0.374035 1.235359
vt 0.379894 1.307627
vt 0.379894 1.235359
vt 0.385754 1.307627
vt 0.386731 1.235359
vt 0.518571 1.235359
vt 0.508805 1.307627
vt 0.517594 1.307627
vt 0.508805 1.235359
vt 0.503922 1.307627
vt 0.503922 1.235359
vt 0.498062 1.307627
vt 0.498062 1.235359
vt 0.491226 1.307627
vt 0.491226 1.235359
vt 0.137700 1.969756
vt 0.064455 1.880886
vt 0.065432 1.969756
vt 0.064455 1.880886
vt 0.137700 1.969756
vt 0.136723 1.880886
vt 0.119144 1.855495
vt 0.099612 1.876003
vt 0.099612 1.855495
vt 0.099612 1.834986
vt 0.125980 1.834986
vt 0.100589 1.813501
vt 0.119144 1.814478
vt 0.100589 1.792993
vt 0.127934 1.782250
vt 0.144536 1.834010
vt 0.127934 1.822291
vt 0.144536 1.770531
vt 0.121097 1.801782
vt 0.779321 1.108402
vt 0.571307 1.071291
vt 0.571307 1.108402
vt 0.779321 1.071291
vt 0.782250 1.071291
vt 0.779321 1.108402
vt 0.782250 1.108402
vt 0.779321 1.071291
vt 0.779321 1.111331
vt 0.571307 1.108402
vt 0.571307 1.111331
vt 0.779321 1.108402
vt 0.782250 1.071291
vt 0.779321 1.108402
vt 0.782250 1.108402
vt 0.779321 1.071291
vt 0.779321 1.111331
vt 0.571307 1.108402
vt 0.571307 1.111331
vt 0.779321 1.108402
vt 0.998077 1.245125
vt 0.807642 1.248055
vt 0.998077 1.248055
vt 0.807642 1.245125
vt 0.998077 1.242195
vt 0.807642 1.242195
vt 0.998077 1.238289
vt 0.807642 1.238289
vt 0.998077 1.235359
vt 0.807642 1.235359
vt 0.734397 1.140629
vt 0.781274 1.156255
vt 0.781274 1.140629
vt 0.734397 1.156255
vt 0.734397 1.140629
vt 0.718772 1.115238
vt 0.718772 1.140629
vt 0.734397 1.115238
vt 0.734397 1.115238
vt 0.781274 1.140629
vt 0.781274 1.115238
vt 0.734397 1.140629
vt 0.718772 1.115238
vt 0.734397 1.140629
vt 0.734397 1.115238
vt 0.718772 1.140629
vt 0.781274 1.156255
vt 0.734397 1.140629
vt 0.734397 1.156255
vt 0.781274 1.140629
vt 0.024415 1.218757
vt 0.003906 1.215827
vt 0.003906 1.218757
vt 0.024415 1.215827
vt 0.047853 1.218757
vt 0.047853 1.215827
vt 0.181646 1.218757
vt 0.181646 1.215827
vt 0.216803 1.218757
vt 0.216803 1.215827
vt 0.345714 1.218757
vt 0.345714 1.215827
vt 0.361339 1.218757
vt 0.361339 1.215827
vt 0.373058 1.218757
vt 0.373058 1.215827
vt 0.384777 1.218757
vt 0.384777 1.215827
vt 0.373058 1.213874
vt 0.384777 1.213874
vt 0.373058 1.211920
vt 0.384777 1.211920
vt 0.361339 1.211920
vt 0.361339 1.213874
vt 0.345714 1.211920
vt 0.345714 1.213874
vt 0.216803 1.211920
vt 0.216803 1.213874
vt 0.181646 1.211920
vt 0.181646 1.213874
vt 0.047853 1.211920
vt 0.047853 1.213874
vt 0.024415 1.211920
vt 0.024415 1.213874
vt 0.003906 1.211920
vt 0.003906 1.213874
vt 0.024415 1.220710
vt 0.003906 1.220710
vt 0.047853 1.220710
vt 0.181646 1.220710
vt 0.216803 1.220710
vt 0.345714 1.220710
vt 0.361339 1.220710
vt 0.373058 1.220710
vt 0.384777 1.220710
vt 0.198248 1.091800
vt 0.192389 1.097659
vt 0.198248 1.097659
vt 0.192389 1.091800
vt 0.192389 1.097659
vt 0.198248 1.091800
vt 0.198248 1.097659
vt 0.192389 1.091800
vt 0.192389 1.091800
vt 0.190435 1.097659
vt 0.192389 1.097659
vt 0.190435 1.091800
vt 0.192389 1.097659
vt 0.198248 1.098636
vt 0.198248 1.097659
vt 0.192389 1.098636
vt 0.192389 1.097659
vt 0.190435 1.091800
vt 0.192389 1.091800
vt 0.190435 1.097659
vt 0.198248 1.091800
vt 0.192389 1.097659
vt 0.198248 1.097659
vt 0.192389 1.091800
vt 0.198248 1.091800
vt 0.192389 1.097659
vt 0.192389 1.091800
vt 0.198248 1.097659
vt 0.192389 1.091800
vt 0.190435 1.097659
vt 0.192389 1.097659
vt 0.190435 1.091800
vt 0.192389 1.097659
vt 0.198248 1.098636
vt 0.198248 1.097659
vt 0.192389 1.098636
vt 0.192389 1.097659
vt 0.190435 1.091800
vt 0.192389 1.091800
vt 0.190435 1.097659
vt 0.244148 1.104495
vt 0.237312 1.102542
vt 0.237312 1.104495
vt 0.244148 1.102542
vt 0.252937 1.104495
vt 0.252937 1.102542
vt 0.259774 1.104495
vt 0.259774 1.102542
vt 0.252937 1.101566
vt 0.259774 1.101566
vt 0.252937 1.099612
vt 0.259774 1.099612
vt 0.252937 1.097659
vt 0.259774 1.097659
vt 0.244148 1.097659
vt 0.244148 1.099612
vt 0.237312 1.097659
vt 0.237312 1.099612
vt 0.244148 1.101566
vt 0.237312 1.101566
vt 0.355480 1.200201
vt 0.385754 1.202155
vt 0.385754 1.200201
vt 0.355480 1.202155
vt 0.327158 1.200201
vt 0.327158 1.202155
vt 0.142582 1.200201
vt 0.142582 1.202155
vt 0.114261 1.200201
vt 0.114261 1.202155
vt 0.082034 1.200201
vt 0.082034 1.202155
vt 0.064455 1.200201
vt 0.064455 1.202155
vt 0.039064 1.200201
vt 0.039064 1.202155
vt 0.022462 1.200201
vt 0.022462 1.202155
vt 0.002930 1.200201
vt 0.002930 1.202155
vt 0.022462 1.205084
vt 0.002930 1.205084
vt 0.022462 1.207038
vt 0.002930 1.207038
vt 0.039064 1.207038
vt 0.039064 1.205084
vt 0.064455 1.207038
vt 0.064455 1.205084
vt 0.082034 1.207038
vt 0.082034 1.205084
vt 0.114261 1.207038
vt 0.114261 1.205084
vt 0.142582 1.207038
vt 0.142582 1.205084
vt 0.327158 1.207038
vt 0.327158 1.205084
vt 0.355480 1.207038
vt 0.355480 1.205084
vt 0.385754 1.207038
vt 0.385754 1.205084
vt 0.355480 1.197272
vt 0.385754 1.197272
vt 0.327158 1.197272
vt 0.142582 1.197272
vt 0.114261 1.197272
vt 0.082034 1.197272
vt 0.064455 1.197272
vt 0.039064 1.197272
vt 0.022462 1.197272
vt 0.002930 1.197272
vt 0.198248 1.091800
vt 0.192389 1.097659
vt 0.198248 1.097659
vt 0.192389 1.091800
vt 0.198248 1.091800
vt 0.192389 1.097659
vt 0.192389 1.091800
vt 0.198248 1.097659
vt 0.192389 1.091800
vt 0.190435 1.097659
vt 0.192389 1.097659
vt 0.190435 1.091800
vt 0.192389 1.097659
vt 0.198248 1.098636
vt 0.198248 1.097659
vt 0.192389 1.098636
vt 0.192389 1.097659
vt 0.190435 1.091800
vt 0.192389 1.091800
vt 0.190435 1.097659
vt 0.699240 1.190436
vt 0.697287 1.160161
vt 0.697287 1.190436
vt 0.699240 1.160161
vt 0.699240 1.160161
vt 0.697287 1.190436
vt 0.699240 1.190436
vt 0.697287 1.160161
vt 0.780297 1.160161
vt 0.699240 1.190436
vt 0.780297 1.190436
vt 0.699240 1.160161
vt 0.780297 1.190436
vt 0.699240 1.192389
vt 0.780297 1.192389
vt 0.699240 1.190436
vt 0.699240 1.190436
vt 0.780297 1.160161
vt 0.699240 1.160161
vt 0.780297 1.190436
vt 0.699240 1.192389
vt 0.780297 1.190436
vt 0.699240 1.190436
vt 0.780297 1.192389
vt 0.200201 1.070315
vt 0.205084 1.070315
vt 0.200201 1.070315
vt 0.205084 1.070315
vt 0.200201 1.070315
vt 0.205084 1.070315
vt 0.205084 1.070315
vt 0.200201 1.070315
vt 0.200201 1.070315
vt 0.205084 1.076174
vt 0.205084 1.070315
vt 0.200201 1.076174
vt 0.205084 1.076174
vt 0.200201 1.070315
vt 0.200201 1.076174
vt 0.205084 1.070315
vt 0.200201 1.070315
vt 0.205084 1.070315
vt 0.200201 1.070315
vt 0.205084 1.070315
vt 0.200201 1.070315
vt 0.205084 1.070315
vt 0.205084 1.070315
vt 0.200201 1.070315
vt 0.200201 1.070315
vt 0.205084 1.076174
vt 0.205084 1.070315
vt 0.200201 1.076174
vt 0.205084 1.076174
vt 0.200201 1.070315
vt 0.200201 1.076174
vt 0.205084 1.070315
vt 0.200201 1.070315
vt 0.205084 1.070315
vt 0.200201 1.070315
vt 0.205084 1.070315
vt 0.200201 1.070315
vt 0.205084 1.070315
vt 0.205084 1.070315
vt 0.200201 1.070315
vt 0.200201 1.070315
vt 0.205084 1.076174
vt 0.205084 1.070315
vt 0.200201 1.076174
vt 0.205084 1.076174
vt 0.200201 1.070315
vt 0.200201 1.076174
vt 0.205084 1.070315
vt 0.200201 1.070315
vt 0.205084 1.070315
vt 0.200201 1.070315
vt 0.205084 1.070315
vt 0.200201 1.070315
vt 0.205084 1.070315
vt 0.205084 1.070315
vt 0.200201 1.070315
vt 0.200201 1.070315
vt 0.205084 1.076174
vt 0.205084 1.070315
vt 0.200201 1.076174
vt 0.205084 1.076174
vt 0.200201 1.070315
vt 0.200201 1.076174
vt 0.205084 1.070315
vt 0.294931 1.122074
vt 0.002930 1.112308
vt 0.294931 1.112308
vt 0.002930 1.122074
vt 0.294931 1.130863
vt 0.002930 1.130863
vt 0.294931 1.139653
vt 0.002930 1.139653
vt 0.294931 1.149419
vt 0.002930 1.149419
vt 0.294931 1.159185
vt 0.002930 1.159185
vt 0.294931 1.167974
vt 0.002930 1.167974
vt 0.294931 1.176763
vt 0.002930 1.176763
vt 0.294931 1.186529
vt 0.002930 1.186529
vt 0.385754 1.025391
vt 0.377941 1.009766
vt 0.385754 1.016602
vt 0.368175 1.009766
vt 0.363292 1.016602
vt 0.378918 1.032228
vt 0.363292 1.025391
vt 0.369152 1.032228
vt 0.377941 1.009766
vt 0.385754 1.025391
vt 0.385754 1.016602
vt 0.368175 1.009766
vt 0.363292 1.016602
vt 0.378918 1.032228
vt 0.369152 1.032228
vt 0.363292 1.025391
vt 0.244148 1.104495
vt 0.237312 1.102542
vt 0.237312 1.104495
vt 0.244148 1.102542
vt 0.252937 1.104495
vt 0.252937 1.102542
vt 0.259774 1.104495
vt 0.259774 1.102542
vt 0.252937 1.101566
vt 0.259774 1.101566
vt 0.252937 1.099612
vt 0.259774 1.099612
vt 0.252937 1.097659
vt 0.259774 1.097659
vt 0.244148 1.097659
vt 0.244148 1.099612
vt 0.237312 1.097659
vt 0.237312 1.099612
vt 0.244148 1.101566
vt 0.237312 1.101566
vt 0.244148 1.104495
vt 0.237312 1.102542
vt 0.237312 1.104495
vt 0.244148 1.102542
vt 0.252937 1.104495
vt 0.252937 1.102542
vt 0.259774 1.104495
vt 0.259774 1.102542
vt 0.252937 1.101566
vt 0.259774 1.101566
vt 0.252937 1.099612
vt 0.259774 1.099612
vt 0.252937 1.097659
vt 0.259774 1.097659
vt 0.244148 1.097659
vt 0.244148 1.099612
vt 0.237312 1.097659
vt 0.237312 1.099612
vt 0.244148 1.101566
vt 0.237312 1.101566
vt 0.244148 1.104495
vt 0.237312 1.102542
vt 0.237312 1.104495
vt 0.244148 1.102542
vt 0.252937 1.104495
vt 0.252937 1.102542
vt 0.259774 1.104495
vt 0.259774 1.102542
vt 0.252937 1.101566
vt 0.259774 1.101566
vt 0.252937 1.099612
vt 0.259774 1.099612
vt 0.252937 1.097659
vt 0.259774 1.097659
vt 0.244148 1.097659
vt 0.244148 1.099612
vt 0.237312 1.097659
vt 0.237312 1.099612
vt 0.244148 1.101566
vt 0.237312 1.101566
vt 0.767602 1.251961
vt 0.965850 1.273446
vt 0.997101 1.251961
vt 0.799829 1.273446
vt 0.926786 1.286142
vt 0.838893 1.286142
vt 0.882839 1.291024
vt 0.799829 1.273446
vt 0.882839 1.291024
vt 0.838893 1.286142
vt 0.767602 1.251961
vt 0.965850 1.273446
vt 0.997101 1.251961
vt 0.926786 1.286142
vt 0.965850 1.232429
vt 0.924833 1.226569
vt 0.924833 1.232429
vt 0.965850 1.226569
vt 0.998077 1.232429
vt 0.998077 1.226569
vt 0.878933 1.226569
vt 0.878933 1.232429
vt 0.834010 1.226569
vt 0.834010 1.232429
vt 0.792993 1.226569
vt 0.792993 1.232429
vt 0.760765 1.226569
vt 0.760765 1.232429
vt 0.087893 1.230476
vt 0.092776 1.235359
vt 0.092776 1.230476
vt 0.087893 1.235359
vt 0.083010 1.230476
vt 0.083010 1.235359
vt 0.083010 1.230476
vt 0.087893 1.235359
vt 0.087893 1.230476
vt 0.083010 1.235359
vt 0.092776 1.235359
vt 0.092776 1.230476
vt 0.087893 1.230476
vt 0.092776 1.235359
vt 0.092776 1.230476
vt 0.087893 1.235359
vt 0.083010 1.230476
vt 0.083010 1.235359
vt 0.083010 1.230476
vt 0.087893 1.235359
vt 0.087893 1.230476
vt 0.083010 1.235359
vt 0.092776 1.235359
vt 0.092776 1.230476
vt 0.027345 1.292978
vt 0.020508 1.297861
vt 0.025391 1.297861
vt 0.017579 1.292978
vt 0.019532 1.289071
vt 0.025391 1.289071
vt 0.114261 1.258797
vt 0.105472 1.275399
vt 0.112308 1.279305
vt 0.106449 1.260750
vt 0.102542 1.267586
vt 0.122074 1.262703
vt 0.120121 1.277352
vt 0.124027 1.269539
vt 0.020508 1.302744
vt 0.027345 1.306650
vt 0.025391 1.302744
vt 0.017579 1.306650
vt 0.020508 1.310556
vt 0.025391 1.310556
vt 0.118168 1.236335
vt 0.104495 1.246101
vt 0.122074 1.242195
vt 0.105472 1.239265
vt 0.111332 1.235359
vt 0.108402 1.251961
vt 0.121097 1.249031
vt 0.115238 1.252937
vt 0.020508 1.302744
vt 0.014649 1.297861
vt 0.014649 1.302744
vt 0.020508 1.297861
vt 0.025391 1.302744
vt 0.025391 1.297861
vt 0.030274 1.302744
vt 0.030274 1.297861
vt 0.025391 1.302744
vt 0.020508 1.297861
vt 0.020508 1.302744
vt 0.025391 1.297861
vt 0.030274 1.302744
vt 0.030274 1.297861
vt 0.014649 1.297861
vt 0.014649 1.302744
vt 0.147465 1.295907
vt 0.139653 1.283212
vt 0.139653 1.295907
vt 0.147465 1.283212
vt 0.155278 1.295907
vt 0.155278 1.283212
vt 0.162114 1.295907
vt 0.162114 1.283212
vt 0.131840 1.283212
vt 0.131840 1.295907
vt 0.124027 1.283212
vt 0.124027 1.295907
vt 0.117191 1.283212
vt 0.117191 1.295907
vt 0.109378 1.283212
vt 0.109378 1.295907
vt 0.101566 1.283212
vt 0.101566 1.295907
vt 0.114261 1.258797
vt 0.105472 1.275399
vt 0.112308 1.279305
vt 0.106449 1.260750
vt 0.102542 1.267586
vt 0.122074 1.262703
vt 0.120121 1.277352
vt 0.124027 1.269539
vt 0.118168 1.236335
vt 0.104495 1.246101
vt 0.122074 1.242195
vt 0.105472 1.239265
vt 0.111332 1.235359
vt 0.108402 1.251961
vt 0.121097 1.249031
vt 0.115238 1.252937
vt 0.147465 1.295907
vt 0.139653 1.283212
vt 0.139653 1.295907
vt 0.147465 1.283212
vt 0.155278 1.295907
vt 0.155278 1.283212
vt 0.162114 1.295907
vt 0.162114 1.283212
vt 0.131840 1.283212
vt 0.131840 1.295907
vt 0.124027 1.283212
vt 0.124027 1.295907
vt 0.117191 1.283212
vt 0.117191 1.295907
vt 0.109378 1.283212
vt 0.109378 1.295907
vt 0.101566 1.283212
vt 0.101566 1.295907
vt 0.052736 1.242195
vt 0.050783 1.251961
vt 0.052736 1.251961
vt 0.050783 1.242195
vt 0.050783 1.242195
vt 0.052736 1.251961
vt 0.052736 1.242195
vt 0.050783 1.251961
vt 0.060549 1.242195
vt 0.052736 1.251961
vt 0.060549 1.251961
vt 0.052736 1.242195
vt 0.052736 1.251961
vt 0.060549 1.242195
vt 0.052736 1.242195
vt 0.060549 1.251961
vt 0.007813 1.365246
vt 0.006836 1.373058
vt 0.007813 1.373058
vt 0.006836 1.365246
vt 0.007813 1.358409
vt 0.006836 1.358409
vt 0.007813 1.333995
vt 0.006836 1.333995
vt 0.007813 1.301767
vt 0.006836 1.301767
vt 0.007813 1.294931
vt 0.006836 1.294931
vt 0.007813 1.274422
vt 0.006836 1.274422
vt 0.007813 1.377941
vt 0.006836 1.377941
vt 0.006836 1.365246
vt 0.003906 1.373058
vt 0.006836 1.373058
vt 0.003906 1.365246
vt 0.007813 1.365246
vt 0.006836 1.373058
vt 0.007813 1.373058
vt 0.006836 1.365246
vt 0.007813 1.358409
vt 0.006836 1.358409
vt 0.007813 1.333995
vt 0.006836 1.333995
vt 0.007813 1.301767
vt 0.006836 1.301767
vt 0.007813 1.294931
vt 0.006836 1.294931
vt 0.007813 1.274422
vt 0.006836 1.274422
vt 0.006836 1.269539
vt 0.007813 1.269539
vt 0.007813 1.377941
vt 0.006836 1.377941
vt 0.006836 1.365246
vt 0.003906 1.373058
vt 0.006836 1.373058
vt 0.003906 1.365246
vt 0.006836 1.358409
vt 0.003906 1.365246
vt 0.006836 1.365246
vt 0.003906 1.358409
vt 0.006836 1.333995
vt 0.003906 1.333995
vt 0.006836 1.301767
vt 0.003906 1.301767
vt 0.006836 1.294931
vt 0.003906 1.294931
vt 0.006836 1.358409
vt 0.003906 1.365246
vt 0.006836 1.365246
vt 0.003906 1.358409
vt 0.006836 1.333995
vt 0.003906 1.333995
vt 0.006836 1.301767
vt 0.003906 1.301767
vt 0.006836 1.294931
vt 0.003906 1.294931
vt 0.006836 1.274422
vt 0.003906 1.294931
vt 0.006836 1.294931
vt 0.003906 1.274422
vt 0.006836 1.274422
vt 0.003906 1.294931
vt 0.006836 1.294931
vt 0.003906 1.274422
vt 0.003906 1.373058
vt 0.006836 1.377941
vt 0.006836 1.373058
vt 0.006836 1.377941
vt 0.003906 1.373058
vt 0.003906 1.377941
vt 0.007813 1.274422
vt 0.006836 1.269539
vt 0.007813 1.269539
vt 0.006836 1.274422
vt 0.003906 1.269539
vt 0.003906 1.274422
vt 0.006836 1.269539
vt 0.003906 1.268563
vt 0.006836 1.269539
vt 0.006836 1.268563
vt 0.003906 1.269539
vt 0.003906 1.268563
vt 0.006836 1.269539
vt 0.006836 1.268563
vt 0.006836 1.269539
vt 0.003906 1.268563
vt 0.003906 1.269539
vt 0.071291 1.229499
vt 0.004883 1.230476
vt 0.071291 1.230476
vt 0.004883 1.229499
vt 0.071291 1.228523
vt 0.004883 1.228523
vt 0.071291 1.226569
vt 0.004883 1.226569
vt 0.004883 1.231452
vt 0.071291 1.231452
vt 0.072268 1.250008
vt 0.088870 1.249031
vt 0.072268 1.249031
vt 0.088870 1.250008
vt 0.072268 1.251961
vt 0.088870 1.251961
vt 0.088870 1.248055
vt 0.072268 1.248055
vt 0.088870 1.247078
vt 0.072268 1.247078
vt 0.069338 1.265633
vt 0.090823 1.264657
vt 0.069338 1.264657
vt 0.090823 1.265633
vt 0.090823 1.263680
vt 0.069338 1.263680
vt 0.090823 1.262703
vt 0.069338 1.262703
vt 0.090823 1.261727
vt 0.069338 1.261727
vt 0.230476 1.102542
vt 0.219733 1.103519
vt 0.219733 1.102542
vt 0.230476 1.103519
vt 0.230476 1.099612
vt 0.219733 1.102542
vt 0.219733 1.099612
vt 0.230476 1.102542
vt 0.230476 1.102542
vt 0.219733 1.103519
vt 0.219733 1.102542
vt 0.230476 1.103519
vt 0.230476 1.099612
vt 0.219733 1.102542
vt 0.219733 1.099612
vt 0.230476 1.102542
vt 0.230476 1.103519
vt 0.219733 1.102542
vt 0.219733 1.103519
vt 0.230476 1.102542
vt 0.230476 1.102542
vt 0.219733 1.099612
vt 0.219733 1.102542
vt 0.230476 1.099612
vt 0.230476 1.103519
vt 0.219733 1.102542
vt 0.219733 1.103519
vt 0.230476 1.102542
vt 0.230476 1.102542
vt 0.219733 1.099612
vt 0.219733 1.102542
vt 0.230476 1.099612
vt 0.230476 1.103519
vt 0.219733 1.102542
vt 0.219733 1.103519
vt 0.230476 1.102542
vt 0.230476 1.102542
vt 0.219733 1.099612
vt 0.219733 1.102542
vt 0.230476 1.099612
vt 0.230476 1.103519
vt 0.219733 1.102542
vt 0.219733 1.103519
vt 0.230476 1.102542
vt 0.230476 1.102542
vt 0.219733 1.099612
vt 0.219733 1.102542
vt 0.230476 1.099612
vt 0.219733 1.103519
vt 0.230476 1.102542
vt 0.230476 1.103519
vt 0.219733 1.102542
vt 0.219733 1.102542
vt 0.230476 1.099612
vt 0.230476 1.102542
vt 0.219733 1.099612
vt 0.219733 1.103519
vt 0.230476 1.102542
vt 0.230476 1.103519
vt 0.219733 1.102542
vt 0.219733 1.102542
vt 0.230476 1.099612
vt 0.230476 1.102542
vt 0.219733 1.099612
vt 0.230476 1.103519
vt 0.219733 1.102542
vt 0.219733 1.103519
vt 0.230476 1.102542
vt 0.230476 1.102542
vt 0.219733 1.099612
vt 0.219733 1.102542
vt 0.230476 1.099612
vt 0.230476 1.103519
vt 0.219733 1.102542
vt 0.219733 1.103519
vt 0.230476 1.102542
vt 0.230476 1.102542
vt 0.219733 1.099612
vt 0.219733 1.102542
vt 0.230476 1.099612
vt 0.230476 1.103519
vt 0.219733 1.102542
vt 0.219733 1.103519
vt 0.230476 1.102542
vt 0.230476 1.102542
vt 0.219733 1.099612
vt 0.219733 1.102542
vt 0.230476 1.099612
vt 0.230476 1.103519
vt 0.219733 1.102542
vt 0.219733 1.103519
vt 0.230476 1.102542
vt 0.230476 1.102542
vt 0.219733 1.099612
vt 0.219733 1.102542
vt 0.230476 1.099612
vt 0.134770 1.238289
vt 0.132817 1.235359
vt 0.132817 1.238289
vt 0.134770 1.235359
vt 0.136723 1.238289
vt 0.136723 1.235359
vt 0.136723 1.238289
vt 0.134770 1.235359
vt 0.134770 1.238289
vt 0.136723 1.235359
vt 0.132817 1.235359
vt 0.132817 1.238289
vt 0.047853 1.302744
vt 0.051759 1.299814
vt 0.047853 1.299814
vt 0.051759 1.302744
vt 0.047853 1.305673
vt 0.051759 1.305673
vt 0.047853 1.308603
vt 0.051759 1.308603
vt 0.047853 1.311533
vt 0.051759 1.311533
vt 0.047853 1.315439
vt 0.051759 1.315439
vt 0.043947 1.300790
vt 0.045900 1.304697
vt 0.042970 1.304697
vt 0.040040 1.302744
vt 0.041017 1.298837
vt 0.051759 1.299814
vt 0.056642 1.300790
vt 0.054689 1.298837
vt 0.054689 1.303720
vt 0.051759 1.302744
vt 0.208991 1.046876
vt 0.208014 1.043947
vt 0.208014 1.046876
vt 0.208991 1.043947
vt 0.208014 1.040040
vt 0.208991 1.040040
vt 0.208991 1.049806
vt 0.208014 1.049806
vt 0.208991 1.053713
vt 0.208014 1.053713
vt 0.205084 1.048830
vt 0.203131 1.050783
vt 0.205084 1.049806
vt 0.202155 1.049806
vt 0.203131 1.052736
vt 0.202155 1.053713
vt 0.206061 1.052736
vt 0.208014 1.053713
vt 0.206061 1.050783
vt 0.208014 1.049806
vt 0.178716 1.101566
vt 0.179693 1.103519
vt 0.179693 1.101566
vt 0.178716 1.103519
vt 0.179693 1.105472
vt 0.178716 1.105472
vt 0.179693 1.108402
vt 0.178716 1.108402
vt 0.178716 1.099612
vt 0.179693 1.099612
vt 0.178716 1.098636
vt 0.179693 1.098636
vt 0.205084 1.049806
vt 0.202155 1.049806
vt 0.205084 1.048830
vt 0.203131 1.050783
vt 0.202155 1.053713
vt 0.203131 1.052736
vt 0.208014 1.053713
vt 0.206061 1.052736
vt 0.208014 1.049806
vt 0.206061 1.050783
vt 0.024415 1.322275
vt 0.021485 1.326182
vt 0.024415 1.326182
vt 0.021485 1.322275
vt 0.017579 1.326182
vt 0.017579 1.322275
vt 0.014649 1.326182
vt 0.014649 1.322275
vt 0.024415 1.322275
vt 0.021485 1.326182
vt 0.024415 1.326182
vt 0.021485 1.322275
vt 0.017579 1.326182
vt 0.017579 1.322275
vt 0.014649 1.326182
vt 0.014649 1.322275
vt 0.017579 1.333018
vt 0.023438 1.330088
vt 0.016602 1.330088
vt 0.021485 1.333018
vt 0.021485 1.326182
vt 0.017579 1.326182
vt 0.019532 1.235359
vt 0.004883 1.240242
vt 0.004883 1.235359
vt 0.019532 1.240242
vt 0.025391 1.235359
vt 0.025391 1.240242
vt 0.030274 1.235359
vt 0.030274 1.240242
vt 0.038087 1.235359
vt 0.038087 1.240242
vt 0.014649 1.253914
vt 0.019532 1.240242
vt 0.004883 1.240242
vt 0.023438 1.244148
vt 0.021485 1.249031
vt 0.014649 1.253914
vt 0.023438 1.244148
vt 0.021485 1.249031
vt 0.019532 1.240242
vt 0.004883 1.240242
vt 0.023438 1.270516
vt 0.036134 1.269539
vt 0.035157 1.267586
vt 0.023438 1.272469
vt 0.039064 1.268563
vt 0.038087 1.266610
vt 0.041993 1.267586
vt 0.041993 1.265633
vt 0.036134 1.269539
vt 0.037111 1.275399
vt 0.038087 1.272469
vt 0.023438 1.272469
vt 0.026368 1.277352
vt 0.020508 1.279305
vt 0.020508 1.272469
vt 0.020508 1.279305
vt 0.016602 1.279305
vt 0.015625 1.272469
vt 0.023438 1.272469
vt 0.035157 1.267586
vt 0.036134 1.269539
vt 0.023438 1.270516
vt 0.038087 1.266610
vt 0.039064 1.268563
vt 0.041993 1.265633
vt 0.041993 1.267586
vt 0.037111 1.275399
vt 0.036134 1.269539
vt 0.038087 1.272469
vt 0.023438 1.272469
vt 0.026368 1.277352
vt 0.020508 1.279305
vt 0.023438 1.270516
vt 0.033204 1.261727
vt 0.035157 1.267586
vt 0.023438 1.264657
vt 0.020508 1.279305
vt 0.020508 1.272469
vt 0.023438 1.270516
vt 0.033204 1.261727
vt 0.023438 1.264657
vt 0.035157 1.267586
vt 0.015625 1.272469
vt 0.020508 1.267586
vt 0.015625 1.267586
vt 0.020508 1.267586
vt 0.015625 1.272469
vt 0.020508 1.272469
vt 0.283212 1.098636
vt 0.269539 1.100589
vt 0.283212 1.100589
vt 0.269539 1.098636
vt 0.283212 1.096683
vt 0.269539 1.096683
vt 0.269539 1.103519
vt 0.283212 1.103519
vt 0.269539 1.105472
vt 0.283212 1.105472
vt 0.286142 1.100589
vt 0.283212 1.098636
vt 0.283212 1.100589
vt 0.286142 1.098636
vt 0.283212 1.100589
vt 0.286142 1.098636
vt 0.286142 1.100589
vt 0.283212 1.098636
vt 0.163091 1.310556
vt 0.163091 1.303720
vt 0.162114 1.303720
vt 0.164068 1.310556
vt 0.164068 1.310556
vt 0.162114 1.303720
vt 0.163091 1.310556
vt 0.163091 1.303720
vt 0.131840 1.310556
vt 0.162114 1.303720
vt 0.133793 1.303720
vt 0.163091 1.310556
vt 0.162114 1.302744
vt 0.133793 1.303720
vt 0.162114 1.303720
vt 0.133793 1.302744
vt 0.162114 1.303720
vt 0.131840 1.310556
vt 0.163091 1.310556
vt 0.133793 1.303720
vt 0.155278 1.232429
vt 0.144536 1.244148
vt 0.155278 1.244148
vt 0.144536 1.232429
vt 0.144536 1.245125
vt 0.160161 1.245125
vt 0.160161 1.244148
vt 0.155278 1.232429
vt 0.144536 1.244148
vt 0.144536 1.232429
vt 0.155278 1.244148
vt 0.144536 1.247078
vt 0.140629 1.277352
vt 0.144536 1.275399
vt 0.140629 1.245125
vt 0.142582 1.245125
vt 0.129887 1.277352
vt 0.129887 1.245125
vt 0.142582 1.277352
vt 0.085940 1.280282
vt 0.056642 1.277352
vt 0.053713 1.280282
vt 0.083010 1.277352
vt 0.085940 1.291024
vt 0.053713 1.291024
vt 0.163091 1.245125
vt 0.160161 1.247078
vt 0.160161 1.248055
vt 0.162114 1.245125
vt 0.160161 1.275399
vt 0.160161 1.274422
vt 0.162114 1.277352
vt 0.163091 1.277352
vt 0.155278 1.279305
vt 0.144536 1.277352
vt 0.144536 1.279305
vt 0.083010 1.277352
vt 0.056642 1.272469
vt 0.056642 1.277352
vt 0.083010 1.272469
vt 0.056642 1.277352
vt 0.053713 1.272469
vt 0.053713 1.277352
vt 0.056642 1.272469
vt 0.155278 1.279305
vt 0.160161 1.279305
vt 0.160161 1.277352
vt 0.144536 1.277352
vt 0.144536 1.277352
vt 0.160161 1.275399
vt 0.144536 1.275399
vt 0.160161 1.277352
vt 0.144536 1.275399
vt 0.160161 1.247078
vt 0.144536 1.247078
vt 0.160161 1.275399
vt 0.144536 1.247078
vt 0.160161 1.245125
vt 0.144536 1.245125
vt 0.160161 1.247078
vt 0.085940 1.277352
vt 0.083010 1.272469
vt 0.083010 1.277352
vt 0.085940 1.272469
vt 0.387707 1.088870
vt 0.394543 1.082034
vt 0.387707 1.083010
vt 0.394543 1.089846
vt 0.403333 1.082034
vt 0.403333 1.089846
vt 0.413099 1.083010
vt 0.413099 1.088870
vt 0.420911 1.083010
vt 0.420911 1.088870
vt 0.387707 1.083010
vt 0.394543 1.081057
vt 0.388684 1.081057
vt 0.394543 1.082034
vt 0.403333 1.081057
vt 0.403333 1.082034
vt 0.413099 1.081057
vt 0.413099 1.083010
vt 0.420911 1.082034
vt 0.420911 1.083010
vt 0.387707 1.083010
vt 0.394543 1.089846
vt 0.387707 1.088870
vt 0.394543 1.082034
vt 0.403333 1.089846
vt 0.403333 1.082034
vt 0.413099 1.088870
vt 0.413099 1.083010
vt 0.420911 1.088870
vt 0.420911 1.083010
vt 0.388684 1.090823
vt 0.394543 1.089846
vt 0.387707 1.088870
vt 0.394543 1.090823
vt 0.403333 1.089846
vt 0.403333 1.090823
vt 0.413099 1.088870
vt 0.413099 1.090823
vt 0.420911 1.088870
vt 0.420911 1.089846
vt 0.421888 1.083010
vt 0.420911 1.088870
vt 0.421888 1.088870
vt 0.420911 1.083010
vt 0.386731 1.088870
vt 0.387707 1.083010
vt 0.386731 1.083010
vt 0.387707 1.088870
vt 0.379894 1.060549
vt 0.394543 1.066408
vt 0.388684 1.069338
vt 0.403333 1.064455
vt 0.403333 1.060549
vt 0.413099 1.066408
vt 0.413099 1.061525
vt 0.420911 1.069338
vt 0.420911 1.066408
vt 0.379894 1.069338
vt 0.388684 1.069338
vt 0.394543 1.066408
vt 0.379894 1.060549
vt 0.403333 1.060549
vt 0.403333 1.064455
vt 0.413099 1.061525
vt 0.413099 1.066408
vt 0.420911 1.066408
vt 0.420911 1.069338
vt 0.379894 1.069338
vt 0.379894 1.060549
vt 0.403333 1.057619
vt 0.379894 1.057619
vt 0.403333 1.060549
vt 0.413099 1.057619
vt 0.413099 1.060549
vt 0.420911 1.057619
vt 0.420911 1.060549
vt 0.423841 1.069338
vt 0.420911 1.066408
vt 0.420911 1.069338
vt 0.423841 1.066408
vt 0.388684 1.069338
vt 0.379894 1.072268
vt 0.388684 1.072268
vt 0.379894 1.069338
vt 0.007813 1.365246
vt 0.006836 1.373058
vt 0.007813 1.373058
vt 0.006836 1.365246
vt 0.007813 1.358409
vt 0.006836 1.358409
vt 0.007813 1.333995
vt 0.006836 1.333995
vt 0.007813 1.301767
vt 0.006836 1.301767
vt 0.007813 1.294931
vt 0.006836 1.294931
vt 0.007813 1.274422
vt 0.006836 1.274422
vt 0.007813 1.377941
vt 0.006836 1.377941
vt 0.006836 1.365246
vt 0.003906 1.373058
vt 0.006836 1.373058
vt 0.003906 1.365246
vt 0.007813 1.365246
vt 0.006836 1.373058
vt 0.007813 1.373058
vt 0.006836 1.365246
vt 0.007813 1.358409
vt 0.006836 1.358409
vt 0.007813 1.333995
vt 0.006836 1.333995
vt 0.007813 1.301767
vt 0.006836 1.301767
vt 0.007813 1.294931
vt 0.006836 1.294931
vt 0.007813 1.274422
vt 0.006836 1.274422
vt 0.006836 1.269539
vt 0.007813 1.269539
vt 0.007813 1.377941
vt 0.006836 1.377941
vt 0.006836 1.365246
vt 0.003906 1.373058
vt 0.006836 1.373058
vt 0.003906 1.365246
vt 0.006836 1.358409
vt 0.003906 1.365246
vt 0.006836 1.365246
vt 0.003906 1.358409
vt 0.006836 1.333995
vt 0.003906 1.333995
vt 0.006836 1.301767
vt 0.003906 1.301767
vt 0.006836 1.294931
vt 0.003906 1.294931
vt 0.006836 1.358409
vt 0.003906 1.365246
vt 0.006836 1.365246
vt 0.003906 1.358409
vt 0.006836 1.333995
vt 0.003906 1.333995
vt 0.006836 1.301767
vt 0.003906 1.301767
vt 0.006836 1.294931
vt 0.003906 1.294931
vt 0.006836 1.274422
vt 0.003906 1.294931
vt 0.006836 1.294931
vt 0.003906 1.274422
vt 0.006836 1.274422
vt 0.003906 1.294931
vt 0.006836 1.294931
vt 0.003906 1.274422
vt 0.003906 1.373058
vt 0.006836 1.377941
vt 0.006836 1.373058
vt 0.006836 1.377941
vt 0.003906 1.373058
vt 0.003906 1.377941
vt 0.007813 1.274422
vt 0.006836 1.269539
vt 0.007813 1.269539
vt 0.006836 1.274422
vt 0.003906 1.269539
vt 0.003906 1.274422
vt 0.006836 1.269539
vt 0.003906 1.268563
vt 0.006836 1.269539
vt 0.006836 1.268563
vt 0.003906 1.269539
vt 0.003906 1.268563
vt 0.006836 1.269539
vt 0.006836 1.268563
vt 0.006836 1.269539
vt 0.003906 1.268563
vt 0.003906 1.269539
vt 0.387707 1.088870
vt 0.394543 1.082034
vt 0.387707 1.083010
vt 0.394543 1.089846
vt 0.403333 1.082034
vt 0.403333 1.089846
vt 0.413099 1.083010
vt 0.413099 1.088870
vt 0.420911 1.083010
vt 0.420911 1.088870
vt 0.387707 1.083010
vt 0.394543 1.081057
vt 0.388684 1.081057
vt 0.394543 1.082034
vt 0.403333 1.081057
vt 0.403333 1.082034
vt 0.413099 1.081057
vt 0.413099 1.083010
vt 0.420911 1.082034
vt 0.420911 1.083010
vt 0.387707 1.083010
vt 0.394543 1.089846
vt 0.387707 1.088870
vt 0.394543 1.082034
vt 0.403333 1.089846
vt 0.403333 1.082034
vt 0.413099 1.088870
vt 0.413099 1.083010
vt 0.420911 1.088870
vt 0.420911 1.083010
vt 0.388684 1.090823
vt 0.394543 1.089846
vt 0.387707 1.088870
vt 0.394543 1.090823
vt 0.403333 1.089846
vt 0.403333 1.090823
vt 0.413099 1.088870
vt 0.413099 1.090823
vt 0.420911 1.088870
vt 0.420911 1.089846
vt 0.421888 1.083010
vt 0.420911 1.088870
vt 0.421888 1.088870
vt 0.420911 1.083010
vt 0.386731 1.088870
vt 0.387707 1.083010
vt 0.386731 1.083010
vt 0.387707 1.088870
vt 0.379894 1.060549
vt 0.394543 1.066408
vt 0.388684 1.069338
vt 0.403333 1.064455
vt 0.403333 1.060549
vt 0.413099 1.066408
vt 0.413099 1.061525
vt 0.420911 1.069338
vt 0.420911 1.066408
vt 0.379894 1.069338
vt 0.388684 1.069338
vt 0.394543 1.066408
vt 0.379894 1.060549
vt 0.403333 1.060549
vt 0.403333 1.064455
vt 0.413099 1.061525
vt 0.413099 1.066408
vt 0.420911 1.066408
vt 0.420911 1.069338
vt 0.379894 1.069338
vt 0.379894 1.060549
vt 0.403333 1.057619
vt 0.379894 1.057619
vt 0.403333 1.060549
vt 0.413099 1.057619
vt 0.413099 1.060549
vt 0.420911 1.057619
vt 0.420911 1.060549
vt 0.423841 1.069338
vt 0.420911 1.066408
vt 0.420911 1.069338
vt 0.423841 1.066408
vt 0.388684 1.069338
vt 0.379894 1.072268
vt 0.388684 1.072268
vt 0.379894 1.069338
vt 0.387707 1.088870
vt 0.394543 1.082034
vt 0.387707 1.083010
vt 0.394543 1.089846
vt 0.403333 1.082034
vt 0.403333 1.089846
vt 0.413099 1.083010
vt 0.413099 1.088870
vt 0.420911 1.083010
vt 0.420911 1.088870
vt 0.387707 1.083010
vt 0.394543 1.081057
vt 0.388684 1.081057
vt 0.394543 1.082034
vt 0.403333 1.081057
vt 0.403333 1.082034
vt 0.413099 1.081057
vt 0.413099 1.083010
vt 0.420911 1.082034
vt 0.420911 1.083010
vt 0.387707 1.083010
vt 0.394543 1.089846
vt 0.387707 1.088870
vt 0.394543 1.082034
vt 0.403333 1.089846
vt 0.403333 1.082034
vt 0.413099 1.088870
vt 0.413099 1.083010
vt 0.420911 1.088870
vt 0.420911 1.083010
vt 0.388684 1.090823
vt 0.394543 1.089846
vt 0.387707 1.088870
vt 0.394543 1.090823
vt 0.403333 1.089846
vt 0.403333 1.090823
vt 0.413099 1.088870
vt 0.413099 1.090823
vt 0.420911 1.088870
vt 0.420911 1.089846
vt 0.421888 1.083010
vt 0.420911 1.088870
vt 0.421888 1.088870
vt 0.420911 1.083010
vt 0.386731 1.088870
vt 0.387707 1.083010
vt 0.386731 1.083010
vt 0.387707 1.088870
vt 0.379894 1.060549
vt 0.394543 1.066408
vt 0.388684 1.069338
vt 0.403333 1.064455
vt 0.403333 1.060549
vt 0.413099 1.066408
vt 0.413099 1.061525
vt 0.420911 1.069338
vt 0.420911 1.066408
vt 0.379894 1.069338
vt 0.388684 1.069338
vt 0.394543 1.066408
vt 0.379894 1.060549
vt 0.403333 1.060549
vt 0.403333 1.064455
vt 0.413099 1.061525
vt 0.413099 1.066408
vt 0.420911 1.066408
vt 0.420911 1.069338
vt 0.379894 1.069338
vt 0.379894 1.060549
vt 0.403333 1.057619
vt 0.379894 1.057619
vt 0.403333 1.060549
vt 0.413099 1.057619
vt 0.413099 1.060549
vt 0.420911 1.057619
vt 0.420911 1.060549
vt 0.423841 1.069338
vt 0.420911 1.066408
vt 0.420911 1.069338
vt 0.423841 1.066408
vt 0.388684 1.069338
vt 0.379894 1.072268
vt 0.388684 1.072268
vt 0.379894 1.069338
vt 0.019532 1.235359
vt 0.004883 1.240242
vt 0.004883 1.235359
vt 0.019532 1.240242
vt 0.025391 1.235359
vt 0.025391 1.240242
vt 0.030274 1.235359
vt 0.030274 1.240242
vt 0.038087 1.235359
vt 0.038087 1.240242
vt 0.014649 1.253914
vt 0.019532 1.240242
vt 0.004883 1.240242
vt 0.023438 1.244148
vt 0.021485 1.249031
vt 0.014649 1.253914
vt 0.023438 1.244148
vt 0.021485 1.249031
vt 0.019532 1.240242
vt 0.004883 1.240242
vt 0.023438 1.270516
vt 0.036134 1.269539
vt 0.035157 1.267586
vt 0.023438 1.272469
vt 0.039064 1.268563
vt 0.038087 1.266610
vt 0.041993 1.267586
vt 0.041993 1.265633
vt 0.036134 1.269539
vt 0.037111 1.275399
vt 0.038087 1.272469
vt 0.023438 1.272469
vt 0.026368 1.277352
vt 0.020508 1.279305
vt 0.020508 1.272469
vt 0.020508 1.279305
vt 0.016602 1.279305
vt 0.015625 1.272469
vt 0.023438 1.272469
vt 0.035157 1.267586
vt 0.036134 1.269539
vt 0.023438 1.270516
vt 0.038087 1.266610
vt 0.039064 1.268563
vt 0.041993 1.265633
vt 0.041993 1.267586
vt 0.037111 1.275399
vt 0.036134 1.269539
vt 0.038087 1.272469
vt 0.023438 1.272469
vt 0.026368 1.277352
vt 0.020508 1.279305
vt 0.023438 1.270516
vt 0.033204 1.261727
vt 0.035157 1.267586
vt 0.023438 1.264657
vt 0.020508 1.279305
vt 0.020508 1.272469
vt 0.023438 1.270516
vt 0.033204 1.261727
vt 0.023438 1.264657
vt 0.035157 1.267586
vt 0.015625 1.272469
vt 0.020508 1.267586
vt 0.015625 1.267586
vt 0.020508 1.267586
vt 0.015625 1.272469
vt 0.020508 1.272469
vt 0.283212 1.098636
vt 0.269539 1.100589
vt 0.283212 1.100589
vt 0.269539 1.098636
vt 0.283212 1.096683
vt 0.269539 1.096683
vt 0.269539 1.103519
vt 0.283212 1.103519
vt 0.269539 1.105472
vt 0.283212 1.105472
vt 0.286142 1.100589
vt 0.283212 1.098636
vt 0.283212 1.100589
vt 0.286142 1.098636
vt 0.283212 1.100589
vt 0.286142 1.098636
vt 0.286142 1.100589
vt 0.283212 1.098636
vt 0.019532 1.235359
vt 0.004883 1.240242
vt 0.004883 1.235359
vt 0.019532 1.240242
vt 0.025391 1.235359
vt 0.025391 1.240242
vt 0.030274 1.235359
vt 0.030274 1.240242
vt 0.038087 1.235359
vt 0.038087 1.240242
vt 0.014649 1.253914
vt 0.019532 1.240242
vt 0.004883 1.240242
vt 0.023438 1.244148
vt 0.021485 1.249031
vt 0.014649 1.253914
vt 0.023438 1.244148
vt 0.021485 1.249031
vt 0.019532 1.240242
vt 0.004883 1.240242
vt 0.023438 1.270516
vt 0.036134 1.269539
vt 0.035157 1.267586
vt 0.023438 1.272469
vt 0.039064 1.268563
vt 0.038087 1.266610
vt 0.041993 1.267586
vt 0.041993 1.265633
vt 0.036134 1.269539
vt 0.037111 1.275399
vt 0.038087 1.272469
vt 0.023438 1.272469
vt 0.026368 1.277352
vt 0.020508 1.279305
vt 0.020508 1.272469
vt 0.020508 1.279305
vt 0.016602 1.279305
vt 0.015625 1.272469
vt 0.023438 1.272469
vt 0.035157 1.267586
vt 0.036134 1.269539
vt 0.023438 1.270516
vt 0.038087 1.266610
vt 0.039064 1.268563
vt 0.041993 1.265633
vt 0.041993 1.267586
vt 0.037111 1.275399
vt 0.036134 1.269539
vt 0.038087 1.272469
vt 0.023438 1.272469
vt 0.026368 1.277352
vt 0.020508 1.279305
vt 0.023438 1.270516
vt 0.033204 1.261727
vt 0.035157 1.267586
vt 0.023438 1.264657
vt 0.020508 1.279305
vt 0.020508 1.272469
vt 0.023438 1.270516
vt 0.033204 1.261727
vt 0.023438 1.264657
vt 0.035157 1.267586
vt 0.015625 1.272469
vt 0.020508 1.267586
vt 0.015625 1.267586
vt 0.020508 1.267586
vt 0.015625 1.272469
vt 0.020508 1.272469
vt 0.283212 1.098636
vt 0.269539 1.100589
vt 0.283212 1.100589
vt 0.269539 1.098636
vt 0.283212 1.096683
vt 0.269539 1.096683
vt 0.269539 1.103519
vt 0.283212 1.103519
vt 0.269539 1.105472
vt 0.283212 1.105472
vt 0.286142 1.100589
vt 0.283212 1.098636
vt 0.283212 1.100589
vt 0.286142 1.098636
vt 0.283212 1.100589
vt 0.286142 1.098636
vt 0.286142 1.100589
vt 0.283212 1.098636
vt 0.997101 1.251961
vt 0.799829 1.273446
vt 0.767602 1.251961
vt 0.965850 1.273446
vt 0.838893 1.286142
vt 0.926786 1.286142
vt 0.882839 1.291024
vt 0.767602 1.251961
vt 0.965850 1.273446
vt 0.997101 1.251961
vt 0.882839 1.291024
vt 0.799829 1.273446
vt 0.838893 1.286142
vt 0.926786 1.286142
vt 0.965850 1.232429
vt 0.924833 1.226569
vt 0.965850 1.226569
vt 0.924833 1.232429
vt 0.878933 1.226569
vt 0.878933 1.232429
vt 0.834010 1.226569
vt 0.834010 1.232429
vt 0.792993 1.226569
vt 0.792993 1.232429
vt 0.760765 1.226569
vt 0.760765 1.232429
vt 0.998077 1.232429
vt 0.998077 1.226569
vt 0.087893 1.230476
vt 0.092776 1.235359
vt 0.087893 1.235359
vt 0.092776 1.230476
vt 0.083010 1.230476
vt 0.083010 1.235359
vt 0.083010 1.230476
vt 0.087893 1.235359
vt 0.083010 1.235359
vt 0.087893 1.230476
vt 0.092776 1.235359
vt 0.092776 1.230476
vt 0.087893 1.230476
vt 0.092776 1.235359
vt 0.087893 1.235359
vt 0.092776 1.230476
vt 0.083010 1.230476
vt 0.083010 1.235359
vt 0.083010 1.230476
vt 0.087893 1.235359
vt 0.083010 1.235359
vt 0.087893 1.230476
vt 0.092776 1.235359
vt 0.092776 1.230476
vt 0.027345 1.292978
vt 0.020508 1.297861
vt 0.017579 1.292978
vt 0.025391 1.297861
vt 0.019532 1.289071
vt 0.025391 1.289071
vt 0.114261 1.258797
vt 0.105472 1.275399
vt 0.106449 1.260750
vt 0.112308 1.279305
vt 0.122074 1.262703
vt 0.120121 1.277352
vt 0.124027 1.269539
vt 0.102542 1.267586
vt 0.020508 1.302744
vt 0.027345 1.306650
vt 0.017579 1.306650
vt 0.025391 1.302744
vt 0.020508 1.310556
vt 0.025391 1.310556
vt 0.118168 1.236335
vt 0.104495 1.246101
vt 0.105472 1.239265
vt 0.122074 1.242195
vt 0.108402 1.251961
vt 0.121097 1.249031
vt 0.115238 1.252937
vt 0.111332 1.235359
vt 0.020508 1.302744
vt 0.014649 1.297861
vt 0.020508 1.297861
vt 0.014649 1.302744
vt 0.025391 1.302744
vt 0.025391 1.297861
vt 0.030274 1.302744
vt 0.030274 1.297861
vt 0.025391 1.302744
vt 0.020508 1.297861
vt 0.025391 1.297861
vt 0.020508 1.302744
vt 0.014649 1.297861
vt 0.014649 1.302744
vt 0.030274 1.302744
vt 0.030274 1.297861
vt 0.112308 1.310556
vt 0.104495 1.298837
vt 0.112308 1.298837
vt 0.104495 1.310556
vt 0.096683 1.298837
vt 0.096683 1.310556
vt 0.088870 1.298837
vt 0.088870 1.310556
vt 0.082034 1.298837
vt 0.082034 1.310556
vt 0.074221 1.298837
vt 0.074221 1.310556
vt 0.066408 1.298837
vt 0.066408 1.310556
vt 0.120121 1.310556
vt 0.120121 1.298837
vt 0.127934 1.310556
vt 0.127934 1.298837
vt 0.114261 1.258797
vt 0.105472 1.275399
vt 0.106449 1.260750
vt 0.112308 1.279305
vt 0.122074 1.262703
vt 0.120121 1.277352
vt 0.124027 1.269539
vt 0.102542 1.267586
vt 0.118168 1.236335
vt 0.104495 1.246101
vt 0.105472 1.239265
vt 0.122074 1.242195
vt 0.108402 1.251961
vt 0.121097 1.249031
vt 0.115238 1.252937
vt 0.111332 1.235359
vt 0.112308 1.310556
vt 0.104495 1.298837
vt 0.112308 1.298837
vt 0.104495 1.310556
vt 0.096683 1.298837
vt 0.096683 1.310556
vt 0.088870 1.298837
vt 0.088870 1.310556
vt 0.082034 1.298837
vt 0.082034 1.310556
vt 0.074221 1.298837
vt 0.074221 1.310556
vt 0.066408 1.298837
vt 0.066408 1.310556
vt 0.120121 1.310556
vt 0.120121 1.298837
vt 0.127934 1.310556
vt 0.127934 1.298837
vt 0.052736 1.242195
vt 0.050783 1.251961
vt 0.050783 1.242195
vt 0.052736 1.251961
vt 0.050783 1.242195
vt 0.052736 1.251961
vt 0.050783 1.251961
vt 0.052736 1.242195
vt 0.060549 1.242195
vt 0.052736 1.251961
vt 0.052736 1.242195
vt 0.060549 1.251961
vt 0.052736 1.251961
vt 0.060549 1.242195
vt 0.060549 1.251961
vt 0.052736 1.242195
vt 0.007813 1.365246
vt 0.006836 1.373058
vt 0.006836 1.365246
vt 0.007813 1.373058
vt 0.007813 1.377941
vt 0.006836 1.377941
vt 0.007813 1.358409
vt 0.006836 1.358409
vt 0.007813 1.333995
vt 0.006836 1.333995
vt 0.007813 1.301767
vt 0.006836 1.301767
vt 0.007813 1.294931
vt 0.006836 1.294931
vt 0.007813 1.274422
vt 0.006836 1.274422
vt 0.006836 1.365246
vt 0.003906 1.373058
vt 0.003906 1.365246
vt 0.006836 1.373058
vt 0.007813 1.365246
vt 0.006836 1.373058
vt 0.006836 1.365246
vt 0.007813 1.373058
vt 0.007813 1.377941
vt 0.006836 1.377941
vt 0.007813 1.358409
vt 0.006836 1.358409
vt 0.007813 1.333995
vt 0.006836 1.333995
vt 0.007813 1.301767
vt 0.006836 1.301767
vt 0.007813 1.294931
vt 0.006836 1.294931
vt 0.007813 1.274422
vt 0.006836 1.274422
vt 0.006836 1.269539
vt 0.007813 1.269539
vt 0.006836 1.365246
vt 0.003906 1.373058
vt 0.003906 1.365246
vt 0.006836 1.373058
vt 0.006836 1.358409
vt 0.003906 1.365246
vt 0.003906 1.358409
vt 0.006836 1.365246
vt 0.006836 1.333995
vt 0.003906 1.333995
vt 0.006836 1.301767
vt 0.003906 1.301767
vt 0.006836 1.294931
vt 0.003906 1.294931
vt 0.006836 1.358409
vt 0.003906 1.365246
vt 0.003906 1.358409
vt 0.006836 1.365246
vt 0.006836 1.333995
vt 0.003906 1.333995
vt 0.006836 1.301767
vt 0.003906 1.301767
vt 0.006836 1.294931
vt 0.003906 1.294931
vt 0.006836 1.274422
vt 0.003906 1.294931
vt 0.003906 1.274422
vt 0.006836 1.294931
vt 0.006836 1.274422
vt 0.003906 1.294931
vt 0.003906 1.274422
vt 0.006836 1.294931
vt 0.003906 1.373058
vt 0.006836 1.377941
vt 0.003906 1.377941
vt 0.006836 1.373058
vt 0.007813 1.274422
vt 0.006836 1.269539
vt 0.007813 1.269539
vt 0.006836 1.274422
vt 0.003906 1.269539
vt 0.006836 1.269539
vt 0.003906 1.274422
vt 0.003906 1.268563
vt 0.006836 1.269539
vt 0.003906 1.269539
vt 0.006836 1.268563
vt 0.003906 1.268563
vt 0.006836 1.269539
vt 0.003906 1.269539
vt 0.006836 1.269539
vt 0.003906 1.268563
vt 0.006836 1.268563
vt 0.071291 1.229499
vt 0.004883 1.230476
vt 0.004883 1.229499
vt 0.071291 1.230476
vt 0.004883 1.231452
vt 0.071291 1.231452
vt 0.071291 1.228523
vt 0.004883 1.228523
vt 0.071291 1.226569
vt 0.004883 1.226569
vt 0.072268 1.250008
vt 0.088870 1.249031
vt 0.088870 1.250008
vt 0.072268 1.249031
vt 0.088870 1.248055
vt 0.072268 1.248055
vt 0.088870 1.247078
vt 0.072268 1.247078
vt 0.072268 1.251961
vt 0.088870 1.251961
vt 0.069338 1.265633
vt 0.090823 1.264657
vt 0.090823 1.265633
vt 0.069338 1.264657
vt 0.090823 1.263680
vt 0.069338 1.263680
vt 0.090823 1.262703
vt 0.069338 1.262703
vt 0.090823 1.261727
vt 0.069338 1.261727
vt 0.230476 1.102542
vt 0.219733 1.103519
vt 0.230476 1.103519
vt 0.219733 1.102542
vt 0.230476 1.099612
vt 0.219733 1.102542
vt 0.230476 1.102542
vt 0.219733 1.099612
vt 0.230476 1.102542
vt 0.219733 1.103519
vt 0.230476 1.103519
vt 0.219733 1.102542
vt 0.230476 1.099612
vt 0.219733 1.102542
vt 0.230476 1.102542
vt 0.219733 1.099612
vt 0.230476 1.103519
vt 0.219733 1.102542
vt 0.230476 1.102542
vt 0.219733 1.103519
vt 0.230476 1.102542
vt 0.219733 1.099612
vt 0.230476 1.099612
vt 0.219733 1.102542
vt 0.230476 1.103519
vt 0.219733 1.102542
vt 0.230476 1.102542
vt 0.219733 1.103519
vt 0.230476 1.102542
vt 0.219733 1.099612
vt 0.230476 1.099612
vt 0.219733 1.102542
vt 0.230476 1.103519
vt 0.219733 1.102542
vt 0.230476 1.102542
vt 0.219733 1.103519
vt 0.230476 1.102542
vt 0.219733 1.099612
vt 0.230476 1.099612
vt 0.219733 1.102542
vt 0.230476 1.103519
vt 0.219733 1.102542
vt 0.230476 1.102542
vt 0.219733 1.103519
vt 0.230476 1.102542
vt 0.219733 1.099612
vt 0.230476 1.099612
vt 0.219733 1.102542
vt 0.219733 1.103519
vt 0.230476 1.102542
vt 0.219733 1.102542
vt 0.230476 1.103519
vt 0.219733 1.102542
vt 0.230476 1.099612
vt 0.219733 1.099612
vt 0.230476 1.102542
vt 0.219733 1.103519
vt 0.230476 1.102542
vt 0.219733 1.102542
vt 0.230476 1.103519
vt 0.219733 1.102542
vt 0.230476 1.099612
vt 0.219733 1.099612
vt 0.230476 1.102542
vt 0.230476 1.103519
vt 0.219733 1.102542
vt 0.230476 1.102542
vt 0.219733 1.103519
vt 0.230476 1.102542
vt 0.219733 1.099612
vt 0.230476 1.099612
vt 0.219733 1.102542
vt 0.230476 1.103519
vt 0.219733 1.102542
vt 0.230476 1.102542
vt 0.219733 1.103519
vt 0.230476 1.102542
vt 0.219733 1.099612
vt 0.230476 1.099612
vt 0.219733 1.102542
vt 0.230476 1.103519
vt 0.219733 1.102542
vt 0.230476 1.102542
vt 0.219733 1.103519
vt 0.230476 1.102542
vt 0.219733 1.099612
vt 0.230476 1.099612
vt 0.219733 1.102542
vt 0.230476 1.103519
vt 0.219733 1.102542
vt 0.230476 1.102542
vt 0.219733 1.103519
vt 0.230476 1.102542
vt 0.219733 1.099612
vt 0.230476 1.099612
vt 0.219733 1.102542
vt 0.134770 1.238289
vt 0.132817 1.235359
vt 0.134770 1.235359
vt 0.132817 1.238289
vt 0.136723 1.238289
vt 0.136723 1.235359
vt 0.136723 1.238289
vt 0.134770 1.235359
vt 0.136723 1.235359
vt 0.134770 1.238289
vt 0.132817 1.235359
vt 0.132817 1.238289
vt 0.047853 1.302744
vt 0.051759 1.299814
vt 0.051759 1.302744
vt 0.047853 1.299814
vt 0.043947 1.300790
vt 0.045900 1.304697
vt 0.042970 1.304697
vt 0.040040 1.302744
vt 0.041017 1.298837
vt 0.047853 1.305673
vt 0.051759 1.305673
vt 0.047853 1.308603
vt 0.051759 1.308603
vt 0.047853 1.311533
vt 0.051759 1.311533
vt 0.047853 1.315439
vt 0.051759 1.315439
vt 0.051759 1.299814
vt 0.054689 1.298837
vt 0.056642 1.300790
vt 0.054689 1.303720
vt 0.051759 1.302744
vt 0.208991 1.046876
vt 0.208014 1.043947
vt 0.208991 1.043947
vt 0.208014 1.046876
vt 0.208991 1.049806
vt 0.208014 1.049806
vt 0.208991 1.053713
vt 0.208014 1.053713
vt 0.208014 1.040040
vt 0.208991 1.040040
vt 0.205084 1.048830
vt 0.203131 1.050783
vt 0.202155 1.049806
vt 0.205084 1.049806
vt 0.208014 1.049806
vt 0.206061 1.050783
vt 0.208014 1.053713
vt 0.206061 1.052736
vt 0.202155 1.053713
vt 0.203131 1.052736
vt 0.178716 1.101566
vt 0.179693 1.103519
vt 0.178716 1.103519
vt 0.179693 1.101566
vt 0.178716 1.099612
vt 0.179693 1.099612
vt 0.178716 1.098636
vt 0.179693 1.098636
vt 0.179693 1.105472
vt 0.178716 1.105472
vt 0.179693 1.108402
vt 0.178716 1.108402
vt 0.205084 1.049806
vt 0.202155 1.049806
vt 0.203131 1.050783
vt 0.205084 1.048830
vt 0.206061 1.050783
vt 0.208014 1.049806
vt 0.206061 1.052736
vt 0.208014 1.053713
vt 0.203131 1.052736
vt 0.202155 1.053713
vt 0.024415 1.322275
vt 0.021485 1.326182
vt 0.021485 1.322275
vt 0.024415 1.326182
vt 0.017579 1.326182
vt 0.017579 1.322275
vt 0.014649 1.326182
vt 0.014649 1.322275
vt 0.024415 1.322275
vt 0.021485 1.326182
vt 0.021485 1.322275
vt 0.024415 1.326182
vt 0.017579 1.326182
vt 0.017579 1.322275
vt 0.014649 1.326182
vt 0.014649 1.322275
vt 0.017579 1.333018
vt 0.023438 1.330088
vt 0.021485 1.333018
vt 0.016602 1.330088
vt 0.021485 1.326182
vt 0.017579 1.326182
vt 0.019532 1.235359
vt 0.004883 1.240242
vt 0.019532 1.240242
vt 0.004883 1.235359
vt 0.025391 1.235359
vt 0.025391 1.240242
vt 0.030274 1.235359
vt 0.030274 1.240242
vt 0.038087 1.235359
vt 0.038087 1.240242
vt 0.014649 1.253914
vt 0.004883 1.240242
vt 0.019532 1.240242
vt 0.023438 1.244148
vt 0.021485 1.249031
vt 0.014649 1.253914
vt 0.023438 1.244148
vt 0.019532 1.240242
vt 0.021485 1.249031
vt 0.004883 1.240242
vt 0.023438 1.270516
vt 0.036134 1.269539
vt 0.023438 1.272469
vt 0.035157 1.267586
vt 0.039064 1.268563
vt 0.038087 1.266610
vt 0.041993 1.267586
vt 0.041993 1.265633
vt 0.036134 1.269539
vt 0.038087 1.272469
vt 0.037111 1.275399
vt 0.023438 1.272469
vt 0.026368 1.277352
vt 0.020508 1.279305
vt 0.020508 1.272469
vt 0.020508 1.279305
vt 0.016602 1.279305
vt 0.015625 1.272469
vt 0.023438 1.272469
vt 0.035157 1.267586
vt 0.023438 1.270516
vt 0.036134 1.269539
vt 0.038087 1.266610
vt 0.039064 1.268563
vt 0.041993 1.265633
vt 0.041993 1.267586
vt 0.037111 1.275399
vt 0.038087 1.272469
vt 0.036134 1.269539
vt 0.023438 1.272469
vt 0.026368 1.277352
vt 0.020508 1.279305
vt 0.023438 1.270516
vt 0.033204 1.261727
vt 0.023438 1.264657
vt 0.035157 1.267586
vt 0.020508 1.272469
vt 0.020508 1.279305
vt 0.023438 1.270516
vt 0.033204 1.261727
vt 0.035157 1.267586
vt 0.023438 1.264657
vt 0.015625 1.272469
vt 0.020508 1.267586
vt 0.020508 1.272469
vt 0.020508 1.267586
vt 0.015625 1.272469
vt 0.015625 1.267586
vt 0.283212 1.098636
vt 0.269539 1.100589
vt 0.269539 1.098636
vt 0.283212 1.100589
vt 0.269539 1.103519
vt 0.283212 1.103519
vt 0.269539 1.105472
vt 0.283212 1.105472
vt 0.283212 1.096683
vt 0.269539 1.096683
vt 0.286142 1.100589
vt 0.283212 1.098636
vt 0.286142 1.098636
vt 0.283212 1.100589
vt 0.283212 1.100589
vt 0.286142 1.098636
vt 0.283212 1.098636
vt 0.286142 1.100589
vt 0.163091 1.310556
vt 0.163091 1.303720
vt 0.164068 1.310556
vt 0.162114 1.303720
vt 0.164068 1.310556
vt 0.162114 1.303720
vt 0.163091 1.303720
vt 0.163091 1.310556
vt 0.131840 1.310556
vt 0.162114 1.303720
vt 0.163091 1.310556
vt 0.133793 1.303720
vt 0.162114 1.302744
vt 0.133793 1.303720
vt 0.133793 1.302744
vt 0.162114 1.303720
vt 0.162114 1.303720
vt 0.131840 1.310556
vt 0.133793 1.303720
vt 0.163091 1.310556
vt 0.155278 1.232429
vt 0.144536 1.244148
vt 0.144536 1.232429
vt 0.155278 1.244148
vt 0.144536 1.245125
vt 0.160161 1.245125
vt 0.160161 1.244148
vt 0.155278 1.232429
vt 0.144536 1.244148
vt 0.155278 1.244148
vt 0.144536 1.232429
vt 0.144536 1.247078
vt 0.140629 1.277352
vt 0.140629 1.245125
vt 0.144536 1.275399
vt 0.142582 1.277352
vt 0.129887 1.277352
vt 0.129887 1.245125
vt 0.142582 1.245125
vt 0.085940 1.280282
vt 0.056642 1.277352
vt 0.083010 1.277352
vt 0.053713 1.280282
vt 0.085940 1.291024
vt 0.053713 1.291024
vt 0.163091 1.245125
vt 0.160161 1.247078
vt 0.162114 1.245125
vt 0.160161 1.248055
vt 0.160161 1.275399
vt 0.160161 1.274422
vt 0.162114 1.277352
vt 0.163091 1.277352
vt 0.155278 1.279305
vt 0.144536 1.279305
vt 0.144536 1.277352
vt 0.083010 1.277352
vt 0.056642 1.272469
vt 0.083010 1.272469
vt 0.056642 1.277352
vt 0.056642 1.277352
vt 0.053713 1.272469
vt 0.056642 1.272469
vt 0.053713 1.277352
vt 0.155278 1.279305
vt 0.160161 1.277352
vt 0.160161 1.279305
vt 0.144536 1.277352
vt 0.144536 1.277352
vt 0.160161 1.275399
vt 0.160161 1.277352
vt 0.144536 1.275399
vt 0.144536 1.275399
vt 0.160161 1.247078
vt 0.160161 1.275399
vt 0.160161 1.247078
vt 0.144536 1.275399
vt 0.144536 1.247078
vt 0.144536 1.247078
vt 0.160161 1.245125
vt 0.160161 1.247078
vt 0.144536 1.245125
vt 0.085940 1.277352
vt 0.083010 1.272469
vt 0.085940 1.272469
vt 0.083010 1.277352
vt 0.387707 1.088870
vt 0.394543 1.082034
vt 0.394543 1.089846
vt 0.387707 1.083010
vt 0.403333 1.082034
vt 0.403333 1.089846
vt 0.413099 1.083010
vt 0.413099 1.088870
vt 0.420911 1.083010
vt 0.420911 1.088870
vt 0.387707 1.083010
vt 0.394543 1.081057
vt 0.394543 1.082034
vt 0.388684 1.081057
vt 0.403333 1.081057
vt 0.403333 1.082034
vt 0.413099 1.081057
vt 0.413099 1.083010
vt 0.420911 1.082034
vt 0.420911 1.083010
vt 0.387707 1.083010
vt 0.394543 1.089846
vt 0.394543 1.082034
vt 0.387707 1.088870
vt 0.403333 1.089846
vt 0.403333 1.082034
vt 0.413099 1.088870
vt 0.413099 1.083010
vt 0.420911 1.088870
vt 0.420911 1.083010
vt 0.388684 1.090823
vt 0.394543 1.089846
vt 0.394543 1.090823
vt 0.387707 1.088870
vt 0.403333 1.089846
vt 0.403333 1.090823
vt 0.413099 1.088870
vt 0.413099 1.090823
vt 0.420911 1.088870
vt 0.420911 1.089846
vt 0.421888 1.083010
vt 0.420911 1.088870
vt 0.420911 1.083010
vt 0.421888 1.088870
vt 0.386731 1.088870
vt 0.387707 1.083010
vt 0.387707 1.088870
vt 0.386731 1.083010
vt 0.379894 1.060549
vt 0.388684 1.069338
vt 0.394543 1.066408
vt 0.379894 1.069338
vt 0.403333 1.064455
vt 0.403333 1.060549
vt 0.413099 1.066408
vt 0.413099 1.061525
vt 0.420911 1.069338
vt 0.420911 1.066408
vt 0.388684 1.069338
vt 0.379894 1.060549
vt 0.394543 1.066408
vt 0.379894 1.069338
vt 0.403333 1.060549
vt 0.403333 1.064455
vt 0.413099 1.061525
vt 0.413099 1.066408
vt 0.420911 1.066408
vt 0.420911 1.069338
vt 0.379894 1.060549
vt 0.403333 1.057619
vt 0.403333 1.060549
vt 0.379894 1.057619
vt 0.413099 1.057619
vt 0.413099 1.060549
vt 0.420911 1.057619
vt 0.420911 1.060549
vt 0.423841 1.069338
vt 0.420911 1.066408
vt 0.423841 1.066408
vt 0.420911 1.069338
vt 0.388684 1.069338
vt 0.379894 1.072268
vt 0.379894 1.069338
vt 0.388684 1.072268
vt 0.007813 1.365246
vt 0.006836 1.373058
vt 0.006836 1.365246
vt 0.007813 1.373058
vt 0.007813 1.377941
vt 0.006836 1.377941
vt 0.007813 1.358409
vt 0.006836 1.358409
vt 0.007813 1.333995
vt 0.006836 1.333995
vt 0.007813 1.301767
vt 0.006836 1.301767
vt 0.007813 1.294931
vt 0.006836 1.294931
vt 0.007813 1.274422
vt 0.006836 1.274422
vt 0.006836 1.365246
vt 0.003906 1.373058
vt 0.003906 1.365246
vt 0.006836 1.373058
vt 0.007813 1.365246
vt 0.006836 1.373058
vt 0.006836 1.365246
vt 0.007813 1.373058
vt 0.007813 1.377941
vt 0.006836 1.377941
vt 0.007813 1.358409
vt 0.006836 1.358409
vt 0.007813 1.333995
vt 0.006836 1.333995
vt 0.007813 1.301767
vt 0.006836 1.301767
vt 0.007813 1.294931
vt 0.006836 1.294931
vt 0.007813 1.274422
vt 0.006836 1.274422
vt 0.006836 1.269539
vt 0.007813 1.269539
vt 0.006836 1.365246
vt 0.003906 1.373058
vt 0.003906 1.365246
vt 0.006836 1.373058
vt 0.006836 1.358409
vt 0.003906 1.365246
vt 0.003906 1.358409
vt 0.006836 1.365246
vt 0.006836 1.333995
vt 0.003906 1.333995
vt 0.006836 1.301767
vt 0.003906 1.301767
vt 0.006836 1.294931
vt 0.003906 1.294931
vt 0.006836 1.358409
vt 0.003906 1.365246
vt 0.003906 1.358409
vt 0.006836 1.365246
vt 0.006836 1.333995
vt 0.003906 1.333995
vt 0.006836 1.301767
vt 0.003906 1.301767
vt 0.006836 1.294931
vt 0.003906 1.294931
vt 0.006836 1.274422
vt 0.003906 1.294931
vt 0.003906 1.274422
vt 0.006836 1.294931
vt 0.006836 1.274422
vt 0.003906 1.294931
vt 0.003906 1.274422
vt 0.006836 1.294931
vt 0.003906 1.373058
vt 0.006836 1.377941
vt 0.003906 1.377941
vt 0.006836 1.373058
vt 0.007813 1.274422
vt 0.006836 1.269539
vt 0.007813 1.269539
vt 0.006836 1.274422
vt 0.003906 1.269539
vt 0.006836 1.269539
vt 0.003906 1.274422
vt 0.003906 1.268563
vt 0.006836 1.269539
vt 0.003906 1.269539
vt 0.006836 1.268563
vt 0.003906 1.268563
vt 0.006836 1.269539
vt 0.003906 1.269539
vt 0.006836 1.269539
vt 0.003906 1.268563
vt 0.006836 1.268563
vt 0.816431 1.371105
vt 0.820338 1.356456
vt 0.820338 1.371105
vt 0.816431 1.356456
vt 0.820338 1.343760
vt 0.816431 1.343760
vt 0.816431 1.405286
vt 0.820338 1.379894
vt 0.820338 1.405286
vt 0.816431 1.379894
vt 0.820338 1.413099
vt 0.816431 1.413099
vt 0.816431 1.333995
vt 0.820338 1.310556
vt 0.820338 1.333995
vt 0.816431 1.310556
vt 0.433607 1.143559
vt 0.436537 1.125980
vt 0.438490 1.143559
vt 0.421888 1.122074
vt 0.419935 1.125980
vt 0.449232 1.121097
vt 0.451186 1.125980
vt 0.820338 1.343760
vt 0.816431 1.333995
vt 0.820338 1.333995
vt 0.816431 1.343760
vt 0.820338 1.379894
vt 0.816431 1.371105
vt 0.820338 1.371105
vt 0.816431 1.379894
vt 0.544939 1.251961
vt 0.533219 1.259773
vt 0.541032 1.251961
vt 0.544939 1.263680
vt 0.569353 1.251961
vt 0.544939 1.247078
vt 0.569353 1.248055
vt 0.544939 1.251961
vt 0.569353 1.240242
vt 0.544939 1.240242
vt 0.569353 1.251961
vt 0.581072 1.259773
vt 0.569353 1.264657
vt 0.574236 1.251961
vt 0.544939 1.240242
vt 0.569353 1.251961
vt 0.544939 1.251961
vt 0.569353 1.240242
vt 0.569353 1.251961
vt 0.544939 1.263680
vt 0.544939 1.251961
vt 0.569353 1.264657
vt 0.544939 1.251961
vt 0.533219 1.259773
vt 0.541032 1.251961
vt 0.544939 1.263680
vt 0.569353 1.251961
vt 0.544939 1.247078
vt 0.569353 1.248055
vt 0.544939 1.251961
vt 0.569353 1.240242
vt 0.544939 1.240242
vt 0.569353 1.251961
vt 0.581072 1.259773
vt 0.569353 1.264657
vt 0.574236 1.251961
vt 0.544939 1.240242
vt 0.569353 1.251961
vt 0.544939 1.251961
vt 0.569353 1.240242
vt 0.569353 1.251961
vt 0.544939 1.263680
vt 0.544939 1.251961
vt 0.569353 1.264657
vt 0.294931 1.478530
vt 0.296884 1.486343
vt 0.296884 1.479507
vt 0.294931 1.486343
vt 0.300790 1.493179
vt 0.298837 1.494156
vt 0.304697 1.499039
vt 0.305673 1.498062
vt 0.312510 1.502945
vt 0.312510 1.500992
vt 0.337901 1.500992
vt 0.337901 1.502945
vt 0.300790 1.472671
vt 0.298837 1.471694
vt 0.305673 1.467788
vt 0.304697 1.465834
vt 0.312510 1.462905
vt 0.312510 1.464858
vt 0.337901 1.462905
vt 0.337901 1.464858
vt 0.345714 1.465834
vt 0.344737 1.467788
vt 0.349620 1.472671
vt 0.351573 1.471694
vt 0.353526 1.479507
vt 0.355480 1.478530
vt 0.355480 1.486343
vt 0.353526 1.486343
vt 0.326182 1.482437
vt 0.353526 1.486343
vt 0.353526 1.479507
vt 0.337901 1.500992
vt 0.312510 1.500992
vt 0.305673 1.498062
vt 0.300790 1.493179
vt 0.296884 1.486343
vt 0.296884 1.479507
vt 0.300790 1.472671
vt 0.305673 1.467788
vt 0.312510 1.464858
vt 0.337901 1.464858
vt 0.344737 1.467788
vt 0.349620 1.472671
vt 0.828150 1.350597
vt 0.837916 1.432630
vt 0.828150 1.437513
vt 0.837916 1.365246
vt 0.832057 1.344737
vt 0.854518 1.349620
vt 0.891629 1.364269
vt 0.875027 1.349620
vt 0.897488 1.345714
vt 0.901395 1.349620
vt 0.891629 1.432630
vt 0.901395 1.437513
vt 0.887722 1.436537
vt 0.893582 1.446303
vt 0.834986 1.445326
vt 0.841823 1.436537
vt 0.485366 1.214850
vt 0.520524 1.206061
vt 0.538102 1.214850
vt 0.501968 1.206061
vt 0.538102 1.226569
vt 0.484390 1.226569
vt 0.479507 1.214850
vt 0.401379 1.226569
vt 0.401379 1.214850
vt 0.401379 1.226569
vt 0.479507 1.214850
vt 0.401379 1.214850
vt 0.484390 1.226569
vt 0.485366 1.214850
vt 0.485366 1.214850
vt 0.538102 1.226569
vt 0.532243 1.214850
vt 0.484390 1.226569
vt 0.538102 1.214850
vt 0.484390 1.226569
vt 0.479507 1.214850
vt 0.774438 1.524430
vt 0.823267 1.501968
vt 0.823267 1.524430
vt 0.774438 1.501968
vt 0.910184 1.524430
vt 0.823267 1.501968
vt 0.910184 1.501968
vt 0.823267 1.524430
vt 0.118168 1.540056
vt 0.068361 1.452162
vt 0.068361 1.540056
vt 0.118168 1.452162
vt 0.823267 1.501968
vt 0.910184 1.524430
vt 0.823267 1.524430
vt 0.910184 1.501968
vt 0.823267 1.501968
vt 0.774438 1.524430
vt 0.774438 1.501968
vt 0.823267 1.524430
vt 0.886746 1.549821
vt 0.910184 1.529313
vt 0.910184 1.549821
vt 0.886746 1.529313
vt 0.886746 1.549821
vt 0.772485 1.530290
vt 0.886746 1.529313
vt 0.772485 1.550798
vt 0.088870 1.685568
vt 0.073244 1.594745
vt 0.073244 1.685568
vt 0.088870 1.594745
vt 0.772485 1.530290
vt 0.886746 1.549821
vt 0.772485 1.550798
vt 0.886746 1.529313
vt 0.910184 1.529313
vt 0.886746 1.549821
vt 0.886746 1.529313
vt 0.910184 1.549821
vt 0.828150 1.350597
vt 0.837916 1.432630
vt 0.828150 1.437513
vt 0.837916 1.365246
vt 0.832057 1.344737
vt 0.854518 1.349620
vt 0.891629 1.364269
vt 0.875027 1.349620
vt 0.897488 1.345714
vt 0.901395 1.349620
vt 0.891629 1.432630
vt 0.901395 1.437513
vt 0.887722 1.436537
vt 0.893582 1.446303
vt 0.834986 1.445326
vt 0.841823 1.436537
vt 0.485366 1.214850
vt 0.520524 1.206061
vt 0.538102 1.214850
vt 0.501968 1.206061
vt 0.538102 1.226569
vt 0.484390 1.226569
vt 0.479507 1.214850
vt 0.401379 1.226569
vt 0.401379 1.214850
vt 0.401379 1.226569
vt 0.479507 1.214850
vt 0.401379 1.214850
vt 0.484390 1.226569
vt 0.485366 1.214850
vt 0.485366 1.214850
vt 0.538102 1.226569
vt 0.532243 1.214850
vt 0.484390 1.226569
vt 0.538102 1.214850
vt 0.484390 1.226569
vt 0.479507 1.214850
vt 0.989288 1.417005
vt 0.918973 1.424818
vt 0.914090 1.417005
vt 0.976592 1.424818
vt 0.993194 1.420911
vt 0.989288 1.439466
vt 0.976592 1.470717
vt 0.989288 1.457045
vt 0.993194 1.475600
vt 0.989288 1.479507
vt 0.918973 1.470717
vt 0.915067 1.479507
vt 0.915067 1.467788
vt 0.907254 1.472671
vt 0.908231 1.422864
vt 0.916044 1.427747
vt 0.470717 1.195318
vt 0.437513 1.204108
vt 0.421888 1.195318
vt 0.455092 1.204108
vt 0.421888 1.184576
vt 0.470717 1.184576
vt 0.475600 1.195318
vt 0.546892 1.184576
vt 0.546892 1.195318
vt 0.546892 1.184576
vt 0.475600 1.195318
vt 0.546892 1.195318
vt 0.470717 1.184576
vt 0.470717 1.195318
vt 0.470717 1.195318
vt 0.421888 1.184576
vt 0.426771 1.195318
vt 0.470717 1.184576
vt 0.421888 1.195318
vt 0.470717 1.184576
vt 0.475600 1.195318
vt 0.989288 1.417005
vt 0.918973 1.424818
vt 0.914090 1.417005
vt 0.976592 1.424818
vt 0.993194 1.420911
vt 0.989288 1.439466
vt 0.976592 1.470717
vt 0.989288 1.457045
vt 0.993194 1.475600
vt 0.989288 1.479507
vt 0.918973 1.470717
vt 0.915067 1.479507
vt 0.915067 1.467788
vt 0.907254 1.472671
vt 0.908231 1.422864
vt 0.916044 1.427747
vt 0.470717 1.195318
vt 0.437513 1.204108
vt 0.421888 1.195318
vt 0.455092 1.204108
vt 0.421888 1.184576
vt 0.470717 1.184576
vt 0.475600 1.195318
vt 0.546892 1.184576
vt 0.546892 1.195318
vt 0.546892 1.184576
vt 0.475600 1.195318
vt 0.546892 1.195318
vt 0.470717 1.184576
vt 0.470717 1.195318
vt 0.470717 1.195318
vt 0.421888 1.184576
vt 0.426771 1.195318
vt 0.470717 1.184576
vt 0.421888 1.195318
vt 0.470717 1.184576
vt 0.475600 1.195318
vt 0.931669 1.543962
vt 0.986358 1.551775
vt 0.981475 1.543962
vt 0.925810 1.551775
vt 0.917020 1.542985
vt 0.926786 1.538102
vt 0.985382 1.538102
vt 0.996124 1.542985
vt 0.985382 1.500992
vt 0.996124 1.497085
vt 0.981475 1.496109
vt 0.985382 1.487320
vt 0.926786 1.487320
vt 0.932646 1.496109
vt 0.917020 1.497085
vt 0.927763 1.500992
vt 0.840846 1.559587
vt 0.899442 1.571306
vt 0.899442 1.559587
vt 0.839869 1.571306
vt 0.834986 1.559587
vt 0.786157 1.571306
vt 0.789087 1.559587
vt 0.782250 1.559587
vt 0.789087 1.559587
vt 0.782250 1.559587
vt 0.786157 1.571306
vt 0.834986 1.559587
vt 0.839869 1.571306
vt 0.840846 1.559587
vt 0.899442 1.571306
vt 0.899442 1.559587
vt 0.816431 1.492203
vt 0.846706 1.478530
vt 0.846706 1.492203
vt 0.816431 1.478530
vt 0.899442 1.492203
vt 0.846706 1.478530
vt 0.899442 1.478530
vt 0.846706 1.492203
vt 0.457045 1.667013
vt 0.431654 1.623066
vt 0.431654 1.667013
vt 0.457045 1.623066
vt 0.846706 1.478530
vt 0.899442 1.492203
vt 0.846706 1.492203
vt 0.899442 1.478530
vt 0.846706 1.478530
vt 0.816431 1.492203
vt 0.816431 1.478530
vt 0.846706 1.492203
vt 0.444349 1.161138
vt 0.439467 1.165044
vt 0.439467 1.161138
vt 0.444349 1.164068
vt 0.462905 1.161138
vt 0.462905 1.164068
vt 0.465835 1.161138
vt 0.465835 1.165044
vt 0.434584 1.165044
vt 0.434584 1.161138
vt 0.444349 1.164068
vt 0.444349 1.168950
vt 0.441420 1.167974
vt 0.445326 1.166997
vt 0.448256 1.166997
vt 0.462905 1.164068
vt 0.450209 1.168950
vt 0.463881 1.167974
vt 0.450209 1.171880
vt 0.447279 1.175787
vt 0.447279 1.172857
vt 0.442396 1.172857
vt 0.444349 1.171880
vt 0.528336 1.166021
vt 0.531266 1.163091
vt 0.531266 1.166021
vt 0.528336 1.163091
vt 0.525407 1.166021
vt 0.525407 1.163091
vt 0.523453 1.166021
vt 0.523453 1.163091
vt 0.520524 1.166021
vt 0.520524 1.163091
vt 0.517594 1.166021
vt 0.517594 1.163091
vt 0.514664 1.166021
vt 0.514664 1.163091
vt 0.511734 1.166021
vt 0.511734 1.163091
vt 0.445326 1.166997
vt 0.441420 1.167974
vt 0.444349 1.168950
vt 0.444349 1.164068
vt 0.448256 1.166997
vt 0.462905 1.164068
vt 0.450209 1.168950
vt 0.450209 1.171880
vt 0.463881 1.167974
vt 0.447279 1.175787
vt 0.447279 1.172857
vt 0.444349 1.171880
vt 0.442396 1.172857
vt 0.439467 1.161138
vt 0.444349 1.164068
vt 0.444349 1.161138
vt 0.439467 1.165044
vt 0.462905 1.164068
vt 0.462905 1.161138
vt 0.444349 1.161138
vt 0.439467 1.165044
vt 0.439467 1.161138
vt 0.444349 1.164068
vt 0.462905 1.161138
vt 0.462905 1.164068
vt 0.465835 1.161138
vt 0.465835 1.165044
vt 0.434584 1.165044
vt 0.434584 1.161138
vt 0.444349 1.164068
vt 0.444349 1.168950
vt 0.441420 1.167974
vt 0.445326 1.166997
vt 0.448256 1.166997
vt 0.462905 1.164068
vt 0.450209 1.168950
vt 0.463881 1.167974
vt 0.450209 1.171880
vt 0.447279 1.175787
vt 0.447279 1.172857
vt 0.442396 1.172857
vt 0.444349 1.171880
vt 0.528336 1.166021
vt 0.531266 1.163091
vt 0.531266 1.166021
vt 0.528336 1.163091
vt 0.525407 1.166021
vt 0.525407 1.163091
vt 0.523453 1.166021
vt 0.523453 1.163091
vt 0.520524 1.166021
vt 0.520524 1.163091
vt 0.517594 1.166021
vt 0.517594 1.163091
vt 0.514664 1.166021
vt 0.514664 1.163091
vt 0.511734 1.166021
vt 0.511734 1.163091
vt 0.445326 1.166997
vt 0.441420 1.167974
vt 0.444349 1.168950
vt 0.444349 1.164068
vt 0.448256 1.166997
vt 0.462905 1.164068
vt 0.450209 1.168950
vt 0.450209 1.171880
vt 0.463881 1.167974
vt 0.447279 1.175787
vt 0.447279 1.172857
vt 0.444349 1.171880
vt 0.442396 1.172857
vt 0.439467 1.161138
vt 0.444349 1.164068
vt 0.444349 1.161138
vt 0.439467 1.165044
vt 0.462905 1.164068
vt 0.462905 1.161138
vt 0.444349 1.161138
vt 0.439467 1.165044
vt 0.439467 1.161138
vt 0.444349 1.164068
vt 0.462905 1.161138
vt 0.462905 1.164068
vt 0.465835 1.161138
vt 0.465835 1.165044
vt 0.434584 1.165044
vt 0.434584 1.161138
vt 0.444349 1.164068
vt 0.444349 1.168950
vt 0.441420 1.167974
vt 0.445326 1.166997
vt 0.448256 1.166997
vt 0.462905 1.164068
vt 0.450209 1.168950
vt 0.463881 1.167974
vt 0.450209 1.171880
vt 0.447279 1.175787
vt 0.447279 1.172857
vt 0.442396 1.172857
vt 0.444349 1.171880
vt 0.528336 1.166021
vt 0.531266 1.163091
vt 0.531266 1.166021
vt 0.528336 1.163091
vt 0.525407 1.166021
vt 0.525407 1.163091
vt 0.523453 1.166021
vt 0.523453 1.163091
vt 0.520524 1.166021
vt 0.520524 1.163091
vt 0.517594 1.166021
vt 0.517594 1.163091
vt 0.514664 1.166021
vt 0.514664 1.163091
vt 0.511734 1.166021
vt 0.511734 1.163091
vt 0.445326 1.166997
vt 0.441420 1.167974
vt 0.444349 1.168950
vt 0.444349 1.164068
vt 0.448256 1.166997
vt 0.462905 1.164068
vt 0.450209 1.168950
vt 0.450209 1.171880
vt 0.463881 1.167974
vt 0.447279 1.175787
vt 0.447279 1.172857
vt 0.444349 1.171880
vt 0.442396 1.172857
vt 0.439467 1.161138
vt 0.444349 1.164068
vt 0.444349 1.161138
vt 0.439467 1.165044
vt 0.462905 1.164068
vt 0.462905 1.161138
vt 0.444349 1.161138
vt 0.439467 1.165044
vt 0.439467 1.161138
vt 0.444349 1.164068
vt 0.462905 1.161138
vt 0.462905 1.164068
vt 0.465835 1.161138
vt 0.465835 1.165044
vt 0.434584 1.165044
vt 0.434584 1.161138
vt 0.444349 1.164068
vt 0.444349 1.168950
vt 0.441420 1.167974
vt 0.445326 1.166997
vt 0.448256 1.166997
vt 0.462905 1.164068
vt 0.450209 1.168950
vt 0.463881 1.167974
vt 0.450209 1.171880
vt 0.447279 1.175787
vt 0.447279 1.172857
vt 0.442396 1.172857
vt 0.444349 1.171880
vt 0.528336 1.166021
vt 0.531266 1.163091
vt 0.531266 1.166021
vt 0.528336 1.163091
vt 0.525407 1.166021
vt 0.525407 1.163091
vt 0.523453 1.166021
vt 0.523453 1.163091
vt 0.520524 1.166021
vt 0.520524 1.163091
vt 0.517594 1.166021
vt 0.517594 1.163091
vt 0.514664 1.166021
vt 0.514664 1.163091
vt 0.511734 1.166021
vt 0.511734 1.163091
vt 0.445326 1.166997
vt 0.441420 1.167974
vt 0.444349 1.168950
vt 0.444349 1.164068
vt 0.448256 1.166997
vt 0.462905 1.164068
vt 0.450209 1.168950
vt 0.450209 1.171880
vt 0.463881 1.167974
vt 0.447279 1.175787
vt 0.447279 1.172857
vt 0.444349 1.171880
vt 0.442396 1.172857
vt 0.439467 1.161138
vt 0.444349 1.164068
vt 0.444349 1.161138
vt 0.439467 1.165044
vt 0.462905 1.164068
vt 0.462905 1.161138
vt 0.364269 1.973663
vt 0.337901 1.994171
vt 0.337901 1.973663
vt 0.364269 1.994171
vt 0.364269 1.953154
vt 0.337901 1.953154
vt 0.364269 1.953154
vt 0.337901 1.973663
vt 0.337901 1.953154
vt 0.364269 1.973663
vt 0.337901 1.994171
vt 0.364269 1.994171
vt 0.337901 1.973663
vt 0.364269 1.953154
vt 0.364269 1.973663
vt 0.337901 1.953154
vt 0.337901 1.994171
vt 0.364269 1.994171
vt 0.337901 1.994171
vt 0.364269 1.973663
vt 0.364269 1.994171
vt 0.337901 1.973663
vt 0.364269 1.953154
vt 0.337901 1.953154
vt 0.364269 1.973663
vt 0.337901 1.994171
vt 0.364269 1.994171
vt 0.337901 1.973663
vt 0.364269 1.953154
vt 0.337901 1.953154
vt 0.364269 1.953154
vt 0.337901 1.973663
vt 0.364269 1.973663
vt 0.337901 1.953154
vt 0.337901 1.994171
vt 0.364269 1.994171
vt 0.337901 1.973663
vt 0.364269 1.953154
vt 0.337901 1.953154
vt 0.364269 1.973663
vt 0.337901 1.994171
vt 0.364269 1.994171
vt 0.337901 1.994171
vt 0.364269 1.973663
vt 0.337901 1.973663
vt 0.364269 1.994171
vt 0.364269 1.953154
vt 0.337901 1.953154
vt 0.275399 1.866237
vt 0.288095 1.906278
vt 0.288095 1.866237
vt 0.275399 1.906278
vt 0.263680 1.866237
vt 0.263680 1.906278
vt 0.250984 1.866237
vt 0.250984 1.906278
vt 0.250984 1.866237
vt 0.263680 1.906278
vt 0.263680 1.866237
vt 0.250984 1.906278
vt 0.275399 1.906278
vt 0.275399 1.866237
vt 0.288095 1.906278
vt 0.288095 1.866237
vt 0.250984 1.866237
vt 0.263680 1.906278
vt 0.263680 1.866237
vt 0.250984 1.906278
vt 0.275399 1.906278
vt 0.275399 1.866237
vt 0.288095 1.906278
vt 0.288095 1.866237
vt 0.250984 1.866237
vt 0.263680 1.906278
vt 0.263680 1.866237
vt 0.250984 1.906278
vt 0.275399 1.906278
vt 0.275399 1.866237
vt 0.288095 1.906278
vt 0.288095 1.866237
vt 0.314463 1.994171
vt 0.290048 1.987335
vt 0.301767 1.994171
vt 0.333018 1.976592
vt 0.326182 1.988311
vt 0.301767 1.945341
vt 0.326182 1.952178
vt 0.333018 1.963897
vt 0.315439 1.945341
vt 0.284188 1.962920
vt 0.290048 1.952178
vt 0.284188 1.976592
vt 0.314463 1.959990
vt 0.295907 1.969756
vt 0.301767 1.980499
vt 0.302744 1.959990
vt 0.320322 1.969756
vt 0.314463 1.980499
vt 0.284188 1.962920
vt 0.293954 1.956084
vt 0.290048 1.952178
vt 0.289071 1.964873
vt 0.284188 1.976592
vt 0.289071 1.974639
vt 0.290048 1.987335
vt 0.293954 1.984405
vt 0.301767 1.994171
vt 0.302744 1.989288
vt 0.314463 1.994171
vt 0.313486 1.989288
vt 0.326182 1.988311
vt 0.322275 1.984405
vt 0.333018 1.976592
vt 0.328135 1.975616
vt 0.333018 1.963897
vt 0.328135 1.964873
vt 0.326182 1.952178
vt 0.322275 1.956084
vt 0.315439 1.945341
vt 0.313486 1.950224
vt 0.301767 1.945341
vt 0.302744 1.950224
vt 0.289071 1.964873
vt 0.302744 1.959990
vt 0.293954 1.956084
vt 0.295907 1.969756
vt 0.289071 1.974639
vt 0.293954 1.984405
vt 0.301767 1.980499
vt 0.302744 1.989288
vt 0.313486 1.989288
vt 0.314463 1.980499
vt 0.322275 1.984405
vt 0.328135 1.975616
vt 0.320322 1.969756
vt 0.328135 1.964873
vt 0.322275 1.956084
vt 0.314463 1.959990
vt 0.313486 1.950224
vt 0.302744 1.950224
vt 0.275399 1.866237
vt 0.288095 1.906278
vt 0.275399 1.906278
vt 0.288095 1.866237
vt 0.263680 1.866237
vt 0.263680 1.906278
vt 0.250984 1.866237
vt 0.250984 1.906278
vt 0.250984 1.866237
vt 0.263680 1.906278
vt 0.250984 1.906278
vt 0.263680 1.866237
vt 0.275399 1.906278
vt 0.275399 1.866237
vt 0.288095 1.906278
vt 0.288095 1.866237
vt 0.250984 1.866237
vt 0.263680 1.906278
vt 0.250984 1.906278
vt 0.263680 1.866237
vt 0.275399 1.906278
vt 0.275399 1.866237
vt 0.288095 1.906278
vt 0.288095 1.866237
vt 0.250984 1.866237
vt 0.263680 1.906278
vt 0.250984 1.906278
vt 0.263680 1.866237
vt 0.275399 1.906278
vt 0.275399 1.866237
vt 0.288095 1.906278
vt 0.288095 1.866237
vt 0.333018 1.976592
vt 0.326182 1.952178
vt 0.333018 1.963897
vt 0.301767 1.945341
vt 0.290048 1.987335
vt 0.314463 1.994171
vt 0.326182 1.988311
vt 0.301767 1.994171
vt 0.284188 1.962920
vt 0.284188 1.976592
vt 0.290048 1.952178
vt 0.315439 1.945341
vt 0.314463 1.959990
vt 0.295907 1.969756
vt 0.302744 1.959990
vt 0.301767 1.980499
vt 0.320322 1.969756
vt 0.314463 1.980499
vt 0.284188 1.962920
vt 0.293954 1.956084
vt 0.289071 1.964873
vt 0.290048 1.952178
vt 0.302744 1.950224
vt 0.301767 1.945341
vt 0.313486 1.950224
vt 0.315439 1.945341
vt 0.322275 1.956084
vt 0.326182 1.952178
vt 0.328135 1.964873
vt 0.333018 1.963897
vt 0.328135 1.975616
vt 0.333018 1.976592
vt 0.322275 1.984405
vt 0.326182 1.988311
vt 0.313486 1.989288
vt 0.314463 1.994171
vt 0.302744 1.989288
vt 0.301767 1.994171
vt 0.293954 1.984405
vt 0.290048 1.987335
vt 0.289071 1.974639
vt 0.284188 1.976592
vt 0.289071 1.964873
vt 0.302744 1.959990
vt 0.295907 1.969756
vt 0.293954 1.956084
vt 0.302744 1.950224
vt 0.314463 1.959990
vt 0.313486 1.950224
vt 0.322275 1.956084
vt 0.320322 1.969756
vt 0.328135 1.964873
vt 0.328135 1.975616
vt 0.314463 1.980499
vt 0.322275 1.984405
vt 0.313486 1.989288
vt 0.301767 1.980499
vt 0.302744 1.989288
vt 0.293954 1.984405
vt 0.289071 1.974639
vt 0.307627 1.896512
vt 0.344737 1.917997
vt 0.350597 1.907254
vt 0.307627 1.907254
vt 0.334971 1.922880
vt 0.313486 1.917997
vt 0.323252 1.922880
vt 0.313486 1.886746
vt 0.350597 1.896512
vt 0.323252 1.880886
vt 0.344737 1.886746
vt 0.334971 1.880886
vt 0.060549 1.984405
vt 0.051759 1.988311
vt 0.060549 1.993194
vt 0.301767 1.886746
vt 0.292978 1.892605
vt 0.302744 1.889676
vt 0.292001 1.889676
vt 0.299814 1.898465
vt 0.292001 1.895535
vt 0.296884 1.900418
vt 0.292978 1.892605
vt 0.060549 1.984405
vt 0.051759 1.988311
vt 0.060549 1.993194
vt 0.312510 1.875027
vt 0.302744 1.876003
vt 0.311533 1.877957
vt 0.303720 1.873074
vt 0.305673 1.884793
vt 0.299814 1.876003
vt 0.302744 1.885769
vt 0.302744 1.876003
vt 0.060549 1.984405
vt 0.051759 1.988311
vt 0.060549 1.993194
vt 0.327158 1.870144
vt 0.320322 1.866237
vt 0.326182 1.872097
vt 0.322275 1.864284
vt 0.317392 1.875027
vt 0.317392 1.865261
vt 0.314463 1.874050
vt 0.320322 1.866237
vt 0.060549 1.984405
vt 0.051759 1.988311
vt 0.060549 1.993194
vt 0.343760 1.874050
vt 0.338878 1.866237
vt 0.340831 1.875027
vt 0.341807 1.865261
vt 0.333018 1.872097
vt 0.335948 1.864284
vt 0.331065 1.870144
vt 0.338878 1.866237
vt 0.060549 1.984405
vt 0.051759 1.988311
vt 0.060549 1.993194
vt 0.355480 1.885769
vt 0.355480 1.876003
vt 0.353526 1.884793
vt 0.358409 1.876003
vt 0.346690 1.877957
vt 0.354503 1.873074
vt 0.345714 1.875027
vt 0.355480 1.876003
vt 0.060549 1.984405
vt 0.051759 1.988311
vt 0.060549 1.993194
vt 0.361339 1.900418
vt 0.365246 1.892605
vt 0.359386 1.898465
vt 0.366222 1.895535
vt 0.356456 1.889676
vt 0.366222 1.889676
vt 0.356456 1.886746
vt 0.365246 1.892605
vt 0.060549 1.984405
vt 0.051759 1.988311
vt 0.060549 1.993194
vt 0.356456 1.917020
vt 0.365246 1.911161
vt 0.356456 1.914090
vt 0.366222 1.915067
vt 0.359386 1.905301
vt 0.366222 1.909207
vt 0.361339 1.904325
vt 0.365246 1.911161
vt 0.060549 1.984405
vt 0.051759 1.988311
vt 0.060549 1.993194
vt 0.345714 1.928739
vt 0.355480 1.928739
vt 0.346690 1.925810
vt 0.354503 1.931669
vt 0.352550 1.918973
vt 0.358409 1.927763
vt 0.355480 1.918973
vt 0.355480 1.928739
vt 0.060549 1.984405
vt 0.051759 1.988311
vt 0.060549 1.993194
vt 0.331065 1.934599
vt 0.338878 1.937529
vt 0.333018 1.931669
vt 0.335948 1.939482
vt 0.340831 1.928739
vt 0.341807 1.938505
vt 0.343760 1.929716
vt 0.338878 1.937529
vt 0.060549 1.984405
vt 0.051759 1.988311
vt 0.060549 1.993194
vt 0.314463 1.929716
vt 0.320322 1.937529
vt 0.317392 1.928739
vt 0.316416 1.938505
vt 0.326182 1.931669
vt 0.322275 1.939482
vt 0.327158 1.934599
vt 0.320322 1.937529
vt 0.060549 1.984405
vt 0.051759 1.988311
vt 0.060549 1.993194
vt 0.302744 1.918973
vt 0.302744 1.928739
vt 0.305673 1.918973
vt 0.299814 1.927763
vt 0.311533 1.925810
vt 0.303720 1.931669
vt 0.312510 1.928739
vt 0.302744 1.928739
vt 0.060549 1.984405
vt 0.051759 1.988311
vt 0.060549 1.993194
vt 0.296884 1.903348
vt 0.292978 1.911161
vt 0.299814 1.905301
vt 0.292001 1.909207
vt 0.302744 1.914090
vt 0.292001 1.914090
vt 0.301767 1.917020
vt 0.292978 1.911161
vt 0.060549 1.993194
vt 0.057619 1.996124
vt 0.060549 1.996124
vt 0.057619 1.993194
vt 0.057619 1.996124
vt 0.060549 1.993194
vt 0.057619 1.993194
vt 0.060549 1.996124
vt 0.060549 1.993194
vt 0.057619 1.996124
vt 0.060549 1.996124
vt 0.057619 1.993194
vt 0.060549 1.993194
vt 0.057619 1.996124
vt 0.060549 1.996124
vt 0.057619 1.993194
vt 0.060549 1.993194
vt 0.057619 1.996124
vt 0.060549 1.996124
vt 0.057619 1.993194
vt 0.060549 1.993194
vt 0.057619 1.996124
vt 0.060549 1.996124
vt 0.057619 1.993194
vt 0.060549 1.993194
vt 0.057619 1.996124
vt 0.060549 1.996124
vt 0.057619 1.993194
vt 0.060549 1.993194
vt 0.057619 1.996124
vt 0.060549 1.996124
vt 0.057619 1.993194
vt 0.060549 1.993194
vt 0.057619 1.996124
vt 0.060549 1.996124
vt 0.057619 1.993194
vt 0.060549 1.993194
vt 0.057619 1.996124
vt 0.060549 1.996124
vt 0.057619 1.993194
vt 0.060549 1.993194
vt 0.057619 1.996124
vt 0.060549 1.996124
vt 0.057619 1.993194
vt 0.060549 1.993194
vt 0.057619 1.996124
vt 0.060549 1.996124
vt 0.057619 1.993194
vt 0.060549 1.996124
vt 0.106449 1.996124
vt 0.060549 1.993194
vt 0.106449 1.984405
vt 0.060549 1.984405
vt 0.060549 1.996124
vt 0.106449 1.996124
vt 0.060549 1.993194
vt 0.106449 1.984405
vt 0.060549 1.984405
vt 0.060549 1.996124
vt 0.106449 1.996124
vt 0.060549 1.993194
vt 0.106449 1.984405
vt 0.060549 1.984405
vt 0.060549 1.996124
vt 0.106449 1.996124
vt 0.060549 1.993194
vt 0.106449 1.984405
vt 0.060549 1.984405
vt 0.060549 1.996124
vt 0.106449 1.996124
vt 0.060549 1.993194
vt 0.106449 1.984405
vt 0.060549 1.984405
vt 0.060549 1.996124
vt 0.106449 1.996124
vt 0.060549 1.993194
vt 0.106449 1.984405
vt 0.060549 1.984405
vt 0.060549 1.996124
vt 0.106449 1.996124
vt 0.060549 1.993194
vt 0.106449 1.984405
vt 0.060549 1.984405
vt 0.060549 1.996124
vt 0.106449 1.996124
vt 0.060549 1.993194
vt 0.106449 1.984405
vt 0.060549 1.984405
vt 0.060549 1.996124
vt 0.106449 1.996124
vt 0.060549 1.993194
vt 0.106449 1.984405
vt 0.060549 1.984405
vt 0.060549 1.996124
vt 0.106449 1.996124
vt 0.060549 1.993194
vt 0.106449 1.984405
vt 0.060549 1.984405
vt 0.060549 1.996124
vt 0.106449 1.996124
vt 0.060549 1.993194
vt 0.106449 1.984405
vt 0.060549 1.984405
vt 0.060549 1.996124
vt 0.106449 1.996124
vt 0.060549 1.993194
vt 0.106449 1.984405
vt 0.060549 1.984405
vt 0.299814 1.898465
vt 0.302744 1.889676
vt 0.292978 1.892605
vt 0.307627 1.896512
vt 0.313486 1.886746
vt 0.305673 1.884793
vt 0.311533 1.877957
vt 0.302744 1.876003
vt 0.323252 1.880886
vt 0.317392 1.875027
vt 0.326182 1.872097
vt 0.320322 1.866237
vt 0.334971 1.880886
vt 0.333018 1.872097
vt 0.333018 1.872097
vt 0.340831 1.875027
vt 0.338878 1.866237
vt 0.334971 1.880886
vt 0.344737 1.886746
vt 0.346690 1.877957
vt 0.353526 1.884793
vt 0.355480 1.876003
vt 0.350597 1.896512
vt 0.356456 1.889676
vt 0.359386 1.898465
vt 0.365246 1.892605
vt 0.359386 1.905301
vt 0.356456 1.914090
vt 0.365246 1.911161
vt 0.350597 1.907254
vt 0.352550 1.918973
vt 0.344737 1.917997
vt 0.346690 1.925810
vt 0.355480 1.928739
vt 0.334971 1.922880
vt 0.340831 1.928739
vt 0.333018 1.931669
vt 0.338878 1.937529
vt 0.326182 1.931669
vt 0.317392 1.928739
vt 0.320322 1.937529
vt 0.323252 1.922880
vt 0.333018 1.931669
vt 0.334971 1.922880
vt 0.313486 1.917997
vt 0.311533 1.925810
vt 0.305673 1.918973
vt 0.302744 1.928739
vt 0.307627 1.907254
vt 0.302744 1.914090
vt 0.299814 1.905301
vt 0.292978 1.911161
vt 0.307627 1.896512
vt 0.299814 1.898465
vt 0.299814 1.905301
vt 0.307627 1.907254
vt 0.350597 1.896512
vt 0.359386 1.898465
vt 0.359386 1.905301
vt 0.350597 1.907254
vt 0.307627 1.907254
vt 0.319346 1.895535
vt 0.307627 1.896512
vt 0.319346 1.908231
vt 0.313486 1.917997
vt 0.323252 1.922880
vt 0.329112 1.914090
vt 0.334971 1.922880
vt 0.344737 1.917997
vt 0.339854 1.908231
vt 0.350597 1.907254
vt 0.350597 1.896512
vt 0.339854 1.895535
vt 0.344737 1.886746
vt 0.334971 1.880886
vt 0.329112 1.890652
vt 0.323252 1.880886
vt 0.313486 1.886746
vt 0.319346 1.908231
vt 0.323252 1.898465
vt 0.319346 1.895535
vt 0.323252 1.906278
vt 0.329112 1.914090
vt 0.329112 1.910184
vt 0.339854 1.908231
vt 0.335948 1.906278
vt 0.339854 1.895535
vt 0.335948 1.898465
vt 0.329112 1.890652
vt 0.329112 1.894559
vt 0.149419 1.997101
vt 0.153325 1.988311
vt 0.149419 1.980499
vt 0.139653 1.980499
vt 0.139653 1.997101
vt 0.134770 1.988311
vt 0.307627 1.896512
vt 0.344737 1.917997
vt 0.307627 1.907254
vt 0.350597 1.907254
vt 0.313486 1.886746
vt 0.350597 1.896512
vt 0.323252 1.880886
vt 0.344737 1.886746
vt 0.334971 1.880886
vt 0.334971 1.922880
vt 0.313486 1.917997
vt 0.323252 1.922880
vt 0.060549 1.984405
vt 0.060549 1.993194
vt 0.051759 1.988311
vt 0.301767 1.886746
vt 0.292978 1.892605
vt 0.292001 1.889676
vt 0.302744 1.889676
vt 0.299814 1.898465
vt 0.292001 1.895535
vt 0.292978 1.892605
vt 0.296884 1.900418
vt 0.060549 1.984405
vt 0.060549 1.993194
vt 0.051759 1.988311
vt 0.312510 1.875027
vt 0.302744 1.876003
vt 0.303720 1.873074
vt 0.311533 1.877957
vt 0.305673 1.884793
vt 0.299814 1.876003
vt 0.302744 1.876003
vt 0.302744 1.885769
vt 0.060549 1.984405
vt 0.060549 1.993194
vt 0.051759 1.988311
vt 0.327158 1.870144
vt 0.320322 1.866237
vt 0.322275 1.864284
vt 0.326182 1.872097
vt 0.317392 1.875027
vt 0.317392 1.865261
vt 0.320322 1.866237
vt 0.314463 1.874050
vt 0.060549 1.984405
vt 0.060549 1.993194
vt 0.051759 1.988311
vt 0.343760 1.874050
vt 0.338878 1.866237
vt 0.341807 1.865261
vt 0.340831 1.875027
vt 0.333018 1.872097
vt 0.335948 1.864284
vt 0.338878 1.866237
vt 0.331065 1.870144
vt 0.060549 1.984405
vt 0.060549 1.993194
vt 0.051759 1.988311
vt 0.355480 1.885769
vt 0.355480 1.876003
vt 0.358409 1.876003
vt 0.353526 1.884793
vt 0.346690 1.877957
vt 0.354503 1.873074
vt 0.355480 1.876003
vt 0.345714 1.875027
vt 0.060549 1.984405
vt 0.060549 1.993194
vt 0.051759 1.988311
vt 0.361339 1.900418
vt 0.365246 1.892605
vt 0.366222 1.895535
vt 0.359386 1.898465
vt 0.356456 1.889676
vt 0.366222 1.889676
vt 0.365246 1.892605
vt 0.356456 1.886746
vt 0.060549 1.984405
vt 0.060549 1.993194
vt 0.051759 1.988311
vt 0.356456 1.917020
vt 0.365246 1.911161
vt 0.366222 1.915067
vt 0.356456 1.914090
vt 0.359386 1.905301
vt 0.366222 1.909207
vt 0.365246 1.911161
vt 0.361339 1.904325
vt 0.060549 1.984405
vt 0.060549 1.993194
vt 0.051759 1.988311
vt 0.345714 1.928739
vt 0.355480 1.928739
vt 0.354503 1.931669
vt 0.346690 1.925810
vt 0.352550 1.918973
vt 0.358409 1.927763
vt 0.355480 1.928739
vt 0.355480 1.918973
vt 0.060549 1.984405
vt 0.060549 1.993194
vt 0.051759 1.988311
vt 0.331065 1.934599
vt 0.338878 1.937529
vt 0.335948 1.939482
vt 0.338878 1.937529
vt 0.331065 1.934599
vt 0.333018 1.931669
vt 0.340831 1.928739
vt 0.341807 1.938505
vt 0.338878 1.937529
vt 0.341807 1.938505
vt 0.340831 1.928739
vt 0.343760 1.929716
vt 0.060549 1.984405
vt 0.060549 1.993194
vt 0.051759 1.988311
vt 0.314463 1.929716
vt 0.320322 1.937529
vt 0.316416 1.938505
vt 0.317392 1.928739
vt 0.326182 1.931669
vt 0.322275 1.939482
vt 0.320322 1.937529
vt 0.322275 1.939482
vt 0.326182 1.931669
vt 0.327158 1.934599
vt 0.060549 1.984405
vt 0.060549 1.993194
vt 0.051759 1.988311
vt 0.302744 1.918973
vt 0.302744 1.928739
vt 0.299814 1.927763
vt 0.305673 1.918973
vt 0.311533 1.925810
vt 0.303720 1.931669
vt 0.302744 1.928739
vt 0.312510 1.928739
vt 0.060549 1.984405
vt 0.060549 1.993194
vt 0.051759 1.988311
vt 0.296884 1.903348
vt 0.292978 1.911161
vt 0.292001 1.909207
vt 0.299814 1.905301
vt 0.302744 1.914090
vt 0.292001 1.914090
vt 0.292978 1.911161
vt 0.301767 1.917020
vt 0.060549 1.993194
vt 0.057619 1.996124
vt 0.057619 1.993194
vt 0.060549 1.996124
vt 0.057619 1.996124
vt 0.060549 1.993194
vt 0.060549 1.996124
vt 0.057619 1.993194
vt 0.060549 1.993194
vt 0.057619 1.996124
vt 0.057619 1.993194
vt 0.060549 1.996124
vt 0.060549 1.993194
vt 0.057619 1.996124
vt 0.057619 1.993194
vt 0.060549 1.996124
vt 0.060549 1.993194
vt 0.057619 1.996124
vt 0.057619 1.993194
vt 0.060549 1.996124
vt 0.060549 1.993194
vt 0.057619 1.996124
vt 0.057619 1.993194
vt 0.060549 1.996124
vt 0.060549 1.993194
vt 0.057619 1.996124
vt 0.057619 1.993194
vt 0.060549 1.996124
vt 0.060549 1.993194
vt 0.057619 1.996124
vt 0.057619 1.993194
vt 0.060549 1.996124
vt 0.060549 1.993194
vt 0.057619 1.996124
vt 0.057619 1.993194
vt 0.060549 1.996124
vt 0.060549 1.993194
vt 0.057619 1.996124
vt 0.057619 1.993194
vt 0.060549 1.996124
vt 0.060549 1.993194
vt 0.057619 1.996124
vt 0.057619 1.993194
vt 0.060549 1.996124
vt 0.060549 1.993194
vt 0.057619 1.996124
vt 0.057619 1.993194
vt 0.060549 1.996124
vt 0.060549 1.996124
vt 0.060549 1.993194
vt 0.106449 1.996124
vt 0.106449 1.984405
vt 0.060549 1.984405
vt 0.060549 1.996124
vt 0.060549 1.993194
vt 0.106449 1.996124
vt 0.106449 1.984405
vt 0.060549 1.984405
vt 0.060549 1.996124
vt 0.060549 1.993194
vt 0.106449 1.996124
vt 0.106449 1.984405
vt 0.060549 1.984405
vt 0.060549 1.996124
vt 0.060549 1.993194
vt 0.106449 1.996124
vt 0.106449 1.984405
vt 0.060549 1.984405
vt 0.060549 1.996124
vt 0.060549 1.993194
vt 0.106449 1.996124
vt 0.106449 1.984405
vt 0.060549 1.984405
vt 0.060549 1.996124
vt 0.060549 1.993194
vt 0.106449 1.996124
vt 0.106449 1.984405
vt 0.060549 1.984405
vt 0.060549 1.996124
vt 0.060549 1.993194
vt 0.106449 1.996124
vt 0.106449 1.984405
vt 0.060549 1.984405
vt 0.060549 1.996124
vt 0.060549 1.993194
vt 0.106449 1.996124
vt 0.106449 1.984405
vt 0.060549 1.984405
vt 0.060549 1.996124
vt 0.060549 1.993194
vt 0.106449 1.996124
vt 0.106449 1.984405
vt 0.060549 1.984405
vt 0.060549 1.996124
vt 0.060549 1.993194
vt 0.106449 1.996124
vt 0.106449 1.984405
vt 0.060549 1.984405
vt 0.060549 1.996124
vt 0.060549 1.993194
vt 0.106449 1.996124
vt 0.106449 1.984405
vt 0.060549 1.984405
vt 0.060549 1.996124
vt 0.060549 1.993194
vt 0.106449 1.996124
vt 0.106449 1.984405
vt 0.060549 1.984405
vt 0.299814 1.898465
vt 0.302744 1.889676
vt 0.307627 1.896512
vt 0.292978 1.892605
vt 0.313486 1.886746
vt 0.305673 1.884793
vt 0.311533 1.877957
vt 0.302744 1.876003
vt 0.323252 1.880886
vt 0.317392 1.875027
vt 0.326182 1.872097
vt 0.320322 1.866237
vt 0.334971 1.880886
vt 0.333018 1.872097
vt 0.333018 1.872097
vt 0.340831 1.875027
vt 0.334971 1.880886
vt 0.338878 1.866237
vt 0.344737 1.886746
vt 0.346690 1.877957
vt 0.353526 1.884793
vt 0.355480 1.876003
vt 0.350597 1.896512
vt 0.356456 1.889676
vt 0.359386 1.898465
vt 0.365246 1.892605
vt 0.359386 1.905301
vt 0.356456 1.914090
vt 0.350597 1.907254
vt 0.365246 1.911161
vt 0.352550 1.918973
vt 0.344737 1.917997
vt 0.346690 1.925810
vt 0.355480 1.928739
vt 0.334971 1.922880
vt 0.340831 1.928739
vt 0.333018 1.931669
vt 0.338878 1.937529
vt 0.350597 1.896512
vt 0.359386 1.898465
vt 0.326182 1.931669
vt 0.317392 1.928739
vt 0.323252 1.922880
vt 0.320322 1.937529
vt 0.313486 1.917997
vt 0.311533 1.925810
vt 0.305673 1.918973
vt 0.302744 1.928739
vt 0.307627 1.907254
vt 0.302744 1.914090
vt 0.299814 1.905301
vt 0.292978 1.911161
vt 0.307627 1.896512
vt 0.299814 1.898465
vt 0.333018 1.931669
vt 0.334971 1.922880
vt 0.307627 1.907254
vt 0.319346 1.895535
vt 0.319346 1.908231
vt 0.307627 1.896512
vt 0.313486 1.886746
vt 0.329112 1.890652
vt 0.323252 1.880886
vt 0.334971 1.880886
vt 0.339854 1.895535
vt 0.344737 1.886746
vt 0.350597 1.896512
vt 0.339854 1.908231
vt 0.350597 1.907254
vt 0.344737 1.917997
vt 0.329112 1.914090
vt 0.334971 1.922880
vt 0.323252 1.922880
vt 0.313486 1.917997
vt 0.319346 1.908231
vt 0.323252 1.898465
vt 0.323252 1.906278
vt 0.319346 1.895535
vt 0.329112 1.894559
vt 0.329112 1.890652
vt 0.335948 1.898465
vt 0.339854 1.895535
vt 0.335948 1.906278
vt 0.339854 1.908231
vt 0.329112 1.910184
vt 0.329112 1.914090
vt 0.149419 1.997101
vt 0.149419 1.980499
vt 0.153325 1.988311
vt 0.139653 1.980499
vt 0.139653 1.997101
vt 0.134770 1.988311
vt 0.230476 1.976592
vt 0.278329 1.958037
vt 0.278329 1.976592
vt 0.230476 1.958037
vt 0.278329 1.940458
vt 0.230476 1.940458
vt 0.230476 1.994171
vt 0.278329 1.994171
vt 0.230476 1.994171
vt 0.278329 1.976592
vt 0.278329 1.994171
vt 0.230476 1.976592
vt 0.278329 1.958037
vt 0.230476 1.958037
vt 0.278329 1.940458
vt 0.230476 1.940458
vt 0.230476 1.994171
vt 0.278329 1.976592
vt 0.278329 1.994171
vt 0.230476 1.976592
vt 0.278329 1.958037
vt 0.230476 1.958037
vt 0.278329 1.940458
vt 0.230476 1.940458
vt 0.230476 1.994171
vt 0.278329 1.976592
vt 0.278329 1.994171
vt 0.230476 1.976592
vt 0.278329 1.958037
vt 0.230476 1.958037
vt 0.278329 1.940458
vt 0.230476 1.940458
vt 0.170904 1.921903
vt 0.227546 1.955107
vt 0.162114 1.937529
vt 0.227546 1.937529
vt 0.186529 1.913114
vt 0.218757 1.922880
vt 0.204108 1.913114
vt 0.218757 1.969756
vt 0.162114 1.954131
vt 0.170904 1.969756
vt 0.203131 1.978545
vt 0.185553 1.978545
vt 0.204108 1.913114
vt 0.214850 1.925810
vt 0.202155 1.917997
vt 0.218757 1.922880
vt 0.222663 1.938505
vt 0.227546 1.937529
vt 0.222663 1.953154
vt 0.227546 1.955107
vt 0.214850 1.965850
vt 0.218757 1.969756
vt 0.202155 1.973663
vt 0.203131 1.978545
vt 0.187506 1.973663
vt 0.185553 1.978545
vt 0.174810 1.965850
vt 0.170904 1.969756
vt 0.166997 1.953154
vt 0.162114 1.954131
vt 0.166997 1.938505
vt 0.162114 1.937529
vt 0.174810 1.925810
vt 0.170904 1.921903
vt 0.187506 1.917997
vt 0.186529 1.913114
vt 0.417982 1.976592
vt 0.403333 1.993194
vt 0.417982 1.993194
vt 0.403333 1.976592
vt 0.387707 1.993194
vt 0.387707 1.976592
vt 0.373058 1.993194
vt 0.373058 1.976592
vt 0.417982 1.976592
vt 0.403333 1.993194
vt 0.417982 1.993194
vt 0.403333 1.976592
vt 0.387707 1.993194
vt 0.387707 1.976592
vt 0.373058 1.993194
vt 0.373058 1.976592
vt 0.417982 1.976592
vt 0.403333 1.993194
vt 0.417982 1.993194
vt 0.403333 1.976592
vt 0.387707 1.993194
vt 0.387707 1.976592
vt 0.373058 1.993194
vt 0.373058 1.976592
vt 0.417982 1.976592
vt 0.403333 1.993194
vt 0.417982 1.993194
vt 0.403333 1.976592
vt 0.387707 1.993194
vt 0.387707 1.976592
vt 0.373058 1.993194
vt 0.373058 1.976592
vt 0.202155 1.917997
vt 0.214850 1.925810
vt 0.187506 1.917997
vt 0.174810 1.925810
vt 0.222663 1.938505
vt 0.166997 1.938505
vt 0.222663 1.953154
vt 0.166997 1.953154
vt 0.214850 1.965850
vt 0.174810 1.965850
vt 0.202155 1.973663
vt 0.187506 1.973663
vt 0.208991 1.982452
vt 0.218757 1.996124
vt 0.208991 1.996124
vt 0.218757 1.982452
vt 0.199225 1.982452
vt 0.199225 1.996124
vt 0.189459 1.982452
vt 0.189459 1.996124
vt 0.179693 1.982452
vt 0.179693 1.996124
vt 0.169927 1.982452
vt 0.169927 1.996124
vt 0.160161 1.982452
vt 0.160161 1.996124
vt 0.117191 1.981475
vt 0.125980 1.981475
vt 0.122074 1.989288
vt 0.130863 1.989288
vt 0.125980 1.997101
vt 0.117191 1.997101
vt 0.113285 1.989288
vt 0.230476 1.976592
vt 0.278329 1.958037
vt 0.278329 1.976592
vt 0.230476 1.958037
vt 0.278329 1.940458
vt 0.230476 1.940458
vt 0.230476 1.994171
vt 0.278329 1.994171
vt 0.230476 1.994171
vt 0.278329 1.976592
vt 0.278329 1.994171
vt 0.230476 1.976592
vt 0.278329 1.958037
vt 0.230476 1.958037
vt 0.278329 1.940458
vt 0.230476 1.940458
vt 0.230476 1.994171
vt 0.278329 1.976592
vt 0.278329 1.994171
vt 0.230476 1.976592
vt 0.278329 1.958037
vt 0.230476 1.958037
vt 0.278329 1.940458
vt 0.230476 1.940458
vt 0.230476 1.994171
vt 0.278329 1.976592
vt 0.278329 1.994171
vt 0.230476 1.976592
vt 0.278329 1.958037
vt 0.230476 1.958037
vt 0.278329 1.940458
vt 0.230476 1.940458
vt 0.170904 1.921903
vt 0.227546 1.955107
vt 0.162114 1.937529
vt 0.227546 1.937529
vt 0.186529 1.913114
vt 0.218757 1.922880
vt 0.204108 1.913114
vt 0.218757 1.969756
vt 0.162114 1.954131
vt 0.170904 1.969756
vt 0.203131 1.978545
vt 0.185553 1.978545
vt 0.204108 1.913114
vt 0.214850 1.925810
vt 0.202155 1.917997
vt 0.218757 1.922880
vt 0.222663 1.938505
vt 0.227546 1.937529
vt 0.222663 1.953154
vt 0.227546 1.955107
vt 0.214850 1.965850
vt 0.218757 1.969756
vt 0.202155 1.973663
vt 0.203131 1.978545
vt 0.187506 1.973663
vt 0.185553 1.978545
vt 0.174810 1.965850
vt 0.170904 1.969756
vt 0.166997 1.953154
vt 0.162114 1.954131
vt 0.166997 1.938505
vt 0.162114 1.937529
vt 0.174810 1.925810
vt 0.170904 1.921903
vt 0.187506 1.917997
vt 0.186529 1.913114
vt 0.417982 1.976592
vt 0.403333 1.993194
vt 0.417982 1.993194
vt 0.403333 1.976592
vt 0.387707 1.993194
vt 0.387707 1.976592
vt 0.373058 1.993194
vt 0.373058 1.976592
vt 0.417982 1.976592
vt 0.403333 1.993194
vt 0.417982 1.993194
vt 0.403333 1.976592
vt 0.387707 1.993194
vt 0.387707 1.976592
vt 0.373058 1.993194
vt 0.373058 1.976592
vt 0.417982 1.976592
vt 0.403333 1.993194
vt 0.417982 1.993194
vt 0.403333 1.976592
vt 0.387707 1.993194
vt 0.387707 1.976592
vt 0.373058 1.993194
vt 0.373058 1.976592
vt 0.417982 1.976592
vt 0.403333 1.993194
vt 0.417982 1.993194
vt 0.403333 1.976592
vt 0.387707 1.993194
vt 0.387707 1.976592
vt 0.373058 1.993194
vt 0.373058 1.976592
vt 0.202155 1.917997
vt 0.214850 1.925810
vt 0.187506 1.917997
vt 0.174810 1.925810
vt 0.222663 1.938505
vt 0.166997 1.938505
vt 0.222663 1.953154
vt 0.166997 1.953154
vt 0.214850 1.965850
vt 0.174810 1.965850
vt 0.202155 1.973663
vt 0.187506 1.973663
vt 0.208991 1.982452
vt 0.218757 1.996124
vt 0.208991 1.996124
vt 0.218757 1.982452
vt 0.199225 1.982452
vt 0.199225 1.996124
vt 0.189459 1.982452
vt 0.189459 1.996124
vt 0.179693 1.982452
vt 0.179693 1.996124
vt 0.169927 1.982452
vt 0.169927 1.996124
vt 0.160161 1.982452
vt 0.160161 1.996124
vt 0.117191 1.981475
vt 0.125980 1.981475
vt 0.122074 1.989288
vt 0.130863 1.989288
vt 0.125980 1.997101
vt 0.117191 1.997101
vt 0.113285 1.989288
vt 0.230476 1.976592
vt 0.278329 1.958037
vt 0.278329 1.976592
vt 0.230476 1.958037
vt 0.278329 1.940458
vt 0.230476 1.940458
vt 0.230476 1.994171
vt 0.278329 1.994171
vt 0.230476 1.994171
vt 0.278329 1.976592
vt 0.278329 1.994171
vt 0.230476 1.976592
vt 0.278329 1.958037
vt 0.230476 1.958037
vt 0.278329 1.940458
vt 0.230476 1.940458
vt 0.230476 1.994171
vt 0.278329 1.976592
vt 0.278329 1.994171
vt 0.230476 1.976592
vt 0.278329 1.958037
vt 0.230476 1.958037
vt 0.278329 1.940458
vt 0.230476 1.940458
vt 0.230476 1.994171
vt 0.278329 1.976592
vt 0.278329 1.994171
vt 0.230476 1.976592
vt 0.278329 1.958037
vt 0.230476 1.958037
vt 0.278329 1.940458
vt 0.230476 1.940458
vt 0.170904 1.921903
vt 0.227546 1.955107
vt 0.162114 1.937529
vt 0.227546 1.937529
vt 0.186529 1.913114
vt 0.218757 1.922880
vt 0.204108 1.913114
vt 0.218757 1.969756
vt 0.162114 1.954131
vt 0.170904 1.969756
vt 0.203131 1.978545
vt 0.185553 1.978545
vt 0.204108 1.913114
vt 0.214850 1.925810
vt 0.202155 1.917997
vt 0.218757 1.922880
vt 0.222663 1.938505
vt 0.227546 1.937529
vt 0.222663 1.953154
vt 0.227546 1.955107
vt 0.214850 1.965850
vt 0.218757 1.969756
vt 0.202155 1.973663
vt 0.203131 1.978545
vt 0.187506 1.973663
vt 0.185553 1.978545
vt 0.174810 1.965850
vt 0.170904 1.969756
vt 0.166997 1.953154
vt 0.162114 1.954131
vt 0.166997 1.938505
vt 0.162114 1.937529
vt 0.174810 1.925810
vt 0.170904 1.921903
vt 0.187506 1.917997
vt 0.186529 1.913114
vt 0.417982 1.976592
vt 0.403333 1.993194
vt 0.417982 1.993194
vt 0.403333 1.976592
vt 0.387707 1.993194
vt 0.387707 1.976592
vt 0.373058 1.993194
vt 0.373058 1.976592
vt 0.417982 1.976592
vt 0.403333 1.993194
vt 0.417982 1.993194
vt 0.403333 1.976592
vt 0.387707 1.993194
vt 0.387707 1.976592
vt 0.373058 1.993194
vt 0.373058 1.976592
vt 0.417982 1.976592
vt 0.403333 1.993194
vt 0.417982 1.993194
vt 0.403333 1.976592
vt 0.387707 1.993194
vt 0.387707 1.976592
vt 0.373058 1.993194
vt 0.373058 1.976592
vt 0.417982 1.976592
vt 0.403333 1.993194
vt 0.417982 1.993194
vt 0.403333 1.976592
vt 0.387707 1.993194
vt 0.387707 1.976592
vt 0.373058 1.993194
vt 0.373058 1.976592
vt 0.202155 1.917997
vt 0.214850 1.925810
vt 0.187506 1.917997
vt 0.174810 1.925810
vt 0.222663 1.938505
vt 0.166997 1.938505
vt 0.222663 1.953154
vt 0.166997 1.953154
vt 0.214850 1.965850
vt 0.174810 1.965850
vt 0.202155 1.973663
vt 0.187506 1.973663
vt 0.208991 1.982452
vt 0.218757 1.996124
vt 0.208991 1.996124
vt 0.218757 1.982452
vt 0.199225 1.982452
vt 0.199225 1.996124
vt 0.189459 1.982452
vt 0.189459 1.996124
vt 0.179693 1.982452
vt 0.179693 1.996124
vt 0.169927 1.982452
vt 0.169927 1.996124
vt 0.160161 1.982452
vt 0.160161 1.996124
vt 0.117191 1.981475
vt 0.125980 1.981475
vt 0.122074 1.989288
vt 0.130863 1.989288
vt 0.125980 1.997101
vt 0.117191 1.997101
vt 0.113285 1.989288
vt 0.230476 1.976592
vt 0.278329 1.958037
vt 0.278329 1.976592
vt 0.230476 1.958037
vt 0.278329 1.940458
vt 0.230476 1.940458
vt 0.230476 1.994171
vt 0.278329 1.994171
vt 0.230476 1.994171
vt 0.278329 1.976592
vt 0.278329 1.994171
vt 0.230476 1.976592
vt 0.278329 1.958037
vt 0.230476 1.958037
vt 0.278329 1.940458
vt 0.230476 1.940458
vt 0.230476 1.994171
vt 0.278329 1.976592
vt 0.278329 1.994171
vt 0.230476 1.976592
vt 0.278329 1.958037
vt 0.230476 1.958037
vt 0.278329 1.940458
vt 0.230476 1.940458
vt 0.230476 1.994171
vt 0.278329 1.976592
vt 0.278329 1.994171
vt 0.230476 1.976592
vt 0.278329 1.958037
vt 0.230476 1.958037
vt 0.278329 1.940458
vt 0.230476 1.940458
vt 0.170904 1.921903
vt 0.227546 1.955107
vt 0.162114 1.937529
vt 0.227546 1.937529
vt 0.186529 1.913114
vt 0.218757 1.922880
vt 0.204108 1.913114
vt 0.218757 1.969756
vt 0.162114 1.954131
vt 0.170904 1.969756
vt 0.203131 1.978545
vt 0.185553 1.978545
vt 0.204108 1.913114
vt 0.214850 1.925810
vt 0.202155 1.917997
vt 0.218757 1.922880
vt 0.222663 1.938505
vt 0.227546 1.937529
vt 0.222663 1.953154
vt 0.227546 1.955107
vt 0.214850 1.965850
vt 0.218757 1.969756
vt 0.202155 1.973663
vt 0.203131 1.978545
vt 0.187506 1.973663
vt 0.185553 1.978545
vt 0.174810 1.965850
vt 0.170904 1.969756
vt 0.166997 1.953154
vt 0.162114 1.954131
vt 0.166997 1.938505
vt 0.162114 1.937529
vt 0.174810 1.925810
vt 0.170904 1.921903
vt 0.187506 1.917997
vt 0.186529 1.913114
vt 0.417982 1.976592
vt 0.403333 1.993194
vt 0.417982 1.993194
vt 0.403333 1.976592
vt 0.387707 1.993194
vt 0.387707 1.976592
vt 0.373058 1.993194
vt 0.373058 1.976592
vt 0.417982 1.976592
vt 0.403333 1.993194
vt 0.417982 1.993194
vt 0.403333 1.976592
vt 0.387707 1.993194
vt 0.387707 1.976592
vt 0.373058 1.993194
vt 0.373058 1.976592
vt 0.417982 1.976592
vt 0.403333 1.993194
vt 0.417982 1.993194
vt 0.403333 1.976592
vt 0.387707 1.993194
vt 0.387707 1.976592
vt 0.373058 1.993194
vt 0.373058 1.976592
vt 0.417982 1.976592
vt 0.403333 1.993194
vt 0.417982 1.993194
vt 0.403333 1.976592
vt 0.387707 1.993194
vt 0.387707 1.976592
vt 0.373058 1.993194
vt 0.373058 1.976592
vt 0.202155 1.917997
vt 0.214850 1.925810
vt 0.187506 1.917997
vt 0.174810 1.925810
vt 0.222663 1.938505
vt 0.166997 1.938505
vt 0.222663 1.953154
vt 0.166997 1.953154
vt 0.214850 1.965850
vt 0.174810 1.965850
vt 0.202155 1.973663
vt 0.187506 1.973663
vt 0.208991 1.982452
vt 0.218757 1.996124
vt 0.208991 1.996124
vt 0.218757 1.982452
vt 0.199225 1.982452
vt 0.199225 1.996124
vt 0.189459 1.982452
vt 0.189459 1.996124
vt 0.179693 1.982452
vt 0.179693 1.996124
vt 0.169927 1.982452
vt 0.169927 1.996124
vt 0.160161 1.982452
vt 0.160161 1.996124
vt 0.117191 1.981475
vt 0.125980 1.981475
vt 0.122074 1.989288
vt 0.130863 1.989288
vt 0.125980 1.997101
vt 0.117191 1.997101
vt 0.113285 1.989288
vt 0.230476 1.976592
vt 0.278329 1.958037
vt 0.278329 1.976592
vt 0.230476 1.958037
vt 0.278329 1.940458
vt 0.230476 1.940458
vt 0.230476 1.994171
vt 0.278329 1.994171
vt 0.230476 1.994171
vt 0.278329 1.976592
vt 0.278329 1.994171
vt 0.230476 1.976592
vt 0.278329 1.958037
vt 0.230476 1.958037
vt 0.278329 1.940458
vt 0.230476 1.940458
vt 0.230476 1.994171
vt 0.278329 1.976592
vt 0.278329 1.994171
vt 0.230476 1.976592
vt 0.278329 1.958037
vt 0.230476 1.958037
vt 0.278329 1.940458
vt 0.230476 1.940458
vt 0.230476 1.994171
vt 0.278329 1.976592
vt 0.278329 1.994171
vt 0.230476 1.976592
vt 0.278329 1.958037
vt 0.230476 1.958037
vt 0.278329 1.940458
vt 0.230476 1.940458
vt 0.170904 1.921903
vt 0.227546 1.955107
vt 0.162114 1.937529
vt 0.227546 1.937529
vt 0.186529 1.913114
vt 0.218757 1.922880
vt 0.204108 1.913114
vt 0.218757 1.969756
vt 0.162114 1.954131
vt 0.170904 1.969756
vt 0.203131 1.978545
vt 0.185553 1.978545
vt 0.204108 1.913114
vt 0.214850 1.925810
vt 0.202155 1.917997
vt 0.218757 1.922880
vt 0.222663 1.938505
vt 0.227546 1.937529
vt 0.222663 1.953154
vt 0.227546 1.955107
vt 0.214850 1.965850
vt 0.218757 1.969756
vt 0.202155 1.973663
vt 0.203131 1.978545
vt 0.187506 1.973663
vt 0.185553 1.978545
vt 0.174810 1.965850
vt 0.170904 1.969756
vt 0.166997 1.953154
vt 0.162114 1.954131
vt 0.166997 1.938505
vt 0.162114 1.937529
vt 0.174810 1.925810
vt 0.170904 1.921903
vt 0.187506 1.917997
vt 0.186529 1.913114
vt 0.417982 1.976592
vt 0.403333 1.993194
vt 0.417982 1.993194
vt 0.403333 1.976592
vt 0.387707 1.993194
vt 0.387707 1.976592
vt 0.373058 1.993194
vt 0.373058 1.976592
vt 0.417982 1.976592
vt 0.403333 1.993194
vt 0.417982 1.993194
vt 0.403333 1.976592
vt 0.387707 1.993194
vt 0.387707 1.976592
vt 0.373058 1.993194
vt 0.373058 1.976592
vt 0.417982 1.976592
vt 0.403333 1.993194
vt 0.417982 1.993194
vt 0.403333 1.976592
vt 0.387707 1.993194
vt 0.387707 1.976592
vt 0.373058 1.993194
vt 0.373058 1.976592
vt 0.417982 1.976592
vt 0.403333 1.993194
vt 0.417982 1.993194
vt 0.403333 1.976592
vt 0.387707 1.993194
vt 0.387707 1.976592
vt 0.373058 1.993194
vt 0.373058 1.976592
vt 0.202155 1.917997
vt 0.214850 1.925810
vt 0.187506 1.917997
vt 0.174810 1.925810
vt 0.222663 1.938505
vt 0.166997 1.938505
vt 0.222663 1.953154
vt 0.166997 1.953154
vt 0.214850 1.965850
vt 0.174810 1.965850
vt 0.202155 1.973663
vt 0.187506 1.973663
vt 0.208991 1.982452
vt 0.218757 1.996124
vt 0.208991 1.996124
vt 0.218757 1.982452
vt 0.199225 1.982452
vt 0.199225 1.996124
vt 0.189459 1.982452
vt 0.189459 1.996124
vt 0.179693 1.982452
vt 0.179693 1.996124
vt 0.169927 1.982452
vt 0.169927 1.996124
vt 0.160161 1.982452
vt 0.160161 1.996124
vt 0.117191 1.981475
vt 0.125980 1.981475
vt 0.122074 1.989288
vt 0.130863 1.989288
vt 0.125980 1.997101
vt 0.117191 1.997101
vt 0.113285 1.989288
vt 0.230476 1.976592
vt 0.278329 1.958037
vt 0.278329 1.976592
vt 0.230476 1.958037
vt 0.278329 1.940458
vt 0.230476 1.940458
vt 0.230476 1.994171
vt 0.278329 1.994171
vt 0.230476 1.994171
vt 0.278329 1.976592
vt 0.278329 1.994171
vt 0.230476 1.976592
vt 0.278329 1.958037
vt 0.230476 1.958037
vt 0.278329 1.940458
vt 0.230476 1.940458
vt 0.230476 1.994171
vt 0.278329 1.976592
vt 0.278329 1.994171
vt 0.230476 1.976592
vt 0.278329 1.958037
vt 0.230476 1.958037
vt 0.278329 1.940458
vt 0.230476 1.940458
vt 0.230476 1.994171
vt 0.278329 1.976592
vt 0.278329 1.994171
vt 0.230476 1.976592
vt 0.278329 1.958037
vt 0.230476 1.958037
vt 0.278329 1.940458
vt 0.230476 1.940458
vt 0.170904 1.921903
vt 0.227546 1.955107
vt 0.162114 1.937529
vt 0.227546 1.937529
vt 0.186529 1.913114
vt 0.218757 1.922880
vt 0.204108 1.913114
vt 0.218757 1.969756
vt 0.162114 1.954131
vt 0.170904 1.969756
vt 0.203131 1.978545
vt 0.185553 1.978545
vt 0.204108 1.913114
vt 0.214850 1.925810
vt 0.202155 1.917997
vt 0.218757 1.922880
vt 0.222663 1.938505
vt 0.227546 1.937529
vt 0.222663 1.953154
vt 0.227546 1.955107
vt 0.214850 1.965850
vt 0.218757 1.969756
vt 0.202155 1.973663
vt 0.203131 1.978545
vt 0.187506 1.973663
vt 0.185553 1.978545
vt 0.174810 1.965850
vt 0.170904 1.969756
vt 0.166997 1.953154
vt 0.162114 1.954131
vt 0.166997 1.938505
vt 0.162114 1.937529
vt 0.174810 1.925810
vt 0.170904 1.921903
vt 0.187506 1.917997
vt 0.186529 1.913114
vt 0.417982 1.976592
vt 0.403333 1.993194
vt 0.417982 1.993194
vt 0.403333 1.976592
vt 0.387707 1.993194
vt 0.387707 1.976592
vt 0.373058 1.993194
vt 0.373058 1.976592
vt 0.417982 1.976592
vt 0.403333 1.993194
vt 0.417982 1.993194
vt 0.403333 1.976592
vt 0.387707 1.993194
vt 0.387707 1.976592
vt 0.373058 1.993194
vt 0.373058 1.976592
vt 0.417982 1.976592
vt 0.403333 1.993194
vt 0.417982 1.993194
vt 0.403333 1.976592
vt 0.387707 1.993194
vt 0.387707 1.976592
vt 0.373058 1.993194
vt 0.373058 1.976592
vt 0.417982 1.976592
vt 0.403333 1.993194
vt 0.417982 1.993194
vt 0.403333 1.976592
vt 0.387707 1.993194
vt 0.387707 1.976592
vt 0.373058 1.993194
vt 0.373058 1.976592
vt 0.202155 1.917997
vt 0.214850 1.925810
vt 0.187506 1.917997
vt 0.174810 1.925810
vt 0.222663 1.938505
vt 0.166997 1.938505
vt 0.222663 1.953154
vt 0.166997 1.953154
vt 0.214850 1.965850
vt 0.174810 1.965850
vt 0.202155 1.973663
vt 0.187506 1.973663
vt 0.208991 1.982452
vt 0.218757 1.996124
vt 0.208991 1.996124
vt 0.218757 1.982452
vt 0.199225 1.982452
vt 0.199225 1.996124
vt 0.189459 1.982452
vt 0.189459 1.996124
vt 0.179693 1.982452
vt 0.179693 1.996124
vt 0.169927 1.982452
vt 0.169927 1.996124
vt 0.160161 1.982452
vt 0.160161 1.996124
vt 0.117191 1.981475
vt 0.125980 1.981475
vt 0.122074 1.989288
vt 0.130863 1.989288
vt 0.125980 1.997101
vt 0.117191 1.997101
vt 0.113285 1.989288
vt 0.230476 1.976592
vt 0.278329 1.958037
vt 0.230476 1.958037
vt 0.278329 1.976592
vt 0.230476 1.994171
vt 0.278329 1.994171
vt 0.278329 1.940458
vt 0.230476 1.940458
vt 0.230476 1.994171
vt 0.278329 1.976592
vt 0.230476 1.976592
vt 0.278329 1.994171
vt 0.278329 1.958037
vt 0.230476 1.958037
vt 0.278329 1.940458
vt 0.230476 1.940458
vt 0.230476 1.994171
vt 0.278329 1.976592
vt 0.230476 1.976592
vt 0.278329 1.994171
vt 0.278329 1.958037
vt 0.230476 1.958037
vt 0.278329 1.940458
vt 0.230476 1.940458
vt 0.230476 1.994171
vt 0.278329 1.976592
vt 0.230476 1.976592
vt 0.278329 1.994171
vt 0.278329 1.958037
vt 0.230476 1.958037
vt 0.278329 1.940458
vt 0.230476 1.940458
vt 0.170904 1.921903
vt 0.227546 1.955107
vt 0.227546 1.937529
vt 0.162114 1.937529
vt 0.218757 1.969756
vt 0.162114 1.954131
vt 0.170904 1.969756
vt 0.203131 1.978545
vt 0.185553 1.978545
vt 0.186529 1.913114
vt 0.218757 1.922880
vt 0.204108 1.913114
vt 0.204108 1.913114
vt 0.214850 1.925810
vt 0.218757 1.922880
vt 0.202155 1.917997
vt 0.186529 1.913114
vt 0.187506 1.917997
vt 0.170904 1.921903
vt 0.174810 1.925810
vt 0.162114 1.937529
vt 0.166997 1.938505
vt 0.162114 1.954131
vt 0.166997 1.953154
vt 0.170904 1.969756
vt 0.174810 1.965850
vt 0.185553 1.978545
vt 0.187506 1.973663
vt 0.203131 1.978545
vt 0.202155 1.973663
vt 0.218757 1.969756
vt 0.214850 1.965850
vt 0.227546 1.955107
vt 0.222663 1.953154
vt 0.227546 1.937529
vt 0.222663 1.938505
vt 0.417982 1.976592
vt 0.403333 1.993194
vt 0.403333 1.976592
vt 0.417982 1.993194
vt 0.387707 1.993194
vt 0.387707 1.976592
vt 0.373058 1.993194
vt 0.373058 1.976592
vt 0.417982 1.976592
vt 0.403333 1.993194
vt 0.403333 1.976592
vt 0.417982 1.993194
vt 0.387707 1.993194
vt 0.387707 1.976592
vt 0.373058 1.993194
vt 0.373058 1.976592
vt 0.417982 1.976592
vt 0.403333 1.993194
vt 0.403333 1.976592
vt 0.417982 1.993194
vt 0.387707 1.993194
vt 0.387707 1.976592
vt 0.373058 1.993194
vt 0.373058 1.976592
vt 0.417982 1.976592
vt 0.403333 1.993194
vt 0.403333 1.976592
vt 0.417982 1.993194
vt 0.387707 1.993194
vt 0.387707 1.976592
vt 0.373058 1.993194
vt 0.373058 1.976592
vt 0.202155 1.917997
vt 0.187506 1.917997
vt 0.214850 1.925810
vt 0.174810 1.925810
vt 0.222663 1.938505
vt 0.166997 1.938505
vt 0.222663 1.953154
vt 0.166997 1.953154
vt 0.214850 1.965850
vt 0.174810 1.965850
vt 0.202155 1.973663
vt 0.187506 1.973663
vt 0.208991 1.982452
vt 0.218757 1.996124
vt 0.218757 1.982452
vt 0.208991 1.996124
vt 0.199225 1.982452
vt 0.199225 1.996124
vt 0.189459 1.982452
vt 0.189459 1.996124
vt 0.179693 1.982452
vt 0.179693 1.996124
vt 0.169927 1.982452
vt 0.169927 1.996124
vt 0.160161 1.982452
vt 0.160161 1.996124
vt 0.117191 1.981475
vt 0.122074 1.989288
vt 0.125980 1.981475
vt 0.113285 1.989288
vt 0.117191 1.997101
vt 0.125980 1.997101
vt 0.130863 1.989288
vt 0.230476 1.976592
vt 0.278329 1.958037
vt 0.230476 1.958037
vt 0.278329 1.976592
vt 0.230476 1.994171
vt 0.278329 1.994171
vt 0.278329 1.940458
vt 0.230476 1.940458
vt 0.230476 1.994171
vt 0.278329 1.976592
vt 0.230476 1.976592
vt 0.278329 1.994171
vt 0.278329 1.958037
vt 0.230476 1.958037
vt 0.278329 1.940458
vt 0.230476 1.940458
vt 0.230476 1.994171
vt 0.278329 1.976592
vt 0.230476 1.976592
vt 0.278329 1.994171
vt 0.278329 1.958037
vt 0.230476 1.958037
vt 0.278329 1.940458
vt 0.230476 1.940458
vt 0.230476 1.994171
vt 0.278329 1.976592
vt 0.230476 1.976592
vt 0.278329 1.994171
vt 0.278329 1.958037
vt 0.230476 1.958037
vt 0.278329 1.940458
vt 0.230476 1.940458
vt 0.170904 1.921903
vt 0.227546 1.955107
vt 0.227546 1.937529
vt 0.162114 1.937529
vt 0.218757 1.969756
vt 0.162114 1.954131
vt 0.170904 1.969756
vt 0.203131 1.978545
vt 0.185553 1.978545
vt 0.186529 1.913114
vt 0.218757 1.922880
vt 0.204108 1.913114
vt 0.204108 1.913114
vt 0.214850 1.925810
vt 0.218757 1.922880
vt 0.202155 1.917997
vt 0.186529 1.913114
vt 0.187506 1.917997
vt 0.170904 1.921903
vt 0.174810 1.925810
vt 0.162114 1.937529
vt 0.166997 1.938505
vt 0.162114 1.954131
vt 0.166997 1.953154
vt 0.170904 1.969756
vt 0.174810 1.965850
vt 0.185553 1.978545
vt 0.187506 1.973663
vt 0.203131 1.978545
vt 0.202155 1.973663
vt 0.218757 1.969756
vt 0.214850 1.965850
vt 0.227546 1.955107
vt 0.222663 1.953154
vt 0.227546 1.937529
vt 0.222663 1.938505
vt 0.417982 1.976592
vt 0.403333 1.993194
vt 0.403333 1.976592
vt 0.417982 1.993194
vt 0.387707 1.993194
vt 0.387707 1.976592
vt 0.373058 1.993194
vt 0.373058 1.976592
vt 0.417982 1.976592
vt 0.403333 1.993194
vt 0.403333 1.976592
vt 0.417982 1.993194
vt 0.387707 1.993194
vt 0.387707 1.976592
vt 0.373058 1.993194
vt 0.373058 1.976592
vt 0.417982 1.976592
vt 0.403333 1.993194
vt 0.403333 1.976592
vt 0.417982 1.993194
vt 0.387707 1.993194
vt 0.387707 1.976592
vt 0.373058 1.993194
vt 0.373058 1.976592
vt 0.417982 1.976592
vt 0.403333 1.993194
vt 0.403333 1.976592
vt 0.417982 1.993194
vt 0.387707 1.993194
vt 0.387707 1.976592
vt 0.373058 1.993194
vt 0.373058 1.976592
vt 0.202155 1.917997
vt 0.187506 1.917997
vt 0.214850 1.925810
vt 0.174810 1.925810
vt 0.222663 1.938505
vt 0.166997 1.938505
vt 0.222663 1.953154
vt 0.166997 1.953154
vt 0.214850 1.965850
vt 0.174810 1.965850
vt 0.202155 1.973663
vt 0.187506 1.973663
vt 0.208991 1.982452
vt 0.218757 1.996124
vt 0.218757 1.982452
vt 0.208991 1.996124
vt 0.199225 1.982452
vt 0.199225 1.996124
vt 0.189459 1.982452
vt 0.189459 1.996124
vt 0.179693 1.982452
vt 0.179693 1.996124
vt 0.169927 1.982452
vt 0.169927 1.996124
vt 0.160161 1.982452
vt 0.160161 1.996124
vt 0.117191 1.981475
vt 0.122074 1.989288
vt 0.125980 1.981475
vt 0.113285 1.989288
vt 0.117191 1.997101
vt 0.125980 1.997101
vt 0.130863 1.989288
vt 0.230476 1.976592
vt 0.278329 1.958037
vt 0.230476 1.958037
vt 0.278329 1.976592
vt 0.230476 1.994171
vt 0.278329 1.994171
vt 0.278329 1.940458
vt 0.230476 1.940458
vt 0.230476 1.994171
vt 0.278329 1.976592
vt 0.230476 1.976592
vt 0.278329 1.994171
vt 0.278329 1.958037
vt 0.230476 1.958037
vt 0.278329 1.940458
vt 0.230476 1.940458
vt 0.230476 1.994171
vt 0.278329 1.976592
vt 0.230476 1.976592
vt 0.278329 1.994171
vt 0.278329 1.958037
vt 0.230476 1.958037
vt 0.278329 1.940458
vt 0.230476 1.940458
vt 0.230476 1.994171
vt 0.278329 1.976592
vt 0.230476 1.976592
vt 0.278329 1.994171
vt 0.278329 1.958037
vt 0.230476 1.958037
vt 0.278329 1.940458
vt 0.230476 1.940458
vt 0.170904 1.921903
vt 0.227546 1.955107
vt 0.227546 1.937529
vt 0.162114 1.937529
vt 0.218757 1.969756
vt 0.162114 1.954131
vt 0.170904 1.969756
vt 0.203131 1.978545
vt 0.185553 1.978545
vt 0.186529 1.913114
vt 0.218757 1.922880
vt 0.204108 1.913114
vt 0.204108 1.913114
vt 0.214850 1.925810
vt 0.218757 1.922880
vt 0.202155 1.917997
vt 0.186529 1.913114
vt 0.187506 1.917997
vt 0.170904 1.921903
vt 0.174810 1.925810
vt 0.162114 1.937529
vt 0.166997 1.938505
vt 0.162114 1.954131
vt 0.166997 1.953154
vt 0.170904 1.969756
vt 0.174810 1.965850
vt 0.185553 1.978545
vt 0.187506 1.973663
vt 0.203131 1.978545
vt 0.202155 1.973663
vt 0.218757 1.969756
vt 0.214850 1.965850
vt 0.227546 1.955107
vt 0.222663 1.953154
vt 0.227546 1.937529
vt 0.222663 1.938505
vt 0.417982 1.976592
vt 0.403333 1.993194
vt 0.403333 1.976592
vt 0.417982 1.993194
vt 0.387707 1.993194
vt 0.387707 1.976592
vt 0.373058 1.993194
vt 0.373058 1.976592
vt 0.417982 1.976592
vt 0.403333 1.993194
vt 0.403333 1.976592
vt 0.417982 1.993194
vt 0.387707 1.993194
vt 0.387707 1.976592
vt 0.373058 1.993194
vt 0.373058 1.976592
vt 0.417982 1.976592
vt 0.403333 1.993194
vt 0.403333 1.976592
vt 0.417982 1.993194
vt 0.387707 1.993194
vt 0.387707 1.976592
vt 0.373058 1.993194
vt 0.373058 1.976592
vt 0.417982 1.976592
vt 0.403333 1.993194
vt 0.403333 1.976592
vt 0.417982 1.993194
vt 0.387707 1.993194
vt 0.387707 1.976592
vt 0.373058 1.993194
vt 0.373058 1.976592
vt 0.202155 1.917997
vt 0.187506 1.917997
vt 0.214850 1.925810
vt 0.174810 1.925810
vt 0.222663 1.938505
vt 0.166997 1.938505
vt 0.222663 1.953154
vt 0.166997 1.953154
vt 0.214850 1.965850
vt 0.174810 1.965850
vt 0.202155 1.973663
vt 0.187506 1.973663
vt 0.208991 1.982452
vt 0.218757 1.996124
vt 0.218757 1.982452
vt 0.208991 1.996124
vt 0.199225 1.982452
vt 0.199225 1.996124
vt 0.189459 1.982452
vt 0.189459 1.996124
vt 0.179693 1.982452
vt 0.179693 1.996124
vt 0.169927 1.982452
vt 0.169927 1.996124
vt 0.160161 1.982452
vt 0.160161 1.996124
vt 0.117191 1.981475
vt 0.122074 1.989288
vt 0.125980 1.981475
vt 0.113285 1.989288
vt 0.117191 1.997101
vt 0.125980 1.997101
vt 0.130863 1.989288
vt 0.230476 1.976592
vt 0.278329 1.958037
vt 0.230476 1.958037
vt 0.278329 1.976592
vt 0.230476 1.994171
vt 0.278329 1.994171
vt 0.278329 1.940458
vt 0.230476 1.940458
vt 0.230476 1.994171
vt 0.278329 1.976592
vt 0.230476 1.976592
vt 0.278329 1.994171
vt 0.278329 1.958037
vt 0.230476 1.958037
vt 0.278329 1.940458
vt 0.230476 1.940458
vt 0.230476 1.994171
vt 0.278329 1.976592
vt 0.230476 1.976592
vt 0.278329 1.994171
vt 0.278329 1.958037
vt 0.230476 1.958037
vt 0.278329 1.940458
vt 0.230476 1.940458
vt 0.230476 1.994171
vt 0.278329 1.976592
vt 0.230476 1.976592
vt 0.278329 1.994171
vt 0.278329 1.958037
vt 0.230476 1.958037
vt 0.278329 1.940458
vt 0.230476 1.940458
vt 0.170904 1.921903
vt 0.227546 1.955107
vt 0.227546 1.937529
vt 0.162114 1.937529
vt 0.218757 1.969756
vt 0.162114 1.954131
vt 0.170904 1.969756
vt 0.203131 1.978545
vt 0.185553 1.978545
vt 0.186529 1.913114
vt 0.218757 1.922880
vt 0.204108 1.913114
vt 0.204108 1.913114
vt 0.214850 1.925810
vt 0.218757 1.922880
vt 0.202155 1.917997
vt 0.186529 1.913114
vt 0.187506 1.917997
vt 0.170904 1.921903
vt 0.174810 1.925810
vt 0.162114 1.937529
vt 0.166997 1.938505
vt 0.162114 1.954131
vt 0.166997 1.953154
vt 0.170904 1.969756
vt 0.174810 1.965850
vt 0.185553 1.978545
vt 0.187506 1.973663
vt 0.203131 1.978545
vt 0.202155 1.973663
vt 0.218757 1.969756
vt 0.214850 1.965850
vt 0.227546 1.955107
vt 0.222663 1.953154
vt 0.227546 1.937529
vt 0.222663 1.938505
vt 0.417982 1.976592
vt 0.403333 1.993194
vt 0.403333 1.976592
vt 0.417982 1.993194
vt 0.387707 1.993194
vt 0.387707 1.976592
vt 0.373058 1.993194
vt 0.373058 1.976592
vt 0.417982 1.976592
vt 0.403333 1.993194
vt 0.403333 1.976592
vt 0.417982 1.993194
vt 0.387707 1.993194
vt 0.387707 1.976592
vt 0.373058 1.993194
vt 0.373058 1.976592
vt 0.417982 1.976592
vt 0.403333 1.993194
vt 0.403333 1.976592
vt 0.417982 1.993194
vt 0.387707 1.993194
vt 0.387707 1.976592
vt 0.373058 1.993194
vt 0.373058 1.976592
vt 0.417982 1.976592
vt 0.403333 1.993194
vt 0.403333 1.976592
vt 0.417982 1.993194
vt 0.387707 1.993194
vt 0.387707 1.976592
vt 0.373058 1.993194
vt 0.373058 1.976592
vt 0.202155 1.917997
vt 0.187506 1.917997
vt 0.214850 1.925810
vt 0.174810 1.925810
vt 0.222663 1.938505
vt 0.166997 1.938505
vt 0.222663 1.953154
vt 0.166997 1.953154
vt 0.214850 1.965850
vt 0.174810 1.965850
vt 0.202155 1.973663
vt 0.187506 1.973663
vt 0.208991 1.982452
vt 0.218757 1.996124
vt 0.218757 1.982452
vt 0.208991 1.996124
vt 0.199225 1.982452
vt 0.199225 1.996124
vt 0.189459 1.982452
vt 0.189459 1.996124
vt 0.179693 1.982452
vt 0.179693 1.996124
vt 0.169927 1.982452
vt 0.169927 1.996124
vt 0.160161 1.982452
vt 0.160161 1.996124
vt 0.117191 1.981475
vt 0.122074 1.989288
vt 0.125980 1.981475
vt 0.113285 1.989288
vt 0.117191 1.997101
vt 0.125980 1.997101
vt 0.130863 1.989288
vt 0.230476 1.976592
vt 0.278329 1.958037
vt 0.230476 1.958037
vt 0.278329 1.976592
vt 0.230476 1.994171
vt 0.278329 1.994171
vt 0.278329 1.940458
vt 0.230476 1.940458
vt 0.230476 1.994171
vt 0.278329 1.976592
vt 0.230476 1.976592
vt 0.278329 1.994171
vt 0.278329 1.958037
vt 0.230476 1.958037
vt 0.278329 1.940458
vt 0.230476 1.940458
vt 0.230476 1.994171
vt 0.278329 1.976592
vt 0.230476 1.976592
vt 0.278329 1.994171
vt 0.278329 1.958037
vt 0.230476 1.958037
vt 0.278329 1.940458
vt 0.230476 1.940458
vt 0.230476 1.994171
vt 0.278329 1.976592
vt 0.230476 1.976592
vt 0.278329 1.994171
vt 0.278329 1.958037
vt 0.230476 1.958037
vt 0.278329 1.940458
vt 0.230476 1.940458
vt 0.170904 1.921903
vt 0.227546 1.955107
vt 0.227546 1.937529
vt 0.162114 1.937529
vt 0.218757 1.969756
vt 0.162114 1.954131
vt 0.170904 1.969756
vt 0.203131 1.978545
vt 0.185553 1.978545
vt 0.186529 1.913114
vt 0.218757 1.922880
vt 0.204108 1.913114
vt 0.204108 1.913114
vt 0.214850 1.925810
vt 0.218757 1.922880
vt 0.202155 1.917997
vt 0.186529 1.913114
vt 0.187506 1.917997
vt 0.170904 1.921903
vt 0.174810 1.925810
vt 0.162114 1.937529
vt 0.166997 1.938505
vt 0.162114 1.954131
vt 0.166997 1.953154
vt 0.170904 1.969756
vt 0.174810 1.965850
vt 0.185553 1.978545
vt 0.187506 1.973663
vt 0.203131 1.978545
vt 0.202155 1.973663
vt 0.218757 1.969756
vt 0.214850 1.965850
vt 0.227546 1.955107
vt 0.222663 1.953154
vt 0.227546 1.937529
vt 0.222663 1.938505
vt 0.417982 1.976592
vt 0.403333 1.993194
vt 0.403333 1.976592
vt 0.417982 1.993194
vt 0.387707 1.993194
vt 0.387707 1.976592
vt 0.373058 1.993194
vt 0.373058 1.976592
vt 0.417982 1.976592
vt 0.403333 1.993194
vt 0.403333 1.976592
vt 0.417982 1.993194
vt 0.387707 1.993194
vt 0.387707 1.976592
vt 0.373058 1.993194
vt 0.373058 1.976592
vt 0.417982 1.976592
vt 0.403333 1.993194
vt 0.403333 1.976592
vt 0.417982 1.993194
vt 0.387707 1.993194
vt 0.387707 1.976592
vt 0.373058 1.993194
vt 0.373058 1.976592
vt 0.417982 1.976592
vt 0.403333 1.993194
vt 0.403333 1.976592
vt 0.417982 1.993194
vt 0.387707 1.993194
vt 0.387707 1.976592
vt 0.373058 1.993194
vt 0.373058 1.976592
vt 0.202155 1.917997
vt 0.187506 1.917997
vt 0.214850 1.925810
vt 0.174810 1.925810
vt 0.222663 1.938505
vt 0.166997 1.938505
vt 0.222663 1.953154
vt 0.166997 1.953154
vt 0.214850 1.965850
vt 0.174810 1.965850
vt 0.202155 1.973663
vt 0.187506 1.973663
vt 0.208991 1.982452
vt 0.218757 1.996124
vt 0.218757 1.982452
vt 0.208991 1.996124
vt 0.199225 1.982452
vt 0.199225 1.996124
vt 0.189459 1.982452
vt 0.189459 1.996124
vt 0.179693 1.982452
vt 0.179693 1.996124
vt 0.169927 1.982452
vt 0.169927 1.996124
vt 0.160161 1.982452
vt 0.160161 1.996124
vt 0.117191 1.981475
vt 0.122074 1.989288
vt 0.125980 1.981475
vt 0.113285 1.989288
vt 0.117191 1.997101
vt 0.125980 1.997101
vt 0.130863 1.989288
vt 0.230476 1.976592
vt 0.278329 1.958037
vt 0.230476 1.958037
vt 0.278329 1.976592
vt 0.230476 1.994171
vt 0.278329 1.994171
vt 0.278329 1.940458
vt 0.230476 1.940458
vt 0.230476 1.994171
vt 0.278329 1.976592
vt 0.230476 1.976592
vt 0.278329 1.994171
vt 0.278329 1.958037
vt 0.230476 1.958037
vt 0.278329 1.940458
vt 0.230476 1.940458
vt 0.230476 1.994171
vt 0.278329 1.976592
vt 0.230476 1.976592
vt 0.278329 1.994171
vt 0.278329 1.958037
vt 0.230476 1.958037
vt 0.278329 1.940458
vt 0.230476 1.940458
vt 0.230476 1.994171
vt 0.278329 1.976592
vt 0.230476 1.976592
vt 0.278329 1.994171
vt 0.278329 1.958037
vt 0.230476 1.958037
vt 0.278329 1.940458
vt 0.230476 1.940458
vt 0.170904 1.921903
vt 0.227546 1.955107
vt 0.227546 1.937529
vt 0.162114 1.937529
vt 0.218757 1.969756
vt 0.162114 1.954131
vt 0.170904 1.969756
vt 0.203131 1.978545
vt 0.185553 1.978545
vt 0.186529 1.913114
vt 0.218757 1.922880
vt 0.204108 1.913114
vt 0.204108 1.913114
vt 0.214850 1.925810
vt 0.218757 1.922880
vt 0.202155 1.917997
vt 0.186529 1.913114
vt 0.187506 1.917997
vt 0.170904 1.921903
vt 0.174810 1.925810
vt 0.162114 1.937529
vt 0.166997 1.938505
vt 0.162114 1.954131
vt 0.166997 1.953154
vt 0.170904 1.969756
vt 0.174810 1.965850
vt 0.185553 1.978545
vt 0.187506 1.973663
vt 0.203131 1.978545
vt 0.202155 1.973663
vt 0.218757 1.969756
vt 0.214850 1.965850
vt 0.227546 1.955107
vt 0.222663 1.953154
vt 0.227546 1.937529
vt 0.222663 1.938505
vt 0.417982 1.976592
vt 0.403333 1.993194
vt 0.403333 1.976592
vt 0.417982 1.993194
vt 0.387707 1.993194
vt 0.387707 1.976592
vt 0.373058 1.993194
vt 0.373058 1.976592
vt 0.417982 1.976592
vt 0.403333 1.993194
vt 0.403333 1.976592
vt 0.417982 1.993194
vt 0.387707 1.993194
vt 0.387707 1.976592
vt 0.373058 1.993194
vt 0.373058 1.976592
vt 0.417982 1.976592
vt 0.403333 1.993194
vt 0.403333 1.976592
vt 0.417982 1.993194
vt 0.387707 1.993194
vt 0.387707 1.976592
vt 0.373058 1.993194
vt 0.373058 1.976592
vt 0.417982 1.976592
vt 0.403333 1.993194
vt 0.403333 1.976592
vt 0.417982 1.993194
vt 0.387707 1.993194
vt 0.387707 1.976592
vt 0.373058 1.993194
vt 0.373058 1.976592
vt 0.202155 1.917997
vt 0.187506 1.917997
vt 0.214850 1.925810
vt 0.174810 1.925810
vt 0.222663 1.938505
vt 0.166997 1.938505
vt 0.222663 1.953154
vt 0.166997 1.953154
vt 0.214850 1.965850
vt 0.174810 1.965850
vt 0.202155 1.973663
vt 0.187506 1.973663
vt 0.208991 1.982452
vt 0.218757 1.996124
vt 0.218757 1.982452
vt 0.208991 1.996124
vt 0.199225 1.982452
vt 0.199225 1.996124
vt 0.189459 1.982452
vt 0.189459 1.996124
vt 0.179693 1.982452
vt 0.179693 1.996124
vt 0.169927 1.982452
vt 0.169927 1.996124
vt 0.160161 1.982452
vt 0.160161 1.996124
vt 0.117191 1.981475
vt 0.122074 1.989288
vt 0.125980 1.981475
vt 0.113285 1.989288
vt 0.117191 1.997101
vt 0.125980 1.997101
vt 0.130863 1.989288
f 1/1/1 2/2/2 3/3/3
f 1/1/4 4/4/5 2/2/6
f 1/1/7 5/5/8 4/4/9
f 1/1/10 6/6/11 5/5/12
f 7/7/13 5/5/14 6/6/15
f 5/5/16 7/7/17 8/8/18
f 9/9/19 4/4/20 5/5/21
f 4/4/22 9/9/23 10/10/24
f 10/10/25 9/9/26 11/11/27
f 9/9/28 12/12/29 11/11/30
f 9/9/31 13/13/32 12/12/33
f 13/13/34 9/9/35 14/14/36
f 14/14/37 9/9/38 15/15/39
f 15/15/40 9/9/41 16/16/42
f 16/16/43 9/9/44 17/17/45
f 14/14/46 18/18/47 13/13/48
f 18/18/49 14/14/50 19/19/51
f 13/13/52 20/20/53 12/12/54
f 12/12/55 20/20/56 21/21/57
f 21/21/58 20/20/59 22/22/60
f 11/11/61 12/12/62 23/23/63
f 12/12/64 24/24/65 23/23/66
f 12/12/67 25/25/68 24/24/69
f 12/12/70 26/26/71 25/25/72
f 25/25/73 26/26/74 27/27/75
f 26/26/76 28/28/77 27/27/78
f 28/28/79 26/26/80 29/29/81
f 29/29/82 26/26/83 30/30/84
f 30/30/85 26/26/86 31/31/87
f 30/30/88 31/31/89 32/32/90
f 32/32/91 31/31/92 33/33/93
f 34/34/94 32/32/95 33/33/96
f 35/35/97 34/34/98 33/33/99
f 35/35/100 29/29/101 34/34/102
f 28/28/103 29/29/104 35/35/105
f 28/28/106 35/35/107 36/36/108
f 36/36/109 35/35/110 37/37/111
f 38/38/112 36/36/113 37/37/114
f 39/39/115 38/38/116 37/37/117
f 39/39/118 27/27/101 38/38/102
f 25/25/119 27/27/120 39/39/121
f 25/25/122 39/39/123 40/40/124
f 40/40/109 39/39/110 41/41/111
f 42/42/125 40/40/126 41/41/127
f 43/43/97 42/42/98 41/41/99
f 43/43/100 24/24/101 42/42/102
f 23/23/128 24/24/104 43/43/129
f 23/23/130 43/43/131 44/44/132
f 44/44/133 43/43/134 45/45/111
f 46/46/112 44/44/113 45/45/114
f 47/47/115 46/46/116 45/45/135
f 47/47/136 11/11/137 46/46/138
f 10/10/139 11/11/140 47/47/141
f 10/10/106 47/47/107 48/48/108
f 48/48/142 47/47/143 3/3/144
f 2/2/145 48/48/146 3/3/147
f 31/31/148 49/49/149 50/50/150
f 49/49/151 31/31/152 51/51/153
f 31/31/154 50/50/155 52/52/156
f 53/53/157 54/54/158 55/55/159
f 54/54/160 53/53/161 56/56/162
f 57/57/163 58/58/164 59/59/165
f 58/58/166 57/57/167 60/60/168
f 61/61/169 62/62/170 63/63/171
f 62/62/172 61/61/173 64/64/174
f 65/65/175 66/66/176 67/67/177
f 68/68/178 69/69/179 70/70/180
f 71/71/181 72/72/182 73/73/183
f 71/71/184 74/74/185 72/72/186
f 74/74/187 71/71/188 75/75/189
f 76/76/190 75/75/191 71/71/192
f 77/77/193 74/74/194 75/75/195
f 78/78/196 79/79/197 80/80/198
f 79/79/199 78/78/200 81/81/201
f 81/81/202 78/78/203 82/82/204
f 83/83/205 79/79/206 81/81/207
f 79/79/208 83/83/209 84/84/210
f 79/79/211 85/85/212 80/80/213
f 86/86/214 87/87/215 88/88/216
f 89/89/217 90/90/218 91/91/219
f 90/90/220 89/89/221 92/92/222
f 93/93/223 94/94/224 95/95/225
f 93/93/226 96/96/227 94/94/228
f 96/96/229 93/93/230 97/97/231
f 97/97/232 93/93/233 98/98/234
f 93/93/235 99/99/236 98/98/237
f 97/97/238 98/98/239 100/100/240
f 95/95/241 94/94/242 101/101/243
f 102/102/244 103/103/245 104/104/246
f 105/105/247 106/106/248 107/107/249
f 106/106/250 105/105/251 108/108/252
f 109/109/253 110/110/254 111/111/255
f 112/112/256 113/113/257 114/114/258
f 115/115/259 116/116/260 117/117/261
f 118/118/262 119/119/263 120/120/264
f 119/119/265 121/121/266 120/120/267
f 121/121/268 119/119/269 122/122/270
f 122/122/271 123/123/272 121/121/273
f 123/123/274 122/122/275 124/124/276
f 124/124/277 125/125/278 123/123/279
f 125/125/280 124/124/281 126/126/282
f 120/120/283 127/127/284 118/118/285
f 127/127/286 120/120/287 128/128/288
f 127/127/289 128/128/290 129/129/291
f 130/130/292 129/129/293 128/128/294
f 129/129/295 130/130/296 131/131/297
f 132/132/298 131/131/299 130/130/300
f 131/131/301 132/132/302 133/133/303
f 134/134/304 133/133/305 132/132/306
f 133/133/307 134/134/308 135/135/309
f 127/127/310 136/136/311 118/118/312
f 136/136/313 127/127/314 137/137/315
f 138/138/316 139/139/317 140/140/318
f 139/139/319 138/138/320 141/141/321
f 142/142/322 143/143/323 144/144/324
f 145/145/325 146/146/326 147/147/327
f 146/146/328 145/145/329 148/148/330
f 149/149/331 150/150/332 151/151/333
f 150/150/334 149/149/335 152/152/336
f 149/149/337 153/153/338 152/152/339
f 154/154/340 155/155/341 156/156/342
f 157/157/343 158/158/344 159/159/345
f 158/158/346 157/157/347 160/160/348
f 161/161/349 162/162/350 163/163/351
f 162/162/352 161/161/353 164/164/354
f 165/165/355 166/166/356 167/167/357
f 166/166/358 165/165/359 168/168/360
f 169/169/361 170/170/362 171/171/363
f 170/170/364 169/169/365 172/172/366
f 173/173/367 174/174/368 175/175/369
f 174/174/370 173/173/371 176/176/372
f 177/177/373 178/178/374 179/179/375
f 178/178/376 177/177/353 180/180/377
f 181/181/367 182/182/368 183/183/369
f 182/182/370 181/181/371 184/184/372
f 185/185/373 186/186/374 187/187/375
f 186/186/376 185/185/353 188/188/377
f 189/189/367 190/190/368 191/191/369
f 190/190/370 189/189/371 192/192/372
f 193/193/378 194/194/379 195/195/380
f 194/194/381 193/193/382 196/196/383
f 197/197/384 198/198/385 199/199/386
f 198/198/387 197/197/388 200/200/389
f 201/201/390 202/202/391 203/203/392
f 204/204/393 205/205/394 206/206/395
f 207/207/396 208/208/397 209/209/398
f 208/208/399 207/207/400 210/210/401
f 211/211/402 212/212/403 213/213/404
f 212/212/405 211/211/406 214/214/407
f 215/215/408 216/216/409 217/217/410
f 216/216/411 215/215/412 218/218/413
f 219/219/414 220/220/415 221/221/416
f 220/220/417 219/219/418 222/222/419
f 223/223/420 224/224/421 225/225/422
f 224/224/423 223/223/424 226/226/401
f 227/227/402 228/228/403 229/229/404
f 228/228/405 227/227/406 230/230/407
f 231/231/425 232/232/426 233/233/427
f 232/232/428 231/231/429 234/234/413
f 235/235/414 236/236/415 237/237/416
f 236/236/417 235/235/418 238/238/419
f 239/239/396 240/240/397 241/241/398
f 240/240/399 239/239/400 242/242/401
f 243/243/402 244/244/403 245/245/404
f 244/244/405 243/243/406 246/246/407
f 247/247/408 248/248/409 249/249/410
f 248/248/411 247/247/412 250/250/413
f 251/251/414 252/252/415 253/253/416
f 252/252/417 251/251/418 254/254/419
f 255/255/420 256/256/421 257/257/422
f 256/256/423 255/255/424 258/258/401
f 259/259/402 260/260/403 261/261/404
f 260/260/405 259/259/406 262/262/407
f 263/263/425 264/264/426 265/265/427
f 264/264/428 263/263/429 266/266/413
f 267/267/414 268/268/415 269/269/416
f 268/268/417 267/267/418 270/270/419
f 271/271/430 272/272/431 273/273/398
f 272/272/432 271/271/433 274/274/401
f 275/275/402 276/276/403 277/277/404
f 276/276/405 275/275/406 278/278/407
f 279/279/434 280/280/435 281/281/410
f 280/280/436 279/279/412 282/282/413
f 283/283/414 284/284/415 285/285/416
f 284/284/417 283/283/418 286/286/419
f 287/287/437 288/288/438 289/289/439
f 290/290/440 291/291/441 292/292/442
f 293/293/443 294/294/444 295/295/445
f 296/296/446 297/297/447 298/298/448
f 299/299/449 300/300/450 301/301/451
f 302/302/452 303/303/453 304/304/454
f 305/305/455 306/306/456 307/307/457
f 306/306/458 305/305/459 308/308/460
f 307/307/461 309/309/462 305/305/463
f 309/309/464 307/307/465 310/310/466
f 311/311/467 310/310/468 307/307/469
f 310/310/470 311/311/471 312/312/472
f 313/313/473 314/314/474 315/315/475
f 316/316/476 317/317/477 318/318/478
f 319/319/479 320/320/480 321/321/481
f 322/322/482 323/323/483 324/324/484
f 325/325/485 326/326/486 327/327/487
f 326/326/488 325/325/489 328/328/490
f 329/329/491 330/330/492 331/331/493
f 332/332/494 333/333/495 334/334/496
f 335/335/497 336/336/498 337/337/499
f 338/338/500 339/339/501 340/340/502
f 340/340/503 339/339/504 341/341/505
f 341/341/506 339/339/507 342/342/508
f 343/343/509 341/341/510 342/342/511
f 343/343/512 342/342/513 344/344/514
f 342/342/515 345/345/516 344/344/517
f 342/342/518 346/346/519 345/345/520
f 345/345/521 346/346/522 347/347/523
f 347/347/524 346/346/525 348/348/526
f 349/349/527 347/347/528 348/348/529
f 349/349/530 348/348/531 350/350/532
f 348/348/533 351/351/534 350/350/535
f 348/348/536 352/352/537 351/351/538
f 351/351/539 352/352/522 353/353/523
f 353/353/540 352/352/541 354/354/508
f 355/355/542 353/353/543 354/354/544
f 355/355/545 354/354/546 356/356/547
f 354/354/548 357/357/534 356/356/549
f 354/354/550 358/358/551 357/357/552
f 357/357/521 358/358/522 359/359/523
f 359/359/540 358/358/541 360/360/508
f 361/361/509 359/359/510 360/360/511
f 361/361/553 360/360/554 362/362/532
f 360/360/533 363/363/534 362/362/535
f 360/360/555 364/364/556 363/363/557
f 363/363/539 364/364/558 365/365/559
f 365/365/560 364/364/561 366/366/562
f 367/367/563 365/365/564 366/366/565
f 367/367/566 366/366/567 368/368/568
f 369/369/569 368/368/570 366/366/571
f 366/366/572 370/370/573 369/369/574
f 366/366/575 371/371/576 370/370/577
f 362/362/578 367/367/579 368/368/580
f 361/361/581 362/362/582 368/368/583
f 368/368/584 356/356/585 361/361/586
f 355/355/587 356/356/588 368/368/589
f 368/368/590 372/372/591 355/355/592
f 350/350/593 355/355/594 372/372/595
f 349/349/596 350/350/597 372/372/598
f 344/344/599 349/349/600 372/372/601
f 343/343/602 344/344/603 372/372/604
f 373/373/605 343/343/606 372/372/607
f 338/338/608 373/373/609 372/372/610
f 338/338/611 340/340/612 373/373/613
f 338/338/614 372/372/615 374/374/616
f 372/372/617 375/375/618 374/374/619
f 375/375/620 372/372/621 376/376/622
f 377/377/623 378/378/624 379/379/625
f 378/378/626 377/377/627 380/380/628
f 381/381/629 382/382/630 383/383/631
f 382/382/632 381/381/633 384/384/634
f 385/385/635 386/386/636 387/387/637
f 386/386/638 385/385/639 388/388/640
f 389/389/641 390/390/642 391/391/643
f 392/392/644 393/393/645 394/394/646
f 395/395/647 396/396/648 397/397/649
f 396/396/650 395/395/651 398/398/652
f 395/395/653 399/399/654 398/398/655
f 396/396/656 400/400/657 397/397/658
f 395/395/659 397/397/660 401/401/661
f 402/402/662 403/403/663 404/404/664
f 405/405/665 406/406/666 407/407/667
f 406/406/668 405/405/669 408/408/670
f 406/406/671 408/408/672 409/409/673
f 410/410/674 411/411/675 412/412/676
f 413/413/677 414/414/678 415/415/679
f 416/416/680 417/417/681 418/418/682
f 419/419/683 420/420/684 421/421/685
f 422/422/686 423/423/687 424/424/688
f 425/425/689 426/426/690 427/427/691
f 426/426/692 425/425/693 428/428/694
f 429/429/695 430/430/696 431/431/697
f 432/432/698 433/433/699 434/434/700
f 433/433/701 432/432/702 435/435/703
f 436/436/704 437/437/705 438/438/706
f 439/439/707 440/440/708 441/441/709
f 442/442/710 443/443/711 444/444/712
f 443/443/713 442/442/714 445/445/715
f 446/446/716 447/447/717 448/448/718
f 447/447/719 446/446/720 449/449/721
f 450/450/722 451/451/723 452/452/724
f 451/451/725 450/450/726 453/453/727
f 454/454/728 455/455/729 456/456/730
f 455/455/731 454/454/732 457/457/733
f 458/458/734 459/459/735 460/460/736
f 459/459/737 458/458/738 461/461/739
f 462/462/728 463/463/729 464/464/730
f 463/463/731 462/462/732 465/465/733
f 466/466/734 467/467/735 468/468/736
f 467/467/737 466/466/738 469/469/739
f 470/470/728 471/471/729 472/472/730
f 471/471/731 470/470/732 473/473/733
f 474/474/740 475/475/741 476/476/742
f 475/475/743 474/474/744 477/477/745
f 478/478/746 479/479/747 480/480/748
f 479/479/749 478/478/750 481/481/751
f 482/482/752 483/483/753 484/484/754
f 485/485/755 486/486/756 487/487/757
f 488/488/758 489/489/759 490/490/760
f 489/489/761 488/488/762 491/491/763
f 492/492/764 493/493/765 494/494/766
f 493/493/767 492/492/768 495/495/404
f 496/496/769 497/497/770 498/498/771
f 497/497/772 496/496/773 499/499/410
f 500/500/774 501/501/775 502/502/776
f 501/501/777 500/500/778 503/503/419
f 504/504/779 505/505/780 506/506/781
f 505/505/782 504/504/783 507/507/763
f 508/508/764 509/509/765 510/510/766
f 509/509/767 508/508/768 511/511/404
f 512/512/784 513/513/785 514/514/786
f 513/513/787 512/512/788 515/515/410
f 516/516/774 517/517/775 518/518/776
f 517/517/777 516/516/778 519/519/419
f 520/520/758 521/521/759 522/522/760
f 521/521/761 520/520/762 523/523/763
f 524/524/764 525/525/765 526/526/766
f 525/525/767 524/524/768 527/527/404
f 528/528/769 529/529/770 530/530/771
f 529/529/772 528/528/773 531/531/410
f 532/532/774 533/533/775 534/534/776
f 533/533/777 532/532/778 535/535/419
f 536/536/779 537/537/780 538/538/781
f 537/537/782 536/536/783 539/539/763
f 540/540/764 541/541/765 542/542/766
f 541/541/767 540/540/768 543/543/404
f 544/544/784 545/545/785 546/546/786
f 545/545/787 544/544/788 547/547/410
f 548/548/774 549/549/775 550/550/776
f 549/549/777 548/548/778 551/551/419
f 552/552/789 553/553/790 554/554/781
f 553/553/791 552/552/792 555/555/401
f 556/556/764 557/557/765 558/558/766
f 557/557/767 556/556/768 559/559/404
f 560/560/793 561/561/794 562/562/786
f 561/561/795 560/560/796 563/563/427
f 564/564/774 565/565/775 566/566/776
f 565/565/777 564/564/778 567/567/419
f 568/568/797 569/569/798 570/570/799
f 569/569/800 568/568/801 571/571/802
f 572/572/803 573/573/804 574/574/805
f 575/575/806 576/576/807 577/577/808
f 578/578/809 579/579/810 580/580/811
f 581/581/812 582/582/813 583/583/814
f 584/584/815 585/585/816 586/586/817
f 587/587/818 585/585/819 584/584/820
f 585/585/821 587/587/822 588/588/823
f 588/588/824 589/589/825 585/585/826
f 589/589/827 588/588/828 590/590/829
f 586/586/830 591/591/831 584/584/832
f 592/592/833 593/593/834 594/594/835
f 595/595/836 596/596/837 597/597/838
f 598/598/839 599/599/840 600/600/841
f 601/601/842 602/602/843 603/603/844
f 604/604/845 605/605/846 606/606/847
f 605/605/848 604/604/849 607/607/850
f 608/608/851 609/609/852 610/610/853
f 611/611/854 612/612/855 613/613/856
f 614/614/857 615/615/858 616/616/859
f 617/617/860 618/618/861 619/619/862
f 618/618/863 617/617/864 620/620/865
f 621/621/866 622/622/867 623/623/868
f 622/622/869 621/621/870 624/624/871
f 625/625/872 626/626/873 627/627/874
f 628/628/875 629/629/876 630/630/877
f 631/631/878 632/632/879 407/407/880
f 633/633/881 634/634/882 635/635/883
f 634/634/884 633/633/885 636/636/886
f 637/637/887 638/638/888 639/639/889
f 639/639/890 640/640/891 637/637/892
f 641/641/893 642/642/894 643/643/895
f 644/644/896 645/645/897 646/646/898
f 645/645/899 647/647/900 646/646/901
f 648/648/902 649/649/903 650/650/904
f 651/651/905 652/652/906 653/653/907
f 654/654/908 655/655/909 656/656/910
f 657/657/911 658/658/912 659/659/913
f 660/660/914 661/661/915 662/662/916
f 663/663/540 664/664/917 665/665/918
f 664/664/919 663/663/920 666/666/921
f 667/667/922 668/668/923 669/669/924
f 668/668/925 667/667/926 670/670/927
f 671/671/928 672/672/929 673/673/930
f 672/672/931 671/671/932 674/674/933
f 675/675/934 676/676/935 677/677/407
f 676/676/936 675/675/937 678/678/404
f 679/679/938 680/680/939 681/681/940
f 680/680/941 679/679/942 682/682/943
f 683/683/944 684/684/945 685/685/419
f 684/684/946 683/683/947 686/686/416
f 687/687/948 688/688/949 689/689/950
f 688/688/951 687/687/952 690/690/953
f 688/688/954 690/690/955 691/691/956
f 688/688/957 691/691/958 692/692/959
f 692/692/960 693/693/961 688/688/962
f 693/693/963 692/692/964 694/694/965
f 695/695/966 696/696/967 697/697/968
f 696/696/969 695/695/970 698/698/971
f 699/699/972 697/697/973 696/696/974
f 697/697/975 699/699/976 700/700/977
f 701/701/978 700/700/979 699/699/980
f 700/700/981 701/701/982 702/702/983
f 703/703/984 702/702/985 701/701/986
f 702/702/987 703/703/988 704/704/989
f 705/705/990 706/706/991 707/707/992
f 706/706/993 705/705/994 708/708/995
f 708/708/996 709/709/997 706/706/998
f 709/709/999 708/708/1000 710/710/1001
f 710/710/1002 711/711/1003 709/709/1004
f 711/711/1005 710/710/1006 712/712/1007
f 712/712/1008 713/713/1009 711/711/1010
f 713/713/1011 712/712/1012 714/714/1013
f 715/715/1014 716/716/1015 717/717/1016
f 718/718/1017 719/719/1018 720/720/1019
f 721/721/1020 722/722/1021 723/723/1022
f 724/724/1023 721/721/1024 723/723/1025
f 721/721/1026 724/724/1027 725/725/1028
f 726/726/1029 725/725/1030 724/724/1031
f 725/725/1032 726/726/1033 727/727/1034
f 727/727/1035 726/726/1036 728/728/1037
f 729/729/1038 730/730/1039 731/731/1040
f 730/730/1041 729/729/1042 732/732/1043
f 729/729/1044 731/731/1045 733/733/1046
f 734/734/1047 735/735/1048 736/736/1049
f 735/735/1050 734/734/1051 737/737/1052
f 738/738/1053 739/739/1054 740/740/1055
f 739/739/1056 738/738/1057 741/741/1058
f 742/742/1059 743/743/1060 744/744/1061
f 743/743/1062 742/742/1063 745/745/1064
f 746/746/1065 747/747/1066 748/748/1067
f 747/747/1068 746/746/1069 749/749/1070
f 750/750/1071 751/751/1072 752/752/1073
f 751/751/1074 750/750/1075 753/753/1076
f 754/754/1077 755/755/1078 756/756/1079
f 755/755/1080 754/754/1081 757/757/1082
f 758/758/1083 757/757/1084 754/754/1085
f 757/757/1086 758/758/1087 759/759/1088
f 760/760/1089 759/759/1090 758/758/1091
f 759/759/1092 760/760/1093 761/761/1094
f 762/762/1095 761/761/1096 760/760/1097
f 761/761/1098 762/762/1099 763/763/1100
f 764/764/1101 765/765/1102 766/766/781
f 765/765/1103 764/764/1104 767/767/401
f 768/768/1105 769/769/1106 770/770/1107
f 769/769/1108 768/768/1109 771/771/1110
f 772/772/1111 773/773/1112 774/774/1113
f 773/773/1114 772/772/1115 775/775/1116
f 776/776/1117 777/777/1118 778/778/1119
f 777/777/1120 776/776/1121 779/779/1122
f 780/780/1123 781/781/1124 782/782/1125
f 781/781/1126 780/780/1127 783/783/1128
f 784/784/1129 785/785/1130 786/786/1131
f 785/785/1132 784/784/1133 787/787/1134
f 788/788/1135 787/787/1136 784/784/1137
f 787/787/1138 788/788/1139 789/789/1140
f 790/790/1141 789/789/1142 788/788/1143
f 789/789/1144 790/790/1145 791/791/1146
f 792/792/1147 791/791/1148 790/790/1149
f 791/791/1150 792/792/1151 793/793/1152
f 794/794/1153 793/793/1154 792/792/1155
f 793/793/1156 794/794/1157 795/795/1158
f 796/796/1159 795/795/1160 794/794/1161
f 795/795/1162 796/796/1163 797/797/1164
f 798/798/1165 797/797/1166 796/796/1167
f 797/797/1168 798/798/1169 799/799/1170
f 800/800/1171 799/799/1172 798/798/1173
f 799/799/1174 800/800/1175 801/801/1176
f 801/801/1177 802/802/1178 799/799/1179
f 802/802/1180 801/801/1181 803/803/1182
f 803/803/1183 804/804/1184 802/802/1185
f 804/804/1186 803/803/1187 805/805/1188
f 806/806/1189 802/802/1190 804/804/1191
f 802/802/1192 806/806/1193 807/807/1194
f 808/808/1195 807/807/1196 806/806/1197
f 807/807/1198 808/808/1199 809/809/1200
f 810/810/1201 809/809/1202 808/808/1203
f 809/809/1204 810/810/1205 811/811/1206
f 812/812/1207 811/811/1208 810/810/1209
f 811/811/1210 812/812/1211 813/813/1212
f 814/814/1213 813/813/1214 812/812/1215
f 813/813/1216 814/814/1217 815/815/1218
f 816/816/1219 815/815/1220 814/814/1221
f 815/815/1222 816/816/1223 817/817/1224
f 818/818/1225 817/817/1226 816/816/1227
f 817/817/1228 818/818/1229 819/819/1230
f 819/819/1231 787/787/1232 817/817/1233
f 787/787/1234 819/819/1235 785/785/1236
f 789/789/1237 817/817/1238 787/787/1239
f 817/817/1240 789/789/1241 815/815/1242
f 791/791/1243 815/815/1244 789/789/1245
f 815/815/1246 791/791/1247 813/813/1248
f 793/793/1249 813/813/1250 791/791/1251
f 813/813/1252 793/793/1253 811/811/1254
f 795/795/1255 811/811/1256 793/793/1257
f 811/811/1258 795/795/1259 809/809/1260
f 797/797/1261 809/809/1262 795/795/1263
f 809/809/1264 797/797/1265 807/807/1266
f 799/799/1267 807/807/1268 797/797/1269
f 807/807/1270 799/799/1271 802/802/1272
f 820/820/1273 786/786/1274 821/821/1275
f 786/786/1276 820/820/1277 784/784/1278
f 822/822/1279 784/784/1280 820/820/1281
f 784/784/1282 822/822/1283 788/788/1284
f 823/823/1285 788/788/1286 822/822/1287
f 788/788/1288 823/823/1289 790/790/1290
f 824/824/1291 790/790/1292 823/823/1293
f 790/790/1294 824/824/1295 792/792/1296
f 825/825/1297 792/792/1298 824/824/1299
f 792/792/1300 825/825/1301 794/794/1302
f 826/826/1303 794/794/1304 825/825/1305
f 794/794/1306 826/826/1307 796/796/1308
f 827/827/1309 796/796/1310 826/826/1311
f 796/796/1312 827/827/1313 798/798/1314
f 828/828/1315 798/798/1316 827/827/1317
f 798/798/1318 828/828/1319 800/800/1320
f 829/829/1321 830/830/1322 831/831/1323
f 830/830/1324 829/829/1325 832/832/1326
f 833/833/1327 834/834/1328 835/835/1329
f 834/834/1330 833/833/1331 836/836/1332
f 837/837/1333 838/838/1334 839/839/1335
f 838/838/1336 837/837/1337 840/840/1338
f 841/841/1339 842/842/1340 843/843/1341
f 842/842/1342 841/841/1343 844/844/422
f 845/845/1344 846/846/1345 847/847/1346
f 846/846/1347 845/845/1348 848/848/1349
f 849/849/1350 850/850/1322 851/851/1323
f 850/850/1351 849/849/1352 852/852/1353
f 853/853/1354 854/854/1355 855/855/1356
f 854/854/1357 853/853/1358 856/856/1359
f 857/857/1360 858/858/1361 859/859/1362
f 858/858/1363 857/857/1364 860/860/1365
f 861/861/1339 862/862/1340 863/863/1341
f 862/862/1342 861/861/1343 864/864/1366
f 865/865/1367 866/866/1368 867/867/1369
f 866/866/1370 865/865/1371 868/868/1349
f 869/869/1372 870/870/1373 871/871/1374
f 870/870/1375 869/869/1376 872/872/1377
f 873/873/1378 872/872/1379 869/869/1380
f 872/872/1381 873/873/1382 874/874/1383
f 875/875/1384 874/874/1385 873/873/1386
f 874/874/1387 875/875/1388 876/876/1389
f 876/876/1390 877/877/1391 874/874/1392
f 877/877/1393 876/876/1394 878/878/1395
f 878/878/1396 879/879/1397 877/877/1398
f 879/879/1399 878/878/1400 880/880/1401
f 880/880/1402 881/881/1403 879/879/1404
f 881/881/1405 880/880/1406 882/882/1407
f 883/883/1408 879/879/1409 881/881/1410
f 879/879/1411 883/883/1412 884/884/1413
f 885/885/1414 884/884/1415 883/883/1416
f 884/884/1417 885/885/1418 886/886/1419
f 886/886/1420 887/887/1421 884/884/1422
f 887/887/1423 886/886/1424 888/888/1425
f 888/888/1426 872/872/1427 887/887/1428
f 872/872/1429 888/888/1430 870/870/1431
f 874/874/1432 887/887/1433 872/872/1434
f 887/887/1435 874/874/1436 877/877/1437
f 877/877/1438 884/884/1439 887/887/1440
f 884/884/1441 877/877/1442 879/879/1443
f 889/889/1444 890/890/1445 891/891/1446
f 890/890/1447 889/889/1448 892/892/1449
f 893/893/1450 892/892/1451 889/889/1452
f 892/892/1453 893/893/1454 894/894/1455
f 895/895/1456 894/894/1457 893/893/1458
f 894/894/1459 895/895/1460 896/896/1461
f 897/897/1462 896/896/1463 895/895/1464
f 896/896/1465 897/897/1466 898/898/1467
f 899/899/1468 898/898/1469 897/897/1470
f 898/898/1471 899/899/1472 900/900/1473
f 901/901/1474 900/900/1475 899/899/1476
f 900/900/1477 901/901/1478 902/902/1479
f 903/903/1480 902/902/1481 901/901/1482
f 902/902/1483 903/903/1484 904/904/1485
f 905/905/1486 904/904/1487 903/903/1488
f 904/904/1489 905/905/1490 906/906/1491
f 907/907/1492 906/906/1493 905/905/1494
f 906/906/1495 907/907/1496 908/908/1497
f 908/908/1498 909/909/1499 906/906/1500
f 909/909/1501 908/908/1502 910/910/1503
f 910/910/1504 911/911/1505 909/909/1506
f 911/911/1507 910/910/1508 912/912/1509
f 913/913/1510 909/909/1511 911/911/1512
f 909/909/1513 913/913/1514 914/914/1515
f 915/915/1516 914/914/1517 913/913/1518
f 914/914/1519 915/915/1520 916/916/1521
f 917/917/1522 916/916/1523 915/915/1524
f 916/916/1525 917/917/1526 918/918/1527
f 919/919/1528 918/918/1529 917/917/1530
f 918/918/1531 919/919/1532 920/920/1533
f 921/921/1534 920/920/1535 919/919/1536
f 920/920/1537 921/921/1538 922/922/1539
f 923/923/1540 922/922/1541 921/921/1542
f 922/922/1543 923/923/1544 924/924/1545
f 925/925/1546 924/924/1547 923/923/1548
f 924/924/1549 925/925/1550 926/926/1551
f 927/927/1552 926/926/1553 925/925/1554
f 926/926/1555 927/927/1556 928/928/1557
f 928/928/1558 892/892/1559 926/926/1560
f 892/892/1561 928/928/1562 890/890/1563
f 894/894/1564 926/926/1565 892/892/1566
f 926/926/1567 894/894/1568 924/924/1569
f 896/896/1570 924/924/1571 894/894/1572
f 924/924/1573 896/896/1574 922/922/1575
f 898/898/1576 922/922/1577 896/896/1578
f 922/922/1579 898/898/1580 920/920/1581
f 900/900/1582 920/920/1583 898/898/1584
f 920/920/1585 900/900/1586 918/918/1587
f 902/902/1588 918/918/1589 900/900/1590
f 918/918/1591 902/902/1592 916/916/1593
f 904/904/1594 916/916/1595 902/902/1596
f 916/916/1597 904/904/1598 914/914/1599
f 906/906/1600 914/914/1601 904/904/1602
f 914/914/1603 906/906/1604 909/909/1605
f 929/929/1606 891/891/1607 930/930/1608
f 891/891/1609 929/929/1610 889/889/1611
f 931/931/1612 889/889/1613 929/929/1614
f 889/889/1615 931/931/1616 893/893/1617
f 932/932/1618 893/893/1619 931/931/1620
f 893/893/1621 932/932/1622 895/895/1623
f 933/933/1624 895/895/1625 932/932/1626
f 895/895/1627 933/933/1628 897/897/1629
f 934/934/1630 897/897/1631 933/933/1632
f 897/897/1633 934/934/1634 899/899/1635
f 935/935/1636 899/899/1637 934/934/1638
f 899/899/1639 935/935/1640 901/901/1641
f 936/936/1642 901/901/1643 935/935/1644
f 901/901/1645 936/936/1646 903/903/1647
f 937/937/1648 903/903/1649 936/936/1650
f 903/903/1651 937/937/1652 905/905/1653
f 938/938/1654 905/905/1655 937/937/1656
f 905/905/1657 938/938/1658 907/907/1659
f 939/939/1660 940/940/1661 941/941/1662
f 940/940/1663 939/939/1664 942/942/1665
f 943/943/1666 944/944/1667 945/945/1668
f 944/944/1669 943/943/1670 946/946/1671
f 947/947/1672 948/948/1673 949/949/1674
f 948/948/1675 947/947/1676 950/950/1677
f 951/951/1678 952/952/1679 953/953/1680
f 952/952/1681 951/951/1682 954/954/422
f 955/955/1683 956/956/1684 957/957/1685
f 956/956/1686 955/955/1687 958/958/1688
f 959/959/1689 960/960/1690 961/961/1691
f 960/960/1692 959/959/1693 962/962/1694
f 963/963/1695 964/964/1696 965/965/1697
f 964/964/1698 963/963/1699 966/966/1700
f 967/967/1701 968/968/1702 969/969/1703
f 968/968/1704 967/967/1705 970/970/1706
f 971/971/1707 972/972/1708 973/973/1709
f 972/972/1710 971/971/1711 974/974/1712
f 975/975/1713 976/976/1714 977/977/1715
f 976/976/1716 975/975/1717 978/978/1718
f 979/979/1719 980/980/1720 981/981/1721
f 980/980/1722 979/979/1723 982/982/1724
f 983/983/1725 984/984/1726 985/985/1727
f 984/984/1728 983/983/1729 986/986/1730
f 987/987/1731 988/988/1732 989/989/1733
f 988/988/1734 987/987/1735 990/990/1736
f 991/991/1737 992/992/1738 993/993/1739
f 992/992/1740 991/991/1741 994/994/1742
f 995/995/1743 996/996/1744 997/997/1745
f 996/996/1746 995/995/1747 998/998/1748
f 999/999/1725 1000/1000/1726 1001/1001/1727
f 1000/1000/1728 999/999/1729 1002/1002/1730
f 1003/1003/1731 1004/1004/1732 1005/1005/1733
f 1004/1004/1749 1003/1003/1750 1006/1006/1751
f 1007/1007/1752 1008/1008/1753 1009/1009/1754
f 1008/1008/1755 1007/1007/1756 1010/1010/1757
f 1011/1011/1743 1012/1012/1744 1013/1013/1745
f 1012/1012/1758 1011/1011/1759 1014/1014/1760
f 1015/1015/1761 1016/1016/1762 1017/1017/1763
f 1016/1016/1764 1015/1015/1765 1018/1018/1766
f 1019/1019/1731 1020/1020/1767 1021/1021/1733
f 1020/1020/1768 1019/1019/1769 1022/1022/1770
f 1023/1023/1752 1024/1024/1753 1025/1025/1771
f 1024/1024/1755 1023/1023/1756 1026/1026/1757
f 1027/1027/1743 1028/1028/1744 1029/1029/1745
f 1028/1028/1758 1027/1027/1759 1030/1030/1760
f 1031/1031/1772 1032/1032/1773 1033/1033/1774
f 1032/1032/1728 1031/1031/1765 1034/1034/1730
f 1035/1035/1731 1036/1036/1767 1037/1037/1733
f 1036/1036/1775 1035/1035/1776 1038/1038/1777
f 1039/1039/1778 1040/1040/1779 1041/1041/1780
f 1040/1040/1781 1039/1039/1782 1042/1042/1783
f 1043/1043/1784 1044/1044/1785 1045/1045/1786
f 1044/1044/1787 1043/1043/1788 1046/1046/1789
f 1047/1047/1790 1048/1048/1791 1049/1049/1792
f 1048/1048/1793 1047/1047/1794 1050/1050/1795
f 1051/1051/1796 1050/1050/1797 1047/1047/1798
f 1050/1050/1799 1051/1051/1800 1052/1052/1801
f 1053/1053/1802 1052/1052/1803 1051/1051/1804
f 1052/1052/1805 1053/1053/1806 1054/1054/1807
f 1055/1055/1808 1054/1054/1809 1053/1053/1810
f 1054/1054/1811 1055/1055/1812 1056/1056/1813
f 1057/1057/1814 1056/1056/1815 1055/1055/1816
f 1056/1056/1817 1057/1057/1818 1058/1058/1819
f 1059/1059/1820 1058/1058/1821 1057/1057/1822
f 1058/1058/1823 1059/1059/1824 1060/1060/1825
f 1061/1061/1826 1060/1060/1827 1059/1059/1828
f 1060/1060/1829 1061/1061/1830 1062/1062/1831
f 1063/1063/1832 1062/1062/1833 1061/1061/1834
f 1062/1062/1835 1063/1063/1836 1064/1064/1837
f 1065/1065/1838 1066/1066/1839 1067/1067/1840
f 1066/1066/1841 1065/1065/1842 1068/1068/1843
f 1065/1065/1844 1069/1069/1845 1068/1068/1846
f 1069/1069/1847 1065/1065/1848 1070/1070/1849
f 1070/1070/1850 1071/1071/1851 1069/1069/1852
f 1071/1071/1853 1070/1070/1854 1072/1072/1855
f 1073/1073/1856 1074/1074/1857 1075/1075/1858
f 1074/1074/1859 1073/1073/1860 1076/1076/1861
f 1077/1077/1862 1074/1074/1863 1076/1076/1864
f 1074/1074/1865 1077/1077/1866 1078/1078/1867
f 1077/1077/1868 1079/1079/1869 1078/1078/1870
f 1079/1079/1871 1077/1077/1872 1080/1080/1873
f 1081/1081/1874 1082/1082/1875 1083/1083/1876
f 1082/1082/1877 1081/1081/1878 1084/1084/1879
f 1085/1085/1880 1084/1084/1881 1081/1081/1882
f 1084/1084/1883 1085/1085/1884 1086/1086/1885
f 1087/1087/1886 1086/1086/1887 1085/1085/1888
f 1086/1086/1889 1087/1087/1890 1088/1088/1891
f 1088/1088/1892 1089/1089/1893 1086/1086/1894
f 1089/1089/1895 1088/1088/1896 1090/1090/1897
f 1090/1090/1898 1091/1091/1899 1089/1089/1900
f 1091/1091/1901 1090/1090/1902 1092/1092/1903
f 1092/1092/1904 1093/1093/1905 1091/1091/1906
f 1093/1093/1907 1092/1092/1908 1094/1094/1909
f 1095/1095/1910 1091/1091/1911 1093/1093/1912
f 1091/1091/1913 1095/1095/1914 1096/1096/1915
f 1097/1097/1916 1096/1096/1917 1095/1095/1918
f 1096/1096/1919 1097/1097/1920 1098/1098/1921
f 1098/1098/1922 1099/1099/1923 1096/1096/1924
f 1099/1099/1925 1098/1098/1926 1100/1100/1927
f 1100/1100/1928 1084/1084/1929 1099/1099/1930
f 1084/1084/1931 1100/1100/1932 1082/1082/1933
f 1086/1086/1934 1099/1099/1935 1084/1084/1936
f 1099/1099/1937 1086/1086/1938 1089/1089/1939
f 1089/1089/1940 1096/1096/1941 1099/1099/1942
f 1096/1096/1943 1089/1089/1944 1091/1091/1945
f 1101/1101/1946 1102/1102/1947 1103/1103/1948
f 1102/1102/1949 1101/1101/1950 1104/1104/1951
f 1105/1105/1952 1104/1104/1953 1101/1101/1954
f 1104/1104/1955 1105/1105/1956 1106/1106/1957
f 1107/1107/1958 1106/1106/1959 1105/1105/1960
f 1106/1106/1961 1107/1107/1962 1108/1108/1963
f 1108/1108/1964 1109/1109/1965 1106/1106/1966
f 1109/1109/1967 1108/1108/1968 1110/1110/1969
f 1110/1110/1970 1111/1111/1971 1109/1109/1972
f 1111/1111/1973 1110/1110/1974 1112/1112/1975
f 1112/1112/1976 1113/1113/1977 1111/1111/1978
f 1113/1113/1979 1112/1112/1980 1114/1114/1981
f 1115/1115/1982 1111/1111/1983 1113/1113/1984
f 1111/1111/1985 1115/1115/1986 1116/1116/1987
f 1117/1117/1988 1116/1116/1989 1115/1115/1990
f 1116/1116/1991 1117/1117/1992 1118/1118/1993
f 1118/1118/1994 1119/1119/1995 1116/1116/1996
f 1119/1119/1997 1118/1118/1998 1120/1120/1999
f 1120/1120/2000 1104/1104/2001 1119/1119/2002
f 1104/1104/2003 1120/1120/2004 1102/1102/2005
f 1106/1106/2006 1119/1119/2007 1104/1104/2008
f 1119/1119/2009 1106/1106/2010 1109/1109/2011
f 1109/1109/2012 1116/1116/2013 1119/1119/2014
f 1116/1116/2015 1109/1109/2016 1111/1111/2017
f 1121/1121/2018 1122/1122/2019 1123/1123/2020
f 1122/1122/2021 1121/1121/2022 1124/1124/2023
f 1125/1125/2024 1124/1124/2025 1121/1121/2026
f 1124/1124/2027 1125/1125/2028 1126/1126/2029
f 1127/1127/2030 1126/1126/2031 1125/1125/2032
f 1126/1126/2033 1127/1127/2034 1128/1128/2035
f 1128/1128/2036 1129/1129/2037 1126/1126/2038
f 1129/1129/2039 1128/1128/2040 1130/1130/2041
f 1130/1130/2042 1131/1131/2043 1129/1129/2044
f 1131/1131/2045 1130/1130/2046 1132/1132/2047
f 1132/1132/2048 1133/1133/2049 1131/1131/2050
f 1133/1133/2051 1132/1132/2052 1134/1134/2053
f 1135/1135/2054 1131/1131/2055 1133/1133/2056
f 1131/1131/2057 1135/1135/2058 1136/1136/2059
f 1137/1137/2060 1136/1136/2061 1135/1135/2062
f 1136/1136/2063 1137/1137/2064 1138/1138/2065
f 1138/1138/2066 1139/1139/2067 1136/1136/2068
f 1139/1139/2069 1138/1138/2070 1140/1140/2071
f 1140/1140/2072 1124/1124/2073 1139/1139/2074
f 1124/1124/2075 1140/1140/2076 1122/1122/2077
f 1126/1126/2078 1139/1139/2079 1124/1124/2080
f 1139/1139/2081 1126/1126/2082 1129/1129/2083
f 1129/1129/2084 1136/1136/2085 1139/1139/2086
f 1136/1136/2087 1129/1129/2088 1131/1131/2089
f 1141/1141/2090 1142/1142/2091 1143/1143/2092
f 1142/1142/2093 1141/1141/2094 1144/1144/2095
f 1144/1144/2096 1145/1145/2097 1142/1142/2098
f 1145/1145/2099 1144/1144/2100 1146/1146/2101
f 1145/1145/2102 1146/1146/2103 1147/1147/2104
f 1148/1148/2105 1149/1149/2106 1150/1150/2107
f 1148/1148/2108 1151/1151/2109 1149/1149/2110
f 1149/1149/2111 1151/1151/2112 1152/1152/2113
f 1152/1152/2114 1151/1151/2115 1153/1153/2116
f 1149/1149/2117 1152/1152/2118 1154/1154/2119
f 1155/1155/2120 1156/1156/2121 1157/1157/2122
f 1156/1156/2123 1155/1155/2124 1158/1158/2125
f 1159/1159/2126 1158/1158/2127 1155/1155/2128
f 1158/1158/2129 1159/1159/2130 1160/1160/2131
f 1161/1161/2132 1157/1157/2133 1156/1156/2134
f 1157/1157/2135 1161/1161/2136 1162/1162/2137
f 1163/1163/2138 1162/1162/2139 1161/1161/2140
f 1162/1162/2141 1163/1163/2142 1164/1164/2143
f 1165/1165/2144 1164/1164/2145 1163/1163/2146
f 1164/1164/2147 1165/1165/2148 1166/1166/2149
f 1167/1167/2150 1166/1166/2151 1165/1165/2152
f 1166/1166/2153 1167/1167/2154 1168/1168/2155
f 1169/1169/2156 1170/1170/2157 1171/1171/2158
f 1170/1170/2159 1169/1169/2160 1172/1172/2161
f 1173/1173/2162 1172/1172/2163 1169/1169/2164
f 1172/1172/2165 1173/1173/2166 1174/1174/2167
f 1175/1175/2168 1176/1176/2169 1177/1177/2170
f 1176/1176/2171 1175/1175/2172 1178/1178/2173
f 1179/1179/2174 1177/1177/2175 1176/1176/2176
f 1177/1177/2177 1179/1179/2178 1180/1180/2179
f 1181/1181/2180 1182/1182/2181 1183/1183/2182
f 1182/1182/2183 1181/1181/2184 1184/1184/2185
f 1185/1185/2186 1184/1184/2187 1181/1181/2188
f 1184/1184/2189 1185/1185/2190 1186/1186/2191
f 1187/1187/2192 1188/1188/2193 1189/1189/2194
f 1188/1188/2195 1187/1187/2196 1190/1190/2197
f 1191/1191/2198 1189/1189/2199 1188/1188/2176
f 1189/1189/2200 1191/1191/2201 1192/1192/2202
f 1193/1193/2203 1194/1194/2204 1195/1195/2205
f 1194/1194/2206 1193/1193/2207 1196/1196/2208
f 1193/1193/2209 1197/1197/2210 1196/1196/2211
f 1197/1197/2212 1193/1193/2213 1198/1198/2214
f 1199/1199/2215 1200/1200/2216 1201/1201/2217
f 1200/1200/2218 1199/1199/2219 1202/1202/2220
f 1200/1200/2221 1202/1202/2222 1203/1203/2223
f 1201/1201/2224 1204/1204/2225 1199/1199/2226
f 1204/1204/2227 1201/1201/2228 1205/1205/2229
f 1204/1204/2230 1205/1205/2231 1206/1206/2232
f 1207/1207/2233 1208/1208/2234 1209/1209/2235
f 1208/1208/2236 1207/1207/2237 1210/1210/2238
f 1211/1211/2239 1208/1208/2240 1210/1210/2241
f 1208/1208/2242 1211/1211/2243 1212/1212/2244
f 1213/1213/2245 1214/1214/2246 1215/1215/2247
f 1214/1214/2248 1213/1213/2249 1216/1216/2250
f 1216/1216/2251 1213/1213/2252 1217/1217/2253
f 1218/1218/2254 1215/1215/2255 1214/1214/2256
f 1215/1215/2257 1218/1218/2258 1219/1219/2259
f 1219/1219/2260 1218/1218/2261 1220/1220/2262
f 1221/1221/2263 1222/1222/2264 1223/1223/2265
f 1222/1222/2266 1221/1221/2267 1224/1224/2268
f 1225/1225/2269 1224/1224/2270 1221/1221/2271
f 1224/1224/2272 1225/1225/2273 1226/1226/2274
f 1227/1227/2275 1226/1226/2276 1225/1225/2277
f 1226/1226/2278 1227/1227/2279 1228/1228/2280
f 1229/1229/2281 1230/1230/2282 1231/1231/2283
f 1230/1230/2284 1229/1229/2285 1232/1232/2286
f 1233/1233/2287 1232/1232/2288 1229/1229/2289
f 1232/1232/2290 1233/1233/2291 1234/1234/2292
f 1235/1235/2293 1231/1231/2294 1230/1230/2295
f 1231/1231/2296 1235/1235/2297 1236/1236/2298
f 1237/1237/2299 1238/1238/2300 1239/1239/2301
f 1238/1238/2302 1237/1237/2303 1240/1240/2304
f 1241/1241/2305 1240/1240/2306 1237/1237/2307
f 1240/1240/2308 1241/1241/2309 1242/1242/2310
f 1243/1243/2311 1242/1242/2312 1241/1241/2313
f 1242/1242/2314 1243/1243/2315 1244/1244/2316
f 1245/1245/2317 1239/1239/2318 1238/1238/2319
f 1239/1239/2320 1245/1245/2321 1246/1246/2322
f 1247/1247/2323 1246/1246/2324 1245/1245/2325
f 1246/1246/2326 1247/1247/2327 1248/1248/2328
f 1249/1249/2329 1248/1248/2330 1247/1247/2331
f 1248/1248/2332 1249/1249/2333 1250/1250/2334
f 1251/1251/2335 1250/1250/2336 1249/1249/2337
f 1250/1250/2338 1251/1251/2339 1252/1252/2340
f 1253/1253/2341 1252/1252/2342 1251/1251/2343
f 1252/1252/2344 1253/1253/2345 1254/1254/2346
f 1255/1255/2347 1256/1256/2348 1257/1257/2349
f 1256/1256/2350 1255/1255/2351 1258/1258/2352
f 1256/1256/2221 1258/1258/2222 1259/1259/2223
f 1257/1257/2353 1260/1260/2354 1255/1255/2355
f 1260/1260/2356 1257/1257/2357 1261/1261/2358
f 1260/1260/2359 1261/1261/2360 1262/1262/2361
f 1263/1263/2362 1264/1264/2363 1265/1265/2364
f 1264/1264/2365 1263/1263/2366 1266/1266/2367
f 1266/1266/2368 1263/1263/2369 1267/1267/2370
f 1268/1268/2371 1265/1265/2372 1264/1264/2373
f 1265/1265/2374 1268/1268/2375 1269/1269/2376
f 1269/1269/2260 1268/1268/2261 1270/1270/2262
f 1271/1271/2299 1272/1272/2300 1273/1273/2377
f 1272/1272/2378 1271/1271/2379 1274/1274/2380
f 1275/1275/2381 1274/1274/2382 1271/1271/2383
f 1274/1274/2384 1275/1275/2385 1276/1276/2386
f 1277/1277/2387 1276/1276/2388 1275/1275/2389
f 1276/1276/2390 1277/1277/2391 1278/1278/2392
f 1279/1279/2393 1273/1273/2394 1272/1272/2395
f 1273/1273/2396 1279/1279/2397 1280/1280/2398
f 1281/1281/2399 1280/1280/2400 1279/1279/2401
f 1280/1280/2402 1281/1281/2403 1282/1282/2404
f 1283/1283/2405 1282/1282/2406 1281/1281/2407
f 1282/1282/2408 1283/1283/2409 1284/1284/2410
f 1285/1285/2411 1284/1284/2412 1283/1283/2413
f 1284/1284/2414 1285/1285/2415 1286/1286/2416
f 1287/1287/2417 1286/1286/2418 1285/1285/2419
f 1286/1286/2420 1287/1287/2421 1288/1288/2422
f 1289/1289/2423 1290/1290/2424 1291/1291/2425
f 1290/1290/2426 1289/1289/2427 1292/1292/2428
f 1293/1293/2429 1294/1294/2430 1295/1295/2431
f 1294/1294/2432 1293/1293/124 1296/1296/2433
f 1297/1297/2434 1298/1298/2435 1299/1299/2436
f 1298/1298/2437 1297/1297/2438 1300/1300/2439
f 1301/1301/2440 1302/1302/2441 1303/1303/419
f 1302/1302/2442 1301/1301/2443 1304/1304/416
f 1305/1305/2444 1306/1306/2445 1307/1307/2446
f 1306/1306/2447 1305/1305/2448 1308/1308/2449
f 1309/1309/2450 1308/1308/2451 1305/1305/2452
f 1308/1308/2453 1309/1309/2454 1310/1310/2455
f 1311/1311/2456 1310/1310/2457 1309/1309/2458
f 1310/1310/2459 1311/1311/2460 1312/1312/2461
f 1313/1313/2462 1312/1312/2463 1311/1311/2464
f 1312/1312/2465 1313/1313/2466 1314/1314/2467
f 1315/1315/2468 1314/1314/2469 1313/1313/2470
f 1314/1314/2471 1315/1315/2472 1316/1316/2473
f 1317/1317/2474 1316/1316/2475 1315/1315/2476
f 1316/1316/2477 1317/1317/2478 1318/1318/2479
f 1306/1306/2480 1319/1319/2481 1307/1307/2482
f 1319/1319/2483 1306/1306/2484 1320/1320/2485
f 1321/1321/2486 1322/1322/2487 1323/1323/2488
f 1322/1322/2489 1321/1321/2490 1324/1324/2491
f 1325/1325/2492 1326/1326/2493 1327/1327/2494
f 1326/1326/2495 1325/1325/2496 1328/1328/2497
f 1329/1329/2498 1328/1328/2499 1325/1325/2500
f 1328/1328/2501 1329/1329/2502 1330/1330/2503
f 1331/1331/2504 1330/1330/2505 1329/1329/2506
f 1330/1330/2507 1331/1331/2508 1332/1332/2509
f 1333/1333/2510 1332/1332/2511 1331/1331/2512
f 1332/1332/2513 1333/1333/2514 1334/1334/2515
f 1335/1335/2516 1334/1334/2517 1333/1333/2518
f 1334/1334/2519 1335/1335/2520 1336/1336/2521
f 1337/1337/2522 1336/1336/2523 1335/1335/2524
f 1336/1336/2525 1337/1337/2526 1338/1338/2527
f 1337/1337/2528 1339/1339/2529 1338/1338/2530
f 1339/1339/2531 1337/1337/2532 1340/1340/2533
f 1326/1326/2534 1341/1341/2535 1327/1327/2536
f 1341/1341/2537 1326/1326/2538 1342/1342/2539
f 1343/1343/2540 1344/1344/2541 1345/1345/2542
f 1344/1344/2543 1343/1343/2544 1346/1346/2545
f 1347/1347/2546 1348/1348/2547 1349/1349/2548
f 1348/1348/2549 1347/1347/2550 1350/1350/2551
f 1351/1351/2552 1350/1350/2553 1347/1347/2554
f 1350/1350/2555 1351/1351/2556 1352/1352/2557
f 1353/1353/2558 1352/1352/2559 1351/1351/2560
f 1352/1352/2561 1353/1353/2562 1354/1354/2563
f 1355/1355/2564 1354/1354/2565 1353/1353/2566
f 1354/1354/2567 1355/1355/2568 1356/1356/2569
f 1357/1357/2570 1358/1358/2571 1359/1359/2572
f 1358/1358/2573 1357/1357/2574 1360/1360/2575
f 1361/1361/2576 1360/1360/2577 1357/1357/2578
f 1360/1360/2579 1361/1361/2580 1362/1362/2581
f 1363/1363/2582 1362/1362/2583 1361/1361/2584
f 1362/1362/2585 1363/1363/2586 1364/1364/2587
f 1365/1365/2588 1364/1364/2589 1363/1363/2590
f 1364/1364/2591 1365/1365/2592 1366/1366/2593
f 1367/1367/2594 1368/1368/2595 1369/1369/2596
f 1368/1368/2597 1367/1367/2598 1370/1370/2599
f 1371/1371/2600 1372/1372/2601 1373/1373/2602
f 1372/1372/2603 1371/1371/2604 1374/1374/2605
f 1375/1375/2606 1376/1376/2607 1377/1377/1366
f 1378/1378/2608 1379/1379/2609 1380/1380/2610
f 1381/1381/2611 1382/1382/2612 1318/1318/2613
f 1382/1382/2614 1381/1381/2615 1383/1383/2616
f 1384/1384/2617 1385/1385/2618 1386/1386/401
f 1385/1385/2619 1384/1384/2620 1387/1387/422
f 1388/1388/2621 1389/1389/2622 1390/1390/2623
f 1389/1389/2624 1388/1388/2625 1391/1391/2626
f 1392/1392/2627 1393/1393/2628 1394/1394/2629
f 1395/1395/2630 1396/1396/2631 1397/1397/2632
f 1398/1398/2633 1399/1399/2634 1400/1400/2635
f 1399/1399/2636 1398/1398/2637 1401/1401/2638
f 1402/1402/2639 1401/1401/2640 1398/1398/2641
f 1401/1401/2642 1402/1402/2643 1403/1403/2644
f 1404/1404/2645 1403/1403/2646 1402/1402/2647
f 1403/1403/2648 1404/1404/2649 1405/1405/2650
f 1406/1406/2651 1400/1400/2652 1399/1399/2653
f 1400/1400/2654 1406/1406/2655 1407/1407/2656
f 1408/1408/2657 1409/1409/2658 1410/1410/2659
f 1409/1409/2660 1408/1408/2661 1411/1411/2662
f 1412/1412/2663 1411/1411/2664 1408/1408/2665
f 1411/1411/2666 1412/1412/2667 1413/1413/2668
f 1414/1414/2669 1410/1410/2670 1409/1409/2671
f 1410/1410/2672 1414/1414/2673 1415/1415/2674
f 1416/1416/2675 1415/1415/2676 1414/1414/2677
f 1415/1415/2678 1416/1416/2679 1417/1417/2680
f 1418/1418/2681 1419/1419/2682 1420/1420/2683
f 1419/1419/2684 1418/1418/2685 1421/1421/2686
f 1422/1422/2687 1420/1420/2688 1419/1419/2689
f 1420/1420/2690 1422/1422/2691 1423/1423/2692
f 1424/1424/2693 1423/1423/2694 1422/1422/2695
f 1423/1423/2696 1424/1424/2697 1425/1425/2698
f 1426/1426/2699 1425/1425/2700 1424/1424/2701
f 1425/1425/2702 1426/1426/2703 1427/1427/2704
f 1428/1428/2705 1429/1429/2706 1430/1430/2707
f 1429/1429/2708 1428/1428/2709 1431/1431/2710
f 1432/1432/2711 1433/1433/2712 1434/1434/1341
f 1433/1433/2713 1432/1432/2714 1435/1435/1366
f 1436/1436/2715 1437/1437/2716 1438/1438/2717
f 1437/1437/2718 1436/1436/2719 1439/1439/2720
f 1440/1440/2721 1441/1441/2722 1442/1442/2723
f 1441/1441/2724 1440/1440/2725 1443/1443/2726
f 1444/1444/2727 1445/1445/2728 1446/1446/2729
f 1445/1445/2730 1444/1444/2731 1447/1447/2732
f 1448/1448/2733 1449/1449/2734 1450/1450/2735
f 1449/1449/2736 1448/1448/2737 1451/1451/2738
f 1452/1452/2739 1453/1453/2740 1454/1454/2741
f 1453/1453/2742 1452/1452/2743 1455/1455/2744
f 1456/1456/2745 1457/1457/2746 1458/1458/2747
f 1457/1457/2748 1456/1456/2749 1459/1459/2750
f 1460/1460/2751 1461/1461/2752 1462/1462/2753
f 1461/1461/2754 1460/1460/2755 1463/1463/2756
f 1464/1464/2757 1465/1465/2758 1466/1466/2759
f 1465/1465/2760 1464/1464/2761 1467/1467/2762
f 1468/1468/2763 1469/1469/2764 1470/1470/2765
f 1469/1469/2766 1468/1468/2767 1471/1471/2768
f 1472/1472/2769 1473/1473/2770 1474/1474/2771
f 1473/1473/2772 1472/1472/2773 1475/1475/2774
f 1476/1476/2775 1477/1477/2776 1478/1478/410
f 1477/1477/2777 1476/1476/2778 1479/1479/2779
f 1480/1480/2780 1481/1481/2781 1482/1482/2782
f 1481/1481/2783 1480/1480/2784 1483/1483/2785
f 1484/1484/2786 1485/1485/2787 1486/1486/1341
f 1485/1485/2788 1484/1484/2789 1487/1487/2790
f 1488/1488/2791 1489/1489/2792 1490/1490/2793
f 1489/1489/2794 1488/1488/2795 1491/1491/2796
f 1492/1492/2797 1493/1493/2798 1494/1494/2707
f 1493/1493/2799 1492/1492/2800 1495/1495/2801
f 1496/1496/2802 1497/1497/2803 1498/1498/1341
f 1497/1497/2804 1496/1496/2805 1499/1499/1366
f 1500/1500/2715 1501/1501/2806 1502/1502/2717
f 1501/1501/2807 1500/1500/2719 1503/1503/2720
f 1504/1504/2808 1505/1505/2809 1506/1506/2810
f 1505/1505/2811 1504/1504/2812 1507/1507/2813
f 1508/1508/2814 1509/1509/2815 1510/1510/2816
f 1509/1509/2817 1508/1508/2818 1511/1511/2819
f 1512/1512/2820 1513/1513/2821 1514/1514/2822
f 1513/1513/2823 1512/1512/2824 1515/1515/2825
f 1516/1516/2826 1517/1517/2827 1518/1518/2828
f 1517/1517/2829 1516/1516/2830 1519/1519/2831
f 1520/1520/2832 1521/1521/2833 1522/1522/2834
f 1521/1521/2835 1520/1520/2836 1523/1523/2837
f 1524/1524/2838 1525/1525/2839 1526/1526/2840
f 1525/1525/2841 1524/1524/2842 1527/1527/2843
f 1528/1528/2844 1527/1527/2845 1524/1524/2846
f 1527/1527/2847 1528/1528/2848 1529/1529/2849
f 1530/1530/2850 1531/1531/2851 1532/1532/2852
f 1531/1531/2853 1530/1530/2854 1533/1533/2855
f 1534/1534/2856 1532/1532/2857 1531/1531/2858
f 1532/1532/2859 1534/1534/2860 1535/1535/2861
f 1536/1536/2862 1537/1537/2863 1538/1538/2864
f 1537/1537/2865 1536/1536/2866 1539/1539/2867
f 1540/1540/2868 1539/1539/2869 1536/1536/2870
f 1539/1539/2871 1540/1540/2872 1541/1541/2873
f 1542/1542/2874 1541/1541/2875 1540/1540/2876
f 1541/1541/2877 1542/1542/2878 1543/1543/2879
f 1544/1544/2880 1543/1543/2881 1542/1542/2882
f 1543/1543/2883 1544/1544/2884 1545/1545/2885
f 1546/1546/2886 1545/1545/2887 1544/1544/2888
f 1545/1545/2889 1546/1546/2890 1547/1547/2891
f 1538/1538/2892 1548/1548/2893 1536/1536/2894
f 1536/1536/2895 1548/1548/2896 1549/1549/2897
f 1549/1549/2898 1548/1548/2899 1550/1550/2900
f 1550/1550/2901 1548/1548/2902 1551/1551/2903
f 1551/1551/2904 1548/1548/2905 1552/1552/2906
f 1553/1553/2907 1554/1554/2908 1555/1555/2909
f 1553/1553/2910 1556/1556/2911 1554/1554/2912
f 1556/1556/2913 1553/1553/2914 1557/1557/2915
f 1558/1558/2916 1559/1559/2917 1560/1560/2918
f 1559/1559/2919 1558/1558/2920 1561/1561/2921
f 1561/1561/2922 1562/1562/2923 1559/1559/2924
f 1562/1562/2925 1561/1561/2926 1563/1563/2927
f 1560/1560/2928 1564/1564/2929 1558/1558/2930
f 1564/1564/2931 1560/1560/2932 1565/1565/2933
f 1565/1565/2934 1566/1566/2935 1564/1564/2936
f 1566/1566/2937 1565/1565/2938 1567/1567/776
f 1568/1568/2939 1569/1569/2940 1570/1570/2941
f 1569/1569/2942 1568/1568/2943 1571/1571/2944
f 1571/1571/2945 1572/1572/2946 1569/1569/2947
f 1572/1572/2948 1571/1571/2949 1573/1573/2950
f 1573/1573/2951 1574/1574/2952 1572/1572/2953
f 1574/1574/2954 1573/1573/2955 1575/1575/2956
f 1575/1575/2957 1576/1576/2958 1574/1574/2959
f 1576/1576/2960 1575/1575/2961 1577/1577/2962
f 1577/1577/2963 1570/1570/2964 1576/1576/2965
f 1570/1570/2966 1577/1577/2967 1568/1568/2968
f 1578/1578/2969 1579/1579/2970 1580/1580/2971
f 1579/1579/2972 1578/1578/2973 1581/1581/2974
f 1581/1581/2975 1582/1582/2976 1579/1579/2977
f 1582/1582/2978 1581/1581/2979 1583/1583/2980
f 1583/1583/2981 1584/1584/2982 1582/1582/2983
f 1584/1584/2984 1583/1583/2985 1585/1585/2986
f 1580/1580/2987 1586/1586/2988 1578/1578/2989
f 1586/1586/2990 1580/1580/2991 1587/1587/2992
f 1587/1587/2993 1588/1588/2994 1586/1586/2995
f 1588/1588/2996 1587/1587/2997 1589/1589/2998
f 1590/1590/2999 1591/1591/3000 1592/1592/3001
f 1591/1591/3002 1590/1590/3003 1593/1593/3004
f 1593/1593/3005 1594/1594/3006 1591/1591/3007
f 1594/1594/3008 1593/1593/3009 1595/1595/3010
f 1595/1595/3011 1596/1596/3012 1594/1594/3013
f 1596/1596/3014 1595/1595/3015 1597/1597/3016
f 1597/1597/3017 1598/1598/569 1596/1596/3018
f 1598/1598/3019 1597/1597/2999 1599/1599/3020
f 1599/1599/3021 1592/1592/3022 1598/1598/3023
f 1592/1592/3024 1599/1599/3025 1590/1590/3026
f 1600/1600/3027 1601/1601/3028 1602/1602/3029
f 1601/1601/3030 1600/1600/3031 1603/1603/3032
f 1603/1603/3033 1604/1604/3034 1601/1601/3035
f 1604/1604/3036 1603/1603/3037 1605/1605/3038
f 1605/1605/3039 1606/1606/3040 1604/1604/3041
f 1606/1606/3042 1605/1605/3043 1607/1607/3044
f 1608/1608/3045 1609/1609/3046 1610/1610/3047
f 1609/1609/3048 1608/1608/3049 1611/1611/3050
f 1611/1611/3051 1612/1612/3052 1609/1609/3053
f 1612/1612/3054 1611/1611/3055 1613/1613/3056
f 1613/1613/3057 1614/1614/3058 1612/1612/3059
f 1614/1614/3060 1613/1613/3061 1615/1615/3062
f 1616/1616/3063 1617/1617/3064 1618/1618/3065
f 1617/1617/3066 1616/1616/3067 1619/1619/3068
f 1620/1620/3069 1618/1618/3070 1617/1617/3071
f 1618/1618/3072 1620/1620/3073 1621/1621/3074
f 1622/1622/3075 1623/1623/3076 1624/1624/3077
f 1623/1623/3078 1622/1622/3079 1625/1625/3080
f 1626/1626/3081 1625/1625/3082 1622/1622/3083
f 1625/1625/3084 1626/1626/3085 1627/1627/3086
f 1628/1628/3087 1627/1627/3088 1626/1626/3089
f 1627/1627/3090 1628/1628/3091 1629/1629/3092
f 1630/1630/3093 1629/1629/3094 1628/1628/3095
f 1629/1629/3096 1630/1630/3097 1631/1631/3098
f 1632/1632/3099 1633/1633/3100 1634/1634/3101
f 1632/1632/3102 1635/1635/3103 1633/1633/3104
f 1635/1635/3105 1632/1632/3106 1636/1636/3107
f 1637/1637/3108 1638/1638/3109 1639/1639/3110
f 1638/1638/3111 1637/1637/3112 1640/1640/3113
f 1640/1640/3114 1637/1637/3115 1641/1641/3116
f 1642/1642/3117 1643/1643/3118 1644/1644/3119
f 1643/1643/3120 1642/1642/3121 1645/1645/3122
f 1646/1646/3123 1644/1644/3124 1643/1643/3125
f 1644/1644/3126 1646/1646/3127 1647/1647/3128
f 1648/1648/3129 1647/1647/3130 1646/1646/3131
f 1647/1647/3132 1648/1648/3133 1649/1649/3134
f 1650/1650/3135 1651/1651/3136 1652/1652/3137
f 1653/1653/3138 1651/1651/3139 1650/1650/3140
f 1651/1651/3141 1653/1653/3142 1654/1654/3143
f 1653/1653/3144 1655/1655/3145 1654/1654/3146
f 1656/1656/3147 1657/1657/3148 1645/1645/3149
f 1656/1656/3150 1658/1658/3151 1657/1657/3152
f 1658/1658/3153 1656/1656/3154 1659/1659/3155
f 1660/1660/3156 1661/1661/3157 1662/1662/3158
f 1661/1661/3159 1660/1660/3160 1663/1663/3161
f 1664/1664/3162 1662/1662/3163 1661/1661/3164
f 1662/1662/3165 1664/1664/3166 1665/1665/3167
f 1666/1666/3168 1665/1665/3169 1664/1664/3170
f 1665/1665/3171 1666/1666/3172 1667/1667/3173
f 1668/1668/3174 1669/1669/3175 1670/1670/3176
f 1668/1668/3177 1671/1671/3178 1669/1669/3179
f 1671/1671/3180 1668/1668/3181 1672/1672/3182
f 1672/1672/3183 1673/1673/3184 1671/1671/3185
f 1674/1674/3186 1675/1675/3187 1676/1676/3188
f 1675/1675/3189 1674/1674/3190 1677/1677/3191
f 1660/1660/3192 1678/1678/3193 1679/1679/3194
f 1680/1680/3195 1681/1681/3196 1682/1682/3197
f 1681/1681/3198 1680/1680/3199 1683/1683/3200
f 1684/1684/3201 1685/1685/3202 1686/1686/3203
f 1687/1687/3204 1688/1688/3205 1689/1689/3206
f 1690/1690/3207 1691/1691/3208 1692/1692/3209
f 1691/1691/3210 1690/1690/3211 1693/1693/3212
f 1694/1694/3213 1693/1693/3214 1690/1690/3215
f 1693/1693/3216 1694/1694/3217 1695/1695/3218
f 1696/1696/3219 1692/1692/3220 1691/1691/3221
f 1692/1692/3222 1696/1696/3223 1697/1697/3224
f 1698/1698/3225 1697/1697/3226 1696/1696/3227
f 1697/1697/3228 1698/1698/3229 1699/1699/3230
f 1700/1700/3231 1701/1701/3232 1702/1702/3233
f 1701/1701/3234 1700/1700/3235 1703/1703/3236
f 1704/1704/3237 1705/1705/3238 1706/1706/3239
f 1705/1705/3240 1704/1704/3241 1707/1707/3242
f 1708/1708/3243 1709/1709/3244 1710/1710/3245
f 1709/1709/3246 1708/1708/3247 1711/1711/3248
f 1712/1712/3249 1713/1713/3250 1714/1714/3251
f 1713/1713/3252 1712/1712/3253 1715/1715/3254
f 1716/1716/3255 1717/1717/3256 1718/1718/3257
f 1717/1717/3258 1716/1716/3259 1719/1719/3260
f 1720/1720/3261 1721/1721/3262 1722/1722/3263
f 1721/1721/3264 1720/1720/3265 1723/1723/3266
f 1724/1724/3267 1725/1725/3268 1726/1726/3269
f 1725/1725/3270 1724/1724/3271 1727/1727/3272
f 1728/1728/3273 1729/1729/3274 1730/1730/3275
f 1729/1729/3276 1728/1728/3277 1731/1731/3278
f 1729/1729/3279 1732/1732/3280 1730/1730/3281
f 1732/1732/3282 1733/1733/3283 1730/1730/3284
f 1730/1730/3285 1733/1733/3286 1734/1734/3279
f 1735/1735/3287 1736/1736/3288 1737/1737/3289
f 1736/1736/3290 1735/1735/3291 1738/1738/2433
f 1739/1739/3292 1740/1740/3293 1741/1741/3294
f 1740/1740/3295 1739/1739/3296 1742/1742/3297
f 1739/1739/3298 1743/1743/3299 1742/1742/3300
f 1742/1742/3301 1744/1744/3302 1740/1740/766
f 1744/1744/3303 1742/1742/3304 1745/1745/404
f 1740/1740/3305 1746/1746/3306 1741/1741/3307
f 1747/1747/3308 1748/1748/3309 1749/1749/3310
f 1748/1748/3311 1747/1747/3312 1750/1750/3313
f 1749/1749/3314 1751/1751/3315 1747/1747/419
f 1751/1751/3316 1749/1749/3317 1752/1752/776
f 1753/1753/3318 1754/1754/3319 1755/1755/3320
f 1754/1754/3321 1753/1753/3322 1756/1756/3323
f 1757/1757/3324 1755/1755/3325 1754/1754/3326
f 1755/1755/3327 1757/1757/3328 1758/1758/3329
f 1759/1759/3330 1758/1758/3331 1757/1757/3332
f 1758/1758/3333 1759/1759/3334 1760/1760/3335
f 1761/1761/3336 1762/1762/3337 1763/1763/3338
f 1764/1764/3339 1765/1765/3340 1766/1766/3341
f 1765/1765/3342 1764/1764/3343 1767/1767/3344
f 1768/1768/3345 1769/1769/3346 1770/1770/3347
f 1769/1769/3348 1768/1768/3349 1771/1771/3350
f 1772/1772/3351 1773/1773/3352 1774/1774/3353
f 1772/1772/3354 1774/1774/3355 1775/1775/3356
f 1776/1776/3357 1777/1777/3358 1778/1778/3359
f 1777/1777/3360 1776/1776/3361 1779/1779/3362
f 1780/1780/3363 1781/1781/3364 1782/1782/401
f 1781/1781/3365 1780/1780/3366 1783/1783/781
f 1784/1784/3367 1785/1785/3368 1786/1786/3369
f 1785/1785/3370 1784/1784/3371 1787/1787/3372
f 1788/1788/3373 1789/1789/3374 1790/1790/3375
f 1789/1789/3376 1788/1788/3377 1791/1791/3378
f 1792/1792/3379 1793/1793/3380 1794/1794/3381
f 1793/1793/3382 1792/1792/3383 1795/1795/3384
f 1795/1795/3385 1796/1796/3386 1793/1793/3387
f 1796/1796/3388 1795/1795/3389 1797/1797/3390
f 1797/1797/3391 1798/1798/3392 1796/1796/3393
f 1798/1798/3394 1797/1797/3395 1799/1799/3396
f 1799/1799/3397 1800/1800/3398 1798/1798/3399
f 1800/1800/3400 1799/1799/3401 1801/1801/3402
f 1802/1802/3403 1803/1803/3404 1804/1804/3405
f 1803/1803/3406 1802/1802/3407 1805/1805/3408
f 1805/1805/3409 1806/1806/3410 1803/1803/3411
f 1806/1806/3412 1805/1805/3413 1807/1807/3414
f 1807/1807/3415 1808/1808/3416 1806/1806/3417
f 1808/1808/3418 1807/1807/3419 1809/1809/3420
f 1809/1809/3421 1810/1810/3422 1808/1808/3423
f 1810/1810/3424 1809/1809/3425 1811/1811/3426
f 1812/1812/3427 1813/1813/3428 1814/1814/3429
f 1813/1813/3430 1812/1812/3431 1815/1815/3432
f 1815/1815/3433 1816/1816/3434 1813/1813/3435
f 1816/1816/3436 1815/1815/3437 1817/1817/3438
f 1817/1817/3439 1818/1818/3440 1816/1816/3441
f 1818/1818/3442 1817/1817/3443 1819/1819/3444
f 1819/1819/3445 1820/1820/3446 1818/1818/3447
f 1820/1820/3448 1819/1819/3449 1821/1821/3450
f 1822/1822/3451 1823/1823/3452 1824/1824/3453
f 1823/1823/3454 1822/1822/3455 1825/1825/3456
f 1825/1825/3457 1826/1826/3458 1823/1823/3459
f 1826/1826/3460 1825/1825/3461 1827/1827/3462
f 1827/1827/3463 1828/1828/3464 1826/1826/3465
f 1828/1828/3466 1827/1827/3467 1829/1829/3468
f 1829/1829/3469 1830/1830/3470 1828/1828/3471
f 1830/1830/3472 1829/1829/3473 1831/1831/3474
f 1832/1832/3475 1833/1833/3476 1834/1834/3477
f 1833/1833/3478 1832/1832/3479 1835/1835/3480
f 1836/1836/3481 1837/1837/3482 1838/1838/3483
f 1837/1837/3484 1836/1836/3485 1839/1839/3486
f 1840/1840/3487 1841/1841/3488 1842/1842/3489
f 1840/1840/3490 1843/1843/3491 1841/1841/3492
f 1843/1843/3493 1840/1840/3494 1844/1844/3495
f 1844/1844/3496 1845/1845/3497 1843/1843/3498
f 1845/1845/3499 1844/1844/3500 1846/1846/3501
f 1846/1846/3502 1847/1847/3503 1845/1845/3504
f 1847/1847/3505 1846/1846/3506 1848/1848/3507
f 1842/1842/3508 1849/1849/3509 1840/1840/3510
f 1850/1850/3511 1851/1851/3512 1852/1852/3513
f 1851/1851/3514 1853/1853/3515 1852/1852/3516
f 1853/1853/3517 1851/1851/3518 1854/1854/3519
f 1854/1854/3520 1855/1855/3521 1853/1853/3522
f 1855/1855/3523 1854/1854/3524 1856/1856/3525
f 1856/1856/3526 1857/1857/3527 1855/1855/3528
f 1857/1857/3529 1856/1856/3530 1858/1858/3531
f 1852/1852/3532 1859/1859/3533 1850/1850/3534
f 1860/1860/3535 1861/1861/3536 1862/1862/3537
f 1861/1861/3538 1860/1860/3539 1863/1863/3540
f 1863/1863/3541 1864/1864/3542 1861/1861/3543
f 1864/1864/3544 1863/1863/3545 1865/1865/3546
f 1865/1865/3547 1866/1866/3548 1864/1864/3549
f 1866/1866/3550 1865/1865/3551 1867/1867/3552
f 1868/1868/3553 1869/1869/3554 1870/1870/3555
f 1869/1869/3556 1868/1868/3557 1871/1871/3558
f 1872/1872/3559 1873/1873/3560 1874/1874/3561
f 1873/1873/3562 1872/1872/3563 1875/1875/3564
f 1876/1876/3565 1877/1877/3566 1878/1878/3567
f 1877/1877/3568 1876/1876/3569 1879/1879/3570
f 1880/1880/3571 1879/1879/3572 1876/1876/3573
f 1879/1879/3574 1880/1880/3575 1881/1881/3576
f 1882/1882/3577 1881/1881/3578 1880/1880/3579
f 1881/1881/3580 1882/1882/3581 1883/1883/3582
f 1884/1884/2462 1883/1883/2463 1882/1882/2464
f 1883/1883/2465 1884/1884/2466 1885/1885/2467
f 1886/1886/2468 1885/1885/2469 1884/1884/2470
f 1885/1885/2471 1886/1886/2472 1887/1887/2473
f 1888/1888/3583 1887/1887/3584 1886/1886/3585
f 1887/1887/3586 1888/1888/3587 1889/1889/3588
f 1877/1877/3589 1890/1890/3590 1878/1878/3591
f 1890/1890/2483 1877/1877/2484 1891/1891/2485
f 1892/1892/3592 1893/1893/3593 1894/1894/3594
f 1893/1893/3595 1892/1892/3596 1895/1895/2491
f 1896/1896/3597 1897/1897/3598 1898/1898/3599
f 1897/1897/3600 1896/1896/3601 1899/1899/3602
f 1900/1900/3603 1899/1899/3604 1896/1896/3605
f 1899/1899/3606 1900/1900/3607 1901/1901/3608
f 1902/1902/3609 1901/1901/3610 1900/1900/3611
f 1901/1901/3612 1902/1902/3613 1903/1903/3614
f 1904/1904/3615 1903/1903/3616 1902/1902/3617
f 1903/1903/2513 1904/1904/2514 1905/1905/2515
f 1906/1906/3618 1905/1905/3619 1904/1904/3620
f 1905/1905/3621 1906/1906/3622 1907/1907/3623
f 1908/1908/3624 1907/1907/3625 1906/1906/3626
f 1907/1907/3627 1908/1908/3628 1909/1909/3629
f 1908/1908/2528 1910/1910/2529 1909/1909/2530
f 1910/1910/2531 1908/1908/2532 1911/1911/2533
f 1897/1897/3630 1912/1912/3631 1898/1898/3632
f 1912/1912/3633 1897/1897/3634 1913/1913/3635
f 1914/1914/3636 1915/1915/3637 1916/1916/3638
f 1915/1915/3639 1914/1914/3640 1917/1917/3641
f 1918/1918/3642 1919/1919/3643 1920/1920/3644
f 1919/1919/3645 1918/1918/3646 1921/1921/3647
f 1922/1922/3648 1921/1921/3649 1918/1918/3650
f 1921/1921/3651 1922/1922/3652 1923/1923/3653
f 1924/1924/3654 1923/1923/3655 1922/1922/3656
f 1923/1923/3657 1924/1924/3658 1925/1925/2563
f 1926/1926/3659 1925/1925/3660 1924/1924/3661
f 1925/1925/3662 1926/1926/3663 1927/1927/3664
f 1928/1928/3665 1929/1929/3666 1930/1930/3667
f 1929/1929/3668 1928/1928/3669 1931/1931/3670
f 1932/1932/3671 1931/1931/3672 1928/1928/3673
f 1931/1931/3674 1932/1932/3675 1933/1933/3676
f 1934/1934/3677 1933/1933/3678 1932/1932/3679
f 1933/1933/3680 1934/1934/3681 1935/1935/3682
f 1936/1936/3683 1935/1935/3684 1934/1934/3685
f 1935/1935/3686 1936/1936/3687 1937/1937/3688
f 1938/1938/3689 1939/1939/3690 1940/1940/3691
f 1939/1939/3692 1938/1938/3693 1941/1941/3694
f 1942/1942/3695 1943/1943/3696 1944/1944/3697
f 1943/1943/3698 1942/1942/3699 1945/1945/3700
f 1946/1946/3701 1947/1947/3702 1948/1948/1366
f 1949/1949/3703 1950/1950/3704 1951/1951/3705
f 1952/1952/2611 1953/1953/2612 1889/1889/2613
f 1953/1953/2614 1952/1952/2615 1954/1954/2616
f 1955/1955/3706 1956/1956/3707 1957/1957/401
f 1956/1956/3708 1955/1955/3709 1958/1958/422
f 1959/1959/3710 1960/1960/3711 1961/1961/3712
f 1960/1960/3713 1959/1959/3714 1962/1962/3715
f 1963/1963/3716 1964/1964/3717 1965/1965/3718
f 1966/1966/3719 1967/1967/3720 1968/1968/3721
f 1969/1969/3722 1970/1970/3723 1971/1971/3724
f 1970/1970/3725 1969/1969/3726 1972/1972/3727
f 1972/1972/3728 1973/1973/3729 1970/1970/3730
f 1973/1973/3731 1972/1972/3732 1974/1974/3733
f 1974/1974/3734 1975/1975/3735 1973/1973/3736
f 1975/1975/3737 1974/1974/3738 1976/1976/3739
f 1976/1976/3740 1977/1977/3741 1975/1975/3742
f 1977/1977/3743 1976/1976/3744 1978/1978/3745
f 1979/1979/3746 1980/1980/3747 1981/1981/3748
f 1980/1980/3406 1979/1979/3407 1982/1982/3408
f 1982/1982/3409 1983/1983/3410 1980/1980/3411
f 1983/1983/3412 1982/1982/3413 1984/1984/3414
f 1984/1984/3749 1985/1985/3750 1983/1983/3751
f 1985/1985/3752 1984/1984/3753 1986/1986/3754
f 1986/1986/3755 1987/1987/3756 1985/1985/3757
f 1987/1987/3758 1986/1986/3759 1988/1988/3760
f 1989/1989/3761 1990/1990/3762 1991/1991/3763
f 1990/1990/3764 1989/1989/3765 1992/1992/3766
f 1992/1992/3767 1993/1993/3768 1990/1990/3435
f 1993/1993/3769 1992/1992/3770 1994/1994/3771
f 1994/1994/3772 1995/1995/3773 1993/1993/3774
f 1995/1995/3775 1994/1994/3776 1996/1996/3777
f 1996/1996/3778 1997/1997/3779 1995/1995/3780
f 1997/1997/3781 1996/1996/3782 1998/1998/3783
f 1999/1999/3784 2000/2000/3785 2001/2001/3786
f 2000/2000/3454 1999/1999/3455 2002/2002/3456
f 2002/2002/3457 2003/2003/3458 2000/2000/3459
f 2003/2003/3460 2002/2002/3461 2004/2004/3462
f 2004/2004/3787 2005/2005/3788 2003/2003/3789
f 2005/2005/3790 2004/2004/3791 2006/2006/3792
f 2006/2006/3793 2007/2007/3794 2005/2005/3795
f 2007/2007/3796 2006/2006/3797 2008/2008/3798
f 2009/2009/3799 2010/2010/3800 2011/2011/3801
f 2010/2010/3802 2009/2009/3803 2012/2012/3804
f 2013/2013/3805 2014/2014/3806 2015/2015/3807
f 2014/2014/3808 2013/2013/3809 2016/2016/3810
f 2017/2017/3811 2018/2018/3812 2019/2019/3813
f 2017/2017/3814 2020/2020/3815 2018/2018/3816
f 2020/2020/3817 2017/2017/3818 2021/2021/3819
f 2021/2021/3820 2022/2022/3821 2020/2020/3822
f 2022/2022/3823 2021/2021/3824 2023/2023/3825
f 2023/2023/3826 2024/2024/3827 2022/2022/3828
f 2024/2024/3829 2023/2023/3830 2025/2025/3831
f 2019/2019/3508 2026/2026/3509 2017/2017/3510
f 2027/2027/3832 2028/2028/3833 2029/2029/3834
f 2028/2028/3835 2030/2030/3836 2029/2029/3837
f 2030/2030/3517 2028/2028/3518 2031/2031/3519
f 2031/2031/3838 2032/2032/3839 2030/2030/3840
f 2032/2032/3841 2031/2031/3842 2033/2033/3843
f 2033/2033/3844 2034/2034/3845 2032/2032/3846
f 2034/2034/3847 2033/2033/3848 2035/2035/3849
f 2029/2029/3850 2036/2036/3851 2027/2027/3852
f 2037/2037/3853 2038/2038/3854 2039/2039/3855
f 2038/2038/3856 2037/2037/3857 2040/2040/3858
f 2040/2040/3859 2041/2041/3860 2038/2038/3861
f 2041/2041/3862 2040/2040/3863 2042/2042/3864
f 2042/2042/3865 2043/2043/3866 2041/2041/3867
f 2043/2043/3868 2042/2042/3869 2044/2044/3870
f 2045/2045/3553 2046/2046/3554 2047/2047/3555
f 2046/2046/3871 2045/2045/3872 2048/2048/3873
f 2049/2049/3559 2050/2050/3560 2051/2051/3561
f 2050/2050/3562 2049/2049/3563 2052/2052/3564
f 2053/2053/3874 2054/2054/3875 2055/2055/3876
f 2054/2054/3877 2053/2053/3878 2056/2056/3879
f 2056/2056/3880 2057/2057/3881 2054/2054/3882
f 2057/2057/3883 2056/2056/3884 2058/2058/3885
f 2058/2058/3886 2059/2059/3887 2057/2057/3888
f 2059/2059/3889 2058/2058/3890 2060/2060/3891
f 2060/2060/3892 2061/2061/3893 2059/2059/3894
f 2061/2061/3895 2060/2060/3896 2062/2062/3897
f 2063/2063/3898 2064/2064/3899 2065/2065/3900
f 2064/2064/3901 2063/2063/3902 2066/2066/3903
f 2066/2066/3409 2067/2067/3410 2064/2064/3411
f 2067/2067/3412 2066/2066/3413 2068/2068/3414
f 2068/2068/3749 2069/2069/3750 2067/2067/3751
f 2069/2069/3904 2068/2068/3905 2070/2070/3906
f 2070/2070/3907 2071/2071/3908 2069/2069/3909
f 2071/2071/3910 2070/2070/3911 2072/2072/3912
f 2073/2073/3913 2074/2074/3914 2075/2075/3915
f 2074/2074/3916 2073/2073/3917 2076/2076/3918
f 2076/2076/3919 2077/2077/3920 2074/2074/3921
f 2077/2077/3922 2076/2076/3923 2078/2078/3924
f 2078/2078/3925 2079/2079/3926 2077/2077/3927
f 2079/2079/3775 2078/2078/3776 2080/2080/3777
f 2080/2080/3778 2081/2081/3779 2079/2079/3780
f 2081/2081/3928 2080/2080/3929 2082/2082/3930
f 2083/2083/3931 2084/2084/3932 2085/2085/3933
f 2084/2084/3934 2083/2083/3935 2086/2086/3936
f 2086/2086/3457 2087/2087/3458 2084/2084/3459
f 2087/2087/3460 2086/2086/3461 2088/2088/3462
f 2088/2088/3937 2089/2089/3938 2087/2087/3939
f 2089/2089/3940 2088/2088/3941 2090/2090/3942
f 2090/2090/3943 2091/2091/3944 2089/2089/3945
f 2091/2091/3946 2090/2090/3947 2092/2092/3948
f 2093/2093/3949 2094/2094/3950 2095/2095/3951
f 2094/2094/3952 2093/2093/3953 2096/2096/3954
f 2097/2097/3955 2098/2098/3956 2099/2099/3957
f 2098/2098/3958 2097/2097/3959 2100/2100/3960
f 2101/2101/3961 2102/2102/3962 2103/2103/3963
f 2101/2101/3964 2104/2104/3965 2102/2102/3966
f 2104/2104/3967 2101/2101/3968 2105/2105/3969
f 2105/2105/3970 2106/2106/3971 2104/2104/3972
f 2106/2106/3973 2105/2105/3974 2107/2107/3975
f 2107/2107/3826 2108/2108/3827 2106/2106/3828
f 2108/2108/3829 2107/2107/3830 2109/2109/3831
f 2103/2103/3508 2110/2110/3509 2101/2101/3510
f 2111/2111/3976 2112/2112/3977 2113/2113/3978
f 2112/2112/3835 2114/2114/3836 2113/2113/3837
f 2114/2114/3517 2112/2112/3518 2115/2115/3519
f 2115/2115/3838 2116/2116/3839 2114/2114/3840
f 2116/2116/3841 2115/2115/3842 2117/2117/3843
f 2117/2117/3979 2118/2118/3980 2116/2116/3981
f 2118/2118/3982 2117/2117/3983 2119/2119/3984
f 2113/2113/3985 2120/2120/3986 2111/2111/3987
f 2121/2121/3988 2122/2122/3989 2123/2123/3990
f 2122/2122/3991 2121/2121/3992 2124/2124/3993
f 2124/2124/3994 2125/2125/3995 2122/2122/3996
f 2125/2125/3997 2124/2124/3998 2126/2126/3999
f 2126/2126/3865 2127/2127/3866 2125/2125/3867
f 2127/2127/4000 2126/2126/4001 2128/2128/4002
f 2129/2129/4003 2130/2130/4004 2131/2131/4005
f 2130/2130/4006 2129/2129/4007 2132/2132/4008
f 2133/2133/3559 2134/2134/3560 2135/2135/3561
f 2134/2134/3562 2133/2133/3563 2136/2136/3564
f 2137/2137/4009 2138/2138/4010 2139/2139/4011
f 2138/2138/4012 2137/2137/4013 2140/2140/4014
f 2141/2141/4015 2140/2140/4016 2137/2137/4017
f 2140/2140/4018 2141/2141/4019 2142/2142/4020
f 2143/2143/4021 2142/2142/4022 2141/2141/4023
f 2142/2142/4024 2143/2143/4025 2144/2144/4026
f 2145/2145/4027 2144/2144/4028 2143/2143/4029
f 2144/2144/4030 2145/2145/4031 2146/2146/4032
f 2147/2147/4033 2148/2148/4034 2149/2149/4035
f 2147/2147/4036 2150/2150/4037 2148/2148/4038
f 2150/2150/4039 2147/2147/4040 2151/2151/4041
f 2152/2152/4042 2153/2153/4043 2154/2154/4044
f 2153/2153/4045 2152/2152/4046 2155/2155/4047
f 2155/2155/4048 2152/2152/4049 2156/2156/4050
f 2157/2157/4051 2158/2158/4052 2159/2159/4053
f 2158/2158/4054 2157/2157/4055 2160/2160/4056
f 2161/2161/4057 2159/2159/4058 2158/2158/4059
f 2159/2159/4060 2161/2161/4061 2162/2162/4062
f 2163/2163/4063 2162/2162/4064 2161/2161/4065
f 2162/2162/4066 2163/2163/4067 2164/2164/4068
f 2165/2165/4069 2166/2166/4070 2167/2167/4071
f 2168/2168/4072 2166/2166/4073 2165/2165/4074
f 2166/2166/4075 2168/2168/4076 2169/2169/4077
f 2168/2168/4078 2170/2170/4079 2169/2169/4080
f 2171/2171/4081 2172/2172/4082 2160/2160/4083
f 2171/2171/4084 2173/2173/4085 2172/2172/4086
f 2173/2173/4087 2171/2171/4088 2174/2174/4089
f 2175/2175/4090 2176/2176/4091 2177/2177/4092
f 2176/2176/4093 2175/2175/4094 2178/2178/4095
f 2179/2179/4096 2177/2177/4097 2176/2176/4098
f 2177/2177/4099 2179/2179/4100 2180/2180/4101
f 2181/2181/4102 2180/2180/4103 2179/2179/4104
f 2180/2180/4105 2181/2181/4106 2182/2182/4107
f 2183/2183/4108 2184/2184/4109 2185/2185/4110
f 2183/2183/4111 2186/2186/4112 2184/2184/4113
f 2186/2186/4114 2183/2183/4115 2187/2187/4116
f 2187/2187/4117 2188/2188/4118 2186/2186/4119
f 2189/2189/4120 2190/2190/4121 2191/2191/4122
f 2190/2190/4123 2189/2189/4124 2192/2192/4125
f 2175/2175/4126 2193/2193/4127 2194/2194/4128
f 2195/2195/4129 2196/2196/4130 2197/2197/4131
f 2196/2196/4132 2195/2195/4133 2198/2198/4134
f 2199/2199/4135 2200/2200/4136 2201/2201/4137
f 2202/2202/4138 2203/2203/4139 2204/2204/4140
f 2205/2205/4141 2206/2206/4142 2207/2207/4143
f 2206/2206/4144 2205/2205/4145 2208/2208/4146
f 2209/2209/4147 2208/2208/4148 2205/2205/4149
f 2208/2208/4150 2209/2209/4151 2210/2210/4152
f 2211/2211/4153 2207/2207/4154 2206/2206/4155
f 2207/2207/4156 2211/2211/4157 2212/2212/4158
f 2213/2213/4159 2212/2212/4160 2211/2211/4161
f 2212/2212/4162 2213/2213/4163 2214/2214/4164
f 2215/2215/4165 2216/2216/4166 2217/2217/4167
f 2216/2216/4168 2215/2215/4169 2218/2218/4170
f 2219/2219/4171 2220/2220/4172 2221/2221/4173
f 2220/2220/4174 2219/2219/4175 2222/2222/4176
f 2223/2223/4177 2224/2224/4178 2225/2225/4179
f 2224/2224/4180 2223/2223/4181 2226/2226/4182
f 2227/2227/4183 2226/2226/4184 2223/2223/4185
f 2226/2226/4186 2227/2227/4187 2228/2228/4188
f 2229/2229/4189 2228/2228/4190 2227/2227/4191
f 2228/2228/4192 2229/2229/4193 2230/2230/4194
f 2231/2231/4195 2230/2230/4196 2229/2229/4197
f 2230/2230/4198 2231/2231/4199 2232/2232/4200
f 2233/2233/4201 2234/2234/4202 2235/2235/4203
f 2233/2233/4204 2236/2236/4205 2234/2234/4206
f 2236/2236/4207 2233/2233/4208 2237/2237/4209
f 2238/2238/4210 2239/2239/4211 2240/2240/4212
f 2239/2239/4213 2238/2238/4214 2241/2241/4215
f 2241/2241/4216 2238/2238/4217 2242/2242/4050
f 2243/2243/4218 2244/2244/4219 2245/2245/4220
f 2244/2244/4221 2243/2243/4222 2246/2246/4223
f 2247/2247/4224 2245/2245/4225 2244/2244/4226
f 2245/2245/4227 2247/2247/4228 2248/2248/4229
f 2249/2249/4230 2248/2248/4231 2247/2247/4232
f 2248/2248/4233 2249/2249/4234 2250/2250/4235
f 2251/2251/4236 2252/2252/4237 2253/2253/4238
f 2254/2254/4239 2252/2252/4240 2251/2251/4241
f 2252/2252/4242 2254/2254/4243 2255/2255/4244
f 2254/2254/4245 2256/2256/4246 2255/2255/4247
f 2257/2257/4248 2258/2258/4249 2246/2246/4250
f 2257/2257/4084 2259/2259/4085 2258/2258/4086
f 2259/2259/4087 2257/2257/4088 2260/2260/4089
f 2261/2261/4251 2262/2262/4252 2263/2263/4253
f 2262/2262/4254 2261/2261/4255 2264/2264/4256
f 2265/2265/4257 2263/2263/4258 2262/2262/4259
f 2263/2263/4260 2265/2265/4261 2266/2266/4262
f 2267/2267/4263 2266/2266/4264 2265/2265/4265
f 2266/2266/4266 2267/2267/4267 2268/2268/4107
f 2269/2269/4268 2270/2270/4269 2271/2271/4270
f 2269/2269/4271 2272/2272/4272 2270/2270/4273
f 2272/2272/4274 2269/2269/4275 2273/2273/4276
f 2273/2273/4277 2274/2274/4278 2272/2272/4279
f 2275/2275/4120 2276/2276/4121 2277/2277/4122
f 2276/2276/4123 2275/2275/4124 2278/2278/4125
f 2261/2261/4280 2279/2279/4281 2280/2280/4282
f 2281/2281/4283 2282/2282/4284 2283/2283/4285
f 2282/2282/4286 2281/2281/4287 2284/2284/4288
f 2285/2285/4135 2286/2286/4136 2287/2287/4137
f 2288/2288/4289 2289/2289/4290 2290/2290/4291
f 2291/2291/4292 2292/2292/4293 2293/2293/4294
f 2292/2292/4295 2291/2291/4296 2294/2294/4297
f 2295/2295/4298 2294/2294/4299 2291/2291/4300
f 2294/2294/4301 2295/2295/4302 2296/2296/4303
f 2297/2297/4304 2293/2293/4305 2292/2292/4306
f 2293/2293/4307 2297/2297/4308 2298/2298/4309
f 2299/2299/4310 2298/2298/4311 2297/2297/4312
f 2298/2298/4313 2299/2299/4314 2300/2300/4315
f 2301/2301/4316 2302/2302/4317 2303/2303/4318
f 2302/2302/4319 2301/2301/4320 2304/2304/4321
f 2305/2305/4322 2306/2306/4323 2307/2307/4324
f 2306/2306/4325 2305/2305/4326 2308/2308/4327
f 2309/2309/4328 2310/2310/4329 2311/2311/4330
f 2310/2310/4331 2309/2309/4332 2312/2312/4333
f 2312/2312/2099 2313/2313/4334 2310/2310/4335
f 2313/2313/2096 2312/2312/4336 2314/2314/4337
f 2313/2313/4338 2314/2314/4339 2315/2315/4340
f 2316/2316/4341 2317/2317/4342 2318/2318/4343
f 2316/2316/4344 2319/2319/4345 2317/2317/4346
f 2320/2320/4347 2319/2319/4348 2316/2316/4349
f 2320/2320/4350 2321/2321/4351 2319/2319/4352
f 2317/2317/4353 2319/2319/4354 2322/2322/4355
f 2323/2323/4356 2324/2324/4357 2325/2325/4358
f 2324/2324/4359 2323/2323/4360 2326/2326/4361
f 2326/2326/4362 2327/2327/4363 2324/2324/4364
f 2327/2327/4365 2326/2326/4366 2328/2328/4367
f 2328/2328/4368 2329/2329/4369 2327/2327/4370
f 2329/2329/4371 2328/2328/4372 2330/2330/4373
f 2330/2330/4374 2331/2331/4375 2329/2329/4376
f 2331/2331/4377 2330/2330/4378 2332/2332/4379
f 2332/2332/4380 2333/2333/4381 2331/2331/4382
f 2333/2333/4383 2332/2332/4384 2334/2334/4385
f 2325/2325/4386 2335/2335/4387 2323/2323/4388
f 2335/2335/4389 2325/2325/4390 2336/2336/4391
f 2337/2337/4392 2338/2338/4393 2339/2339/4394
f 2338/2338/4395 2337/2337/4396 2340/2340/4397
f 2339/2339/4398 2341/2341/4399 2337/2337/4400
f 2341/2341/4401 2339/2339/4402 2342/2342/4403
f 2343/2343/4404 2344/2344/4405 2345/2345/4406
f 2344/2344/4407 2343/2343/4408 2346/2346/4409
f 2346/2346/4410 2347/2347/4411 2344/2344/4412
f 2347/2347/4413 2346/2346/4414 2348/2348/4415
f 2349/2349/4416 2350/2350/4417 2351/2351/4418
f 2350/2350/4419 2349/2349/4420 2352/2352/4421
f 2351/2351/4422 2353/2353/4423 2349/2349/4424
f 2353/2353/4425 2351/2351/4426 2354/2354/4427
f 2355/2355/4428 2356/2356/4405 2357/2357/4429
f 2356/2356/4407 2355/2355/4430 2358/2358/4431
f 2358/2358/4432 2359/2359/4433 2356/2356/4434
f 2359/2359/4435 2358/2358/4436 2360/2360/4437
f 2361/2361/4438 2362/2362/4439 2363/2363/4440
f 2362/2362/4441 2361/2361/4442 2364/2364/4443
f 2365/2365/4444 2361/2361/4445 2363/2363/4446
f 2361/2361/4447 2365/2365/4448 2366/2366/4449
f 2367/2367/4450 2368/2368/4451 2369/2369/4452
f 2368/2368/4453 2367/2367/4454 2370/2370/4455
f 2371/2371/4456 2370/2370/4457 2367/2367/4458
f 2370/2370/4459 2371/2371/4460 2372/2372/4461
f 2371/2371/4462 2373/2373/4463 2372/2372/4464
f 2368/2368/4465 2374/2374/4466 2369/2369/4467
f 2375/2375/4468 2376/2376/4469 2377/2377/4470
f 2376/2376/4471 2375/2375/4472 2378/2378/4473
f 2376/2376/4474 2379/2379/4475 2377/2377/4476
f 2379/2379/4477 2376/2376/4478 2380/2380/4479
f 2381/2381/4480 2382/2382/4481 2383/2383/4482
f 2382/2382/4483 2381/2381/4484 2384/2384/4485
f 2384/2384/4486 2385/2385/4487 2382/2382/4488
f 2385/2385/4489 2384/2384/4490 2386/2386/4491
f 2386/2386/4492 2387/2387/2253 2385/2385/4493
f 2383/2383/2261 2388/2388/4494 2381/2381/2260
f 2389/2389/4495 2390/2390/4496 2391/2391/4497
f 2390/2390/4498 2389/2389/4499 2392/2392/4500
f 2391/2391/4501 2393/2393/4502 2389/2389/4503
f 2393/2393/4504 2391/2391/4505 2394/2394/4506
f 2394/2394/4507 2395/2395/4508 2393/2393/4509
f 2395/2395/4510 2394/2394/4511 2396/2396/4512
f 2397/2397/4513 2398/2398/4514 2399/2399/4515
f 2398/2398/4516 2397/2397/4517 2400/2400/4518
f 2400/2400/4519 2401/2401/4520 2398/2398/4521
f 2401/2401/4522 2400/2400/4523 2402/2402/4524
f 2399/2399/4525 2403/2403/4526 2397/2397/4527
f 2403/2403/4528 2399/2399/4529 2404/2404/4530
f 2405/2405/4531 2406/2406/4532 2407/2407/4533
f 2406/2406/4534 2405/2405/4535 2408/2408/4536
f 2408/2408/4537 2409/2409/4538 2406/2406/4539
f 2409/2409/4540 2408/2408/4541 2410/2410/4542
f 2410/2410/4543 2411/2411/4544 2409/2409/4545
f 2411/2411/4546 2410/2410/4547 2412/2412/4548
f 2412/2412/4549 2413/2413/4550 2411/2411/4551
f 2413/2413/4552 2412/2412/4553 2414/2414/4554
f 2414/2414/4555 2415/2415/4556 2413/2413/4557
f 2415/2415/4558 2414/2414/4559 2416/2416/4560
f 2416/2416/4561 2417/2417/4562 2415/2415/4563
f 2417/2417/4564 2416/2416/4565 2418/2418/4566
f 2407/2407/4567 2419/2419/4568 2405/2405/4569
f 2419/2419/4570 2407/2407/4571 2420/2420/4572
f 2420/2420/4573 2421/2421/4574 2419/2419/4575
f 2421/2421/4576 2420/2420/4577 2422/2422/4578
f 2423/2423/4579 2424/2424/4580 2425/2425/4581
f 2424/2424/4582 2423/2423/4583 2426/2426/4584
f 2427/2427/4585 2426/2426/4586 2423/2423/4587
f 2426/2426/4588 2427/2427/4589 2428/2428/4590
f 2427/2427/4591 2429/2429/4592 2428/2428/4593
f 2424/2424/4594 2430/2430/4595 2425/2425/4596
f 2431/2431/4597 2432/2432/4598 2433/2433/4599
f 2432/2432/4600 2431/2431/4601 2434/2434/4602
f 2434/2434/4603 2435/2435/4604 2432/2432/4605
f 2435/2435/4606 2434/2434/4607 2436/2436/4608
f 2436/2436/4609 2437/2437/4610 2435/2435/4611
f 2433/2433/4612 2438/2438/4613 2431/2431/4614
f 2439/2439/4615 2440/2440/4616 2441/2441/4617
f 2440/2440/4618 2439/2439/4619 2442/2442/4620
f 2442/2442/4621 2443/2443/4622 2440/2440/4623
f 2443/2443/4624 2442/2442/4625 2444/2444/4626
f 2444/2444/4627 2445/2445/4628 2443/2443/4629
f 2445/2445/4630 2444/2444/4631 2446/2446/4632
f 2446/2446/4633 2447/2447/4634 2445/2445/4635
f 2447/2447/4636 2446/2446/4637 2448/2448/4638
f 2448/2448/4639 2449/2449/4640 2447/2447/4641
f 2449/2449/4642 2448/2448/4643 2450/2450/4644
f 2450/2450/4645 2451/2451/4646 2449/2449/4647
f 2451/2451/4648 2450/2450/4649 2452/2452/4650
f 2441/2441/4651 2453/2453/4652 2439/2439/4653
f 2453/2453/4654 2441/2441/4655 2454/2454/4656
f 2454/2454/4657 2455/2455/4658 2453/2453/4659
f 2455/2455/4660 2454/2454/4661 2456/2456/4662
f 2457/2457/4663 2458/2458/4664 2459/2459/4665
f 2458/2458/4666 2457/2457/4667 2460/2460/4668
f 2461/2461/4669 2462/2462/4670 2463/2463/3275
f 2462/2462/4671 2461/2461/4672 2464/2464/3279
f 2465/2465/4673 2466/2466/4674 2467/2467/4675
f 2466/2466/4676 2465/2465/4677 2468/2468/4678
f 2469/2469/4679 2470/2470/4680 2471/2471/419
f 2470/2470/4681 2469/2469/4682 2472/2472/776
f 2473/2473/4683 2474/2474/4684 2475/2475/4685
f 2474/2474/4686 2473/2473/4687 2476/2476/4688
f 2477/2477/4689 2474/2474/4690 2476/2476/4691
f 2474/2474/4692 2477/2477/4693 2478/2478/4694
f 2475/2475/4695 2479/2479/4696 2473/2473/4697
f 2479/2479/4698 2475/2475/4699 2480/2480/4700
f 2480/2480/4701 2481/2481/4702 2479/2479/4703
f 2481/2481/4704 2480/2480/4705 2482/2482/4706
f 2482/2482/4707 2483/2483/4708 2481/2481/4709
f 2483/2483/4710 2482/2482/4711 2484/2484/4712
f 2484/2484/4713 2485/2485/4714 2483/2483/4715
f 2485/2485/4716 2484/2484/4717 2486/2486/4718
f 2486/2486/4719 2487/2487/4720 2485/2485/4721
f 2487/2487/4722 2486/2486/4723 2488/2488/4724
f 2489/2489/4725 2490/2490/4726 2491/2491/4727
f 2490/2490/4728 2489/2489/4729 2492/2492/4730
f 2493/2493/4731 2494/2494/4732 2495/2495/4733
f 2494/2494/4734 2493/2493/4735 2496/2496/4736
f 2497/2497/4737 2494/2494/4738 2496/2496/4739
f 2494/2494/4740 2497/2497/4741 2498/2498/4742
f 2495/2495/4743 2499/2499/4744 2493/2493/4745
f 2499/2499/4746 2495/2495/4747 2500/2500/4748
f 2500/2500/4749 2501/2501/4750 2499/2499/4751
f 2501/2501/4752 2500/2500/4753 2502/2502/4754
f 2502/2502/4755 2503/2503/4756 2501/2501/4757
f 2503/2503/4758 2502/2502/4759 2504/2504/4760
f 2504/2504/4761 2505/2505/4762 2503/2503/4763
f 2505/2505/4764 2504/2504/4765 2506/2506/4766
f 2506/2506/4767 2507/2507/4768 2505/2505/4769
f 2507/2507/4770 2506/2506/4771 2508/2508/2530
f 2509/2509/4772 2507/2507/4773 2508/2508/4774
f 2507/2507/4775 2509/2509/4776 2510/2510/4777
f 2511/2511/4778 2512/2512/4779 2513/2513/4780
f 2512/2512/4781 2511/2511/4782 2514/2514/4783
f 2515/2515/4784 2516/2516/4785 2517/2517/4786
f 2516/2516/4787 2515/2515/4788 2518/2518/4789
f 2517/2517/4790 2519/2519/4791 2515/2515/4792
f 2519/2519/4793 2517/2517/4794 2520/2520/4795
f 2520/2520/4796 2521/2521/4797 2519/2519/4798
f 2521/2521/4799 2520/2520/4800 2522/2522/4801
f 2522/2522/4802 2523/2523/4803 2521/2521/4804
f 2523/2523/4805 2522/2522/4806 2524/2524/4807
f 2525/2525/4808 2526/2526/4809 2527/2527/4810
f 2526/2526/4811 2525/2525/4812 2528/2528/4813
f 2527/2527/4814 2529/2529/4815 2525/2525/4816
f 2529/2529/4817 2527/2527/4818 2530/2530/4819
f 2530/2530/4820 2531/2531/4821 2529/2529/4822
f 2531/2531/4823 2530/2530/4824 2532/2532/4825
f 2532/2532/4826 2533/2533/4827 2531/2531/4828
f 2533/2533/4829 2532/2532/4830 2534/2534/4831
f 2535/2535/4832 2536/2536/4833 2537/2537/4834
f 2536/2536/4835 2535/2535/4836 2538/2538/4837
f 2539/2539/4838 2540/2540/4839 2541/2541/4840
f 2540/2540/4841 2539/2539/4842 2542/2542/4843
f 2543/2543/4844 2544/2544/4845 2545/2545/4846
f 2544/2544/4847 2543/2543/4848 2546/2546/4849
f 2547/2547/4850 2548/2548/4851 2549/2549/4852
f 2548/2548/4853 2547/2547/4854 2488/2488/4855
f 2550/2550/4856 2551/2551/4857 2552/2552/401
f 2551/2551/4858 2550/2550/4859 2553/2553/781
f 2554/2554/4860 2555/2555/4861 2556/2556/4862
f 2555/2555/4863 2554/2554/4864 2557/2557/4865
f 2558/2558/4866 2559/2559/4867 2560/2560/4868
f 2561/2561/4869 2562/2562/4870 2563/2563/4871
f 2564/2564/4872 2565/2565/4873 2566/2566/4874
f 2565/2565/4875 2564/2564/4876 2567/2567/4877
f 2567/2567/4878 2568/2568/4879 2565/2565/4880
f 2568/2568/4881 2567/2567/4882 2569/2569/4883
f 2566/2566/4884 2570/2570/4885 2564/2564/4886
f 2570/2570/4887 2566/2566/4888 2571/2571/4889
f 2571/2571/4890 2572/2572/4891 2570/2570/4892
f 2572/2572/4893 2571/2571/4894 2573/2573/4895
f 2574/2574/4896 2575/2575/4897 2576/2576/4898
f 2575/2575/4899 2574/2574/4900 2577/2577/4901
f 2577/2577/4902 2578/2578/4903 2575/2575/4904
f 2578/2578/4905 2577/2577/4906 2579/2579/4907
f 2579/2579/4908 2580/2580/4909 2578/2578/4910
f 2580/2580/4911 2579/2579/4912 2581/2581/4913
f 2576/2576/4914 2582/2582/4915 2574/2574/4916
f 2582/2582/4917 2576/2576/4918 2583/2583/4919
f 2584/2584/4920 2585/2585/4921 2586/2586/4922
f 2585/2585/4923 2584/2584/4924 2587/2587/4925
f 2587/2587/4926 2588/2588/4927 2585/2585/4928
f 2588/2588/4929 2587/2587/4930 2589/2589/4931
f 2589/2589/4932 2590/2590/4933 2588/2588/4934
f 2590/2590/4935 2589/2589/4936 2591/2591/4937
f 2591/2591/4938 2592/2592/4939 2590/2590/4940
f 2592/2592/4941 2591/2591/4942 2593/2593/4943
f 2594/2594/4944 2595/2595/4945 2596/2596/4946
f 2595/2595/4947 2594/2594/4948 2597/2597/4949
f 2598/2598/4950 2599/2599/4951 2600/2600/4952
f 2599/2599/4953 2598/2598/4954 2601/2601/4955
f 2602/2602/4956 2603/2603/4957 2604/2604/4958
f 2603/2603/4959 2602/2602/4960 2605/2605/4961
f 2606/2606/4962 2607/2607/4963 2608/2608/4964
f 2607/2607/4965 2606/2606/4966 2609/2609/2723
f 2610/2610/4967 2611/2611/4968 2612/2612/4969
f 2611/2611/4970 2610/2610/4971 2613/2613/4972
f 2614/2614/4973 2615/2615/4974 2616/2616/4975
f 2615/2615/4976 2614/2614/4977 2617/2617/4978
f 2618/2618/4979 2619/2619/4980 2620/2620/4981
f 2619/2619/4982 2618/2618/4983 2621/2621/4984
f 2622/2622/4985 2623/2623/4986 2624/2624/4987
f 2623/2623/4988 2622/2622/4989 2625/2625/4990
f 2626/2626/4991 2627/2627/4992 2628/2628/4993
f 2627/2627/4994 2626/2626/4995 2629/2629/4996
f 2630/2630/4997 2631/2631/4998 2632/2632/4999
f 2631/2631/5000 2630/2630/5001 2633/2633/5002
f 2634/2634/5003 2635/2635/5004 2636/2636/5005
f 2635/2635/5006 2634/2634/5007 2637/2637/5008
f 2638/2638/5009 2639/2639/5010 2640/2640/5011
f 2639/2639/5012 2638/2638/5013 2641/2641/5014
f 2642/2642/5015 2643/2643/5016 2644/2644/5017
f 2643/2643/5018 2642/2642/5019 2645/2645/5020
f 2646/2646/5021 2647/2647/5022 2648/2648/5023
f 2647/2647/5024 2646/2646/5025 2649/2649/5026
f 2650/2650/5027 2651/2651/5028 2652/2652/5029
f 2651/2651/5030 2650/2650/5031 2653/2653/5032
f 2654/2654/5033 2655/2655/5034 2656/2656/5035
f 2655/2655/5036 2654/2654/5037 2657/2657/5038
f 2658/2658/5039 2659/2659/5040 2660/2660/5041
f 2659/2659/5042 2658/2658/5043 2661/2661/4949
f 2662/2662/5044 2663/2663/3702 2664/2664/5045
f 2663/2663/5046 2662/2662/5047 2665/2665/4955
f 2666/2666/4956 2667/2667/5048 2668/2668/4958
f 2667/2667/5049 2666/2666/4960 2669/2669/4961
f 2670/2670/5050 2671/2671/5051 2672/2672/5052
f 2671/2671/5053 2670/2670/5054 2673/2673/5055
f 2674/2674/5056 2675/2675/5057 2676/2676/5058
f 2675/2675/5059 2674/2674/5060 2677/2677/5061
f 2678/2678/5062 2679/2679/5063 2680/2680/5064
f 2679/2679/5065 2678/2678/5066 2681/2681/5067
f 2682/2682/5068 2683/2683/5069 2684/2684/5070
f 2683/2683/5071 2682/2682/5072 2685/2685/5073
f 2686/2686/5074 2687/2687/5075 2688/2688/5076
f 2687/2687/5077 2686/2686/5078 2689/2689/5079
f 2690/2690/5080 2691/2691/5081 2692/2692/5082
f 2691/2691/5083 2690/2690/5084 2693/2693/5085
f 2692/2692/5086 2694/2694/5087 2690/2690/5088
f 2694/2694/5089 2692/2692/5090 2695/2695/5091
f 2696/2696/5092 2697/2697/5093 2698/2698/5094
f 2697/2697/5095 2696/2696/5096 2699/2699/5097
f 2699/2699/5098 2700/2700/5099 2697/2697/5100
f 2700/2700/5101 2699/2699/5102 2701/2701/5103
f 2702/2702/5104 2703/2703/5105 2704/2704/5106
f 2703/2703/5107 2702/2702/5108 2705/2705/5109
f 2705/2705/5110 2702/2702/5111 2706/2706/5112
f 2702/2702/5113 2707/2707/5114 2706/2706/5115
f 2707/2707/5116 2708/2708/5117 2706/2706/5118
f 2708/2708/5119 2709/2709/5120 2706/2706/5121
f 2709/2709/5122 2710/2710/5123 2706/2706/5124
f 2704/2704/5125 2711/2711/5126 2702/2702/5127
f 2711/2711/5128 2704/2704/5129 2712/2712/5130
f 2712/2712/5131 2713/2713/5132 2711/2711/5133
f 2713/2713/5134 2712/2712/5135 2714/2714/5136
f 2714/2714/5137 2715/2715/5138 2713/2713/5139
f 2715/2715/5140 2714/2714/5141 2716/2716/5142
f 2716/2716/5143 2717/2717/5144 2715/2715/5145
f 2717/2717/5146 2716/2716/5147 2718/2718/5148
f 2719/2719/5149 2720/2720/5150 2721/2721/5151
f 2719/2719/5152 2721/2721/5153 2722/2722/5154
f 2722/2722/5155 2723/2723/5156 2719/2719/5157
f 2724/2724/5158 2725/2725/5159 2726/2726/5160
f 2725/2725/5161 2724/2724/5162 2727/2727/5163
f 2728/2728/5164 2727/2727/5165 2724/2724/5166
f 2727/2727/5167 2728/2728/5168 2729/2729/5169
f 2730/2730/5170 2729/2729/5171 2728/2728/5172
f 2729/2729/5173 2730/2730/5174 2731/2731/419
f 2732/2732/5175 2726/2726/5176 2725/2725/5177
f 2726/2726/5178 2732/2732/5179 2733/2733/5180
f 2734/2734/5181 2735/2735/5182 2736/2736/5183
f 2735/2735/5184 2734/2734/5185 2737/2737/5186
f 2738/2738/5187 2737/2737/5188 2734/2734/5189
f 2737/2737/5190 2738/2738/5191 2739/2739/5192
f 2740/2740/569 2739/2739/5193 2738/2738/5194
f 2739/2739/5195 2740/2740/5196 2741/2741/5197
f 2742/2742/5198 2741/2741/5199 2740/2740/5200
f 2741/2741/5201 2742/2742/5202 2743/2743/5203
f 2736/2736/5204 2743/2743/5205 2742/2742/5206
f 2743/2743/5207 2736/2736/5208 2735/2735/5209
f 2744/2744/5210 2745/2745/5211 2746/2746/5212
f 2745/2745/5213 2744/2744/5214 2747/2747/5215
f 2748/2748/5216 2747/2747/5217 2744/2744/5218
f 2747/2747/5219 2748/2748/5220 2749/2749/5221
f 2750/2750/5222 2749/2749/5223 2748/2748/5224
f 2749/2749/5225 2750/2750/5226 2751/2751/5227
f 2752/2752/5228 2746/2746/5229 2745/2745/5230
f 2746/2746/5231 2752/2752/5232 2753/2753/5233
f 2754/2754/5234 2753/2753/5235 2752/2752/5236
f 2753/2753/5237 2754/2754/5238 2755/2755/5239
f 2756/2756/5240 2757/2757/5241 2758/2758/5242
f 2757/2757/5243 2756/2756/5244 2759/2759/5245
f 2760/2760/5246 2759/2759/5247 2756/2756/2946
f 2759/2759/5248 2760/2760/5249 2761/2761/5250
f 2762/2762/5251 2761/2761/5252 2760/2760/5253
f 2761/2761/5254 2762/2762/5255 2763/2763/5256
f 2764/2764/5257 2763/2763/5258 2762/2762/5259
f 2763/2763/5260 2764/2764/5261 2765/2765/5262
f 2758/2758/5263 2765/2765/5264 2764/2764/5265
f 2765/2765/5266 2758/2758/5267 2757/2757/5268
f 2766/2766/5269 2767/2767/5270 2768/2768/5271
f 2767/2767/5272 2766/2766/5273 2769/2769/5274
f 2770/2770/5275 2768/2768/5276 2767/2767/5277
f 2768/2768/5278 2770/2770/5279 2771/2771/5280
f 2772/2772/5281 2771/2771/5282 2770/2770/5283
f 2771/2771/5284 2772/2772/5285 2773/2773/5286
f 2774/2774/5287 2775/2775/5288 2776/2776/5289
f 2775/2775/5290 2774/2774/5291 2777/2777/5292
f 2778/2778/5293 2776/2776/5294 2775/2775/5295
f 2776/2776/5296 2778/2778/5297 2779/2779/5298
f 2780/2780/5299 2779/2779/5300 2778/2778/5301
f 2779/2779/5302 2780/2780/5303 2781/2781/5304
f 2782/2782/5305 2783/2783/5306 2784/2784/5307
f 2783/2783/5308 2782/2782/5309 2785/2785/5310
f 2785/2785/5311 2786/2786/5312 2783/2783/5313
f 2786/2786/5314 2785/2785/5315 2787/2787/5316
f 2788/2788/5317 2789/2789/5318 2790/2790/5319
f 2789/2789/5320 2788/2788/5321 2791/2791/5322
f 2790/2790/5323 2792/2792/5324 2788/2788/5325
f 2792/2792/5326 2790/2790/5327 2793/2793/5328
f 2793/2793/5329 2794/2794/5330 2792/2792/5331
f 2794/2794/5332 2793/2793/5333 2795/2795/5334
f 2795/2795/5335 2796/2796/5336 2794/2794/5337
f 2796/2796/5338 2795/2795/5339 2797/2797/5340
f 2798/2798/5341 2799/2799/5342 2800/2800/5343
f 2801/2801/5344 2798/2798/5345 2800/2800/5346
f 2798/2798/5347 2801/2801/5348 2802/2802/5349
f 2803/2803/5350 2804/2804/5351 2805/2805/5352
f 2804/2804/5353 2803/2803/5354 2806/2806/5355
f 2805/2805/5356 2807/2807/5357 2803/2803/5358
f 2808/2808/5359 2809/2809/5360 2810/2810/5361
f 2809/2809/5362 2808/2808/5363 2811/2811/5364
f 2811/2811/5365 2812/2812/5366 2809/2809/5367
f 2812/2812/5368 2811/2811/5369 2813/2813/5370
f 2813/2813/5371 2814/2814/5372 2812/2812/5373
f 2814/2814/5374 2813/2813/5375 2815/2815/5376
f 2816/2816/5377 2817/2817/5378 2818/2818/5379
f 2818/2818/5380 2819/2819/5381 2816/2816/5382
f 2819/2819/5383 2818/2818/5384 2820/2820/5385
f 2819/2819/5386 2820/2820/5387 2821/2821/5388
f 2822/2822/5389 2810/2810/5390 2823/2823/3193
f 2824/2824/5391 2822/2822/5392 2823/2823/5393
f 2822/2822/5394 2824/2824/5395 2825/2825/5396
f 2826/2826/5397 2827/2827/5398 2828/2828/5399
f 2827/2827/5400 2826/2826/5401 2829/2829/5402
f 2829/2829/5403 2830/2830/5404 2827/2827/5405
f 2830/2830/5406 2829/2829/5407 2831/2831/5408
f 2831/2831/5409 2832/2832/5410 2830/2830/5411
f 2832/2832/5412 2831/2831/5413 2833/2833/5414
f 2834/2834/5415 2835/2835/5416 2836/2836/5417
f 2837/2837/3138 2834/2834/5418 2836/2836/5419
f 2834/2834/5420 2837/2837/5421 2838/2838/5422
f 2838/2838/5423 2837/2837/5424 2839/2839/5425
f 2840/2840/5426 2841/2841/5427 2842/2842/5428
f 2841/2841/5429 2840/2840/5430 2843/2843/5431
f 2826/2826/5432 2844/2844/5433 2845/2845/5434
f 2846/2846/5435 2847/2847/5436 2848/2848/5437
f 2847/2847/5438 2846/2846/5439 2849/2849/5440
f 2850/2850/5441 2851/2851/5442 2852/2852/5443
f 2853/2853/5444 2854/2854/5445 2855/2855/5446
f 2856/2856/5447 2857/2857/5448 2858/2858/5449
f 2857/2857/5450 2856/2856/5451 2859/2859/5452
f 2859/2859/5453 2860/2860/5454 2857/2857/5455
f 2860/2860/5456 2859/2859/5457 2861/2861/5458
f 2861/2861/5459 2862/2862/5460 2860/2860/5461
f 2862/2862/5462 2861/2861/5463 2863/2863/5464
f 2858/2858/5465 2864/2864/5466 2856/2856/5467
f 2864/2864/5468 2858/2858/5469 2865/2865/5470
f 2866/2866/5471 2867/2867/5472 2868/2868/5473
f 2867/2867/5474 2866/2866/75 2869/2869/5475
f 2870/2870/5476 2871/2871/5477 2872/2872/5478
f 2871/2871/5479 2870/2870/5480 2873/2873/5481
f 2874/2874/5482 2875/2875/5483 2876/2876/5484
f 2875/2875/5485 2874/2874/5486 2877/2877/5487
f 2878/2878/5488 2879/2879/5489 2880/2880/5490
f 2879/2879/5491 2878/2878/5492 2881/2881/5493
f 2882/2882/5494 2883/2883/5495 2884/2884/5496
f 2883/2883/5497 2882/2882/5498 2885/2885/5499
f 2886/2886/5500 2887/2887/5501 2888/2888/5502
f 2887/2887/5503 2886/2886/5504 2889/2889/5505
f 2890/2890/5506 2891/2891/5507 2892/2892/5508
f 2891/2891/5509 2890/2890/5510 2893/2893/5511
f 2894/2894/3287 2895/2895/3288 2896/2896/3289
f 2895/2895/3290 2894/2894/3291 2897/2897/2433
f 2895/2895/2431 2897/2897/5512 2898/2898/5513
f 2898/2898/5514 2897/2897/5515 2899/2899/5516
f 2897/2897/5517 2900/2900/2433 2899/2899/5518
f 2901/2901/3273 2902/2902/3274 2903/2903/3275
f 2902/2902/3276 2901/2901/3277 2904/2904/3278
f 2905/2905/5519 2906/2906/5520 2907/2907/5521
f 2906/2906/5522 2905/2905/5523 2908/2908/5524
f 2906/2906/5525 2908/2908/5526 2909/2909/5527
f 2910/2910/5528 2907/2907/5529 2906/2906/407
f 2907/2907/5530 2910/2910/5531 2911/2911/404
f 2905/2905/5532 2907/2907/5533 2912/2912/5534
f 2913/2913/5535 2914/2914/5536 2915/2915/5537
f 2914/2914/5538 2913/2913/5539 2916/2916/5540
f 2917/2917/5541 2916/2916/5542 2913/2913/416
f 2916/2916/5543 2917/2917/5544 2918/2918/419
f 2919/2919/5545 2920/2920/5546 2921/2921/5547
f 2920/2920/5548 2919/2919/5549 2922/2922/5550
f 2922/2922/5551 2923/2923/5552 2920/2920/5553
f 2923/2923/5554 2922/2922/5555 2924/2924/5556
f 2924/2924/5557 2925/2925/5558 2923/2923/5559
f 2925/2925/5560 2924/2924/5561 2926/2926/5562
f 2927/2927/5563 2928/2928/5564 2929/2929/5565
f 2930/2930/5566 2931/2931/5567 2932/2932/410
f 2931/2931/5568 2930/2930/5569 2933/2933/413
f 2934/2934/5570 2935/2935/5571 2936/2936/5572
f 2935/2935/5573 2934/2934/5574 2937/2937/5575
f 2938/2938/5576 2939/2939/5577 2940/2940/5578
f 2938/2938/5579 2941/2941/5580 2939/2939/5581
f 2942/2942/5582 2943/2943/5583 2944/2944/5584
f 2943/2943/5585 2942/2942/5586 2945/2945/5587
f 2946/2946/5588 2947/2947/5589 2948/2948/401
f 2949/2949/5590 2950/2950/5591 2951/2951/5592
f 2952/2952/5593 2953/2953/5594 2954/2954/5595
f 2953/2953/5596 2952/2952/5597 2955/2955/5598
f 2956/2956/5599 2957/2957/5600 2958/2958/5601
f 2957/2957/5602 2956/2956/5603 2959/2959/5604
f 2960/2960/5605 2961/2961/5606 2962/2962/5607
f 2961/2961/5608 2960/2960/5609 2963/2963/5610
f 2964/2964/5611 2962/2962/5612 2961/2961/5613
f 2962/2962/5614 2964/2964/5615 2965/2965/5616
f 2966/2966/5617 2965/2965/5618 2964/2964/5619
f 2965/2965/5620 2966/2966/5621 2967/2967/5622
f 2968/2968/5623 2967/2967/5624 2966/2966/5625
f 2967/2967/5626 2968/2968/5627 2969/2969/5628
f 2970/2970/5629 2971/2971/5630 2972/2972/5631
f 2971/2971/5632 2970/2970/5633 2973/2973/5634
f 2974/2974/5635 2972/2972/5636 2971/2971/5637
f 2972/2972/5638 2974/2974/5639 2975/2975/5640
f 2976/2976/5641 2975/2975/5642 2974/2974/5643
f 2975/2975/5644 2976/2976/5645 2977/2977/5646
f 2978/2978/5647 2977/2977/5648 2976/2976/5649
f 2977/2977/5650 2978/2978/5651 2979/2979/5652
f 2980/2980/5653 2981/2981/5654 2982/2982/5655
f 2981/2981/5656 2980/2980/5657 2983/2983/5658
f 2984/2984/5659 2982/2982/5660 2981/2981/5661
f 2982/2982/5662 2984/2984/5663 2985/2985/5664
f 2986/2986/5665 2985/2985/5666 2984/2984/5667
f 2985/2985/5668 2986/2986/5669 2987/2987/5670
f 2988/2988/5671 2987/2987/5672 2986/2986/5673
f 2987/2987/5674 2988/2988/5675 2989/2989/5676
f 2990/2990/5677 2991/2991/5678 2992/2992/5679
f 2991/2991/5680 2990/2990/5681 2993/2993/5682
f 2994/2994/5683 2992/2992/5684 2991/2991/5685
f 2992/2992/5686 2994/2994/5687 2995/2995/5688
f 2996/2996/5689 2995/2995/5690 2994/2994/5691
f 2995/2995/5692 2996/2996/5693 2997/2997/5694
f 2998/2998/5695 2997/2997/5696 2996/2996/5697
f 2997/2997/5698 2998/2998/5699 2999/2999/5700
f 3000/3000/5701 3001/3001/5702 3002/3002/5703
f 3001/3001/5704 3000/3000/5705 3003/3003/5706
f 3004/3004/5707 3005/3005/5708 3006/3006/5709
f 3005/3005/5710 3004/3004/5711 3007/3007/5712
f 3008/3008/5713 3009/3009/5714 3010/3010/5715
f 3009/3009/5716 3008/3008/5717 3011/3011/5718
f 3012/3012/5719 3008/3008/5720 3010/3010/5721
f 3008/3008/5722 3012/3012/5723 3013/3013/5724
f 3014/3014/5725 3013/3013/5726 3012/3012/5727
f 3013/3013/5728 3014/3014/5729 3015/3015/5730
f 3016/3016/5731 3015/3015/5732 3014/3014/5733
f 3015/3015/5734 3016/3016/5735 3017/3017/5736
f 3018/3018/5737 3019/3019/5738 3020/3020/5739
f 3019/3019/5740 3018/3018/5741 3021/3021/5742
f 3022/3022/5743 3020/3020/5744 3019/3019/5745
f 3020/3020/5746 3022/3022/5747 3023/3023/5748
f 3024/3024/5749 3023/3023/5750 3022/3022/5751
f 3023/3023/5752 3024/3024/5753 3025/3025/5754
f 3026/3026/5755 3025/3025/5756 3024/3024/5757
f 3025/3025/5758 3026/3026/5759 3027/3027/5760
f 3028/3028/5761 3029/3029/5762 3030/3030/5763
f 3029/3029/5764 3028/3028/5765 3031/3031/5766
f 3032/3032/5767 3030/3030/5768 3029/3029/5769
f 3030/3030/5770 3032/3032/5771 3033/3033/5772
f 3034/3034/5773 3033/3033/5774 3032/3032/5775
f 3033/3033/5776 3034/3034/5777 3035/3035/5778
f 3036/3036/5779 3037/3037/5780 3038/3038/5781
f 3037/3037/5782 3036/3036/5783 3039/3039/5784
f 3040/3040/5785 3041/3041/5786 3042/3042/5787
f 3041/3041/5788 3040/3040/5789 3043/3043/5790
f 3044/3044/5791 3045/3045/5792 3046/3046/5793
f 3045/3045/4686 3044/3044/4687 3047/3047/4688
f 3048/3048/4689 3045/3045/4690 3047/3047/4691
f 3045/3045/4692 3048/3048/4693 3049/3049/4694
f 3046/3046/4695 3050/3050/4696 3044/3044/4697
f 3050/3050/4698 3046/3046/4699 3051/3051/4700
f 3051/3051/5794 3052/3052/5795 3050/3050/5796
f 3052/3052/4704 3051/3051/4705 3053/3053/4706
f 3053/3053/4707 3054/3054/4708 3052/3052/4709
f 3054/3054/5797 3053/3053/5798 3055/3055/5799
f 3055/3055/4713 3056/3056/4714 3054/3054/4715
f 3056/3056/5800 3055/3055/5801 3057/3057/5802
f 3057/3057/4719 3058/3058/4720 3056/3056/4721
f 3058/3058/4722 3057/3057/4723 3059/3059/4724
f 3060/3060/5803 3061/3061/5804 3062/3062/4727
f 3061/3061/5805 3060/3060/5806 3063/3063/5807
f 3064/3064/4731 3065/3065/4732 3066/3066/4733
f 3065/3065/5808 3064/3064/5809 3067/3067/5810
f 3068/3068/5811 3065/3065/5812 3067/3067/5813
f 3065/3065/4740 3068/3068/4741 3069/3069/4742
f 3066/3066/4743 3070/3070/4744 3064/3064/4745
f 3070/3070/4746 3066/3066/4747 3071/3071/4748
f 3071/3071/5814 3072/3072/5815 3070/3070/5816
f 3072/3072/4752 3071/3071/4753 3073/3073/4754
f 3073/3073/5817 3074/3074/5818 3072/3072/5819
f 3074/3074/5820 3073/3073/5821 3075/3075/5822
f 3075/3075/5823 3076/3076/5824 3074/3074/5825
f 3076/3076/4764 3075/3075/4765 3077/3077/4766
f 3077/3077/5826 3078/3078/5827 3076/3076/5828
f 3078/3078/5829 3077/3077/5830 3079/3079/5831
f 3080/3080/4772 3078/3078/4773 3079/3079/4774
f 3078/3078/4775 3080/3080/4776 3081/3081/4777
f 3082/3082/5832 3083/3083/5833 3084/3084/5834
f 3083/3083/5835 3082/3082/5836 3085/3085/5837
f 3086/3086/5838 3087/3087/5839 3088/3088/5840
f 3087/3087/5841 3086/3086/5842 3089/3089/5843
f 3088/3088/5844 3090/3090/5845 3086/3086/5846
f 3090/3090/5847 3088/3088/5848 3091/3091/5849
f 3091/3091/5850 3092/3092/5851 3090/3090/5852
f 3092/3092/5853 3091/3091/5854 3093/3093/5855
f 3093/3093/5856 3094/3094/5857 3092/3092/5858
f 3094/3094/5859 3093/3093/5860 3095/3095/5861
f 3096/3096/5862 3097/3097/5863 3098/3098/5864
f 3097/3097/5865 3096/3096/5866 3099/3099/5867
f 3098/3098/5868 3100/3100/5869 3096/3096/5870
f 3100/3100/5871 3098/3098/5872 3101/3101/5873
f 3101/3101/5874 3102/3102/5875 3100/3100/5876
f 3102/3102/5877 3101/3101/5878 3103/3103/5879
f 3103/3103/5880 3104/3104/5881 3102/3102/5882
f 3104/3104/5883 3103/3103/5884 3105/3105/5885
f 3106/3106/5886 3107/3107/5887 3108/3108/5888
f 3107/3107/5889 3106/3106/5890 3109/3109/5891
f 3110/3110/5892 3111/3111/5893 3112/3112/5894
f 3111/3111/5895 3110/3110/5896 3113/3113/5897
f 3114/3114/5898 3115/3115/5899 3116/3116/5900
f 3115/3115/5901 3114/3114/5902 3117/3117/5045
f 3118/3118/4850 3119/3119/4851 3120/3120/4852
f 3119/3119/4853 3118/3118/4854 3059/3059/4855
f 3121/3121/5903 3122/3122/5904 3123/3123/401
f 3122/3122/5905 3121/3121/5906 3124/3124/781
f 3125/3125/5907 3126/3126/5908 3127/3127/5909
f 3126/3126/5910 3125/3125/5911 3128/3128/5912
f 3129/3129/5913 3130/3130/5914 3131/3131/5915
f 3132/3132/5916 3133/3133/5917 3134/3134/5918
f 3135/3135/5919 3136/3136/5920 3137/3137/5921
f 3136/3136/5922 3135/3135/5923 3138/3138/5924
f 3138/3138/5925 3139/3139/5926 3136/3136/5927
f 3139/3139/5928 3138/3138/5929 3140/3140/5930
f 3141/3141/5931 3142/3142/5932 3143/3143/5933
f 3142/3142/5934 3141/3141/5935 3144/3144/5936
f 3145/3145/5937 3141/3141/5938 3143/3143/5939
f 3141/3141/5940 3145/3145/5941 3146/3146/5942
f 3147/3147/5943 3148/3148/5944 3149/3149/5945
f 3148/3148/5946 3147/3147/5947 3150/3150/5948
f 3151/3151/5949 3152/3152/5950 3153/3153/5951
f 3151/3151/5952 3154/3154/5953 3152/3152/5954
f 3154/3154/5955 3151/3151/5956 3155/3155/5957
f 3156/3156/5958 3153/3153/5959 3152/3152/5960
f 3153/3153/5961 3156/3156/5962 3157/3157/5963
f 3158/3158/5964 3159/3159/5965 3160/3160/5966
f 3159/3159/5967 3158/3158/5968 3161/3161/5969
f 3162/3162/5970 3163/3163/5971 3164/3164/5972
f 3163/3163/5973 3162/3162/5974 3165/3165/5975
f 3166/3166/5976 3167/3167/5977 3168/3168/5978
f 3167/3167/5979 3166/3166/5980 3169/3169/5981
f 3170/3170/5982 3171/3171/5983 3172/3172/5984
f 3171/3171/5985 3170/3170/5986 3173/3173/5987
f 3171/3171/5988 3174/3174/5989 3172/3172/5990
f 3174/3174/5991 3171/3171/5992 3175/3175/5993
f 3176/3176/5994 3177/3177/5995 3178/3178/5996
f 3177/3177/5997 3176/3176/5998 3179/3179/5999
f 3180/3180/6000 3181/3181/6001 3182/3182/6002
f 3181/3181/6003 3180/3180/6004 3183/3183/6005
f 3184/3184/6006 3185/3185/6007 3186/3186/6008
f 3185/3185/6009 3184/3184/6010 3187/3187/6011
f 3188/3188/6012 3189/3189/6013 3190/3190/6014
f 3189/3189/6015 3188/3188/6016 3191/3191/1765
f 3192/3192/6017 3193/3193/6018 3194/3194/6019
f 3193/3193/6020 3192/3192/6021 3195/3195/422
f 3193/3193/6022 3196/3196/6023 3194/3194/6024
f 3196/3196/6025 3193/3193/6026 3197/3197/6027
f 3198/3198/6028 3199/3199/6029 3200/3200/6030
f 3199/3199/6031 3198/3198/6032 3201/3201/6033
f 3202/3202/6034 3203/3203/6035 3204/3204/6036
f 3203/3203/6037 3202/3202/6038 3205/3205/6039
f 3206/3206/6040 3207/3207/6041 3208/3208/4678
f 3207/3207/6042 3206/3206/6043 3209/3209/6044
f 3210/3210/6045 3211/3211/6046 3212/3212/6047
f 3211/3211/6048 3210/3210/6049 3213/3213/6050
f 3213/3213/6051 3214/3214/6052 3211/3211/6053
f 3214/3214/6054 3213/3213/6055 3215/3215/6056
f 3216/3216/6057 3214/3214/6058 3215/3215/6059
f 3214/3214/6060 3216/3216/6061 3217/3217/6062
f 3218/3218/6063 3217/3217/6064 3216/3216/6065
f 3217/3217/6066 3218/3218/6067 3219/3219/6068
f 3218/3218/6069 3220/3220/6070 3219/3219/6071
f 3220/3220/6072 3218/3218/6073 3221/3221/419
f 3222/3222/6074 3210/3210/6075 3212/3212/6076
f 3210/3210/6077 3222/3222/6078 3223/3223/6079
f 3224/3224/6080 3223/3223/6081 3222/3222/6082
f 3223/3223/6083 3224/3224/6084 3225/3225/6085
f 3224/3224/6086 3226/3226/6087 3225/3225/6088
f 3226/3226/6089 3224/3224/6090 3227/3227/6091
f 3227/3227/6092 3228/3228/6093 3226/3226/6094
f 3228/3228/6095 3227/3227/6096 3229/3229/6097
f 3229/3229/6098 3230/3230/6099 3228/3228/6100
f 3230/3230/6101 3229/3229/6102 3231/3231/6103
f 3232/3232/6104 3230/3230/6105 3231/3231/6106
f 3230/3230/6107 3232/3232/6108 3233/3233/6109
f 3234/3234/6110 3233/3233/6111 3232/3232/6112
f 3233/3233/6113 3234/3234/6114 3235/3235/6115
f 3234/3234/6116 3236/3236/6117 3235/3235/6118
f 3236/3236/6119 3234/3234/6120 3237/3237/3275
f 3238/3238/6121 3239/3239/6122 3240/3240/6123
f 3238/3238/6124 3241/3241/6125 3239/3239/6126
f 3238/3238/6127 3242/3242/6128 3241/3241/6129
f 3238/3238/6130 3243/3243/6131 3242/3242/6132
f 3238/3238/6133 3244/3244/6134 3243/3243/6135
f 3238/3238/6136 3245/3245/6137 3244/3244/6138
f 3238/3238/6139 3246/3246/6140 3245/3245/6141
f 3238/3238/6142 3247/3247/6143 3246/3246/6144
f 3238/3238/6145 3248/3248/6146 3247/3247/6147
f 3238/3238/6148 3249/3249/6149 3248/3248/6150
f 3238/3238/6151 3250/3250/6152 3249/3249/6153
f 3238/3238/6154 3251/3251/6155 3250/3250/6156
f 3238/3238/6157 3252/3252/6158 3251/3251/6159
f 3238/3238/6160 3240/3240/6161 3252/3252/6162
f 3253/3253/6163 3254/3254/6164 3255/3255/6165
f 3254/3254/6166 3253/3253/6167 3256/3256/6168
f 3253/3253/6169 3257/3257/6170 3256/3256/6171
f 3257/3257/6172 3258/3258/6173 3256/3256/6174
f 3258/3258/6175 3259/3259/6176 3256/3256/6177
f 3259/3259/6178 3258/3258/6179 3260/3260/6180
f 3261/3261/6181 3259/3259/6182 3260/3260/6183
f 3261/3261/6184 3262/3262/6185 3259/3259/6186
f 3262/3262/6187 3263/3263/6188 3259/3259/6189
f 3263/3263/6190 3262/3262/6191 3264/3264/6192
f 3264/3264/6193 3265/3265/6194 3263/3263/6195
f 3265/3265/6196 3264/3264/6197 3266/3266/6198
f 3267/3267/6199 3265/3265/6200 3266/3266/6201
f 3265/3265/6202 3267/3267/6203 3268/3268/6204
f 3255/3255/6205 3268/3268/6206 3267/3267/6207
f 3268/3268/6208 3255/3255/6209 3254/3254/6210
f 3254/3254/6211 3265/3265/6212 3268/3268/6213
f 3265/3265/6214 3254/3254/6215 3263/3263/6216
f 3254/3254/6217 3259/3259/6218 3263/3263/6219
f 3259/3259/6220 3254/3254/6221 3256/3256/6222
f 3269/3269/6223 3270/3270/6224 3271/3271/6225
f 3270/3270/6226 3269/3269/6227 3272/3272/6228
f 3273/3273/6229 3269/3269/6230 3271/3271/6231
f 3269/3269/6232 3273/3273/6233 3274/3274/6234
f 3269/3269/6235 3274/3274/6236 3275/3275/6237
f 3276/3276/6238 3275/3275/6239 3274/3274/6240
f 3275/3275/6241 3276/3276/6242 3277/3277/6243
f 3278/3278/6244 3279/3279/6245 3280/3280/6246
f 3279/3279/6247 3278/3278/6248 3281/3281/6249
f 3279/3279/6250 3281/3281/6251 3282/3282/6252
f 3283/3283/6253 3284/3284/6254 3285/3285/6255
f 3284/3284/6256 3283/3283/6257 3286/3286/6258
f 3287/3287/6259 3285/3285/6260 3284/3284/6261
f 3283/3283/6262 3288/3288/6263 3289/3289/6264
f 3290/3290/6265 3291/3291/6266 3292/3292/6267
f 3291/3291/6268 3290/3290/6269 3293/3293/6267
f 3294/3294/6270 3295/3295/6271 3296/3296/6272
f 3295/3295/6273 3294/3294/6274 3297/3297/6275
f 3298/3298/6276 3299/3299/6277 3300/3300/401
f 3299/3299/6278 3298/3298/6279 3301/3301/781
f 3302/3302/6280 3303/3303/6281 3304/3304/6282
f 3303/3303/6283 3302/3302/6284 3305/3305/6285
f 3306/3306/6286 3307/3307/6287 3308/3308/6288
f 3307/3307/6289 3306/3306/6290 3309/3309/6291
f 3310/3310/6292 3311/3311/6293 3312/3312/6294
f 3311/3311/6295 3310/3310/6296 3313/3313/6297
f 3314/3314/6298 3315/3315/6299 3316/3316/6300
f 3315/3315/6301 3314/3314/6302 3317/3317/6303
f 3318/3318/6304 3319/3319/6305 3320/3320/6306
f 3319/3319/6307 3318/3318/6308 3321/3321/6309
f 3322/3322/6310 3323/3323/6311 3324/3324/6312
f 3323/3323/6313 3322/3322/6314 3325/3325/6315
f 3326/3326/6316 3327/3327/6317 3328/3328/6318
f 3327/3327/6319 3326/3326/6320 3329/3329/6321
f 3330/3330/6322 3331/3331/6323 3332/3332/6324
f 3331/3331/6325 3330/3330/6326 3333/3333/6327
f 3330/3330/6328 3334/3334/6329 3333/3333/6330
f 3334/3334/6331 3335/3335/6332 3333/3333/6333
f 3335/3335/6334 3336/3336/6335 3333/3333/6336
f 3336/3336/6337 3335/3335/6338 3337/3337/6339
f 3338/3338/6340 3336/3336/6341 3337/3337/6342
f 3338/3338/6343 3339/3339/6344 3336/3336/6345
f 3339/3339/6346 3340/3340/6347 3336/3336/6348
f 3340/3340/6349 3339/3339/6350 3341/3341/6351
f 3341/3341/6352 3342/3342/6353 3340/3340/6354
f 3342/3342/6355 3341/3341/6356 3343/3343/6357
f 3344/3344/6358 3342/3342/6359 3343/3343/6360
f 3342/3342/6361 3344/3344/6362 3345/3345/6363
f 3332/3332/6364 3345/3345/6365 3344/3344/6366
f 3345/3345/6367 3332/3332/6368 3331/3331/6369
f 3331/3331/6370 3342/3342/6371 3345/3345/6372
f 3342/3342/6373 3331/3331/6374 3340/3340/6375
f 3331/3331/6376 3336/3336/6377 3340/3340/6219
f 3336/3336/6378 3331/3331/6379 3333/3333/6222
f 3346/3346/6380 3347/3347/6381 3348/3348/6382
f 3347/3347/6383 3346/3346/6384 3349/3349/6385
f 3350/3350/6386 3346/3346/6387 3348/3348/6388
f 3346/3346/6389 3350/3350/6390 3351/3351/6391
f 3346/3346/6392 3351/3351/6393 3352/3352/6394
f 3353/3353/6395 3352/3352/6396 3351/3351/6397
f 3352/3352/6398 3353/3353/6399 3354/3354/6400
f 3355/3355/6401 3356/3356/6402 3357/3357/6403
f 3356/3356/6404 3355/3355/6405 3358/3358/6406
f 3356/3356/6407 3358/3358/6408 3359/3359/6409
f 3360/3360/6410 3361/3361/6411 3362/3362/6412
f 3361/3361/6413 3360/3360/6414 3363/3363/6415
f 3364/3364/6416 3362/3362/6417 3361/3361/6418
f 3360/3360/6419 3365/3365/6420 3366/3366/6421
f 3367/3367/6422 3368/3368/6423 3369/3369/6424
f 3368/3368/6425 3367/3367/6426 3370/3370/6427
f 3367/3367/6428 3371/3371/6429 3370/3370/6430
f 3371/3371/6431 3372/3372/6432 3370/3370/6433
f 3372/3372/6434 3373/3373/6435 3370/3370/6436
f 3373/3373/6437 3372/3372/6438 3374/3374/6439
f 3375/3375/6440 3373/3373/6441 3374/3374/6442
f 3375/3375/6443 3376/3376/6444 3373/3373/6445
f 3376/3376/6446 3377/3377/6447 3373/3373/6448
f 3377/3377/6449 3376/3376/6450 3378/3378/6451
f 3378/3378/6452 3379/3379/6453 3377/3377/6454
f 3379/3379/6455 3378/3378/6456 3380/3380/6457
f 3381/3381/6458 3379/3379/6459 3380/3380/6460
f 3379/3379/6461 3381/3381/6462 3382/3382/6463
f 3369/3369/6464 3382/3382/6465 3381/3381/6466
f 3382/3382/6467 3369/3369/6468 3368/3368/6469
f 3368/3368/6470 3379/3379/6471 3382/3382/6472
f 3379/3379/6473 3368/3368/6474 3377/3377/6475
f 3368/3368/6476 3373/3373/6477 3377/3377/6219
f 3373/3373/6478 3368/3368/6479 3370/3370/6222
f 3383/3383/6480 3384/3384/6481 3385/3385/6482
f 3384/3384/6483 3383/3383/6484 3386/3386/6485
f 3387/3387/6486 3383/3383/6487 3385/3385/6488
f 3383/3383/6489 3387/3387/6490 3388/3388/6491
f 3383/3383/6492 3388/3388/6493 3389/3389/6494
f 3390/3390/6495 3389/3389/6496 3388/3388/6497
f 3389/3389/6498 3390/3390/6499 3391/3391/6500
f 3392/3392/6501 3393/3393/6502 3394/3394/6503
f 3393/3393/6504 3392/3392/6505 3395/3395/6506
f 3393/3393/6507 3395/3395/6508 3396/3396/6509
f 3397/3397/6510 3398/3398/6511 3399/3399/6512
f 3398/3398/6513 3397/3397/6514 3400/3400/6515
f 3401/3401/6516 3399/3399/6517 3398/3398/6518
f 3397/3397/6519 3402/3402/6520 3403/3403/6521
f 3404/3404/6522 3405/3405/6523 3406/3406/6524
f 3405/3405/6525 3404/3404/6526 3407/3407/6527
f 3404/3404/6528 3408/3408/6529 3407/3407/6530
f 3408/3408/6531 3409/3409/6532 3407/3407/6533
f 3409/3409/6534 3410/3410/6535 3407/3407/6536
f 3410/3410/6537 3409/3409/6538 3411/3411/6539
f 3412/3412/6540 3410/3410/6541 3411/3411/6542
f 3412/3412/6543 3413/3413/6544 3410/3410/6545
f 3413/3413/6546 3414/3414/6547 3410/3410/6548
f 3414/3414/6549 3413/3413/6550 3415/3415/6551
f 3415/3415/6552 3416/3416/6553 3414/3414/6554
f 3416/3416/6555 3415/3415/6556 3417/3417/6557
f 3418/3418/6558 3416/3416/6559 3417/3417/6560
f 3416/3416/6561 3418/3418/6562 3419/3419/6563
f 3406/3406/6564 3419/3419/6565 3418/3418/6566
f 3419/3419/6567 3406/3406/6568 3405/3405/6569
f 3405/3405/6570 3416/3416/6571 3419/3419/6572
f 3416/3416/6573 3405/3405/6574 3414/3414/6575
f 3405/3405/6576 3410/3410/6577 3414/3414/6219
f 3410/3410/6578 3405/3405/6579 3407/3407/6222
f 3420/3420/6480 3421/3421/6481 3422/3422/6482
f 3421/3421/6483 3420/3420/6484 3423/3423/6485
f 3424/3424/6486 3420/3420/6487 3422/3422/6488
f 3420/3420/6489 3424/3424/6490 3425/3425/6491
f 3420/3420/6492 3425/3425/6493 3426/3426/6494
f 3427/3427/6495 3426/3426/6496 3425/3425/6497
f 3426/3426/6498 3427/3427/6499 3428/3428/6500
f 3429/3429/6501 3430/3430/6502 3431/3431/6503
f 3430/3430/6504 3429/3429/6505 3432/3432/6506
f 3430/3430/6507 3432/3432/6508 3433/3433/6509
f 3434/3434/6580 3435/3435/6581 3436/3436/6582
f 3435/3435/6583 3434/3434/6584 3437/3437/6585
f 3438/3438/6586 3436/3436/6587 3435/3435/6588
f 3434/3434/6589 3439/3439/6590 3440/3440/6591
f 3441/3441/6592 3442/3442/6593 3443/3443/6594
f 3442/3442/6595 3441/3441/6596 3444/3444/6597
f 3441/3441/6598 3445/3445/6599 3444/3444/6600
f 3445/3445/6601 3441/3441/6602 3446/3446/6603
f 3441/3441/6604 3447/3447/6605 3446/3446/6606
f 3447/3447/6607 3441/3441/6608 3443/3443/6609
f 3443/3443/6610 3448/3448/6611 3447/3447/6612
f 3448/3448/6613 3443/3443/6614 3442/3442/6615
f 3448/3448/6616 3449/3449/6617 3447/3447/6618
f 3449/3449/6619 3448/3448/6620 3450/3450/6621
f 3450/3450/6622 3451/3451/6623 3449/3449/6624
f 3451/3451/6625 3450/3450/6626 3452/3452/6627
f 3453/3453/6628 3451/3451/6629 3452/3452/6630
f 3451/3451/6631 3453/3453/6632 3454/3454/6633
f 3455/3455/6634 3454/3454/6635 3453/3453/6636
f 3454/3454/6637 3455/3455/6638 3456/3456/6639
f 3455/3455/6640 3446/3446/6641 3456/3456/6642
f 3446/3446/6643 3455/3455/6644 3445/3445/6645
f 3447/3447/6646 3456/3456/6647 3446/3446/6648
f 3456/3456/6649 3447/3447/6650 3449/3449/6651
f 3451/3451/6652 3456/3456/6653 3449/3449/6654
f 3456/3456/6655 3451/3451/6656 3454/3454/6657
f 3457/3457/6658 3458/3458/6659 3459/3459/6660
f 3458/3458/6661 3457/3457/6662 3460/3460/6663
f 3457/3457/6664 3461/3461/6665 3460/3460/6666
f 3461/3461/6667 3462/3462/6668 3460/3460/6669
f 3462/3462/6670 3461/3461/6671 3463/3463/6672
f 3463/3463/6673 3464/3464/6674 3462/3462/6675
f 3465/3465/6676 3466/3466/6677 3467/3467/6678
f 3467/3467/6679 3468/3468/6680 3465/3465/6681
f 3468/3468/6682 3467/3467/6683 3469/3469/6684
f 3470/3470/6685 3468/3468/6686 3469/3469/6687
f 3471/3471/6688 3470/3470/6689 3469/3469/6690
f 3470/3470/6691 3471/3471/6692 3472/3472/6693
f 3473/3473/6694 3474/3474/6695 3475/3475/6696
f 3474/3474/6697 3473/3473/6698 3476/3476/6699
f 3477/3477/6700 3478/3478/6701 3479/3479/6702
f 3478/3478/6703 3477/3477/6704 3480/3480/6705
f 3481/3481/6706 3482/3482/6707 3483/3483/6708
f 3482/3482/6709 3481/3481/6710 3484/3484/781
f 3485/3485/6711 3486/3486/6712 3487/3487/5035
f 3486/3486/6713 3485/3485/6714 3488/3488/6715
f 3489/3489/6716 3490/3490/6717 3491/3491/6718
f 3490/3490/6719 3489/3489/6720 3492/3492/6721
f 3493/3493/6722 3494/3494/6723 3495/3495/6724
f 3494/3494/6725 3493/3493/6726 3496/3496/6727
f 3497/3497/6728 3496/3496/6729 3493/3493/6730
f 3496/3496/6731 3497/3497/6732 3498/3498/6733
f 3499/3499/6734 3498/3498/6735 3497/3497/6736
f 3498/3498/6737 3499/3499/6738 3500/3500/6739
f 3501/3501/6740 3495/3495/6741 3494/3494/6742
f 3495/3495/6743 3501/3501/6744 3502/3502/6745
f 3503/3503/6746 3504/3504/6747 3505/3505/6748
f 3504/3504/6749 3503/3503/6750 3506/3506/6751
f 3507/3507/6752 3506/3506/6753 3503/3503/6754
f 3508/3508/6755 3507/3507/6756 3503/3503/6757
f 3508/3508/6758 3509/3509/6759 3507/3507/6760
f 3510/3510/6761 3509/3509/6762 3508/3508/6763
f 3509/3509/6764 3510/3510/6765 3511/3511/6766
f 3511/3511/6767 3510/3510/6768 3512/3512/6769
f 3512/3512/6770 3513/3513/6771 3511/3511/6772
f 3514/3514/6773 3513/3513/6774 3512/3512/6775
f 3513/3513/6776 3514/3514/6777 3515/3515/6778
f 3505/3505/6779 3515/3515/6780 3514/3514/6781
f 3515/3515/6782 3505/3505/6783 3504/3504/6784
f 3516/3516/6785 3517/3517/6786 3518/3518/6787
f 3517/3517/6788 3516/3516/6789 3519/3519/6790
f 3520/3520/6791 3519/3519/6792 3516/3516/6793
f 3519/3519/6794 3520/3520/6795 3521/3521/6796
f 3522/3522/6797 3521/3521/6798 3520/3520/6799
f 3521/3521/6800 3522/3522/6801 3523/3523/6802
f 3524/3524/6803 3523/3523/6804 3522/3522/6805
f 3523/3523/6806 3524/3524/6807 3525/3525/6808
f 3526/3526/6809 3525/3525/6810 3524/3524/6811
f 3525/3525/6812 3526/3526/6813 3527/3527/6814
f 3528/3528/6815 3527/3527/6816 3526/3526/6817
f 3527/3527/6818 3528/3528/6819 3529/3529/6820
f 3530/3530/6821 3529/3529/6822 3528/3528/6823
f 3529/3529/6824 3530/3530/6825 3531/3531/6826
f 3532/3532/6827 3533/3533/6828 3534/3534/6829
f 3533/3533/6830 3532/3532/6831 3535/3535/6832
f 3536/3536/6833 3535/3535/6834 3532/3532/6835
f 3535/3535/6836 3536/3536/6837 3537/3537/6838
f 3538/3538/6839 3537/3537/6840 3536/3536/6841
f 3539/3539/6842 3537/3537/6843 3538/3538/6844
f 3537/3537/6845 3539/3539/6846 3540/3540/6847
f 3539/3539/6848 3541/3541/6849 3540/3540/6850
f 3541/3541/6851 3539/3539/6852 3542/3542/6853
f 3543/3543/6854 3541/3541/6855 3542/3542/6856
f 3541/3541/6857 3543/3543/6858 3544/3544/6859
f 3534/3534/6860 3544/3544/6861 3543/3543/6862
f 3544/3544/6863 3534/3534/6864 3533/3533/6865
f 3545/3545/6866 3546/3546/6867 3547/3547/6868
f 3546/3546/6869 3545/3545/6870 3548/3548/6871
f 3549/3549/6872 3547/3547/6873 3546/3546/6874
f 3547/3547/6875 3549/3549/6876 3550/3550/6877
f 3551/3551/6878 3552/3552/6879 3553/3553/6880
f 3552/3552/6881 3551/3551/6882 3554/3554/6883
f 3555/3555/6884 3554/3554/6885 3551/3551/6886
f 3554/3554/6887 3555/3555/6888 3556/3556/6889
f 3557/3557/6890 3556/3556/6891 3555/3555/6892
f 3556/3556/6893 3557/3557/6894 3558/3558/6895
f 3559/3559/6896 3553/3553/6897 3552/3552/6898
f 3553/3553/6899 3559/3559/6900 3560/3560/6901
f 3561/3561/6902 3562/3562/6903 3563/3563/6904
f 3562/3562/6905 3561/3561/6906 3564/3564/6907
f 3565/3565/6908 3564/3564/6909 3561/3561/6910
f 3566/3566/6911 3565/3565/6912 3561/3561/6913
f 3566/3566/6914 3567/3567/6915 3565/3565/6916
f 3568/3568/6917 3567/3567/6918 3566/3566/6919
f 3567/3567/6920 3568/3568/6921 3569/3569/6922
f 3569/3569/6923 3568/3568/6924 3570/3570/6925
f 3570/3570/6926 3571/3571/6927 3569/3569/6928
f 3572/3572/6929 3571/3571/6930 3570/3570/6931
f 3571/3571/6932 3572/3572/6933 3573/3573/6934
f 3563/3563/6935 3573/3573/6936 3572/3572/6937
f 3573/3573/6938 3563/3563/6939 3562/3562/6940
f 3574/3574/6941 3575/3575/6942 3576/3576/6943
f 3575/3575/6944 3574/3574/6945 3577/3577/6946
f 3578/3578/6947 3577/3577/6948 3574/3574/6949
f 3577/3577/6950 3578/3578/6951 3579/3579/6952
f 3580/3580/6953 3579/3579/6954 3578/3578/6955
f 3579/3579/6956 3580/3580/6957 3581/3581/6958
f 3582/3582/6959 3581/3581/6960 3580/3580/6961
f 3581/3581/6962 3582/3582/6963 3583/3583/6964
f 3584/3584/6965 3583/3583/6966 3582/3582/6967
f 3583/3583/6968 3584/3584/6969 3585/3585/6970
f 3586/3586/6971 3585/3585/6972 3584/3584/6973
f 3585/3585/6974 3586/3586/6975 3587/3587/6976
f 3588/3588/6977 3587/3587/6978 3586/3586/6979
f 3587/3587/6980 3588/3588/6981 3589/3589/6982
f 3590/3590/6983 3591/3591/6984 3592/3592/6985
f 3591/3591/6986 3590/3590/6987 3593/3593/6988
f 3594/3594/6989 3593/3593/6990 3590/3590/6991
f 3593/3593/6992 3594/3594/6993 3595/3595/6994
f 3596/3596/6995 3595/3595/6996 3594/3594/6997
f 3597/3597/6998 3595/3595/6999 3596/3596/7000
f 3595/3595/7001 3597/3597/7002 3598/3598/7003
f 3597/3597/7004 3599/3599/7005 3598/3598/7006
f 3599/3599/7007 3597/3597/7008 3600/3600/7009
f 3601/3601/7010 3599/3599/7011 3600/3600/7012
f 3599/3599/7013 3601/3601/7014 3602/3602/7015
f 3592/3592/7016 3602/3602/7017 3601/3601/7018
f 3602/3602/7019 3592/3592/7020 3591/3591/7021
f 3603/3603/7022 3604/3604/7023 3605/3605/7024
f 3604/3604/7025 3603/3603/7026 3606/3606/7027
f 3607/3607/7028 3605/3605/7029 3604/3604/7030
f 3605/3605/7031 3607/3607/7032 3608/3608/7033
f 3609/3609/7034 3610/3610/7035 3611/3611/7036
f 3610/3610/7037 3609/3609/7038 3612/3612/7039
f 3613/3613/7040 3612/3612/7041 3609/3609/7042
f 3612/3612/7043 3613/3613/7044 3614/3614/7045
f 3615/3615/7046 3614/3614/7047 3613/3613/7048
f 3614/3614/7049 3615/3615/7050 3616/3616/7051
f 3617/3617/7052 3611/3611/7053 3610/3610/7054
f 3611/3611/7055 3617/3617/7056 3618/3618/7057
f 3619/3619/7058 3620/3620/7059 3621/3621/7060
f 3620/3620/7061 3619/3619/7062 3622/3622/7063
f 3623/3623/7064 3622/3622/7065 3619/3619/7066
f 3624/3624/7067 3623/3623/7068 3619/3619/7069
f 3624/3624/7070 3625/3625/7071 3623/3623/7072
f 3626/3626/7073 3625/3625/7074 3624/3624/7075
f 3625/3625/7076 3626/3626/7077 3627/3627/7078
f 3627/3627/7079 3626/3626/7080 3628/3628/7081
f 3628/3628/7082 3629/3629/7083 3627/3627/7084
f 3630/3630/7085 3629/3629/7086 3628/3628/7087
f 3629/3629/7088 3630/3630/7089 3631/3631/7090
f 3621/3621/7091 3631/3631/7092 3630/3630/7093
f 3631/3631/7094 3621/3621/7095 3620/3620/7096
f 3632/3632/7097 3633/3633/7098 3634/3634/7099
f 3633/3633/7100 3632/3632/7101 3635/3635/7102
f 3636/3636/7103 3635/3635/7104 3632/3632/7105
f 3635/3635/7106 3636/3636/7107 3637/3637/7108
f 3638/3638/7109 3637/3637/7110 3636/3636/7111
f 3637/3637/7112 3638/3638/7113 3639/3639/7114
f 3640/3640/7115 3639/3639/7116 3638/3638/7117
f 3639/3639/7118 3640/3640/7119 3641/3641/7120
f 3642/3642/7121 3641/3641/7122 3640/3640/7123
f 3641/3641/7124 3642/3642/7125 3643/3643/7126
f 3644/3644/7127 3643/3643/7128 3642/3642/7129
f 3643/3643/7130 3644/3644/7131 3645/3645/7132
f 3646/3646/7133 3645/3645/7134 3644/3644/7135
f 3645/3645/7136 3646/3646/7137 3647/3647/7138
f 3648/3648/7139 3649/3649/7140 3650/3650/7141
f 3649/3649/7142 3648/3648/7143 3651/3651/7144
f 3652/3652/7145 3651/3651/7146 3648/3648/7147
f 3651/3651/7148 3652/3652/7149 3653/3653/7150
f 3654/3654/7151 3653/3653/7152 3652/3652/7153
f 3655/3655/7154 3653/3653/7155 3654/3654/7156
f 3653/3653/7157 3655/3655/7158 3656/3656/7159
f 3655/3655/7160 3657/3657/7161 3656/3656/7162
f 3657/3657/7163 3655/3655/7164 3658/3658/7165
f 3659/3659/7166 3657/3657/7167 3658/3658/7168
f 3657/3657/7169 3659/3659/7170 3660/3660/7171
f 3650/3650/7172 3660/3660/7173 3659/3659/7174
f 3660/3660/7175 3650/3650/7176 3649/3649/7177
f 3661/3661/7178 3662/3662/7179 3663/3663/7180
f 3662/3662/7181 3661/3661/7182 3664/3664/7183
f 3665/3665/7184 3663/3663/7185 3662/3662/7186
f 3663/3663/7187 3665/3665/7188 3666/3666/7189
f 3667/3667/7190 3668/3668/7191 3669/3669/7192
f 3668/3668/7193 3667/3667/7194 3670/3670/7195
f 3671/3671/7196 3670/3670/7197 3667/3667/7198
f 3670/3670/7199 3671/3671/7200 3672/3672/7201
f 3673/3673/7202 3672/3672/7203 3671/3671/7204
f 3672/3672/7205 3673/3673/7206 3674/3674/7207
f 3675/3675/7208 3669/3669/7209 3668/3668/7210
f 3669/3669/7211 3675/3675/7212 3676/3676/7213
f 3677/3677/7214 3678/3678/7215 3679/3679/7216
f 3678/3678/7217 3677/3677/7218 3680/3680/7219
f 3681/3681/7220 3680/3680/7221 3677/3677/7222
f 3682/3682/7223 3681/3681/7224 3677/3677/7225
f 3682/3682/7226 3683/3683/7227 3681/3681/7228
f 3684/3684/7229 3683/3683/7230 3682/3682/7231
f 3683/3683/7232 3684/3684/7233 3685/3685/7234
f 3685/3685/7235 3684/3684/7236 3686/3686/7237
f 3686/3686/7238 3687/3687/7239 3685/3685/7240
f 3688/3688/7241 3687/3687/7242 3686/3686/7243
f 3687/3687/7244 3688/3688/7245 3689/3689/7246
f 3679/3679/7247 3689/3689/7248 3688/3688/7249
f 3689/3689/7250 3679/3679/7251 3678/3678/7252
f 3690/3690/7253 3691/3691/7254 3692/3692/7255
f 3691/3691/7256 3690/3690/7257 3693/3693/7258
f 3694/3694/7259 3693/3693/7260 3690/3690/7261
f 3693/3693/7262 3694/3694/7263 3695/3695/7264
f 3696/3696/7265 3695/3695/7266 3694/3694/7267
f 3695/3695/7268 3696/3696/7269 3697/3697/7270
f 3698/3698/7271 3697/3697/7272 3696/3696/7273
f 3697/3697/7274 3698/3698/7275 3699/3699/7276
f 3700/3700/7277 3699/3699/7278 3698/3698/7279
f 3699/3699/7280 3700/3700/7281 3701/3701/7282
f 3702/3702/7283 3701/3701/7284 3700/3700/7285
f 3701/3701/7286 3702/3702/7287 3703/3703/7288
f 3704/3704/7289 3703/3703/7290 3702/3702/7291
f 3703/3703/7292 3704/3704/7293 3705/3705/7294
f 3706/3706/7295 3707/3707/7296 3708/3708/7297
f 3707/3707/7298 3706/3706/7299 3709/3709/7300
f 3710/3710/7301 3709/3709/7302 3706/3706/7303
f 3709/3709/7304 3710/3710/7305 3711/3711/7306
f 3712/3712/7307 3711/3711/7308 3710/3710/7309
f 3713/3713/7310 3711/3711/7311 3712/3712/7312
f 3711/3711/7313 3713/3713/7314 3714/3714/7315
f 3713/3713/7316 3715/3715/7317 3714/3714/7318
f 3715/3715/7319 3713/3713/7320 3716/3716/7321
f 3717/3717/7322 3715/3715/7323 3716/3716/7324
f 3715/3715/7325 3717/3717/7326 3718/3718/7327
f 3708/3708/7328 3718/3718/7329 3717/3717/7330
f 3718/3718/7331 3708/3708/7332 3707/3707/7333
f 3719/3719/7334 3720/3720/7335 3721/3721/7336
f 3720/3720/7337 3719/3719/7338 3722/3722/7339
f 3723/3723/7340 3721/3721/7341 3720/3720/7342
f 3721/3721/7343 3723/3723/7344 3724/3724/7345
f 3725/3725/7346 3726/3726/7347 3727/3727/7348
f 3726/3726/7349 3725/3725/7350 3728/3728/7351
f 3727/3727/7352 3729/3729/7353 3725/3725/7354
f 3729/3729/7355 3727/3727/7356 3730/3730/7357
f 3731/3731/7358 3732/3732/7359 3733/3733/7360
f 3732/3732/7361 3731/3731/7362 3734/3734/7363
f 3734/3734/7364 3735/3735/7365 3732/3732/7366
f 3735/3735/7367 3734/3734/7368 3736/3736/7369
f 3737/3737/7370 3738/3738/7371 3739/3739/7372
f 3738/3738/7373 3737/3737/7374 3740/3740/7375
f 3739/3739/7376 3741/3741/7377 3737/3737/7378
f 3741/3741/7379 3739/3739/7380 3742/3742/7381
f 3743/3743/7382 3744/3744/7383 3745/3745/7384
f 3744/3744/7385 3743/3743/7386 3746/3746/7387
f 3746/3746/7388 3747/3747/7389 3744/3744/7390
f 3747/3747/7391 3746/3746/7392 3748/3748/7393
f 3749/3749/7394 3750/3750/7395 3751/3751/7396
f 3750/3750/7397 3749/3749/7398 3752/3752/7399
f 3753/3753/7400 3752/3752/7401 3749/3749/7402
f 3752/3752/7403 3753/3753/7404 3754/3754/7405
f 3755/3755/7406 3756/3756/7407 3757/3757/7408
f 3756/3756/7409 3755/3755/7410 3758/3758/7411
f 3759/3759/7412 3757/3757/7413 3756/3756/7414
f 3757/3757/7415 3759/3759/7416 3760/3760/7417
f 3761/3761/7418 3762/3762/7419 3763/3763/7420
f 3762/3762/7421 3761/3761/7422 3764/3764/7423
f 3765/3765/7424 3764/3764/7425 3761/3761/7426
f 3764/3764/7427 3765/3765/7428 3766/3766/7429
f 3767/3767/7430 3768/3768/7431 3769/3769/7432
f 3768/3768/7433 3767/3767/7434 3770/3770/7435
f 3771/3771/7436 3769/3769/7437 3768/3768/7438
f 3769/3769/7439 3771/3771/7440 3772/3772/7441
f 3773/3773/7442 3774/3774/7443 3775/3775/7444
f 3774/3774/7445 3773/3773/7446 3776/3776/7447
f 3777/3777/7448 3776/3776/7449 3773/3773/7450
f 3776/3776/7451 3777/3777/7452 3778/3778/7453
f 3779/3779/7454 3778/3778/7455 3777/3777/7456
f 3778/3778/7457 3779/3779/7458 3780/3780/7459
f 3781/3781/7460 3782/3782/7461 3783/3783/7462
f 3782/3782/7463 3781/3781/7464 3784/3784/7465
f 3785/3785/7466 3783/3783/7467 3782/3782/7468
f 3783/3783/7469 3785/3785/7470 3786/3786/7471
f 3787/3787/7472 3786/3786/7473 3785/3785/7474
f 3786/3786/7475 3787/3787/7476 3788/3788/7477
f 3789/3789/7478 3790/3790/7479 3791/3791/7480
f 3790/3790/7481 3789/3789/7482 3792/3792/7483
f 3793/3793/7484 3791/3791/7485 3790/3790/7486
f 3791/3791/7487 3793/3793/7488 3794/3794/7489
f 3795/3795/7490 3794/3794/7491 3793/3793/7492
f 3794/3794/7493 3795/3795/7494 3796/3796/7495
f 3797/3797/7496 3798/3798/7497 3799/3799/7498
f 3798/3798/7499 3797/3797/7500 3800/3800/7501
f 3801/3801/7502 3799/3799/7503 3798/3798/7504
f 3799/3799/7505 3801/3801/7506 3802/3802/7507
f 3803/3803/7508 3802/3802/7509 3801/3801/7510
f 3802/3802/7511 3803/3803/7512 3804/3804/7513
f 3805/3805/7514 3806/3806/7515 3807/3807/7516
f 3805/3805/7517 3808/3808/7518 3806/3806/7519
f 3809/3809/7520 3808/3808/7521 3805/3805/7522
f 3806/3806/7523 3808/3808/7524 3810/3810/7525
f 3810/3810/7526 3808/3808/7527 3811/3811/7528
f 3811/3811/7529 3808/3808/7530 3812/3812/7531
f 3810/3810/7532 3811/3811/7533 3813/3813/7534
f 3806/3806/7535 3810/3810/7536 3814/3814/7537
f 3814/3814/7538 3810/3810/7539 3815/3815/7540
f 3806/3806/7541 3814/3814/7542 3816/3816/7543
f 3817/3817/7544 3818/3818/7545 3819/3819/7546
f 3818/3818/7547 3817/3817/7548 3820/3820/7549
f 3819/3819/7550 3821/3821/7551 3817/3817/7552
f 3821/3821/7553 3819/3819/7554 3822/3822/7555
f 3823/3823/7556 3824/3824/7557 3825/3825/7558
f 3824/3824/7559 3823/3823/7560 3826/3826/7561
f 3827/3827/7562 3826/3826/7563 3823/3823/7564
f 3826/3826/7565 3827/3827/7566 3828/3828/7567
f 3829/3829/7568 3828/3828/7569 3827/3827/7570
f 3828/3828/7571 3829/3829/7572 3830/3830/7573
f 3831/3831/7574 3830/3830/7575 3829/3829/7576
f 3830/3830/7577 3831/3831/7578 3832/3832/7579
f 3833/3833/7580 3832/3832/7581 3831/3831/7582
f 3832/3832/7583 3833/3833/7584 3834/3834/7585
f 3835/3835/7586 3834/3834/7587 3833/3833/7588
f 3834/3834/7589 3835/3835/7590 3836/3836/7591
f 3837/3837/7592 3836/3836/7593 3835/3835/7594
f 3836/3836/7595 3837/3837/7596 3838/3838/7597
f 3839/3839/7598 3838/3838/7599 3837/3837/7600
f 3838/3838/7601 3839/3839/7602 3840/3840/7603
f 3841/3841/7604 3840/3840/7605 3839/3839/7606
f 3840/3840/7607 3841/3841/7608 3842/3842/7609
f 3843/3843/7610 3842/3842/7611 3841/3841/7612
f 3842/3842/7613 3843/3843/7614 3844/3844/7615
f 3845/3845/7616 3844/3844/7617 3843/3843/7618
f 3844/3844/7619 3845/3845/7620 3846/3846/7621
f 3825/3825/7622 3846/3846/7623 3845/3845/7624
f 3846/3846/7625 3825/3825/7626 3824/3824/7627
f 3847/3847/7628 3848/3848/7629 3849/3849/7630
f 3848/3848/7631 3847/3847/7632 3850/3850/7633
f 3851/3851/7634 3850/3850/7635 3847/3847/7636
f 3852/3852/7637 3850/3850/7638 3851/3851/7639
f 3850/3850/7640 3852/3852/7641 3853/3853/7642
f 3854/3854/7643 3853/3853/7644 3852/3852/7645
f 3855/3855/7646 3853/3853/7647 3854/3854/7648
f 3853/3853/7649 3855/3855/7650 3856/3856/7651
f 3857/3857/7652 3856/3856/7653 3855/3855/7654
f 3858/3858/7655 3856/3856/7656 3857/3857/7657
f 3856/3856/7658 3858/3858/7659 3859/3859/7660
f 3860/3860/7661 3859/3859/7662 3858/3858/7663
f 3861/3861/7664 3859/3859/7665 3860/3860/7666
f 3859/3859/7667 3861/3861/7668 3862/3862/7669
f 3863/3863/7670 3862/3862/7671 3861/3861/7672
f 3864/3864/7673 3862/3862/7674 3863/3863/7675
f 3862/3862/7676 3864/3864/7677 3848/3848/7678
f 3849/3849/7679 3848/3848/7680 3864/3864/7681
f 3865/3865/7682 3866/3866/7683 3867/3867/7684
f 3866/3866/7685 3865/3865/7686 3868/3868/7687
f 3867/3867/7688 3869/3869/7689 3865/3865/7690
f 3869/3869/7691 3867/3867/7692 3870/3870/7693
f 3870/3870/7694 3871/3871/7695 3869/3869/7696
f 3871/3871/7697 3870/3870/7698 3872/3872/7699
f 3873/3873/7700 3874/3874/7701 3875/3875/7702
f 3874/3874/7703 3873/3873/7704 3876/3876/7705
f 3876/3876/7706 3877/3877/7707 3874/3874/7708
f 3877/3877/7709 3876/3876/7710 3878/3878/7711
f 3878/3878/7712 3879/3879/7713 3877/3877/7714
f 3879/3879/7715 3878/3878/7716 3880/3880/7717
f 3881/3881/7718 3882/3882/7719 3883/3883/7720
f 3882/3882/7721 3881/3881/7722 3884/3884/7723
f 3884/3884/7724 3885/3885/7725 3882/3882/7726
f 3885/3885/7727 3884/3884/7728 3886/3886/7729
f 3886/3886/7730 3887/3887/7731 3885/3885/7732
f 3887/3887/7733 3886/3886/7734 3888/3888/7735
f 3889/3889/7736 3890/3890/7737 3891/3891/7738
f 3890/3890/7739 3889/3889/7740 3892/3892/7741
f 3892/3892/7742 3893/3893/7743 3890/3890/7744
f 3893/3893/7745 3892/3892/7746 3894/3894/7747
f 3894/3894/7748 3895/3895/7749 3893/3893/7750
f 3895/3895/7751 3894/3894/7752 3896/3896/7753
f 3897/3897/7754 3898/3898/7755 3899/3899/7756
f 3897/3897/7757 3900/3900/7758 3898/3898/7759
f 3897/3897/7760 3901/3901/7761 3900/3900/7762
f 3897/3897/7763 3902/3902/7764 3901/3901/7765
f 3903/3903/7766 3902/3902/7767 3897/3897/7768
f 3901/3901/7769 3902/3902/7770 3904/3904/7771
f 3900/3900/7772 3901/3901/7773 3905/3905/7774
f 3905/3905/7775 3901/3901/7776 3906/3906/7777
f 3900/3900/7778 3905/3905/7779 3907/3907/7780
f 3898/3898/7781 3900/3900/7782 3908/3908/7783
f 3909/3909/7784 3910/3910/7785 3911/3911/7786
f 3910/3910/7787 3909/3909/7788 3912/3912/7789
f 3913/3913/7790 3912/3912/7791 3909/3909/7792
f 3912/3912/7793 3913/3913/7794 3914/3914/7795
f 3915/3915/7796 3916/3916/7797 3917/3917/7798
f 3916/3916/7799 3915/3915/7800 3918/3918/7801
f 3918/3918/7802 3919/3919/7803 3916/3916/7804
f 3919/3919/7805 3918/3918/7806 3920/3920/7807
f 3920/3920/7808 3921/3921/7809 3919/3919/7810
f 3921/3921/7811 3920/3920/7812 3922/3922/7813
f 3922/3922/7814 3923/3923/7815 3921/3921/7816
f 3923/3923/7817 3922/3922/7818 3924/3924/7819
f 3924/3924/7820 3925/3925/7821 3923/3923/7822
f 3925/3925/7823 3924/3924/7824 3926/3926/7825
f 3926/3926/7826 3927/3927/7827 3925/3925/7828
f 3927/3927/7829 3926/3926/7830 3928/3928/7831
f 3928/3928/7832 3929/3929/7833 3927/3927/7834
f 3929/3929/7835 3928/3928/7836 3930/3930/7837
f 3930/3930/7838 3931/3931/7839 3929/3929/7840
f 3931/3931/7841 3930/3930/7842 3932/3932/7843
f 3932/3932/7844 3933/3933/7845 3931/3931/7846
f 3933/3933/7847 3932/3932/7848 3934/3934/7849
f 3934/3934/7850 3935/3935/7851 3933/3933/7852
f 3935/3935/7853 3934/3934/7854 3936/3936/7855
f 3936/3936/7856 3937/3937/7857 3935/3935/7858
f 3937/3937/7859 3936/3936/7860 3938/3938/7861
f 3938/3938/7862 3917/3917/7863 3937/3937/7864
f 3917/3917/7865 3938/3938/7866 3915/3915/7867
f 3939/3939/7868 3940/3940/7869 3941/3941/7870
f 3940/3940/7871 3939/3939/7872 3942/3942/7873
f 3942/3942/7874 3943/3943/7875 3940/3940/7876
f 3943/3943/7877 3944/3944/7878 3940/3940/7879
f 3944/3944/7880 3943/3943/7881 3945/3945/7882
f 3945/3945/7883 3946/3946/7884 3944/3944/7885
f 3946/3946/7886 3947/3947/7887 3944/3944/7888
f 3947/3947/7889 3946/3946/7890 3948/3948/7891
f 3948/3948/7892 3949/3949/7893 3947/3947/7894
f 3949/3949/7895 3950/3950/7896 3947/3947/7897
f 3950/3950/7898 3949/3949/7899 3951/3951/7900
f 3951/3951/7901 3952/3952/7902 3950/3950/7903
f 3952/3952/7904 3953/3953/7905 3950/3950/7906
f 3953/3953/7907 3952/3952/7908 3954/3954/7909
f 3954/3954/7910 3955/3955/7911 3953/3953/7912
f 3955/3955/7913 3941/3941/7914 3953/3953/7915
f 3941/3941/7916 3955/3955/7917 3956/3956/7918
f 3956/3956/7919 3939/3939/7920 3941/3941/7921
f 3957/3957/7922 3958/3958/7923 3959/3959/7924
f 3958/3958/7925 3957/3957/7926 3960/3960/7927
f 3960/3960/7928 3961/3961/7929 3958/3958/7930
f 3961/3961/7931 3960/3960/7932 3962/3962/7933
f 3961/3961/7934 3962/3962/7935 3963/3963/7936
f 3959/3959/7937 3964/3964/7938 3957/3957/7939
f 3964/3964/7940 3959/3959/7941 3965/3965/7942
f 3965/3965/7931 3966/3966/7943 3964/3964/7944
f 3966/3966/7928 3965/3965/7945 3967/3967/7946
f 3966/3966/7947 3967/3967/7948 3968/3968/7949
f 3969/3969/7950 3970/3970/7951 3971/3971/7952
f 3972/3972/7953 3973/3973/7954 3974/3974/7955
f 3973/3973/7956 3972/3972/7957 3975/3975/7958
f 3976/3976/7959 3977/3977/7960 3978/3978/7961
f 3977/3977/7962 3976/3976/7963 3979/3979/7964
f 3980/3980/7965 3981/3981/7966 3982/3982/7967
f 3983/3983/7968 3984/3984/7969 3985/3985/7970
f 3984/3984/7971 3983/3983/7972 3986/3986/7973
f 3987/3987/7974 3988/3988/7975 3989/3989/7976
f 3988/3988/7977 3987/3987/7978 3990/3990/7979
f 3991/3991/7980 3992/3992/7981 3993/3993/7982
f 3994/3994/7983 3995/3995/7984 3996/3996/7985
f 3995/3995/7986 3994/3994/7987 3997/3997/7988
f 3998/3998/7989 3999/3999/7990 4000/4000/7991
f 3999/3999/7992 3998/3998/7993 4001/4001/7994
f 4002/4002/7995 4003/4003/7996 4004/4004/7997
f 4005/4005/7998 4006/4006/7999 4007/4007/8000
f 4006/4006/8001 4005/4005/8002 4008/4008/8003
f 4009/4009/8004 4010/4010/8005 4011/4011/8006
f 4010/4010/8007 4009/4009/8008 4012/4012/8009
f 4013/4013/8010 4014/4014/8011 4015/4015/8012
f 4016/4016/8013 4017/4017/8014 4018/4018/8015
f 4017/4017/8016 4016/4016/8017 4019/4019/8018
f 4020/4020/8019 4021/4021/8020 4022/4022/8021
f 4021/4021/8022 4020/4020/8023 4023/4023/8024
f 4024/4024/8025 4025/4025/8026 4026/4026/8027
f 4027/4027/8028 4028/4028/8029 4029/4029/8030
f 4028/4028/8031 4027/4027/8032 4030/4030/8033
f 4031/4031/8034 4032/4032/8035 4033/4033/8036
f 4032/4032/8037 4031/4031/8038 4034/4034/8039
f 4035/4035/8040 4036/4036/8041 4037/4037/8042
f 4038/4038/8043 4039/4039/8044 4040/4040/8045
f 4039/4039/8046 4038/4038/8047 4041/4041/8048
f 4042/4042/8049 4043/4043/8050 4044/4044/8051
f 4043/4043/8052 4042/4042/8053 4045/4045/8054
f 4046/4046/8055 4047/4047/8056 4048/4048/8057
f 4049/4049/8058 4050/4050/8059 4051/4051/8060
f 4050/4050/8061 4049/4049/8062 4052/4052/8063
f 4053/4053/8064 4054/4054/8065 4055/4055/8066
f 4054/4054/8067 4053/4053/8068 4056/4056/8069
f 4057/4057/8070 4058/4058/8071 4059/4059/8072
f 4060/4060/8073 4061/4061/8074 4062/4062/8075
f 4061/4061/8076 4060/4060/8077 4063/4063/8078
f 4064/4064/8079 4065/4065/8080 4066/4066/8081
f 4065/4065/8082 4064/4064/8083 4067/4067/8084
f 4068/4068/8085 4069/4069/8086 4070/4070/8087
f 4071/4071/8088 4072/4072/8089 4073/4073/8090
f 4072/4072/8091 4071/4071/8092 4074/4074/8093
f 4075/4075/8094 4076/4076/8095 4077/4077/8096
f 4076/4076/8097 4075/4075/8098 4078/4078/8099
f 4079/4079/8100 4080/4080/8101 4081/4081/8102
f 4082/4082/8103 4083/4083/8104 4084/4084/8105
f 4083/4083/8106 4082/4082/8107 4085/4085/8108
f 4086/4086/8109 4087/4087/8110 4088/4088/8111
f 4087/4087/8112 4086/4086/8113 4089/4089/8114
f 4090/4090/8115 4091/4091/8116 4092/4092/8117
f 4093/4093/8118 4094/4094/8119 4095/4095/8120
f 4094/4094/8121 4093/4093/8122 4096/4096/8123
f 4097/4097/8124 4098/4098/8125 4099/4099/8126
f 4098/4098/8127 4097/4097/8128 4100/4100/8129
f 4101/4101/8130 4102/4102/8131 4103/4103/8132
f 4102/4102/8133 4101/4101/8134 4104/4104/8135
f 4105/4105/8136 4106/4106/8137 4107/4107/8138
f 4106/4106/8139 4105/4105/8140 4108/4108/8141
f 4109/4109/8142 4110/4110/8143 4111/4111/8144
f 4110/4110/8145 4109/4109/8146 4112/4112/8147
f 4113/4113/8148 4114/4114/8149 4115/4115/763
f 4114/4114/8150 4113/4113/8151 4116/4116/422
f 4117/4117/8152 4118/4118/8153 4119/4119/8154
f 4118/4118/8155 4117/4117/8156 4120/4120/8157
f 4121/4121/8158 4122/4122/8159 4123/4123/8160
f 4122/4122/8161 4121/4121/8162 4124/4124/8163
f 4125/4125/8164 4126/4126/8165 4127/4127/8166
f 4126/4126/8167 4125/4125/8168 4128/4128/8169
f 4129/4129/8170 4130/4130/8171 4131/4131/8172
f 4130/4130/8173 4129/4129/8174 4132/4132/8175
f 4133/4133/8176 4134/4134/8177 4135/4135/8178
f 4134/4134/8179 4133/4133/8180 4136/4136/8181
f 4137/4137/8182 4138/4138/8183 4139/4139/413
f 4138/4138/8184 4137/4137/8185 4140/4140/427
f 4141/4141/8186 4142/4142/8187 4143/4143/8188
f 4142/4142/8189 4141/4141/8190 4144/4144/8191
f 4145/4145/8192 4146/4146/8193 4147/4147/8194
f 4146/4146/8195 4145/4145/8196 4148/4148/8197
f 4149/4149/8198 4150/4150/8199 4151/4151/8200
f 4152/4152/8201 4151/4151/8202 4150/4150/8203
f 4151/4151/8204 4152/4152/8205 4153/4153/8206
f 4154/4154/8207 4155/4155/8208 4156/4156/8209
f 4157/4157/8210 4156/4156/8211 4155/4155/8212
f 4156/4156/8213 4157/4157/8214 4158/4158/8215
f 4159/4159/8216 4160/4160/8217 4161/4161/8218
f 4162/4162/8219 4161/4161/8220 4160/4160/8221
f 4161/4161/8222 4162/4162/8223 4163/4163/8224
f 4164/4164/8225 4165/4165/8226 4166/4166/8227
f 4167/4167/8228 4166/4166/8229 4165/4165/8230
f 4166/4166/8231 4167/4167/8232 4168/4168/8233
f 4169/4169/8234 4170/4170/8235 4171/4171/8236
f 4172/4172/8237 4171/4171/8238 4170/4170/8239
f 4171/4171/8240 4172/4172/8241 4173/4173/8242
f 4174/4174/8243 4175/4175/8244 4176/4176/8245
f 4177/4177/8246 4176/4176/8247 4175/4175/8248
f 4176/4176/8249 4177/4177/8250 4178/4178/8251
f 4179/4179/8252 4180/4180/8253 4181/4181/8254
f 4182/4182/8255 4181/4181/8256 4180/4180/8257
f 4181/4181/8258 4182/4182/8259 4183/4183/8260
f 4184/4184/8261 4185/4185/8262 4186/4186/8263
f 4187/4187/8264 4186/4186/8265 4185/4185/8266
f 4186/4186/8267 4187/4187/8268 4188/4188/8269
f 4189/4189/8270 4190/4190/8271 4191/4191/8272
f 4192/4192/8273 4191/4191/8274 4190/4190/8275
f 4191/4191/8276 4192/4192/8277 4193/4193/8278
f 4194/4194/8279 4195/4195/8280 4196/4196/8281
f 4197/4197/8282 4196/4196/8283 4195/4195/8284
f 4196/4196/8285 4197/4197/8286 4198/4198/8287
f 4199/4199/8288 4200/4200/8289 4201/4201/8290
f 4202/4202/8291 4201/4201/8292 4200/4200/8293
f 4201/4201/8294 4202/4202/8295 4203/4203/8296
f 4204/4204/8297 4205/4205/8298 4206/4206/8299
f 4207/4207/8300 4206/4206/8301 4205/4205/8302
f 4206/4206/8303 4207/4207/8304 4208/4208/8305
f 4209/4209/8306 4210/4210/8307 4211/4211/8308
f 4210/4210/8309 4209/4209/8310 4212/4212/8311
f 4213/4213/8312 4210/4210/8313 4212/4212/8314
f 4210/4210/8315 4213/4213/8316 4214/4214/8317
f 4215/4215/8318 4214/4214/8319 4213/4213/8320
f 4214/4214/8321 4215/4215/8322 4216/4216/8323
f 4217/4217/8324 4215/4215/8325 4213/4213/8326
f 4215/4215/8327 4217/4217/8328 4218/4218/8329
f 4219/4219/8330 4218/4218/8331 4217/4217/8332
f 4218/4218/8333 4219/4219/8334 4220/4220/8335
f 4221/4221/8336 4219/4219/8337 4217/4217/8338
f 4219/4219/8339 4221/4221/8340 4222/4222/8341
f 4223/4223/8342 4224/4224/8343 4225/4225/8344
f 4224/4224/8345 4223/4223/8346 4226/4226/8347
f 4227/4227/8348 4224/4224/8349 4226/4226/8350
f 4224/4224/8351 4227/4227/8352 4228/4228/8353
f 4229/4229/8354 4228/4228/8355 4227/4227/8356
f 4228/4228/8357 4229/4229/8358 4230/4230/8359
f 4231/4231/8360 4229/4229/8361 4227/4227/8362
f 4229/4229/8363 4231/4231/8364 4232/4232/8365
f 4233/4233/8366 4232/4232/8367 4231/4231/8368
f 4232/4232/8369 4233/4233/8370 4234/4234/8371
f 4235/4235/8372 4236/4236/8373 4237/4237/8374
f 4236/4236/8375 4235/4235/8376 4238/4238/8377
f 4238/4238/8378 4239/4239/8379 4236/4236/8380
f 4239/4239/8381 4238/4238/8382 4240/4240/8383
f 4241/4241/8384 4239/4239/8385 4240/4240/8386
f 4239/4239/8387 4241/4241/8388 4242/4242/8389
f 4243/4243/8390 4241/4241/8391 4240/4240/8392
f 4241/4241/8393 4243/4243/8394 4244/4244/8395
f 4245/4245/8396 4244/4244/8397 4243/4243/8398
f 4244/4244/8399 4245/4245/8400 4246/4246/8401
f 4247/4247/8402 4248/4248/8403 4249/4249/8404
f 4248/4248/8405 4247/4247/8406 4250/4250/8407
f 4251/4251/8408 4250/4250/8409 4247/4247/8410
f 4250/4250/8411 4251/4251/8412 4252/4252/8413
f 4253/4253/8414 4248/4248/8415 4250/4250/8416
f 4248/4248/8417 4253/4253/8418 4254/4254/8419
f 4255/4255/8420 4254/4254/8421 4253/4253/8422
f 4254/4254/8423 4255/4255/8424 4256/4256/8425
f 4257/4257/8426 4255/4255/8427 4253/4253/8428
f 4255/4255/8429 4257/4257/8430 4258/4258/8431
f 4259/4259/8432 4258/4258/8433 4257/4257/8434
f 4258/4258/8435 4259/4259/8436 4260/4260/8437
f 4259/4259/8438 4261/4261/8439 4262/4262/8440
f 4212/4212/8441 4263/4263/8442 4264/4264/8443
f 4265/4265/8444 4235/4235/8445 4266/4266/8446
f 4267/4267/8447 4231/4231/8448 4268/4268/8449
f 4269/4269/8450 4270/4270/8451 4271/4271/8452
f 4270/4270/8453 4269/4269/8454 4272/4272/8455
f 4273/4273/8456 4272/4272/8457 4269/4269/8458
f 4274/4274/8459 4272/4272/8460 4273/4273/8461
f 4272/4272/8462 4274/4274/8463 4275/4275/8464
f 4276/4276/8465 4275/4275/8466 4274/4274/8467
f 4277/4277/8468 4275/4275/8469 4276/4276/8470
f 4275/4275/8471 4277/4277/8472 4278/4278/8473
f 4279/4279/8474 4278/4278/8475 4277/4277/8476
f 4280/4280/8477 4278/4278/8478 4279/4279/8479
f 4278/4278/8480 4280/4280/8481 4281/4281/8482
f 4282/4282/8483 4281/4281/8484 4280/4280/8485
f 4283/4283/8486 4281/4281/8487 4282/4282/8488
f 4281/4281/8489 4283/4283/8490 4284/4284/8491
f 4285/4285/8492 4284/4284/8493 4283/4283/8494
f 4286/4286/8495 4284/4284/8496 4285/4285/8497
f 4284/4284/8498 4286/4286/8499 4270/4270/8500
f 4271/4271/8501 4270/4270/8502 4286/4286/8503
f 4287/4287/8504 4288/4288/8505 4289/4289/8506
f 4288/4288/8507 4287/4287/8508 4290/4290/8509
f 4291/4291/8510 4290/4290/8511 4287/4287/8512
f 4290/4290/8513 4291/4291/8514 4292/4292/8515
f 4293/4293/8516 4292/4292/8517 4291/4291/8518
f 4292/4292/8519 4293/4293/8520 4294/4294/8521
f 4295/4295/8522 4294/4294/8523 4293/4293/8524
f 4294/4294/8525 4295/4295/8526 4296/4296/8527
f 4297/4297/8528 4296/4296/8529 4295/4295/8530
f 4296/4296/8531 4297/4297/8532 4298/4298/8533
f 4289/4289/8534 4298/4298/8535 4297/4297/8536
f 4298/4298/8537 4289/4289/8538 4288/4288/8539
f 4299/4299/8540 4300/4300/8541 4301/4301/8542
f 4302/4302/8543 4299/4299/8544 4301/4301/8545
f 4299/4299/8546 4302/4302/8547 4303/4303/2707
f 4303/4303/8548 4302/4302/8549 4304/4304/8550
f 4305/4305/8551 4306/4306/8552 4307/4307/8553
f 4306/4306/8554 4305/4305/8555 4308/4308/8556
f 4309/4309/8557 4308/4308/8558 4305/4305/8559
f 4308/4308/8560 4309/4309/2946 4310/4310/8561
f 4311/4311/8562 4310/4310/8563 4309/4309/8564
f 4310/4310/8565 4311/4311/8566 4312/4312/8567
f 4311/4311/8568 4313/4313/8569 4312/4312/8570
f 4314/4314/8571 4307/4307/8572 4306/4306/8573
f 4307/4307/8574 4314/4314/8563 4315/4315/8575
f 4314/4314/8576 4316/4316/8577 4315/4315/8578
f 4317/4317/8306 4318/4318/8307 4319/4319/8308
f 4320/4320/8579 4321/4321/8580 4322/4322/8581
f 4321/4321/8582 4320/4320/8583 4323/4323/8584
f 4324/4324/8585 4325/4325/8586 4326/4326/8587
f 4325/4325/8588 4324/4324/8589 4327/4327/8590
f 4328/4328/8321 4329/4329/8322 4330/4330/8323
f 4331/4331/8591 4332/4332/8592 4333/4333/8593
f 4332/4332/8594 4331/4331/8595 4334/4334/8596
f 4335/4335/8597 4336/4336/8598 4337/4337/8599
f 4336/4336/8600 4335/4335/8601 4338/4338/8602
f 4339/4339/8603 4340/4340/8604 4341/4341/8605
f 4342/4342/8606 4343/4343/8607 4344/4344/8608
f 4343/4343/8609 4342/4342/8610 4345/4345/8611
f 4346/4346/8612 4347/4347/8613 4348/4348/8614
f 4347/4347/8615 4346/4346/8616 4349/4349/8617
f 4350/4350/8618 4351/4351/8619 4352/4352/8620
f 4353/4353/8621 4354/4354/8622 4355/4355/8623
f 4354/4354/8624 4353/4353/8625 4356/4356/8626
f 4357/4357/8627 4358/4358/8628 4359/4359/8629
f 4358/4358/8630 4357/4357/8631 4360/4360/8632
f 4361/4361/8633 4362/4362/8634 4363/4363/8635
f 4364/4364/8636 4365/4365/8637 4366/4366/8638
f 4365/4365/8639 4364/4364/8640 4367/4367/8641
f 4368/4368/8642 4369/4369/8643 4370/4370/8644
f 4369/4369/8645 4368/4368/8646 4371/4371/8647
f 4372/4372/8369 4373/4373/8370 4374/4374/8371
f 4375/4375/8648 4376/4376/8649 4377/4377/8650
f 4376/4376/8651 4375/4375/8652 4378/4378/8653
f 4379/4379/8654 4380/4380/8655 4381/4381/8656
f 4380/4380/8657 4379/4379/8658 4382/4382/8659
f 4383/4383/8660 4384/4384/8661 4385/4385/8662
f 4386/4386/8663 4387/4387/8664 4388/4388/8665
f 4387/4387/8666 4386/4386/8667 4389/4389/8668
f 4390/4390/8669 4391/4391/8670 4392/4392/8671
f 4391/4391/8672 4390/4390/8673 4393/4393/8674
f 4394/4394/8387 4395/4395/8388 4396/4396/8389
f 4397/4397/8675 4398/4398/8676 4399/4399/8677
f 4398/4398/8678 4397/4397/8679 4400/4400/8680
f 4401/4401/8681 4402/4402/8682 4403/4403/8683
f 4402/4402/8684 4401/4401/8685 4404/4404/8686
f 4405/4405/8687 4406/4406/8688 4407/4407/8689
f 4408/4408/8690 4409/4409/8691 4410/4410/8692
f 4411/4411/8693 4412/4412/8694 4413/4413/8695
f 4414/4414/8696 4415/4415/8697 4416/4416/8698
f 4417/4417/8699 4418/4418/8700 4419/4419/8701
f 4420/4420/8702 4421/4421/8703 4422/4422/8704
f 4423/4423/8705 4424/4424/8706 4425/4425/8707
f 4424/4424/8708 4423/4423/8709 4426/4426/8710
f 4427/4427/8711 4428/4428/8712 4429/4429/8713
f 4430/4430/8714 4431/4431/8715 4432/4432/8716
f 4433/4433/8423 4434/4434/8424 4435/4435/8425
f 4436/4436/8717 4437/4437/8718 4438/4438/8719
f 4437/4437/8720 4436/4436/8721 4439/4439/8722
f 4440/4440/8723 4441/4441/8724 4442/4442/8725
f 4441/4441/8726 4440/4440/8727 4443/4443/8728
f 4444/4444/8435 4445/4445/8436 4446/4446/8437
f 4447/4447/8729 4448/4448/8730 4449/4449/8731
f 4448/4448/8732 4447/4447/8733 4450/4450/8734
f 4451/4451/8735 4452/4452/8736 4453/4453/8737
f 4452/4452/8738 4451/4451/8739 4454/4454/8740
f 4455/4455/8741 4456/4456/8742 4457/4457/8743
f 4456/4456/8744 4455/4455/8745 4458/4458/8746
f 4459/4459/8747 4460/4460/8748 4461/4461/8749
f 4460/4460/8750 4459/4459/8751 4462/4462/8752
f 4463/4463/8753 4464/4464/8754 4465/4465/8755
f 4464/4464/8756 4463/4463/8757 4466/4466/8758
f 4467/4467/8759 4468/4468/8760 4469/4469/6708
f 4468/4468/8761 4467/4467/8762 4470/4470/8763
f 4471/4471/8764 4472/4472/8765 4473/4473/8766
f 4472/4472/8767 4471/4471/8768 4474/4474/8769
f 4475/4475/8770 4476/4476/8771 4477/4477/8772
f 4476/4476/8773 4475/4475/8774 4478/4478/8775
f 4479/4479/8776 4480/4480/8777 4481/4481/8778
f 4480/4480/8779 4479/4479/8780 4482/4482/8781
f 4483/4483/8782 4484/4484/8783 4485/4485/8784
f 4484/4484/8785 4483/4483/8786 4486/4486/8787
f 4487/4487/8788 4488/4488/8789 4489/4489/8790
f 4488/4488/8791 4487/4487/8792 4490/4490/8793
f 4491/4491/8794 4492/4492/8795 4493/4493/427
f 4492/4492/8796 4491/4491/8797 4494/4494/786
f 4495/4495/8798 4496/4496/8799 4497/4497/8800
f 4496/4496/8801 4495/4495/8802 4498/4498/8803
f 4499/4499/8804 4500/4500/8805 4501/4501/8806
f 4500/4500/8807 4499/4499/8808 4502/4502/8809
f 4503/4503/8810 4504/4504/8811 4505/4505/8812
f 4504/4504/8813 4506/4506/8814 4505/4505/8815
f 4506/4506/8816 4504/4504/8817 4507/4507/8818
f 4508/4508/8819 4509/4509/8820 4510/4510/8821
f 4509/4509/8822 4511/4511/8823 4510/4510/8824
f 4511/4511/8825 4509/4509/8826 4512/4512/8827
f 4513/4513/8828 4514/4514/8829 4515/4515/8830
f 4514/4514/8831 4516/4516/8832 4515/4515/8833
f 4516/4516/8834 4514/4514/8835 4517/4517/8836
f 4518/4518/8837 4519/4519/8838 4520/4520/8839
f 4519/4519/8840 4521/4521/8841 4520/4520/8842
f 4521/4521/8843 4519/4519/8844 4522/4522/8845
f 4523/4523/8846 4524/4524/8847 4525/4525/8848
f 4524/4524/8849 4526/4526/8850 4525/4525/8851
f 4526/4526/8852 4524/4524/8853 4527/4527/8854
f 4528/4528/8855 4529/4529/8856 4530/4530/8857
f 4529/4529/8858 4531/4531/8859 4530/4530/8860
f 4531/4531/8861 4529/4529/8862 4532/4532/8863
f 4533/4533/8864 4534/4534/8865 4535/4535/8866
f 4534/4534/8867 4536/4536/8868 4535/4535/8869
f 4536/4536/8870 4534/4534/8871 4537/4537/8872
f 4538/4538/8873 4539/4539/8874 4540/4540/8875
f 4539/4539/8876 4541/4541/8877 4540/4540/8878
f 4541/4541/8879 4539/4539/8880 4542/4542/8881
f 4543/4543/8882 4544/4544/8883 4545/4545/8884
f 4544/4544/8885 4546/4546/8886 4545/4545/8887
f 4546/4546/8888 4544/4544/8889 4547/4547/8890
f 4548/4548/8891 4549/4549/8892 4550/4550/8893
f 4549/4549/8894 4551/4551/8895 4550/4550/8896
f 4551/4551/8897 4549/4549/8898 4552/4552/8899
f 4553/4553/8900 4554/4554/8901 4555/4555/8902
f 4554/4554/8903 4556/4556/8904 4555/4555/8905
f 4556/4556/8906 4554/4554/8907 4557/4557/8908
f 4558/4558/8909 4559/4559/8910 4560/4560/8911
f 4559/4559/8912 4561/4561/8913 4560/4560/8914
f 4561/4561/8915 4559/4559/8916 4562/4562/8917
f 4563/4563/8918 4564/4564/8919 4565/4565/8920
f 4564/4564/8921 4563/4563/8922 4566/4566/8923
f 4564/4564/8924 4567/4567/8925 4565/4565/8926
f 4567/4567/8927 4564/4564/8928 4568/4568/8929
f 4568/4568/8930 4569/4569/8931 4567/4567/8932
f 4569/4569/8933 4568/4568/8934 4570/4570/8935
f 4569/4569/8936 4571/4571/8937 4567/4567/8938
f 4571/4571/8939 4569/4569/8940 4572/4572/8941
f 4572/4572/8942 4573/4573/8943 4571/4571/8944
f 4573/4573/8945 4572/4572/8946 4574/4574/8947
f 4573/4573/8948 4575/4575/8949 4571/4571/8950
f 4575/4575/8951 4573/4573/8952 4576/4576/8953
f 4577/4577/8954 4578/4578/8955 4579/4579/8956
f 4578/4578/8957 4577/4577/8958 4580/4580/8959
f 4578/4578/8960 4581/4581/8961 4579/4579/8962
f 4581/4581/8963 4578/4578/8964 4582/4582/8965
f 4582/4582/8966 4583/4583/8967 4581/4581/8968
f 4583/4583/8969 4582/4582/8970 4584/4584/8971
f 4583/4583/8972 4585/4585/8973 4581/4581/8974
f 4585/4585/8975 4583/4583/8976 4586/4586/8977
f 4586/4586/8978 4587/4587/8979 4585/4585/8980
f 4587/4587/8981 4586/4586/8982 4588/4588/8983
f 4589/4589/8984 4590/4590/8985 4591/4591/8986
f 4590/4590/8987 4589/4589/8988 4592/4592/8989
f 4593/4593/8990 4591/4591/8991 4590/4590/8992
f 4591/4591/8993 4593/4593/8994 4594/4594/8995
f 4593/4593/8996 4595/4595/8997 4594/4594/8998
f 4595/4595/8999 4593/4593/9000 4596/4596/9001
f 4595/4595/9002 4597/4597/9003 4594/4594/9004
f 4597/4597/9005 4595/4595/9006 4598/4598/9007
f 4598/4598/9008 4599/4599/9009 4597/4597/9010
f 4599/4599/9011 4598/4598/9012 4600/4600/9013
f 4601/4601/9014 4589/4589/9015 4591/4591/9016
f 4589/4589/9017 4601/4601/9018 4602/4602/9019
f 4603/4603/9020 4604/4604/9021 4605/4605/9022
f 4604/4604/9023 4603/4603/9024 4606/4606/9025
f 4604/4604/9026 4607/4607/9027 4605/4605/9028
f 4607/4607/9029 4604/4604/9030 4608/4608/9031
f 4608/4608/9032 4609/4609/9033 4607/4607/9034
f 4609/4609/9035 4608/4608/9036 4610/4610/9037
f 4609/4609/9038 4611/4611/9039 4607/4607/9040
f 4611/4611/9041 4609/4609/9042 4612/4612/9043
f 4612/4612/9044 4613/4613/9045 4611/4611/9046
f 4613/4613/9047 4612/4612/9048 4614/4614/9049
f 4613/4613/9050 4615/4615/9051 4611/4611/9052
f 4615/4615/9053 4613/4613/9054 4616/4616/9055
f 4605/4605/9056 4617/4617/9057 4603/4603/9058
f 4617/4617/9059 4605/4605/9060 4618/4618/9061
f 4619/4619/9062 4620/4620/9063 4621/4621/9064
f 4620/4620/9065 4619/4619/9066 4622/4622/9067
f 4622/4622/9068 4623/4623/9069 4620/4620/9070
f 4623/4623/9071 4624/4624/9072 4620/4620/9073
f 4624/4624/9074 4623/4623/9075 4625/4625/9076
f 4625/4625/9077 4626/4626/9078 4624/4624/9079
f 4626/4626/9080 4627/4627/9081 4624/4624/9082
f 4627/4627/9083 4626/4626/9084 4628/4628/9085
f 4628/4628/9086 4629/4629/9087 4627/4627/9088
f 4629/4629/9089 4630/4630/9090 4627/4627/9091
f 4630/4630/9092 4629/4629/9093 4631/4631/9094
f 4631/4631/9095 4632/4632/9096 4630/4630/9097
f 4632/4632/9098 4633/4633/9099 4630/4630/9100
f 4633/4633/9101 4632/4632/9102 4634/4634/9103
f 4634/4634/9104 4635/4635/9105 4633/4633/9106
f 4635/4635/9107 4621/4621/9108 4633/4633/9109
f 4621/4621/9110 4635/4635/9111 4636/4636/9112
f 4636/4636/9113 4619/4619/9114 4621/4621/9115
f 4637/4637/9116 4638/4638/9117 4639/4639/9118
f 4638/4638/9119 4637/4637/9120 4640/4640/9121
f 4640/4640/9122 4641/4641/9123 4638/4638/9124
f 4641/4641/9125 4640/4640/9126 4642/4642/9127
f 4642/4642/9128 4643/4643/9129 4641/4641/9130
f 4643/4643/9131 4642/4642/9132 4644/4644/9133
f 4644/4644/9134 4645/4645/9135 4643/4643/9136
f 4645/4645/9137 4644/4644/9138 4646/4646/9139
f 4646/4646/9140 4647/4647/9141 4645/4645/9142
f 4647/4647/9143 4646/4646/9144 4648/4648/9145
f 4648/4648/9146 4639/4639/9147 4647/4647/9148
f 4639/4639/9149 4648/4648/9150 4637/4637/9151
f 4649/4649/9152 4650/4650/9153 4651/4651/9154
f 4649/4649/9155 4652/4652/9156 4650/4650/2720
f 4652/4652/9157 4649/4649/9158 4653/4653/9159
f 4653/4653/9160 4654/4654/9161 4652/4652/9162
f 4655/4655/9163 4656/4656/9164 4657/4657/9165
f 4656/4656/9166 4655/4655/9167 4658/4658/9168
f 4658/4658/9169 4659/4659/9170 4656/4656/9171
f 4659/4659/9172 4658/4658/9173 4660/4660/9174
f 4657/4657/9175 4661/4661/9176 4655/4655/9177
f 4661/4661/9178 4657/4657/9179 4662/4662/9180
f 4663/4663/9181 4664/4664/9182 4665/4665/9183
f 4664/4664/9184 4663/4663/9185 4666/4666/9186
f 4666/4666/9187 4667/4667/9188 4664/4664/9189
f 4667/4667/9190 4666/4666/9191 4668/4668/9192
f 4668/4668/9193 4669/4669/9194 4667/4667/9195
f 4669/4669/9196 4668/4668/9197 4670/4670/9198
f 4671/4671/9199 4672/4672/9200 4673/4673/9201
f 4672/4672/9202 4671/4671/9203 4674/4674/9204
f 4674/4674/9205 4675/4675/9206 4672/4672/9207
f 4675/4675/9208 4674/4674/9209 4676/4676/9210
f 4676/4676/9211 4677/4677/9212 4675/4675/9213
f 4677/4677/9214 4676/4676/9215 4678/4678/9216
f 4679/4679/9217 4680/4680/9218 4681/4681/9219
f 4680/4680/9220 4679/4679/9221 4682/4682/9222
f 4682/4682/9223 4683/4683/9224 4680/4680/9225
f 4683/4683/9226 4682/4682/9227 4684/4684/9228
f 4684/4684/9229 4685/4685/9230 4683/4683/9231
f 4685/4685/9232 4684/4684/9233 4686/4686/9234
f 4687/4687/9235 4688/4688/9236 4689/4689/9237
f 4688/4688/9238 4687/4687/9239 4690/4690/9240
f 4691/4691/9241 4690/4690/9242 4687/4687/9243
f 4690/4690/9244 4691/4691/9245 4692/4692/9246
f 4691/4691/9247 4693/4693/9248 4692/4692/9249
f 4694/4694/9250 4689/4689/9251 4688/4688/9252
f 4689/4689/9253 4694/4694/9254 4695/4695/9255
f 4694/4694/9256 4696/4696/9257 4695/4695/9258
f 4696/4696/9259 4694/4694/9260 4697/4697/9261
f 4697/4697/9262 4698/4698/9263 4696/4696/9264
f 4699/4699/9265 4700/4700/9266 4701/4701/9267
f 4700/4700/9268 4699/4699/9269 4702/4702/9270
f 4702/4702/9271 4703/4703/9272 4700/4700/9273
f 4703/4703/9274 4702/4702/9275 4704/4704/9276
f 4704/4704/9277 4705/4705/9278 4703/4703/9279
f 4705/4705/9280 4704/4704/9281 4706/4706/9282
f 4706/4706/9283 4707/4707/9284 4705/4705/9285
f 4707/4707/9286 4706/4706/9287 4708/4708/9288
f 4708/4708/9289 4709/4709/9290 4707/4707/9291
f 4709/4709/9292 4708/4708/9293 4710/4710/9294
f 4710/4710/9295 4711/4711/9296 4709/4709/9297
f 4711/4711/9298 4710/4710/9299 4712/4712/9300
f 4712/4712/9301 4713/4713/9302 4711/4711/9303
f 4713/4713/9304 4712/4712/9305 4714/4714/9306
f 4714/4714/9307 4715/4715/9308 4713/4713/9309
f 4715/4715/9310 4714/4714/9311 4716/4716/9312
f 4716/4716/9313 4717/4717/9314 4715/4715/9315
f 4717/4717/9316 4716/4716/9317 4718/4718/9318
f 4718/4718/9319 4719/4719/9320 4717/4717/9321
f 4719/4719/9322 4718/4718/9323 4720/4720/9324
f 4720/4720/9325 4721/4721/9326 4719/4719/9327
f 4721/4721/9328 4720/4720/9329 4722/4722/9330
f 4722/4722/9331 4701/4701/9332 4721/4721/9333
f 4701/4701/9334 4722/4722/9335 4699/4699/9336
f 4723/4723/9337 4724/4724/9338 4725/4725/9339
f 4724/4724/9340 4723/4723/9341 4726/4726/9342
f 4726/4726/9343 4727/4727/9344 4724/4724/9345
f 4727/4727/9346 4726/4726/9347 4728/4728/9348
f 4728/4728/9349 4729/4729/9350 4727/4727/9351
f 4729/4729/9352 4728/4728/9353 4730/4730/9354
f 4731/4731/9355 4732/4732/9356 4733/4733/9357
f 4732/4732/9358 4731/4731/9359 4734/4734/9360
f 4734/4734/9361 4735/4735/9362 4732/4732/9363
f 4735/4735/9364 4734/4734/9365 4736/4736/9366
f 4736/4736/9367 4737/4737/9368 4735/4735/9369
f 4737/4737/9370 4736/4736/9371 4738/4738/9372
f 4739/4739/9373 4740/4740/9374 4741/4741/9375
f 4740/4740/9376 4739/4739/9377 4742/4742/9378
f 4742/4742/9379 4743/4743/9380 4740/4740/9381
f 4743/4743/9382 4742/4742/9383 4744/4744/9384
f 4744/4744/9385 4745/4745/9386 4743/4743/9387
f 4745/4745/9388 4744/4744/9389 4746/4746/9390
f 4747/4747/9391 4748/4748/9392 4749/4749/9393
f 4748/4748/9394 4747/4747/9395 4750/4750/9396
f 4750/4750/9397 4751/4751/9398 4748/4748/9399
f 4751/4751/9400 4750/4750/9401 4752/4752/9402
f 4752/4752/9403 4753/4753/9404 4751/4751/9405
f 4753/4753/9406 4752/4752/9407 4754/4754/9408
f 4755/4755/9409 4756/4756/9410 4757/4757/9411
f 4756/4756/9412 4758/4758/9413 4757/4757/9414
f 4758/4758/9415 4756/4756/9416 4759/4759/9417
f 4759/4759/9418 4760/4760/9419 4758/4758/9420
f 4760/4760/9421 4759/4759/9422 4761/4761/9423
f 4761/4761/9424 4762/4762/9425 4760/4760/9426
f 4762/4762/9427 4761/4761/9428 4763/4763/9429
f 4763/4763/9430 4764/4764/9431 4762/4762/9432
f 4764/4764/9433 4763/4763/9434 4765/4765/9435
f 4765/4765/9436 4766/4766/9437 4764/4764/9438
f 4767/4767/9439 4768/4768/9440 4769/4769/9441
f 4768/4768/9442 4767/4767/9443 4770/4770/9444
f 4769/4769/9445 4771/4771/9446 4767/4767/9447
f 4771/4771/9448 4769/4769/9449 4772/4772/9450
f 4772/4772/9451 4773/4773/9452 4771/4771/9453
f 4773/4773/9454 4772/4772/9455 4774/4774/9456
f 4774/4774/9457 4775/4775/9458 4773/4773/9459
f 4775/4775/9460 4774/4774/9461 4776/4776/9462
f 4776/4776/9463 4777/4777/9464 4775/4775/9465
f 4777/4777/9466 4776/4776/9467 4778/4778/9468
f 4778/4778/9469 4779/4779/9470 4777/4777/9471
f 4779/4779/9472 4778/4778/9473 4780/4780/9474
f 4781/4781/9475 4782/4782/9476 4783/4783/9477
f 4782/4782/9478 4784/4784/9479 4783/4783/9480
f 4784/4784/9481 4785/4785/9482 4783/4783/9483
f 4785/4785/9484 4786/4786/9485 4783/4783/9486
f 4786/4786/9487 4787/4787/9488 4783/4783/9489
f 4787/4787/9490 4781/4781/9491 4783/4783/9492
f 4788/4788/9493 4789/4789/9494 4790/4790/9495
f 4789/4789/9496 4788/4788/9497 4791/4791/9498
f 4791/4791/9499 4792/4792/9500 4789/4789/9501
f 4792/4792/9502 4791/4791/9503 4793/4793/9504
f 4790/4790/9505 4794/4794/9506 4788/4788/9507
f 4794/4794/9508 4790/4790/9509 4795/4795/9510
f 4796/4796/9511 4797/4797/9512 4798/4798/9513
f 4797/4797/9514 4796/4796/9515 4799/4799/9516
f 4799/4799/9517 4800/4800/9518 4797/4797/9519
f 4800/4800/9520 4799/4799/9521 4801/4801/9522
f 4801/4801/9523 4802/4802/9524 4800/4800/9525
f 4802/4802/9526 4801/4801/9527 4803/4803/9528
f 4804/4804/9529 4805/4805/9530 4806/4806/9531
f 4805/4805/9532 4804/4804/9533 4807/4807/9534
f 4807/4807/9535 4808/4808/9536 4805/4805/9537
f 4808/4808/9538 4807/4807/9539 4809/4809/9540
f 4809/4809/9541 4810/4810/9542 4808/4808/9543
f 4810/4810/9544 4809/4809/9545 4811/4811/9546
f 4812/4812/9547 4813/4813/9548 4814/4814/9549
f 4813/4813/9550 4812/4812/9551 4815/4815/9552
f 4815/4815/9553 4816/4816/9554 4813/4813/9555
f 4816/4816/9556 4815/4815/9557 4817/4817/9558
f 4817/4817/9559 4818/4818/9560 4816/4816/9561
f 4818/4818/9562 4817/4817/9563 4819/4819/9564
f 4820/4820/9565 4821/4821/9566 4822/4822/9567
f 4821/4821/9568 4820/4820/9569 4823/4823/9570
f 4824/4824/9571 4823/4823/9572 4820/4820/9573
f 4823/4823/9574 4824/4824/9575 4825/4825/9576
f 4824/4824/9577 4826/4826/9578 4825/4825/9579
f 4827/4827/9580 4822/4822/9581 4821/4821/9582
f 4822/4822/9583 4827/4827/9584 4828/4828/9585
f 4827/4827/9586 4829/4829/9587 4828/4828/9588
f 4829/4829/9589 4827/4827/9590 4830/4830/9591
f 4830/4830/9592 4831/4831/9593 4829/4829/9594
f 4832/4832/9595 4833/4833/9596 4834/4834/9597
f 4833/4833/9598 4832/4832/9599 4835/4835/9600
f 4835/4835/9601 4836/4836/9602 4833/4833/9603
f 4836/4836/9604 4835/4835/9605 4837/4837/9606
f 4837/4837/9607 4838/4838/9608 4836/4836/9609
f 4838/4838/9610 4837/4837/9611 4839/4839/9612
f 4839/4839/9613 4840/4840/9614 4838/4838/9615
f 4840/4840/9616 4839/4839/9617 4841/4841/9618
f 4841/4841/9619 4842/4842/9620 4840/4840/9621
f 4842/4842/9622 4841/4841/9623 4843/4843/9624
f 4843/4843/9625 4844/4844/9626 4842/4842/9627
f 4844/4844/9628 4843/4843/9629 4845/4845/9630
f 4845/4845/9631 4846/4846/9632 4844/4844/9633
f 4846/4846/9634 4845/4845/9635 4847/4847/9636
f 4847/4847/9637 4848/4848/9638 4846/4846/9639
f 4848/4848/9640 4847/4847/9641 4849/4849/9642
f 4849/4849/9643 4850/4850/9644 4848/4848/9645
f 4850/4850/9646 4849/4849/9647 4851/4851/9648
f 4851/4851/9649 4852/4852/9650 4850/4850/9651
f 4852/4852/9652 4851/4851/9653 4853/4853/9654
f 4853/4853/9655 4854/4854/9656 4852/4852/9657
f 4854/4854/9658 4853/4853/9659 4855/4855/9660
f 4855/4855/9661 4834/4834/9662 4854/4854/9663
f 4834/4834/9664 4855/4855/9665 4832/4832/9666
f 4856/4856/9667 4857/4857/9668 4858/4858/9669
f 4857/4857/9670 4856/4856/9671 4859/4859/9672
f 4859/4859/9673 4860/4860/9674 4857/4857/9675
f 4860/4860/9676 4859/4859/9677 4861/4861/9678
f 4861/4861/9679 4862/4862/9680 4860/4860/9681
f 4862/4862/9682 4861/4861/9683 4863/4863/9684
f 4864/4864/9685 4865/4865/9686 4866/4866/9687
f 4865/4865/9688 4864/4864/9689 4867/4867/9690
f 4867/4867/9691 4868/4868/9692 4865/4865/9693
f 4868/4868/9694 4867/4867/9695 4869/4869/9696
f 4869/4869/9697 4870/4870/9698 4868/4868/9699
f 4870/4870/9700 4869/4869/9701 4871/4871/9702
f 4872/4872/9703 4873/4873/9704 4874/4874/9705
f 4873/4873/9706 4872/4872/9707 4875/4875/9708
f 4875/4875/9709 4876/4876/9710 4873/4873/9711
f 4876/4876/9712 4875/4875/9713 4877/4877/9714
f 4877/4877/9715 4878/4878/9716 4876/4876/9717
f 4878/4878/9718 4877/4877/9719 4879/4879/9720
f 4880/4880/9721 4881/4881/9722 4882/4882/9723
f 4881/4881/9724 4880/4880/9725 4883/4883/9726
f 4883/4883/9727 4884/4884/9728 4881/4881/9729
f 4884/4884/9730 4883/4883/9731 4885/4885/9732
f 4885/4885/9733 4886/4886/9734 4884/4884/9735
f 4886/4886/9736 4885/4885/9737 4887/4887/9738
f 4888/4888/9739 4889/4889/9740 4890/4890/9741
f 4889/4889/9742 4891/4891/9743 4890/4890/9744
f 4891/4891/9745 4889/4889/9746 4892/4892/9747
f 4892/4892/9748 4893/4893/9749 4891/4891/9750
f 4893/4893/9751 4892/4892/9752 4894/4894/9753
f 4894/4894/9754 4895/4895/9755 4893/4893/9756
f 4895/4895/9757 4894/4894/9758 4896/4896/9759
f 4896/4896/9760 4897/4897/9761 4895/4895/9762
f 4897/4897/9763 4896/4896/9764 4898/4898/9765
f 4898/4898/9766 4899/4899/9767 4897/4897/9768
f 4900/4900/9769 4901/4901/9770 4902/4902/9771
f 4901/4901/9772 4900/4900/9773 4903/4903/9774
f 4902/4902/9775 4904/4904/9776 4900/4900/9777
f 4904/4904/9778 4902/4902/9779 4905/4905/9780
f 4905/4905/9781 4906/4906/9782 4904/4904/9783
f 4906/4906/9784 4905/4905/9785 4907/4907/9786
f 4907/4907/9787 4908/4908/9788 4906/4906/9789
f 4908/4908/9790 4907/4907/9791 4909/4909/9792
f 4909/4909/9793 4910/4910/9794 4908/4908/9795
f 4910/4910/9796 4909/4909/9797 4911/4911/9798
f 4911/4911/9799 4912/4912/9800 4910/4910/9801
f 4912/4912/9802 4911/4911/9803 4913/4913/9804
f 4914/4914/9805 4915/4915/9806 4916/4916/9807
f 4915/4915/9808 4917/4917/9809 4916/4916/9810
f 4917/4917/9811 4918/4918/9812 4916/4916/9813
f 4918/4918/9814 4919/4919/9815 4916/4916/9816
f 4919/4919/9817 4920/4920/9818 4916/4916/9819
f 4920/4920/9820 4914/4914/9821 4916/4916/9822
f 4921/4921/9493 4922/4922/9494 4923/4923/9495
f 4922/4922/9496 4921/4921/9497 4924/4924/9498
f 4924/4924/9823 4925/4925/9824 4922/4922/9825
f 4925/4925/9826 4924/4924/9827 4926/4926/9828
f 4923/4923/9505 4927/4927/9506 4921/4921/9507
f 4927/4927/9508 4923/4923/9509 4928/4928/9510
f 4929/4929/9829 4930/4930/9830 4931/4931/9831
f 4930/4930/9832 4929/4929/9833 4932/4932/9834
f 4932/4932/9835 4933/4933/9836 4930/4930/9837
f 4933/4933/9838 4932/4932/9839 4934/4934/9840
f 4934/4934/9841 4935/4935/9842 4933/4933/9843
f 4935/4935/9844 4934/4934/9845 4936/4936/9846
f 4937/4937/9847 4938/4938/9848 4939/4939/9849
f 4938/4938/9850 4937/4937/9851 4940/4940/9852
f 4940/4940/9853 4941/4941/9854 4938/4938/9855
f 4941/4941/9856 4940/4940/9857 4942/4942/9858
f 4942/4942/9859 4943/4943/9860 4941/4941/9861
f 4943/4943/9862 4942/4942/9863 4944/4944/9864
f 4945/4945/9865 4946/4946/9866 4947/4947/9867
f 4946/4946/9868 4945/4945/9869 4948/4948/9870
f 4948/4948/9871 4949/4949/9872 4946/4946/9873
f 4949/4949/9874 4948/4948/9875 4950/4950/9876
f 4950/4950/9877 4951/4951/9878 4949/4949/9879
f 4951/4951/9880 4950/4950/9881 4952/4952/9882
f 4953/4953/9883 4954/4954/9884 4955/4955/9885
f 4954/4954/9886 4953/4953/9887 4956/4956/9888
f 4957/4957/9889 4956/4956/9890 4953/4953/9891
f 4956/4956/9892 4957/4957/9893 4958/4958/9894
f 4957/4957/9895 4959/4959/9896 4958/4958/9897
f 4960/4960/9898 4955/4955/9899 4954/4954/9900
f 4955/4955/9901 4960/4960/9902 4961/4961/9903
f 4960/4960/9904 4962/4962/9905 4961/4961/9906
f 4962/4962/9907 4960/4960/9908 4963/4963/9909
f 4963/4963/9910 4964/4964/9911 4962/4962/9912
f 4965/4965/9913 4966/4966/9914 4967/4967/9915
f 4966/4966/9916 4965/4965/9917 4968/4968/9918
f 4968/4968/9919 4969/4969/9920 4966/4966/9921
f 4969/4969/9922 4968/4968/9923 4970/4970/9924
f 4970/4970/9925 4971/4971/9926 4969/4969/9927
f 4971/4971/9928 4970/4970/9929 4972/4972/9282
f 4972/4972/9283 4973/4973/9284 4971/4971/9285
f 4973/4973/9930 4972/4972/9931 4974/4974/9932
f 4974/4974/9933 4975/4975/9934 4973/4973/9935
f 4975/4975/9936 4974/4974/9937 4976/4976/9938
f 4976/4976/9939 4977/4977/9940 4975/4975/9941
f 4977/4977/9942 4976/4976/9943 4978/4978/9944
f 4978/4978/9945 4979/4979/9946 4977/4977/9947
f 4979/4979/9948 4978/4978/9949 4980/4980/9950
f 4980/4980/9951 4981/4981/9952 4979/4979/9953
f 4981/4981/9954 4980/4980/9955 4982/4982/9956
f 4982/4982/9957 4983/4983/9958 4981/4981/9959
f 4983/4983/9960 4982/4982/9961 4984/4984/9962
f 4984/4984/9963 4985/4985/9964 4983/4983/9965
f 4985/4985/9966 4984/4984/9967 4986/4986/9968
f 4986/4986/9969 4987/4987/9970 4985/4985/9971
f 4987/4987/9972 4986/4986/9973 4988/4988/9974
f 4988/4988/9975 4967/4967/9976 4987/4987/9977
f 4967/4967/9664 4988/4988/9665 4965/4965/9666
f 4989/4989/9978 4990/4990/9979 4991/4991/9980
f 4990/4990/9981 4989/4989/9982 4992/4992/9983
f 4992/4992/9984 4993/4993/9985 4990/4990/9986
f 4993/4993/9987 4992/4992/9988 4994/4994/9989
f 4994/4994/9990 4995/4995/9991 4993/4993/9992
f 4995/4995/9993 4994/4994/9994 4996/4996/9995
f 4997/4997/9996 4998/4998/9997 4999/4999/9998
f 4998/4998/9999 4997/4997/10000 5000/5000/10001
f 5000/5000/10002 5001/5001/10003 4998/4998/10004
f 5001/5001/10005 5000/5000/10006 5002/5002/10007
f 5002/5002/9367 5003/5003/9368 5001/5001/9369
f 5003/5003/10008 5002/5002/10009 5004/5004/10010
f 5005/5005/10011 5006/5006/10012 5007/5007/10013
f 5006/5006/9376 5005/5005/9377 5008/5008/9378
f 5008/5008/10014 5009/5009/10015 5006/5006/10016
f 5009/5009/10017 5008/5008/10018 5010/5010/10019
f 5010/5010/10020 5011/5011/10021 5009/5009/10022
f 5011/5011/10023 5010/5010/10024 5012/5012/10025
f 5013/5013/10026 5014/5014/10027 5015/5015/10028
f 5014/5014/10029 5013/5013/10030 5016/5016/10031
f 5016/5016/10032 5017/5017/10033 5014/5014/10034
f 5017/5017/10035 5016/5016/10036 5018/5018/10037
f 5018/5018/10038 5019/5019/10039 5017/5017/10040
f 5019/5019/10041 5018/5018/10042 5020/5020/10043
f 5021/5021/10044 5022/5022/10045 5023/5023/10046
f 5022/5022/10047 5024/5024/10048 5023/5023/10049
f 5024/5024/10050 5022/5022/10051 5025/5025/10052
f 5025/5025/10053 5026/5026/9419 5024/5024/9420
f 5026/5026/10054 5025/5025/10055 5027/5027/10056
f 5027/5027/10057 5028/5028/10058 5026/5026/10059
f 5028/5028/10060 5027/5027/10061 5029/5029/10062
f 5029/5029/10063 5030/5030/10064 5028/5028/10065
f 5030/5030/9763 5029/5029/9764 5031/5031/9765
f 5031/5031/10066 5032/5032/10067 5030/5030/10068
f 5033/5033/10069 5034/5034/10070 5035/5035/10071
f 5034/5034/10072 5033/5033/10073 5036/5036/10074
f 5035/5035/10075 5037/5037/10076 5033/5033/10077
f 5037/5037/10078 5035/5035/10079 5038/5038/10080
f 5038/5038/10081 5039/5039/10082 5037/5037/10083
f 5039/5039/10084 5038/5038/10085 5040/5040/10086
f 5040/5040/10087 5041/5041/10088 5039/5039/10089
f 5041/5041/10090 5040/5040/10091 5042/5042/10092
f 5042/5042/10093 5043/5043/10094 5041/5041/10095
f 5043/5043/10096 5042/5042/10097 5044/5044/10098
f 5044/5044/10099 5045/5045/10100 5043/5043/10101
f 5045/5045/10102 5044/5044/10103 5046/5046/10104
f 5047/5047/10105 5048/5048/10106 5049/5049/10107
f 5048/5048/10108 5050/5050/10109 5049/5049/10110
f 5050/5050/10111 5051/5051/10112 5049/5049/10113
f 5051/5051/10114 5052/5052/10115 5049/5049/10116
f 5052/5052/10117 5053/5053/10118 5049/5049/10119
f 5053/5053/10120 5047/5047/10121 5049/5049/10122
f 5054/5054/10123 5055/5055/10124 5056/5056/10125
f 5055/5055/10126 5054/5054/10127 5057/5057/10128
f 5057/5057/9499 5058/5058/9500 5055/5055/9501
f 5058/5058/9502 5057/5057/9503 5059/5059/9504
f 5056/5056/10129 5060/5060/10130 5054/5054/10131
f 5060/5060/10132 5056/5056/10133 5061/5061/10134
f 5062/5062/9829 5063/5063/9830 5064/5064/9831
f 5063/5063/9832 5062/5062/9833 5065/5065/9834
f 5065/5065/9835 5066/5066/9836 5063/5063/9837
f 5066/5066/9838 5065/5065/9839 5067/5067/9840
f 5067/5067/9841 5068/5068/9842 5066/5066/9843
f 5068/5068/9844 5067/5067/9845 5069/5069/9846
f 5070/5070/10135 5071/5071/10136 5072/5072/10137
f 5071/5071/10138 5070/5070/10139 5073/5073/10140
f 5073/5073/10141 5074/5074/10142 5071/5071/10143
f 5074/5074/10144 5073/5073/10145 5075/5075/10146
f 5075/5075/9859 5076/5076/9860 5074/5074/9861
f 5076/5076/9862 5075/5075/9863 5077/5077/9864
f 5078/5078/9865 5079/5079/9866 5080/5080/9867
f 5079/5079/9868 5078/5078/9869 5081/5081/9870
f 5081/5081/9871 5082/5082/9872 5079/5079/9873
f 5082/5082/9874 5081/5081/9875 5083/5083/9876
f 5083/5083/9559 5084/5084/9560 5082/5082/9561
f 5084/5084/9562 5083/5083/9563 5085/5085/9564
f 5086/5086/9883 5087/5087/9884 5088/5088/9885
f 5087/5087/9886 5086/5086/9887 5089/5089/9888
f 5090/5090/9889 5089/5089/9890 5086/5086/9891
f 5089/5089/9892 5090/5090/9893 5091/5091/10147
f 5090/5090/10148 5092/5092/10149 5091/5091/10150
f 5093/5093/10151 5088/5088/10152 5087/5087/10153
f 5088/5088/9901 5093/5093/9902 5094/5094/9903
f 5093/5093/10154 5095/5095/10155 5094/5094/10156
f 5095/5095/9589 5093/5093/9590 5096/5096/9591
f 5096/5096/10157 5097/5097/10158 5095/5095/10159
f 5098/5098/9265 5099/5099/9266 5100/5100/9267
f 5099/5099/10160 5098/5098/10161 5101/5101/10162
f 5101/5101/10163 5102/5102/10164 5099/5099/10165
f 5102/5102/10166 5101/5101/10167 5103/5103/10168
f 5103/5103/9925 5104/5104/9926 5102/5102/9927
f 5104/5104/9928 5103/5103/9929 5105/5105/9282
f 5105/5105/10169 5106/5106/10170 5104/5104/10171
f 5106/5106/10172 5105/5105/10173 5107/5107/10174
f 5107/5107/10175 5108/5108/10176 5106/5106/10177
f 5108/5108/10178 5107/5107/10179 5109/5109/10180
f 5109/5109/10181 5110/5110/10182 5108/5108/10183
f 5110/5110/10184 5109/5109/10185 5111/5111/10186
f 5111/5111/10187 5112/5112/10188 5110/5110/10189
f 5112/5112/10190 5111/5111/10191 5113/5113/10192
f 5113/5113/10193 5114/5114/10194 5112/5112/10195
f 5114/5114/10196 5113/5113/10197 5115/5115/10198
f 5115/5115/10199 5116/5116/10200 5114/5114/10201
f 5116/5116/10202 5115/5115/10203 5117/5117/10204
f 5117/5117/10205 5118/5118/10206 5116/5116/10207
f 5118/5118/10208 5117/5117/10209 5119/5119/10210
f 5119/5119/10211 5120/5120/10212 5118/5118/10213
f 5120/5120/10214 5119/5119/10215 5121/5121/10216
f 5121/5121/10217 5100/5100/10218 5120/5120/10219
f 5100/5100/10220 5121/5121/10221 5098/5098/10222
f 5122/5122/10223 5123/5123/10224 5124/5124/10225
f 5123/5123/10226 5122/5122/10227 5125/5125/10228
f 5125/5125/10229 5126/5126/10230 5123/5123/10231
f 5126/5126/10232 5125/5125/10233 5127/5127/10234
f 5127/5127/10235 5128/5128/10236 5126/5126/10237
f 5128/5128/10238 5127/5127/10239 5129/5129/10240
f 5130/5130/10241 5131/5131/10242 5132/5132/10243
f 5131/5131/10244 5130/5130/10245 5133/5133/10246
f 5133/5133/10247 5134/5134/10248 5131/5131/10249
f 5134/5134/10250 5133/5133/10251 5135/5135/10252
f 5135/5135/10253 5136/5136/10254 5134/5134/10255
f 5136/5136/10256 5135/5135/10257 5137/5137/10258
f 5138/5138/10011 5139/5139/10012 5140/5140/10013
f 5139/5139/10259 5138/5138/10260 5141/5141/10261
f 5141/5141/10262 5142/5142/10263 5139/5139/10264
f 5142/5142/10265 5141/5141/10266 5143/5143/10267
f 5143/5143/10268 5144/5144/10269 5142/5142/10270
f 5144/5144/10271 5143/5143/10272 5145/5145/10273
f 5146/5146/10274 5147/5147/10275 5148/5148/10276
f 5147/5147/10277 5146/5146/10278 5149/5149/10279
f 5149/5149/10280 5150/5150/10281 5147/5147/10282
f 5150/5150/10283 5149/5149/10284 5151/5151/10285
f 5151/5151/10286 5152/5152/10287 5150/5150/10288
f 5152/5152/10289 5151/5151/10290 5153/5153/10291
f 5154/5154/10292 5155/5155/10293 5156/5156/10294
f 5155/5155/10295 5157/5157/10296 5156/5156/10297
f 5157/5157/10298 5155/5155/10299 5158/5158/10300
f 5158/5158/10301 5159/5159/10302 5157/5157/10303
f 5159/5159/10304 5158/5158/10055 5160/5160/10305
f 5160/5160/10306 5161/5161/10307 5159/5159/10308
f 5161/5161/10309 5160/5160/10310 5162/5162/10311
f 5162/5162/10312 5163/5163/10313 5161/5161/10314
f 5163/5163/10315 5162/5162/10316 5164/5164/10317
f 5164/5164/10318 5165/5165/10319 5163/5163/10320
f 5166/5166/10321 5167/5167/10322 5168/5168/10323
f 5167/5167/10324 5166/5166/10325 5169/5169/10326
f 5168/5168/10327 5170/5170/10328 5166/5166/10329
f 5170/5170/10330 5168/5168/10331 5171/5171/10332
f 5171/5171/10333 5172/5172/10334 5170/5170/10335
f 5172/5172/10336 5171/5171/10337 5173/5173/10338
f 5173/5173/10339 5174/5174/10340 5172/5172/10341
f 5174/5174/10342 5173/5173/10343 5175/5175/10344
f 5175/5175/10345 5176/5176/10346 5174/5174/10347
f 5176/5176/10348 5175/5175/10349 5177/5177/10350
f 5177/5177/10351 5178/5178/10352 5176/5176/10353
f 5178/5178/10354 5177/5177/10355 5179/5179/10356
f 5180/5180/10357 5181/5181/10358 5182/5182/10359
f 5181/5181/10360 5183/5183/10361 5182/5182/10362
f 5183/5183/10363 5184/5184/10364 5182/5182/10365
f 5184/5184/10366 5185/5185/10367 5182/5182/10368
f 5185/5185/10369 5186/5186/10370 5182/5182/10371
f 5186/5186/10372 5180/5180/10373 5182/5182/10374
f 5187/5187/10375 5188/5188/10376 5189/5189/10377
f 5188/5188/10378 5187/5187/10379 5190/5190/10380
f 5190/5190/10381 5191/5191/10382 5188/5188/10383
f 5191/5191/10384 5190/5190/10385 5192/5192/10386
f 5189/5189/10387 5193/5193/10388 5187/5187/10389
f 5193/5193/10390 5189/5189/10391 5194/5194/10392
f 5195/5195/10393 5196/5196/10394 5197/5197/10395
f 5196/5196/10396 5195/5195/10397 5198/5198/10398
f 5198/5198/10399 5199/5199/10400 5196/5196/10401
f 5199/5199/10402 5198/5198/10403 5200/5200/10404
f 5200/5200/10405 5201/5201/10406 5199/5199/10407
f 5201/5201/10408 5200/5200/10409 5202/5202/10410
f 5203/5203/10135 5204/5204/10411 5205/5205/10137
f 5204/5204/10412 5203/5203/10139 5206/5206/10140
f 5206/5206/10141 5207/5207/10142 5204/5204/10413
f 5207/5207/10144 5206/5206/10145 5208/5208/10146
f 5208/5208/10414 5209/5209/10415 5207/5207/10416
f 5209/5209/10417 5208/5208/10418 5210/5210/10419
f 5211/5211/10420 5212/5212/10421 5213/5213/10422
f 5212/5212/10423 5211/5211/10424 5214/5214/10425
f 5214/5214/10426 5215/5215/10427 5212/5212/10428
f 5215/5215/10429 5214/5214/10430 5216/5216/10431
f 5216/5216/10432 5217/5217/10433 5215/5215/10434
f 5217/5217/10435 5216/5216/10436 5218/5218/10437
f 5219/5219/10438 5220/5220/10439 5221/5221/10440
f 5220/5220/10441 5219/5219/10442 5222/5222/10443
f 5223/5223/10444 5222/5222/10445 5219/5219/10446
f 5222/5222/10447 5223/5223/10448 5224/5224/10449
f 5223/5223/10148 5225/5225/10149 5224/5224/10450
f 5226/5226/10451 5221/5221/10452 5220/5220/10453
f 5221/5221/10454 5226/5226/10455 5227/5227/10456
f 5226/5226/10457 5228/5228/10458 5227/5227/10459
f 5228/5228/10460 5226/5226/10461 5229/5229/10462
f 5229/5229/10463 5230/5230/10464 5228/5228/10465
f 5231/5231/10466 5232/5232/10467 5233/5233/10468
f 5232/5232/10469 5231/5231/10470 5234/5234/10471
f 5234/5234/10472 5235/5235/10473 5232/5232/10474
f 5235/5235/10475 5234/5234/10476 5236/5236/10477
f 5236/5236/10478 5237/5237/10479 5235/5235/10480
f 5237/5237/10481 5236/5236/10482 5238/5238/10483
f 5238/5238/10484 5239/5239/10485 5237/5237/10486
f 5239/5239/10487 5238/5238/10488 5240/5240/10489
f 5240/5240/10490 5241/5241/10491 5239/5239/10492
f 5241/5241/10493 5240/5240/10494 5242/5242/10495
f 5242/5242/10496 5243/5243/10497 5241/5241/10498
f 5243/5243/10499 5242/5242/10500 5244/5244/10501
f 5244/5244/10502 5245/5245/10503 5243/5243/10504
f 5245/5245/10505 5244/5244/10506 5246/5246/10507
f 5246/5246/10508 5247/5247/10509 5245/5245/10510
f 5247/5247/10511 5246/5246/10512 5248/5248/10513
f 5248/5248/10514 5249/5249/10515 5247/5247/10516
f 5249/5249/10517 5248/5248/10518 5250/5250/10519
f 5250/5250/10520 5251/5251/10521 5249/5249/10522
f 5251/5251/10523 5250/5250/10524 5252/5252/10525
f 5252/5252/10526 5253/5253/10527 5251/5251/10528
f 5253/5253/10529 5252/5252/10530 5254/5254/10531
f 5254/5254/10532 5233/5233/10533 5253/5253/10534
f 5233/5233/10535 5254/5254/10536 5231/5231/10537
f 5255/5255/10538 5256/5256/10539 5257/5257/10540
f 5256/5256/10541 5255/5255/10542 5258/5258/10543
f 5258/5258/10544 5259/5259/10545 5256/5256/10546
f 5259/5259/10547 5258/5258/10548 5260/5260/10549
f 5260/5260/10550 5261/5261/10551 5259/5259/10552
f 5261/5261/10553 5260/5260/10554 5262/5262/10555
f 5263/5263/10556 5264/5264/10557 5265/5265/10558
f 5264/5264/10559 5263/5263/10560 5266/5266/10561
f 5266/5266/10562 5267/5267/10563 5264/5264/10564
f 5267/5267/10565 5266/5266/10566 5268/5268/10567
f 5268/5268/10568 5269/5269/10569 5267/5267/10570
f 5269/5269/10571 5268/5268/10572 5270/5270/10573
f 5271/5271/10574 5272/5272/10575 5273/5273/10576
f 5272/5272/10577 5271/5271/10578 5274/5274/10579
f 5274/5274/10580 5275/5275/10581 5272/5272/10582
f 5275/5275/10583 5274/5274/10584 5276/5276/10585
f 5276/5276/10586 5277/5277/10587 5275/5275/10588
f 5277/5277/10589 5276/5276/10590 5278/5278/10591
f 5279/5279/10026 5280/5280/10027 5281/5281/10028
f 5280/5280/10592 5279/5279/10593 5282/5282/10594
f 5282/5282/10595 5283/5283/10596 5280/5280/10597
f 5283/5283/10598 5282/5282/10599 5284/5284/10600
f 5284/5284/10601 5285/5285/10602 5283/5283/10603
f 5285/5285/10604 5284/5284/10605 5286/5286/10606
f 5287/5287/10607 5288/5288/10608 5289/5289/10609
f 5288/5288/10610 5290/5290/10611 5289/5289/10612
f 5290/5290/10613 5288/5288/10614 5291/5291/10615
f 5291/5291/10616 5292/5292/10617 5290/5290/10618
f 5292/5292/10619 5291/5291/10620 5293/5293/10621
f 5293/5293/10622 5294/5294/10623 5292/5292/10624
f 5294/5294/10625 5293/5293/10626 5295/5295/10627
f 5295/5295/10628 5296/5296/10629 5294/5294/10630
f 5296/5296/10631 5295/5295/10632 5297/5297/10633
f 5297/5297/10634 5298/5298/10635 5296/5296/10636
f 5299/5299/10637 5300/5300/10638 5301/5301/10639
f 5300/5300/10640 5299/5299/10641 5302/5302/10642
f 5301/5301/10643 5303/5303/10644 5299/5299/10645
f 5303/5303/10646 5301/5301/10647 5304/5304/10648
f 5304/5304/10649 5305/5305/10650 5303/5303/10651
f 5305/5305/10652 5304/5304/10653 5306/5306/10654
f 5306/5306/10655 5307/5307/10656 5305/5305/10657
f 5307/5307/10658 5306/5306/10659 5308/5308/10660
f 5308/5308/10661 5309/5309/10662 5307/5307/10663
f 5309/5309/10664 5308/5308/10665 5310/5310/10666
f 5310/5310/10667 5311/5311/10668 5309/5309/10669
f 5311/5311/10670 5310/5310/10671 5312/5312/10672
f 5313/5313/10673 5314/5314/10674 5315/5315/10675
f 5314/5314/10676 5316/5316/10677 5315/5315/10678
f 5316/5316/10679 5317/5317/10680 5315/5315/10681
f 5317/5317/10114 5318/5318/10115 5315/5315/10116
f 5318/5318/10682 5319/5319/10683 5315/5315/10684
f 5319/5319/10685 5313/5313/10686 5315/5315/10687
f 5320/5320/10375 5321/5321/10376 5322/5322/10377
f 5321/5321/10378 5320/5320/10379 5323/5323/10380
f 5323/5323/10688 5324/5324/10689 5321/5321/10690
f 5324/5324/10691 5323/5323/10692 5325/5325/10693
f 5322/5322/10387 5326/5326/10388 5320/5320/10389
f 5326/5326/10390 5322/5322/10391 5327/5327/10392
f 5328/5328/10694 5329/5329/10695 5330/5330/10696
f 5329/5329/10697 5328/5328/10698 5331/5331/10699
f 5331/5331/9835 5332/5332/9836 5329/5329/9837
f 5332/5332/9838 5331/5331/9839 5333/5333/9840
f 5333/5333/10700 5334/5334/10701 5332/5332/10702
f 5334/5334/10703 5333/5333/10704 5335/5335/10705
f 5336/5336/10135 5337/5337/10136 5338/5338/10137
f 5337/5337/10138 5336/5336/10139 5339/5339/10140
f 5339/5339/10141 5340/5340/10142 5337/5337/10143
f 5340/5340/10144 5339/5339/10145 5341/5341/10146
f 5341/5341/9211 5342/5342/10706 5340/5340/9213
f 5342/5342/10707 5341/5341/9215 5343/5343/10708
f 5344/5344/9865 5345/5345/9866 5346/5346/9867
f 5345/5345/9868 5344/5344/9869 5347/5347/9870
f 5347/5347/10709 5348/5348/10710 5345/5345/10711
f 5348/5348/10712 5347/5347/10713 5349/5349/9876
f 5349/5349/10714 5350/5350/10715 5348/5348/10716
f 5350/5350/10717 5349/5349/10718 5351/5351/10719
f 5352/5352/9883 5353/5353/9884 5354/5354/9885
f 5353/5353/9886 5352/5352/9887 5355/5355/9888
f 5356/5356/10720 5355/5355/9884 5352/5352/10721
f 5355/5355/2964 5356/5356/10722 5357/5357/10723
f 5356/5356/10148 5358/5358/10149 5357/5357/10150
f 5359/5359/10151 5354/5354/10724 5353/5353/10725
f 5354/5354/10726 5359/5359/10727 5360/5360/10728
f 5359/5359/10729 5361/5361/10730 5360/5360/10731
f 5361/5361/10732 5359/5359/10733 5362/5362/10734
f 5362/5362/10463 5363/5363/10464 5361/5361/10465
f 5364/5364/10735 5365/5365/10736 5366/5366/10737
f 5365/5365/10738 5364/5364/10470 5367/5367/10739
f 5367/5367/10740 5368/5368/10741 5365/5365/10742
f 5368/5368/10743 5367/5367/10744 5369/5369/10745
f 5369/5369/10746 5370/5370/10747 5368/5368/10748
f 5370/5370/10749 5369/5369/10750 5371/5371/10751
f 5371/5371/9283 5372/5372/9284 5370/5370/9285
f 5372/5372/9286 5371/5371/9287 5373/5373/9288
f 5373/5373/10752 5374/5374/10753 5372/5372/10754
f 5374/5374/10755 5373/5373/10756 5375/5375/10757
f 5375/5375/10758 5376/5376/10759 5374/5374/10760
f 5376/5376/10761 5375/5375/10762 5377/5377/10763
f 5377/5377/10764 5378/5378/10765 5376/5376/10766
f 5378/5378/10190 5377/5377/10191 5379/5379/10192
f 5379/5379/10767 5380/5380/10768 5378/5378/10769
f 5380/5380/10770 5379/5379/10771 5381/5381/10772
f 5381/5381/10773 5382/5382/10774 5380/5380/10775
f 5382/5382/10776 5381/5381/9317 5383/5383/10777
f 5383/5383/10778 5384/5384/9320 5382/5382/10779
f 5384/5384/10780 5383/5383/10781 5385/5385/10782
f 5385/5385/9969 5386/5386/9970 5384/5384/9971
f 5386/5386/10783 5385/5385/10784 5387/5387/10785
f 5387/5387/10786 5366/5366/10787 5386/5386/10788
f 5366/5366/10789 5387/5387/10790 5364/5364/10791
f 5388/5388/10792 5389/5389/10793 5390/5390/10794
f 5389/5389/10795 5388/5388/10796 5391/5391/10797
f 5391/5391/9343 5392/5392/9344 5389/5389/9345
f 5392/5392/10798 5391/5391/10799 5393/5393/10800
f 5393/5393/10801 5394/5394/10802 5392/5392/10803
f 5394/5394/9352 5393/5393/9353 5395/5395/9354
f 5396/5396/10804 5397/5397/10805 5398/5398/10806
f 5397/5397/10807 5396/5396/10808 5399/5399/10809
f 5399/5399/10810 5400/5400/10811 5397/5397/10812
f 5400/5400/10813 5399/5399/10814 5401/5401/10815
f 5401/5401/10816 5402/5402/10817 5400/5400/10818
f 5402/5402/10819 5401/5401/10820 5403/5403/10821
f 5404/5404/9373 5405/5405/9374 5406/5406/9375
f 5405/5405/10822 5404/5404/10823 5407/5407/10824
f 5407/5407/10825 5408/5408/10826 5405/5405/10827
f 5408/5408/10828 5407/5407/10829 5409/5409/10830
f 5409/5409/10831 5410/5410/10832 5408/5408/10833
f 5410/5410/9388 5409/5409/9389 5411/5411/9390
f 5412/5412/10026 5413/5413/10027 5414/5414/10028
f 5413/5413/10834 5412/5412/10835 5415/5415/10836
f 5415/5415/10837 5416/5416/10838 5413/5413/10839
f 5416/5416/10035 5415/5415/10036 5417/5417/10037
f 5417/5417/10840 5418/5418/10841 5416/5416/10842
f 5418/5418/10843 5417/5417/10844 5419/5419/10845
f 5420/5420/10846 5421/5421/10847 5422/5422/10848
f 5421/5421/10849 5423/5423/10850 5422/5422/10851
f 5423/5423/10852 5421/5421/10853 5424/5424/10854
f 5424/5424/10855 5425/5425/10856 5423/5423/10857
f 5425/5425/10858 5424/5424/10055 5426/5426/10056
f 5426/5426/10859 5427/5427/10860 5425/5425/10861
f 5427/5427/10862 5426/5426/10863 5428/5428/10062
f 5428/5428/10864 5429/5429/10865 5427/5427/10866
f 5429/5429/10867 5428/5428/10868 5430/5430/10869
f 5430/5430/10870 5431/5431/10871 5429/5429/10636
f 5432/5432/10872 5433/5433/10873 5434/5434/10874
f 5433/5433/10875 5432/5432/10876 5435/5435/10877
f 5434/5434/10878 5436/5436/10879 5432/5432/10880
f 5436/5436/10078 5434/5434/10079 5437/5437/10080
f 5437/5437/10881 5438/5438/10882 5436/5436/10883
f 5438/5438/10884 5437/5437/10885 5439/5439/10886
f 5439/5439/9457 5440/5440/9458 5438/5438/9459
f 5440/5440/9460 5439/5439/9461 5441/5441/9462
f 5441/5441/10887 5442/5442/10888 5440/5440/10889
f 5442/5442/10890 5441/5441/9467 5443/5443/10891
f 5443/5443/10892 5444/5444/10100 5442/5442/10893
f 5444/5444/10102 5443/5443/10894 5445/5445/10104
f 5446/5446/10895 5447/5447/10896 5448/5448/10897
f 5447/5447/10108 5449/5449/10109 5448/5448/10110
f 5449/5449/10898 5450/5450/10899 5448/5448/10900
f 5450/5450/10901 5451/5451/10902 5448/5448/10903
f 5451/5451/10904 5452/5452/10905 5448/5448/10906
f 5452/5452/10907 5446/5446/10908 5448/5448/10909
f 5453/5453/10910 5454/5454/10911 5455/5455/10912
f 5454/5454/10913 5453/5453/10914 5456/5456/10915
f 5457/5457/10916 5456/5456/10917 5453/5453/10918
f 5456/5456/10919 5457/5457/10920 5458/5458/10921
f 5459/5459/10922 5455/5455/10923 5454/5454/10924
f 5455/5455/10925 5459/5459/10926 5460/5460/10927
f 5461/5461/10928 5462/5462/10929 5463/5463/10930
f 5462/5462/10931 5461/5461/10932 5464/5464/10933
f 5465/5465/10934 5463/5463/10935 5462/5462/10936
f 5463/5463/10937 5465/5465/10938 5466/5466/10939
f 5467/5467/10940 5466/5466/10941 5465/5465/10942
f 5466/5466/10943 5467/5467/10944 5468/5468/10945
f 5469/5469/10946 5470/5470/10947 5471/5471/10948
f 5470/5470/10949 5469/5469/10950 5472/5472/10951
f 5473/5473/10952 5471/5471/10953 5470/5470/10954
f 5471/5471/10955 5473/5473/10956 5474/5474/10957
f 5475/5475/10958 5474/5474/10959 5473/5473/10960
f 5474/5474/10961 5475/5475/10962 5476/5476/10963
f 5477/5477/10964 5478/5478/10965 5479/5479/10966
f 5478/5478/10967 5477/5477/10968 5480/5480/10969
f 5481/5481/10970 5479/5479/10971 5478/5478/10972
f 5479/5479/10973 5481/5481/10974 5482/5482/10975
f 5483/5483/10976 5482/5482/10977 5481/5481/10978
f 5482/5482/10979 5483/5483/10980 5484/5484/10981
f 5485/5485/10982 5486/5486/10983 5487/5487/10984
f 5486/5486/10985 5485/5485/10986 5488/5488/10987
f 5488/5488/10988 5489/5489/10989 5486/5486/10990
f 5489/5489/10991 5488/5488/10992 5490/5490/10993
f 5491/5491/10994 5489/5489/10995 5490/5490/10996
f 5489/5489/10997 5491/5491/10998 5492/5492/10999
f 5492/5492/11000 5491/5491/11001 5493/5493/11002
f 5487/5487/11003 5494/5494/11004 5485/5485/11005
f 5494/5494/11006 5487/5487/11007 5495/5495/11008
f 5494/5494/11009 5495/5495/11010 5496/5496/11011
f 5497/5497/11012 5498/5498/11013 5499/5499/11014
f 5498/5498/11015 5497/5497/11016 5500/5500/11017
f 5501/5501/11018 5500/5500/11019 5497/5497/11020
f 5500/5500/11021 5501/5501/11022 5502/5502/11023
f 5503/5503/11024 5502/5502/11025 5501/5501/11026
f 5502/5502/11027 5503/5503/11028 5504/5504/11029
f 5505/5505/11030 5504/5504/11031 5503/5503/11032
f 5504/5504/11033 5505/5505/11034 5506/5506/11035
f 5507/5507/11036 5506/5506/11037 5505/5505/11038
f 5506/5506/11039 5507/5507/11040 5508/5508/11041
f 5509/5509/11042 5508/5508/11043 5507/5507/11044
f 5508/5508/11045 5509/5509/11046 5510/5510/11047
f 5511/5511/11048 5510/5510/11049 5509/5509/11050
f 5510/5510/11051 5511/5511/11052 5512/5512/11053
f 5513/5513/11054 5512/5512/11055 5511/5511/11056
f 5512/5512/11057 5513/5513/11058 5514/5514/11059
f 5515/5515/11060 5514/5514/11061 5513/5513/11062
f 5514/5514/11063 5515/5515/11064 5516/5516/11065
f 5517/5517/11066 5516/5516/11067 5515/5515/11068
f 5516/5516/11069 5517/5517/11070 5518/5518/11071
f 5519/5519/11072 5518/5518/11073 5517/5517/11074
f 5518/5518/11075 5519/5519/11076 5520/5520/11077
f 5499/5499/11078 5520/5520/11079 5519/5519/11080
f 5520/5520/11081 5499/5499/11082 5498/5498/11083
f 5521/5521/11084 5522/5522/11085 5523/5523/11086
f 5522/5522/11087 5521/5521/11088 5524/5524/11089
f 5525/5525/11090 5523/5523/11091 5522/5522/11092
f 5523/5523/11093 5525/5525/11094 5526/5526/11095
f 5527/5527/11096 5526/5526/11097 5525/5525/11098
f 5526/5526/11099 5527/5527/11100 5528/5528/11101
f 5529/5529/11102 5530/5530/11103 5531/5531/11104
f 5530/5530/11105 5529/5529/11106 5532/5532/11107
f 5533/5533/11108 5531/5531/11109 5530/5530/11110
f 5531/5531/11111 5533/5533/11112 5534/5534/11113
f 5535/5535/11114 5534/5534/11115 5533/5533/11116
f 5534/5534/11117 5535/5535/11118 5536/5536/11119
f 5537/5537/11120 5538/5538/11121 5539/5539/11122
f 5538/5538/11123 5537/5537/11124 5540/5540/11125
f 5541/5541/11126 5539/5539/11127 5538/5538/11128
f 5539/5539/11129 5541/5541/11130 5542/5542/11131
f 5543/5543/11132 5542/5542/11133 5541/5541/11134
f 5542/5542/11135 5543/5543/11136 5544/5544/11137
f 5545/5545/11138 5546/5546/11139 5547/5547/11140
f 5546/5546/11141 5545/5545/11142 5548/5548/11143
f 5549/5549/11144 5547/5547/11145 5546/5546/11146
f 5547/5547/11147 5549/5549/11148 5550/5550/11149
f 5551/5551/11150 5550/5550/11151 5549/5549/11152
f 5550/5550/11153 5551/5551/11154 5552/5552/11155
f 5553/5553/11156 5554/5554/11157 5555/5555/11158
f 5556/5556/11159 5555/5555/11160 5554/5554/11161
f 5555/5555/11162 5556/5556/11163 5557/5557/11164
f 5558/5558/11165 5557/5557/11166 5556/5556/11167
f 5557/5557/11168 5558/5558/11169 5559/5559/11170
f 5560/5560/11171 5559/5559/11172 5558/5558/11173
f 5559/5559/11174 5560/5560/11175 5561/5561/11176
f 5562/5562/11177 5561/5561/11178 5560/5560/11179
f 5561/5561/11180 5562/5562/11181 5563/5563/11182
f 5563/5563/11183 5562/5562/11184 5564/5564/11185
f 5565/5565/11186 5566/5566/11187 5567/5567/11188
f 5566/5566/11189 5565/5565/11190 5568/5568/11191
f 5569/5569/11192 5568/5568/11193 5565/5565/11194
f 5568/5568/11195 5569/5569/11196 5570/5570/11197
f 5571/5571/11198 5570/5570/11199 5569/5569/11200
f 5570/5570/11201 5571/5571/11202 5572/5572/11203
f 5573/5573/11204 5572/5572/11205 5571/5571/11206
f 5572/5572/11207 5573/5573/11208 5574/5574/11209
f 5575/5575/11210 5574/5574/11211 5573/5573/11212
f 5574/5574/11213 5575/5575/11214 5576/5576/11215
f 5577/5577/11216 5576/5576/11217 5575/5575/11218
f 5576/5576/11219 5577/5577/11220 5578/5578/11221
f 5579/5579/11222 5580/5580/11223 5581/5581/11224
f 5582/5582/11225 5580/5580/11226 5579/5579/11227
f 5583/5583/11228 5580/5580/11229 5582/5582/11230
f 5584/5584/11231 5580/5580/11232 5583/5583/11233
f 5585/5585/11234 5580/5580/11235 5584/5584/11236
f 5581/5581/11237 5580/5580/11238 5585/5585/11239
f 5586/5586/11240 5587/5587/11241 5588/5588/11242
f 5587/5587/11243 5586/5586/11244 5589/5589/11245
f 5590/5590/11246 5589/5589/11247 5586/5586/11248
f 5589/5589/11249 5590/5590/11250 5591/5591/11251
f 5592/5592/11252 5588/5588/11253 5587/5587/11254
f 5588/5588/11255 5592/5592/11256 5593/5593/11257
f 5594/5594/10928 5595/5595/10929 5596/5596/10930
f 5595/5595/10931 5594/5594/10932 5597/5597/10933
f 5598/5598/10934 5596/5596/10935 5595/5595/10936
f 5596/5596/10937 5598/5598/10938 5599/5599/10939
f 5600/5600/10940 5599/5599/10941 5598/5598/10942
f 5599/5599/10943 5600/5600/10944 5601/5601/10945
f 5602/5602/11258 5603/5603/11259 5604/5604/11260
f 5603/5603/11261 5602/5602/11262 5605/5605/11263
f 5606/5606/11264 5604/5604/11265 5603/5603/11266
f 5604/5604/11267 5606/5606/11268 5607/5607/11269
f 5608/5608/10958 5607/5607/10959 5606/5606/10960
f 5607/5607/10961 5608/5608/10962 5609/5609/10963
f 5610/5610/10964 5611/5611/10965 5612/5612/11270
f 5611/5611/10967 5610/5610/10968 5613/5613/10969
f 5614/5614/11271 5612/5612/11272 5611/5611/10972
f 5612/5612/11273 5614/5614/11274 5615/5615/11275
f 5616/5616/11276 5615/5615/11277 5614/5614/11278
f 5615/5615/11279 5616/5616/11280 5617/5617/11281
f 5618/5618/10982 5619/5619/10983 5620/5620/10984
f 5619/5619/10985 5618/5618/10986 5621/5621/10987
f 5621/5621/10988 5622/5622/10989 5619/5619/10990
f 5622/5622/10991 5621/5621/10992 5623/5623/10993
f 5624/5624/11282 5622/5622/11283 5623/5623/11284
f 5622/5622/11285 5624/5624/11286 5625/5625/11287
f 5625/5625/11288 5624/5624/11289 5626/5626/11290
f 5620/5620/11291 5627/5627/11292 5618/5618/11293
f 5627/5627/11006 5620/5620/11007 5628/5628/11008
f 5627/5627/11294 5628/5628/11295 5629/5629/11296
f 5630/5630/11297 5631/5631/11298 5632/5632/11299
f 5631/5631/11300 5630/5630/11301 5633/5633/11302
f 5634/5634/11303 5633/5633/11304 5630/5630/11305
f 5633/5633/11306 5634/5634/11307 5635/5635/11308
f 5636/5636/11309 5635/5635/11310 5634/5634/11311
f 5635/5635/11312 5636/5636/11313 5637/5637/11314
f 5638/5638/11315 5637/5637/11316 5636/5636/11317
f 5637/5637/11318 5638/5638/11319 5639/5639/11320
f 5640/5640/11321 5639/5639/11322 5638/5638/11323
f 5639/5639/11039 5640/5640/11040 5641/5641/11041
f 5642/5642/11324 5641/5641/11325 5640/5640/11326
f 5641/5641/11327 5642/5642/11328 5643/5643/11329
f 5644/5644/11330 5643/5643/11331 5642/5642/11332
f 5643/5643/11333 5644/5644/11334 5645/5645/11335
f 5646/5646/11336 5645/5645/11337 5644/5644/11338
f 5645/5645/11339 5646/5646/11340 5647/5647/11341
f 5648/5648/11342 5647/5647/11343 5646/5646/11344
f 5647/5647/11345 5648/5648/11346 5649/5649/11347
f 5650/5650/11066 5649/5649/11067 5648/5648/11068
f 5649/5649/11348 5650/5650/11349 5651/5651/11350
f 5652/5652/11351 5651/5651/11352 5650/5650/11353
f 5651/5651/11354 5652/5652/11355 5653/5653/11356
f 5632/5632/11357 5653/5653/11358 5652/5652/11359
f 5653/5653/11360 5632/5632/11361 5631/5631/11362
f 5654/5654/11363 5655/5655/11364 5656/5656/11365
f 5655/5655/11366 5654/5654/11367 5657/5657/11368
f 5658/5658/11369 5656/5656/11370 5655/5655/11371
f 5656/5656/11372 5658/5658/11373 5659/5659/11374
f 5660/5660/11096 5659/5659/11097 5658/5658/11098
f 5659/5659/11099 5660/5660/11100 5661/5661/11101
f 5662/5662/11375 5663/5663/11376 5664/5664/11377
f 5663/5663/11378 5662/5662/11379 5665/5665/11380
f 5666/5666/11381 5664/5664/11382 5663/5663/11383
f 5664/5664/11384 5666/5666/11385 5667/5667/11386
f 5668/5668/11387 5667/5667/11388 5666/5666/11389
f 5667/5667/11390 5668/5668/11391 5669/5669/11392
f 5670/5670/11393 5671/5671/11394 5672/5672/11395
f 5671/5671/11123 5670/5670/11124 5673/5673/11125
f 5674/5674/11396 5672/5672/11397 5671/5671/11398
f 5672/5672/11399 5674/5674/11400 5675/5675/11401
f 5676/5676/11402 5675/5675/11403 5674/5674/11404
f 5675/5675/11135 5676/5676/11136 5677/5677/11137
f 5678/5678/11405 5679/5679/11406 5680/5680/11407
f 5679/5679/11408 5678/5678/11409 5681/5681/11410
f 5682/5682/11411 5680/5680/11412 5679/5679/11413
f 5680/5680/11414 5682/5682/11415 5683/5683/11416
f 5684/5684/11417 5683/5683/11418 5682/5682/11419
f 5683/5683/11420 5684/5684/11421 5685/5685/11422
f 5686/5686/11156 5687/5687/11157 5688/5688/11423
f 5689/5689/11424 5688/5688/11425 5687/5687/11426
f 5688/5688/11427 5689/5689/11163 5690/5690/11428
f 5691/5691/11429 5690/5690/11430 5689/5689/11431
f 5690/5690/11168 5691/5691/11169 5692/5692/11170
f 5693/5693/11171 5692/5692/11172 5691/5691/11173
f 5692/5692/11432 5693/5693/11433 5694/5694/11434
f 5695/5695/11177 5694/5694/11178 5693/5693/11179
f 5694/5694/11435 5695/5695/11436 5696/5696/11437
f 5696/5696/11438 5695/5695/11439 5697/5697/11440
f 5698/5698/11441 5699/5699/11442 5700/5700/11443
f 5699/5699/11444 5698/5698/11445 5701/5701/11446
f 5702/5702/11447 5701/5701/11448 5698/5698/11449
f 5701/5701/11450 5702/5702/11451 5703/5703/11452
f 5704/5704/11453 5703/5703/11454 5702/5702/11455
f 5703/5703/11456 5704/5704/11457 5705/5705/11458
f 5706/5706/11459 5705/5705/11460 5704/5704/11461
f 5705/5705/11462 5706/5706/11463 5707/5707/11464
f 5708/5708/11465 5707/5707/11466 5706/5706/11467
f 5707/5707/11468 5708/5708/11469 5709/5709/11470
f 5710/5710/11471 5709/5709/11472 5708/5708/11473
f 5709/5709/11474 5710/5710/11475 5711/5711/11476
f 5712/5712/11477 5713/5713/11478 5714/5714/11479
f 5715/5715/11480 5713/5713/11481 5712/5712/11482
f 5716/5716/11483 5713/5713/11484 5715/5715/11485
f 5717/5717/11486 5713/5713/11487 5716/5716/11488
f 5718/5718/11489 5713/5713/11490 5717/5717/11491
f 5714/5714/11492 5713/5713/11493 5718/5718/11494
f 5719/5719/11240 5720/5720/11241 5721/5721/11242
f 5720/5720/11243 5719/5719/11244 5722/5722/11245
f 5723/5723/11246 5722/5722/11247 5719/5719/11248
f 5722/5722/11249 5723/5723/11250 5724/5724/11251
f 5725/5725/11495 5721/5721/11496 5720/5720/11497
f 5721/5721/11498 5725/5725/11499 5726/5726/11500
f 5727/5727/11501 5728/5728/11502 5729/5729/11503
f 5728/5728/11504 5727/5727/11505 5730/5730/11506
f 5731/5731/11507 5729/5729/11508 5728/5728/11509
f 5729/5729/11510 5731/5731/11511 5732/5732/11512
f 5733/5733/11513 5732/5732/11514 5731/5731/11515
f 5732/5732/11516 5733/5733/11517 5734/5734/11518
f 5735/5735/11258 5736/5736/11259 5737/5737/11260
f 5736/5736/11261 5735/5735/11262 5738/5738/11263
f 5739/5739/11264 5737/5737/11265 5736/5736/11266
f 5737/5737/11267 5739/5739/11268 5740/5740/11269
f 5741/5741/11519 5740/5740/11520 5739/5739/11521
f 5740/5740/11522 5741/5741/11523 5742/5742/11524
f 5743/5743/11525 5744/5744/11526 5745/5745/11527
f 5744/5744/11528 5743/5743/11529 5746/5746/11530
f 5747/5747/11531 5745/5745/11532 5744/5744/11533
f 5745/5745/11534 5747/5747/11535 5748/5748/11536
f 5749/5749/11537 5748/5748/11538 5747/5747/11539
f 5748/5748/11540 5749/5749/11541 5750/5750/11542
f 5751/5751/11543 5752/5752/11544 5753/5753/11545
f 5752/5752/11546 5751/5751/11547 5754/5754/11548
f 5754/5754/11549 5755/5755/11550 5752/5752/11551
f 5755/5755/11552 5754/5754/11553 5756/5756/11554
f 5757/5757/11555 5755/5755/11556 5756/5756/11557
f 5755/5755/11558 5757/5757/11559 5758/5758/11560
f 5758/5758/11288 5757/5757/11289 5759/5759/11290
f 5753/5753/11561 5760/5760/11562 5751/5751/11563
f 5760/5760/11564 5753/5753/11565 5761/5761/11566
f 5760/5760/11294 5761/5761/11295 5762/5762/11296
f 5763/5763/11297 5764/5764/11298 5765/5765/11299
f 5764/5764/11567 5763/5763/11568 5766/5766/11569
f 5767/5767/11570 5766/5766/11571 5763/5763/11572
f 5766/5766/11573 5767/5767/11574 5768/5768/11575
f 5769/5769/11576 5768/5768/11577 5767/5767/11578
f 5768/5768/11579 5769/5769/11580 5770/5770/11581
f 5771/5771/11582 5770/5770/11583 5769/5769/11584
f 5770/5770/11585 5771/5771/11586 5772/5772/11587
f 5773/5773/11588 5772/5772/11589 5771/5771/11590
f 5772/5772/11591 5773/5773/11592 5774/5774/11593
f 5775/5775/11594 5774/5774/11595 5773/5773/11596
f 5774/5774/11597 5775/5775/11598 5776/5776/11599
f 5777/5777/11600 5776/5776/11601 5775/5775/11602
f 5776/5776/11603 5777/5777/11604 5778/5778/11605
f 5779/5779/11606 5778/5778/11607 5777/5777/11608
f 5778/5778/11609 5779/5779/11610 5780/5780/11611
f 5781/5781/11612 5780/5780/11613 5779/5779/11614
f 5780/5780/11615 5781/5781/11616 5782/5782/11617
f 5783/5783/11618 5782/5782/11619 5781/5781/11620
f 5782/5782/11621 5783/5783/11622 5784/5784/11623
f 5785/5785/11624 5784/5784/11625 5783/5783/11626
f 5784/5784/11627 5785/5785/11628 5786/5786/11629
f 5765/5765/11630 5786/5786/11631 5785/5785/11632
f 5786/5786/11633 5765/5765/11634 5764/5764/11635
f 5787/5787/11636 5788/5788/11637 5789/5789/11638
f 5788/5788/11639 5787/5787/11640 5790/5790/11641
f 5791/5791/11642 5789/5789/11643 5788/5788/11644
f 5789/5789/11645 5791/5791/11646 5792/5792/11647
f 5793/5793/11648 5792/5792/11649 5791/5791/11650
f 5792/5792/11651 5793/5793/11652 5794/5794/11653
f 5795/5795/11654 5796/5796/11655 5797/5797/11656
f 5796/5796/11657 5795/5795/11658 5798/5798/11659
f 5799/5799/11660 5797/5797/11661 5796/5796/11662
f 5797/5797/11663 5799/5799/11664 5800/5800/11665
f 5801/5801/11666 5800/5800/11667 5799/5799/11668
f 5800/5800/11669 5801/5801/11670 5802/5802/11671
f 5803/5803/11672 5804/5804/11673 5805/5805/11674
f 5804/5804/11675 5803/5803/11676 5806/5806/11677
f 5807/5807/11678 5805/5805/11679 5804/5804/11680
f 5805/5805/11681 5807/5807/11682 5808/5808/11683
f 5809/5809/11684 5808/5808/11685 5807/5807/11686
f 5808/5808/11687 5809/5809/11688 5810/5810/11689
f 5811/5811/11690 5812/5812/11691 5813/5813/11692
f 5812/5812/11408 5811/5811/11409 5814/5814/11410
f 5815/5815/11693 5813/5813/11694 5812/5812/11695
f 5813/5813/11696 5815/5815/11697 5816/5816/11698
f 5817/5817/11699 5816/5816/11700 5815/5815/11701
f 5816/5816/11702 5817/5817/11703 5818/5818/11704
f 5819/5819/11705 5820/5820/11706 5821/5821/11707
f 5822/5822/11708 5821/5821/11709 5820/5820/11710
f 5821/5821/11711 5822/5822/11712 5823/5823/11713
f 5824/5824/11714 5823/5823/11715 5822/5822/11431
f 5823/5823/11716 5824/5824/11169 5825/5825/11717
f 5826/5826/11718 5825/5825/11719 5824/5824/11173
f 5825/5825/11720 5826/5826/11721 5827/5827/11722
f 5828/5828/11723 5827/5827/11724 5826/5826/11725
f 5827/5827/11726 5828/5828/11727 5829/5829/11728
f 5829/5829/11729 5828/5828/11439 5830/5830/11730
f 5831/5831/11731 5832/5832/11732 5833/5833/11733
f 5832/5832/11734 5831/5831/11735 5834/5834/11736
f 5835/5835/11737 5834/5834/11738 5831/5831/11739
f 5834/5834/11740 5835/5835/11741 5836/5836/11742
f 5837/5837/11743 5836/5836/11744 5835/5835/11745
f 5836/5836/11746 5837/5837/11747 5838/5838/11748
f 5839/5839/11749 5838/5838/11750 5837/5837/11751
f 5838/5838/11752 5839/5839/11753 5840/5840/11754
f 5841/5841/11755 5840/5840/11756 5839/5839/11757
f 5840/5840/11758 5841/5841/11759 5842/5842/11760
f 5843/5843/11761 5842/5842/11762 5841/5841/11763
f 5842/5842/11764 5843/5843/11765 5844/5844/11766
f 5845/5845/11767 5846/5846/11768 5847/5847/11769
f 5848/5848/11770 5846/5846/11771 5845/5845/11772
f 5849/5849/11773 5846/5846/11774 5848/5848/11775
f 5850/5850/11776 5846/5846/11777 5849/5849/11778
f 5851/5851/11779 5846/5846/11780 5850/5850/11781
f 5847/5847/11782 5846/5846/11783 5851/5851/11784
f 5852/5852/11785 5853/5853/11786 5854/5854/11787
f 5853/5853/11788 5852/5852/11789 5855/5855/11790
f 5856/5856/11791 5855/5855/11792 5852/5852/11793
f 5855/5855/11794 5856/5856/11795 5857/5857/11796
f 5858/5858/11797 5854/5854/11798 5853/5853/11799
f 5854/5854/11800 5858/5858/11801 5859/5859/11802
f 5860/5860/11803 5861/5861/11804 5862/5862/11805
f 5861/5861/11806 5860/5860/11807 5863/5863/11808
f 5864/5864/10934 5862/5862/10935 5861/5861/10936
f 5862/5862/10937 5864/5864/10938 5865/5865/10939
f 5866/5866/11809 5865/5865/11810 5864/5864/11811
f 5865/5865/11812 5866/5866/11813 5867/5867/11814
f 5868/5868/11258 5869/5869/11259 5870/5870/11260
f 5869/5869/11261 5868/5868/11262 5871/5871/11263
f 5872/5872/11264 5870/5870/11265 5869/5869/11266
f 5870/5870/11267 5872/5872/11268 5873/5873/11269
f 5874/5874/11815 5873/5873/11816 5872/5872/11817
f 5873/5873/11818 5874/5874/11819 5875/5875/11820
f 5876/5876/10964 5877/5877/10965 5878/5878/11270
f 5877/5877/10967 5876/5876/10968 5879/5879/10969
f 5880/5880/11821 5878/5878/11822 5877/5877/11823
f 5878/5878/11824 5880/5880/11825 5881/5881/11826
f 5882/5882/11827 5881/5881/11828 5880/5880/11829
f 5881/5881/11830 5882/5882/11831 5883/5883/11832
f 5884/5884/10982 5885/5885/10983 5886/5886/10984
f 5885/5885/10985 5884/5884/10986 5887/5887/10987
f 5887/5887/11833 5888/5888/11834 5885/5885/11835
f 5888/5888/10991 5887/5887/11836 5889/5889/10993
f 5890/5890/11837 5888/5888/11838 5889/5889/11839
f 5888/5888/917 5890/5890/11840 5891/5891/11841
f 5891/5891/1841 5890/5890/11842 5892/5892/11843
f 5886/5886/11844 5893/5893/5194 5884/5884/11845
f 5893/5893/11846 5886/5886/11847 5894/5894/11848
f 5893/5893/11294 5894/5894/11295 5895/5895/11296
f 5896/5896/11849 5897/5897/11850 5898/5898/11851
f 5897/5897/11015 5896/5896/11016 5899/5899/11017
f 5900/5900/11852 5899/5899/11853 5896/5896/11854
f 5899/5899/11855 5900/5900/11856 5901/5901/11857
f 5902/5902/11858 5901/5901/11859 5900/5900/11860
f 5901/5901/11861 5902/5902/11862 5903/5903/11863
f 5904/5904/11864 5903/5903/11865 5902/5902/11866
f 5903/5903/11867 5904/5904/11868 5905/5905/11869
f 5906/5906/11870 5905/5905/11871 5904/5904/11872
f 5905/5905/11873 5906/5906/11874 5907/5907/11875
f 5908/5908/11876 5907/5907/11877 5906/5906/11878
f 5907/5907/11879 5908/5908/11880 5909/5909/11881
f 5910/5910/11882 5909/5909/11883 5908/5908/11884
f 5909/5909/11885 5910/5910/11886 5911/5911/11887
f 5912/5912/11888 5911/5911/11889 5910/5910/11890
f 5911/5911/11891 5912/5912/11892 5913/5913/11893
f 5914/5914/11894 5913/5913/11895 5912/5912/11896
f 5913/5913/11897 5914/5914/11898 5915/5915/11899
f 5916/5916/11900 5915/5915/11901 5914/5914/11902
f 5915/5915/11903 5916/5916/11904 5917/5917/11905
f 5918/5918/11906 5917/5917/11907 5916/5916/11908
f 5917/5917/11909 5918/5918/11076 5919/5919/11910
f 5898/5898/11911 5919/5919/11912 5918/5918/11913
f 5919/5919/11914 5898/5898/11915 5897/5897/11916
f 5920/5920/11917 5921/5921/11918 5922/5922/11919
f 5921/5921/11920 5920/5920/11921 5923/5923/11922
f 5924/5924/11923 5922/5922/11924 5921/5921/11925
f 5922/5922/11926 5924/5924/11927 5925/5925/11928
f 5926/5926/11929 5925/5925/11930 5924/5924/11931
f 5925/5925/11932 5926/5926/11933 5927/5927/11934
f 5928/5928/11935 5929/5929/11936 5930/5930/11937
f 5929/5929/11938 5928/5928/11939 5931/5931/11940
f 5932/5932/11941 5930/5930/11942 5929/5929/11943
f 5930/5930/11944 5932/5932/11945 5933/5933/11946
f 5934/5934/11947 5933/5933/11948 5932/5932/11949
f 5933/5933/11950 5934/5934/11951 5935/5935/11952
f 5936/5936/11953 5937/5937/11954 5938/5938/11955
f 5937/5937/11956 5936/5936/11957 5939/5939/11958
f 5940/5940/11959 5938/5938/11960 5937/5937/11961
f 5938/5938/11962 5940/5940/11963 5941/5941/11964
f 5942/5942/11965 5941/5941/11966 5940/5940/11967
f 5941/5941/11968 5942/5942/11969 5943/5943/11970
f 5944/5944/11971 5945/5945/11972 5946/5946/11973
f 5945/5945/11974 5944/5944/11975 5947/5947/11976
f 5948/5948/11977 5946/5946/11978 5945/5945/11979
f 5946/5946/11414 5948/5948/11415 5949/5949/11416
f 5950/5950/11150 5949/5949/11151 5948/5948/11152
f 5949/5949/11980 5950/5950/11981 5951/5951/11982
f 5952/5952/11983 5953/5953/11984 5954/5954/11985
f 5955/5955/11986 5954/5954/11987 5953/5953/11988
f 5954/5954/11711 5955/5955/11989 5956/5956/11713
f 5957/5957/11990 5956/5956/11715 5955/5955/11431
f 5956/5956/11991 5957/5957/11992 5958/5958/11993
f 5959/5959/11994 5958/5958/11172 5957/5957/11173
f 5958/5958/11995 5959/5959/11433 5960/5960/11434
f 5961/5961/11996 5960/5960/11178 5959/5959/11997
f 5960/5960/11998 5961/5961/11181 5962/5962/11999
f 5962/5962/12000 5961/5961/12001 5963/5963/12002
f 5964/5964/12003 5965/5965/12004 5966/5966/12005
f 5965/5965/12006 5964/5964/12007 5967/5967/12008
f 5968/5968/12009 5967/5967/12010 5964/5964/12011
f 5967/5967/12012 5968/5968/12013 5969/5969/12014
f 5970/5970/12015 5969/5969/12016 5968/5968/12017
f 5969/5969/12018 5970/5970/12019 5971/5971/12020
f 5972/5972/12021 5971/5971/12022 5970/5970/12023
f 5971/5971/12024 5972/5972/12025 5973/5973/12026
f 5974/5974/12027 5973/5973/12028 5972/5972/12029
f 5973/5973/12030 5974/5974/12031 5975/5975/12032
f 5976/5976/12033 5975/5975/12034 5974/5974/12035
f 5975/5975/12036 5976/5976/12037 5977/5977/12038
f 5978/5978/12039 5979/5979/12040 5980/5980/12041
f 5981/5981/12042 5979/5979/12043 5978/5978/12044
f 5982/5982/12045 5979/5979/12046 5981/5981/12047
f 5983/5983/12048 5979/5979/12049 5982/5982/12050
f 5984/5984/12051 5979/5979/12052 5983/5983/12053
f 5980/5980/12054 5979/5979/12055 5984/5984/12056
f 5985/5985/12057 5986/5986/12058 5987/5987/12059
f 5986/5986/12060 5985/5985/12061 5988/5988/12062
f 5989/5989/12063 5988/5988/12064 5985/5985/12065
f 5988/5988/12066 5989/5989/12067 5990/5990/12068
f 5991/5991/12069 5987/5987/12070 5986/5986/12071
f 5987/5987/12072 5991/5991/12073 5992/5992/12074
f 5993/5993/11803 5994/5994/11804 5995/5995/11805
f 5994/5994/11806 5993/5993/11807 5996/5996/11808
f 5997/5997/10934 5995/5995/10935 5994/5994/10936
f 5995/5995/10937 5997/5997/10938 5998/5998/10939
f 5999/5999/11809 5998/5998/11810 5997/5997/11811
f 5998/5998/11812 5999/5999/11813 6000/6000/11814
f 6001/6001/12075 6002/6002/12076 6003/6003/12077
f 6002/6002/12078 6001/6001/12079 6004/6004/12080
f 6005/6005/12081 6003/6003/12082 6002/6002/12083
f 6003/6003/12084 6005/6005/12085 6006/6006/12086
f 6007/6007/11815 6006/6006/11816 6005/6005/11817
f 6006/6006/11818 6007/6007/11819 6008/6008/11820
f 6009/6009/10964 6010/6010/10965 6011/6011/11270
f 6010/6010/10967 6009/6009/10968 6012/6012/10969
f 6013/6013/11821 6011/6011/11822 6010/6010/11823
f 6011/6011/11824 6013/6013/11825 6014/6014/11826
f 6015/6015/12087 6014/6014/12088 6013/6013/12089
f 6014/6014/12090 6015/6015/12091 6016/6016/12092
f 6017/6017/10982 6018/6018/10983 6019/6019/10984
f 6018/6018/12093 6017/6017/12094 6020/6020/12095
f 6020/6020/11833 6021/6021/11834 6018/6018/11835
f 6021/6021/10991 6020/6020/11836 6022/6022/10993
f 6023/6023/12096 6021/6021/12097 6022/6022/12098
f 6021/6021/12099 6023/6023/12100 6024/6024/12101
f 6024/6024/12102 6023/6023/12103 6025/6025/12104
f 6019/6019/11844 6026/6026/5194 6017/6017/11845
f 6026/6026/11846 6019/6019/11847 6027/6027/11848
f 6026/6026/12105 6027/6027/12106 6028/6028/12107
f 6029/6029/12108 6030/6030/12109 6031/6031/12110
f 6030/6030/12111 6029/6029/12112 6032/6032/12113
f 6033/6033/12114 6032/6032/12115 6029/6029/12116
f 6032/6032/12117 6033/6033/12118 6034/6034/12119
f 6035/6035/12120 6034/6034/12121 6033/6033/12122
f 6034/6034/11027 6035/6035/11028 6036/6036/11029
f 6037/6037/12123 6036/6036/12124 6035/6035/12125
f 6036/6036/12126 6037/6037/12127 6038/6038/12128
f 6039/6039/11036 6038/6038/11037 6037/6037/11038
f 6038/6038/12129 6039/6039/12130 6040/6040/12131
f 6041/6041/12132 6040/6040/12133 6039/6039/12134
f 6040/6040/12135 6041/6041/12136 6042/6042/12137
f 6043/6043/12138 6042/6042/12139 6041/6041/12140
f 6042/6042/12141 6043/6043/12142 6044/6044/12143
f 6045/6045/12144 6044/6044/12145 6043/6043/12146
f 6044/6044/12147 6045/6045/12148 6046/6046/12149
f 6047/6047/12150 6046/6046/12151 6045/6045/12152
f 6046/6046/12153 6047/6047/12154 6048/6048/12155
f 6049/6049/12156 6048/6048/12157 6047/6047/12158
f 6048/6048/11348 6049/6049/11349 6050/6050/11350
f 6051/6051/12159 6050/6050/12160 6049/6049/12161
f 6050/6050/11909 6051/6051/11076 6052/6052/11910
f 6031/6031/12162 6052/6052/12163 6051/6051/12164
f 6052/6052/12165 6031/6031/12166 6030/6030/12167
f 6053/6053/12168 6054/6054/12169 6055/6055/12170
f 6054/6054/12171 6053/6053/12172 6056/6056/12173
f 6057/6057/12174 6055/6055/12175 6054/6054/12176
f 6055/6055/12177 6057/6057/12178 6058/6058/12179
f 6059/6059/12180 6058/6058/12181 6057/6057/12182
f 6058/6058/12183 6059/6059/12184 6060/6060/12185
f 6061/6061/12186 6062/6062/12187 6063/6063/12188
f 6062/6062/12189 6061/6061/12190 6064/6064/12191
f 6065/6065/12192 6063/6063/12193 6062/6062/12194
f 6063/6063/12195 6065/6065/12196 6066/6066/12197
f 6067/6067/12198 6066/6066/12199 6065/6065/12200
f 6066/6066/12201 6067/6067/12202 6068/6068/12203
f 6069/6069/12204 6070/6070/12205 6071/6071/12206
f 6070/6070/11956 6069/6069/11957 6072/6072/11958
f 6073/6073/12207 6071/6071/12208 6070/6070/12209
f 6071/6071/12210 6073/6073/12211 6074/6074/12212
f 6075/6075/12213 6074/6074/12214 6073/6073/12215
f 6074/6074/12216 6075/6075/12217 6076/6076/12218
f 6077/6077/12219 6078/6078/12220 6079/6079/12221
f 6078/6078/11408 6077/6077/11409 6080/6080/11410
f 6081/6081/12222 6079/6079/12223 6078/6078/12224
f 6079/6079/11147 6081/6081/11148 6082/6082/11149
f 6083/6083/12225 6082/6082/12226 6081/6081/12227
f 6082/6082/12228 6083/6083/12229 6084/6084/12230
f 6085/6085/11156 6086/6086/11157 6087/6087/11158
f 6088/6088/12231 6087/6087/12232 6086/6086/12233
f 6087/6087/12234 6088/6088/12235 6089/6089/12236
f 6090/6090/12237 6089/6089/12238 6088/6088/11167
f 6089/6089/12239 6090/6090/11169 6091/6091/11170
f 6092/6092/12240 6091/6091/12241 6090/6090/12242
f 6091/6091/11995 6092/6092/11433 6093/6093/11434
f 6094/6094/12243 6093/6093/11178 6092/6092/12244
f 6093/6093/11180 6094/6094/11181 6095/6095/11182
f 6095/6095/11183 6094/6094/11184 6096/6096/11185
f 6097/6097/12245 6098/6098/12246 6099/6099/12247
f 6098/6098/12248 6097/6097/12249 6100/6100/12250
f 6101/6101/12251 6100/6100/12252 6097/6097/12253
f 6100/6100/11450 6101/6101/11451 6102/6102/11452
f 6103/6103/12254 6102/6102/12255 6101/6101/12256
f 6102/6102/12257 6103/6103/12258 6104/6104/12259
f 6105/6105/12260 6104/6104/12261 6103/6103/12262
f 6104/6104/11462 6105/6105/11463 6106/6106/11464
f 6107/6107/12263 6106/6106/12264 6105/6105/12265
f 6106/6106/12266 6107/6107/12267 6108/6108/12268
f 6109/6109/12269 6108/6108/12270 6107/6107/12271
f 6108/6108/12272 6109/6109/12273 6110/6110/12274
f 6111/6111/12275 6112/6112/12276 6113/6113/12277
f 6114/6114/12278 6112/6112/12279 6111/6111/12280
f 6115/6115/12281 6112/6112/12282 6114/6114/12283
f 6116/6116/11776 6112/6112/11777 6115/6115/11778
f 6117/6117/12284 6112/6112/12285 6116/6116/12286
f 6113/6113/11492 6112/6112/11493 6117/6117/12287
f 6118/6118/12057 6119/6119/12058 6120/6120/12059
f 6119/6119/12060 6118/6118/12061 6121/6121/12062
f 6122/6122/12063 6121/6121/12064 6118/6118/12065
f 6121/6121/12066 6122/6122/12067 6123/6123/12068
f 6124/6124/11797 6120/6120/11798 6119/6119/11799
f 6120/6120/11800 6124/6124/11801 6125/6125/11802
f 6126/6126/12288 6127/6127/12289 6128/6128/12290
f 6127/6127/12291 6126/6126/12292 6129/6129/12293
f 6130/6130/12294 6128/6128/12295 6127/6127/12296
f 6128/6128/12297 6130/6130/12298 6131/6131/12299
f 6132/6132/12300 6131/6131/12301 6130/6130/12302
f 6131/6131/12303 6132/6132/12304 6133/6133/12305
f 6134/6134/12306 6135/6135/12307 6136/6136/12308
f 6135/6135/12309 6134/6134/12310 6137/6137/12311
f 6138/6138/12312 6136/6136/12313 6135/6135/12314
f 6136/6136/12315 6138/6138/12316 6139/6139/12317
f 6140/6140/12318 6139/6139/12319 6138/6138/12320
f 6139/6139/12321 6140/6140/12322 6141/6141/12323
f 6142/6142/12324 6143/6143/12325 6144/6144/12326
f 6143/6143/12327 6142/6142/12328 6145/6145/12329
f 6146/6146/12330 6144/6144/12331 6143/6143/12332
f 6144/6144/12333 6146/6146/12334 6147/6147/12335
f 6148/6148/11827 6147/6147/11828 6146/6146/11829
f 6147/6147/11830 6148/6148/11831 6149/6149/11832
f 6150/6150/12336 6151/6151/12337 6152/6152/11545
f 6151/6151/12338 6150/6150/12339 6153/6153/12340
f 6153/6153/12341 6154/6154/12342 6151/6151/12343
f 6154/6154/12344 6153/6153/12345 6155/6155/12346
f 6156/6156/12347 6154/6154/12348 6155/6155/12349
f 6154/6154/917 6156/6156/11840 6157/6157/11841
f 6157/6157/12350 6156/6156/12351 6158/6158/12352
f 6152/6152/12353 6159/6159/12354 6150/6150/12355
f 6159/6159/12356 6152/6152/12357 6160/6160/12358
f 6159/6159/12359 6160/6160/12360 6161/6161/6301
f 6162/6162/12361 6163/6163/12362 6164/6164/12363
f 6163/6163/12364 6162/6162/12365 6165/6165/12366
f 6166/6166/12114 6165/6165/12115 6162/6162/12116
f 6165/6165/12367 6166/6166/12368 6167/6167/12369
f 6168/6168/12370 6167/6167/12371 6166/6166/12372
f 6167/6167/12373 6168/6168/12374 6169/6169/12375
f 6170/6170/12376 6169/6169/12377 6168/6168/12378
f 6169/6169/12379 6170/6170/12380 6171/6171/12381
f 6172/6172/12382 6171/6171/12383 6170/6170/12384
f 6171/6171/12385 6172/6172/12386 6173/6173/12387
f 6174/6174/12388 6173/6173/12389 6172/6172/12390
f 6173/6173/12391 6174/6174/12392 6175/6175/12393
f 6176/6176/12394 6175/6175/12395 6174/6174/12396
f 6175/6175/12397 6176/6176/12398 6177/6177/12399
f 6178/6178/12400 6177/6177/12401 6176/6176/12402
f 6177/6177/12403 6178/6178/12404 6179/6179/12405
f 6180/6180/12406 6179/6179/12407 6178/6178/12408
f 6179/6179/12409 6180/6180/12410 6181/6181/12411
f 6182/6182/12412 6181/6181/12413 6180/6180/12414
f 6181/6181/12415 6182/6182/12416 6183/6183/12417
f 6184/6184/12418 6183/6183/12419 6182/6182/12420
f 6183/6183/12421 6184/6184/12422 6185/6185/12423
f 6164/6164/12424 6185/6185/12425 6184/6184/12426
f 6185/6185/12427 6164/6164/12428 6163/6163/12429
f 6186/6186/12430 6187/6187/12431 6188/6188/12432
f 6187/6187/12433 6186/6186/12434 6189/6189/12435
f 6190/6190/12436 6188/6188/12437 6187/6187/12438
f 6188/6188/12439 6190/6190/12440 6191/6191/12441
f 6192/6192/12442 6191/6191/12443 6190/6190/12444
f 6191/6191/12445 6192/6192/12446 6193/6193/12447
f 6194/6194/12448 6195/6195/12449 6196/6196/12450
f 6195/6195/12451 6194/6194/12452 6197/6197/12453
f 6198/6198/12454 6196/6196/12455 6195/6195/12456
f 6196/6196/12457 6198/6198/12458 6199/6199/12459
f 6200/6200/12460 6199/6199/12461 6198/6198/12462
f 6199/6199/12463 6200/6200/12464 6201/6201/12465
f 6202/6202/12466 6203/6203/12467 6204/6204/12468
f 6203/6203/12469 6202/6202/12470 6205/6205/12471
f 6206/6206/12472 6204/6204/12473 6203/6203/12474
f 6204/6204/12475 6206/6206/12476 6207/6207/12477
f 6208/6208/12478 6207/6207/12479 6206/6206/12480
f 6207/6207/12481 6208/6208/12482 6209/6209/12483
f 6210/6210/12484 6211/6211/12485 6212/6212/12486
f 6211/6211/12487 6210/6210/12488 6213/6213/12489
f 6214/6214/12490 6212/6212/12491 6211/6211/12492
f 6212/6212/12493 6214/6214/12494 6215/6215/12495
f 6216/6216/12496 6215/6215/12497 6214/6214/12498
f 6215/6215/12499 6216/6216/12500 6217/6217/12501
f 6218/6218/12502 6219/6219/12503 6220/6220/12504
f 6221/6221/12505 6220/6220/12506 6219/6219/12507
f 6220/6220/12508 6221/6221/12509 6222/6222/12510
f 6223/6223/12511 6222/6222/12512 6221/6221/12513
f 6222/6222/12514 6223/6223/12515 6224/6224/11170
f 6225/6225/12516 6224/6224/12517 6223/6223/12518
f 6224/6224/12519 6225/6225/11433 6226/6226/11434
f 6227/6227/12520 6226/6226/12521 6225/6225/12522
f 6226/6226/11180 6227/6227/11181 6228/6228/11182
f 6228/6228/12523 6227/6227/12524 6229/6229/12525
f 6230/6230/12526 6231/6231/12527 6232/6232/12528
f 6231/6231/12529 6230/6230/12530 6233/6233/12531
f 6234/6234/12532 6233/6233/12533 6230/6230/12534
f 6233/6233/12535 6234/6234/12536 6235/6235/12537
f 6236/6236/12538 6235/6235/12539 6234/6234/12540
f 6235/6235/12541 6236/6236/12542 6237/6237/12543
f 6238/6238/11204 6237/6237/11205 6236/6236/11206
f 6237/6237/12544 6238/6238/12545 6239/6239/12546
f 6240/6240/12547 6239/6239/12548 6238/6238/12549
f 6239/6239/12550 6240/6240/12551 6241/6241/12552
f 6242/6242/12553 6241/6241/12554 6240/6240/12555
f 6241/6241/12556 6242/6242/12557 6243/6243/12558
f 6244/6244/12559 6245/6245/12560 6246/6246/12561
f 6247/6247/12562 6245/6245/12563 6244/6244/12564
f 6248/6248/12565 6245/6245/12566 6247/6247/12567
f 6249/6249/12568 6245/6245/12569 6248/6248/12570
f 6250/6250/12571 6245/6245/12572 6249/6249/12573
f 6246/6246/12574 6245/6245/12575 6250/6250/12576
