# Exported by split_tank_mesh.py
o ztz88a_turret
usemtl mat_61
v 0.3382 -71.5442 88.8460
v 10.4797 -71.5442 95.1607
v 0.7843 -71.5442 93.7999
v 10.0336 -71.5442 84.6718
v 0.3382 -50.7092 88.8460
v 10.4797 -50.7092 95.1607
v 10.0336 -50.7092 84.6718
v 0.7843 -50.7092 93.7999
v 10.0336 -71.5442 84.6718
v 10.4797 -50.7092 95.1607
v 10.4797 -71.5442 95.1607
v 10.0336 -50.7092 84.6718
v 10.4797 -71.5442 95.1607
v 0.7843 -50.7092 93.7999
v 0.7843 -71.5442 93.7999
v 10.4797 -50.7092 95.1607
v 0.7843 -71.5442 93.7999
v 0.3382 -50.7092 88.8460
v 0.3382 -71.5442 88.8460
v 0.7843 -50.7092 93.7999
v -23.6625 -91.3949 88.2497
v -22.7405 -96.2290 91.5523
v -23.5435 -92.1167 91.3229
v -22.8000 -95.9228 84.0755
v -9.6249 -88.4965 88.2497
v -8.7030 -93.3307 91.5523
v -8.7922 -93.0245 84.0755
v -9.5060 -89.2184 91.3229
v -22.8000 -95.9228 84.0755
v -8.7030 -93.3307 91.5523
v -22.7405 -96.2290 91.5523
v -8.7922 -93.0245 84.0755
v -22.7405 -96.2290 91.5523
v -9.5060 -89.2184 91.3229
v -23.5435 -92.1167 91.3229
v -8.7030 -93.3307 91.5523
v -23.5435 -92.1167 91.3229
v -9.6249 -88.4965 88.2497
v -23.6625 -91.3949 88.2497
v -9.5060 -89.2184 91.3229
v -43.3508 -81.6172 88.2497
v -46.2356 -85.5982 91.5523
v -43.7672 -82.1968 91.3229
v -46.0572 -85.3467 84.0755
v -31.6032 -89.8090 88.2497
v -34.4583 -93.8010 91.5523
v -34.2799 -93.5494 84.0755
v -32.0196 -90.3996 91.3229
v -46.0572 -85.3467 84.0755
v -34.4583 -93.8010 91.5523
v -46.2356 -85.5982 91.5523
v -34.2799 -93.5494 84.0755
v -46.2356 -85.5982 91.5523
v -32.0196 -90.3996 91.3229
v -43.7672 -82.1968 91.3229
v -34.4583 -93.8010 91.5523
v -43.7672 -82.1968 91.3229
v -31.6032 -89.8090 88.2497
v -43.3508 -81.6172 88.2497
v -32.0196 -90.3996 91.3229
v -32.0493 -116.7031 58.6637
v 5.6617 -129.4884 41.2791
v 4.5613 -116.7578 58.5567
v -31.9304 -127.1807 40.9733
v -71.0095 -116.6046 40.9733
v -62.9498 -106.2473 58.6637
v -31.5438 -106.6192 67.7918
v -53.7600 -96.3384 68.8468
v -84.7497 -83.8811 58.4497
v -70.4742 -77.9970 70.4217
v -103.5457 -59.1088 58.4497
v -86.6531 -53.7716 72.5011
v -113.9550 -30.6289 58.4497
v -95.2779 -28.8899 74.6264
v -118.0294 -0.0052 58.4497
v -98.1032 -0.0052 77.0728
v -94.1477 28.8903 74.6264
v -113.9550 30.6293 58.4497
v -85.5229 53.7720 72.5011
v -103.5457 59.1093 58.4497
v -69.3441 77.9975 70.4217
v -84.7497 83.8816 58.4497
v -52.8083 96.3388 68.8468
v -62.9498 106.2477 58.6637
v -30.7705 106.6196 67.7918
v -32.0493 116.7035 58.6637
v 6.0186 106.4556 67.5624
v 4.5613 116.7473 58.5567
v 39.9824 90.4438 68.3116
v 37.9600 103.5572 58.4497
v 63.9831 70.9650 69.7795
v 97.4115 78.7740 60.0245
v 95.8352 42.6600 72.5775
v 55.6259 65.9558 71.0333
v 95.8352 23.7718 72.5775
v 66.9868 34.1073 73.7701
v 70.8531 -0.0052 76.6599
v 95.8055 -23.4323 72.5775
v 66.9868 -34.1068 73.7701
v 55.6259 -65.9554 71.0333
v 95.8055 -42.3315 72.5775
v 63.9831 -70.9645 69.7795
v 97.4115 -78.7736 60.0245
v 37.9600 -103.5568 58.4497
v 39.2091 -90.4433 68.3116
v 5.2454 -106.4551 67.5624
v 41.4099 -116.7687 41.2791
v 45.1573 -126.9948 23.3288
v 5.8699 -138.8505 23.3288
v -33.0605 -135.8647 23.6193
v -76.6602 -123.6918 23.6193
v -102.3264 -101.5444 23.3288
v -96.1998 -94.4791 41.2791
v -116.8101 -66.7428 41.2791
v -129.0929 -34.7959 41.2791
v -132.5428 -0.0052 41.2791
v -129.0929 34.7963 41.2791
v -116.8101 66.7433 41.2791
v -96.1998 94.4795 41.2791
v -71.0095 116.6051 40.9733
v -31.9304 127.1812 40.9733
v 5.6617 129.4889 41.2791
v 41.4099 116.7582 41.2791
v 108.2073 86.4408 41.1874
v 140.7435 42.6381 41.1874
v 123.8211 42.5944 60.0245
v 95.8352 42.6600 72.5775
v 123.8211 23.7062 60.0245
v 95.8352 23.7718 72.5775
v 140.7435 23.7390 41.1874
v 143.3310 23.7390 23.2065
v 143.3310 42.6491 23.2065
v 141.6357 23.8265 -0.0342
v 141.6357 42.7803 -0.0342
v 114.5718 90.9469 -0.0342
v 113.1145 89.3501 23.1912
v 45.1573 126.9952 23.3288
v 47.6852 135.0449 -0.0342
v 5.8699 138.8509 23.3288
v 3.3717 144.6913 -0.0342
v -34.6368 141.5961 -0.0342
v -33.0605 135.8652 23.6193
v -76.6602 123.6922 23.6193
v -79.6641 127.1046 -0.0342
v -102.3264 101.5448 23.3288
v -105.0923 104.5634 -0.0342
v -123.7396 71.6868 23.3288
v -127.2193 73.8195 -0.0342
v -136.4091 36.8853 23.3288
v -140.3051 37.9899 -0.0342
v -139.3832 -0.0052 23.3288
v -143.4279 -0.0052 -0.0342
v -140.3051 -37.9895 -0.0342
v -136.4091 -36.8848 23.3288
v -127.2193 -73.8191 -0.0342
v -123.7396 -71.6864 23.3288
v -105.0923 -104.5630 -0.0342
v -79.6641 -127.1042 -0.0342
v -34.6368 -141.5957 -0.0342
v 3.3717 -144.6909 -0.0342
v 47.6852 -135.0444 -0.0342
v 114.5718 -90.9464 -0.0342
v 113.1145 -89.3496 23.1912
v 143.3310 -42.3533 23.2065
v 141.6357 -42.4518 -0.0342
v 143.3310 -23.1917 23.2065
v 141.6357 -23.2136 -0.0342
v 140.7435 -23.1589 41.1874
v 140.7435 -42.3533 41.1874
v 123.8211 -23.1589 60.0245
v 123.8211 -42.3205 60.0245
v 95.8055 -23.4323 72.5775
v 95.8055 -42.3315 72.5775
v 108.2073 -86.4404 41.1874
v 55.6259 -65.9554 71.0333
v 70.8531 -0.0052 76.6599
v 39.2091 -90.4433 68.3116
v 66.9868 -34.1068 73.7701
v 5.2454 -106.4551 67.5624
v -31.5438 -106.6192 67.7918
v -53.7600 -96.3384 68.8468
v -70.4742 -77.9970 70.4217
v -86.6531 -53.7716 72.5011
v -95.2779 -28.8899 74.6264
v -98.1032 -0.0052 77.0728
v 55.6259 65.9558 71.0333
v 39.9824 90.4438 68.3116
v 70.8531 -0.0052 76.6599
v 6.0186 106.4556 67.5624
v -30.7705 106.6196 67.7918
v -52.8083 96.3388 68.8468
v -69.3441 77.9975 70.4217
v -85.5229 53.7720 72.5011
v -94.1477 28.8903 74.6264
v -98.1032 -0.0052 77.0728
v 66.9868 34.1073 73.7701
v 137.2342 -20.8512 65.3760
v 95.8352 23.7718 72.5775
v 95.8055 -23.4323 72.5775
v 137.2342 21.3985 65.3760
v 141.6357 23.8265 -0.0342
v 154.3945 -20.8184 0.0117
v 141.6357 -23.2136 -0.0342
v 154.3945 21.5188 0.0117
v 141.6357 -23.2136 -0.0342
v 154.3945 -20.8184 0.0117
v 143.3310 -23.1917 23.2065
v 140.7435 -23.1589 41.1874
v 137.2342 -20.8512 65.3760
v 123.8211 -23.1589 60.0245
v 95.8055 -23.4323 72.5775
v 95.8352 23.7718 72.5775
v 137.2342 21.3985 65.3760
v 123.8211 23.7062 60.0245
v 140.7435 23.7390 41.1874
v 154.3945 21.5188 0.0117
v 143.3310 23.7390 23.2065
v 141.6357 23.8265 -0.0342
v 137.8587 -20.1950 63.4495
v 121.1445 20.8844 63.5259
v 137.8587 20.8844 63.4953
v 121.1445 -20.1950 63.4800
v 153.5617 20.8079 2.9321
v 135.4497 -20.2606 2.9626
v 153.5617 -20.2606 2.9626
v 135.4497 20.8079 2.9321
v 24.8147 -88.5184 155.2041
v 27.0155 -89.2731 76.4153
v 26.0935 -88.3325 76.3694
v 25.5582 -89.2731 155.2653
v 18.4204 -88.7043 239.4055
v 18.9855 -89.2731 239.4973
v 7.1488 -88.9012 308.3477
v 7.5056 -89.2731 308.4547
v -8.5840 -89.2731 362.3669
v 6.7919 -89.2731 308.2406
v 17.8851 -89.2731 239.3291
v 24.0712 -89.2731 155.1429
v 25.1716 -89.2731 76.3235
v 24.8147 -90.0168 155.2041
v 26.0935 -90.2027 76.3694
v 18.4204 -89.8309 239.4055
v 7.1488 -89.6449 308.3477
v 7.1488 -89.6449 308.3477
v 18.4204 -89.8309 239.4055
v 24.8147 -90.0168 155.2041
v 26.0935 -90.2027 76.3694
v 32.0417 -89.1309 68.0364
v 28.3538 -93.7572 74.4123
v 28.8594 -94.6103 68.0364
v 31.0305 -89.1309 74.4123
v 28.8594 -83.6405 68.0364
v 28.3538 -84.5045 74.4123
v 22.5247 -83.6405 68.0364
v 23.0302 -84.5045 74.4123
v 19.3722 -89.1309 68.0364
v 20.3536 -89.1309 74.4123
v 22.5247 -94.6103 68.0364
v 23.0302 -93.7572 74.4123
v 25.7069 -89.1309 77.4091
v 77.6935 21.9016 73.5561
v 72.9944 9.4881 77.2562
v 73.2919 8.4600 74.6111
v 77.2473 22.4922 76.2318
v 73.3216 35.3541 72.6846
v 72.9944 35.5181 75.3909
v 61.8417 43.6881 72.3329
v 61.9012 43.5787 75.0545
v 47.6852 43.7209 72.6387
v 48.1908 43.6115 75.3450
v 36.2053 35.4416 73.4796
v 37.0975 35.5947 76.1554
v 73.2919 8.4600 74.6111
v 61.8715 1.4713 78.0666
v 61.8120 0.1697 75.4520
v 72.9944 9.4881 77.2562
v 48.1610 1.4931 78.3571
v 47.6555 0.2026 75.7425
v 37.0678 9.5646 78.0207
v 36.1756 8.5365 75.3909
v 32.8446 22.5906 77.1798
v 31.8037 22.0000 74.5346
v 37.0975 35.5947 76.1554
v 36.2053 35.4416 73.4796
v 77.2473 22.4922 76.2318
v 71.7156 10.3630 76.5988
v 72.9944 9.4881 77.2562
v 75.6711 22.4484 75.6508
v 72.9944 35.5181 75.3909
v 71.7453 34.5557 74.8710
v 61.9012 43.5787 75.0545
v 61.4254 42.0585 74.5499
v 48.1908 43.6115 75.3450
v 48.6666 42.0913 74.8251
v 37.0975 35.5947 76.1554
v 38.3466 34.6322 75.5743
v 32.8446 22.5906 77.1798
v 34.3911 22.5468 76.5223
v 37.0678 9.5646 78.0207
v 38.3169 10.4286 77.3021
v 48.1610 1.4931 78.3571
v 48.6369 2.9259 77.6232
v 61.8715 1.4713 78.0666
v 61.3956 2.9040 77.3480
v 75.6711 22.4484 75.6508
v 70.4070 11.3145 76.5529
v 71.7156 10.3630 76.5988
v 74.0354 22.4594 75.6814
v 71.7453 34.5557 74.8710
v 70.4070 33.6042 74.9627
v 61.4254 42.0585 74.5499
v 60.9198 40.5163 74.6722
v 48.6666 42.0913 74.8251
v 49.1722 40.5382 74.9169
v 38.3466 34.6322 75.5743
v 39.6552 33.6698 75.6202
v 34.3911 22.5468 76.5223
v 36.0269 22.5359 76.4917
v 38.3169 10.4286 77.3021
v 39.6552 11.3911 77.2104
v 48.6369 2.9259 77.6232
v 49.1425 4.4789 77.5009
v 61.3956 2.9040 77.3480
v 60.8900 4.4570 77.2562
v 74.0354 22.4594 75.6814
v 70.1096 11.9598 81.5068
v 70.4070 11.3145 76.5529
v 73.6487 22.8093 80.6506
v 70.4070 33.6042 74.9627
v 70.1096 33.6698 79.9473
v 60.9198 40.5163 74.6722
v 60.8603 40.4070 79.6720
v 49.1722 40.5382 74.9169
v 49.4399 40.4288 79.9167
v 39.6552 33.6698 75.6202
v 40.1608 33.7354 80.5894
v 70.4070 11.3145 76.5529
v 60.8305 5.2773 82.1796
v 60.8900 4.4570 77.2562
v 70.1096 11.9598 81.5068
v 49.4102 5.2992 82.4242
v 49.1425 4.4789 77.5009
v 40.1608 12.0255 82.1337
v 39.6552 11.3911 77.2104
v 36.6217 22.8968 81.4457
v 36.0269 22.5359 76.4917
v 40.1608 33.7354 80.5894
v 39.6552 33.6698 75.6202
v 73.6487 22.8093 80.6506
v 55.1798 23.0390 83.7545
v 70.1096 11.9598 81.5068
v 70.1096 33.6698 79.9473
v 60.8603 40.4070 79.6720
v 49.4399 40.4288 79.9167
v 40.1608 33.7354 80.5894
v 36.6217 22.8968 81.4457
v 40.1608 12.0255 82.1337
v 49.4102 5.2992 82.4242
v 60.8305 5.2773 82.1796
v 139.8811 -43.5345 32.6862
v 148.2382 -42.3533 36.4169
v 138.9591 -42.3533 37.8083
v 146.6024 -43.5345 31.2490
v 142.4388 -43.2283 15.9897
v 148.9817 -37.3770 38.7563
v 138.5130 -37.3770 40.1324
v 148.2679 -32.3569 36.5087
v 138.9294 -32.3569 37.9001
v 146.6322 -31.0773 31.3560
v 139.8513 -31.0773 32.8085
v 142.4388 -31.2960 16.0355
v 146.6024 -43.5345 31.2490
v 147.9110 -40.9971 35.3925
v 148.2382 -42.3533 36.4169
v 146.5430 -41.9705 31.0961
v 148.4464 -37.3661 37.1050
v 148.2382 -42.3533 36.4169
v 148.4464 -37.3661 37.1050
v 148.9817 -37.3770 38.7563
v 147.9408 -33.7022 35.4690
v 148.9817 -37.3770 38.7563
v 147.9408 -33.7022 35.4690
v 148.2679 -32.3569 36.5087
v 146.5727 -32.6303 31.2031
v 148.2679 -32.3569 36.5087
v 146.5727 -32.6303 31.2031
v 146.6322 -31.0773 31.3560
v 146.6322 -31.0773 31.3560
v 142.4982 -32.8272 16.0508
v 142.4388 -31.2960 16.0355
v 142.4982 -32.8272 16.0508
v 146.6322 -31.0773 31.3560
v 146.5727 -32.6303 31.2031
v 142.4388 -43.2283 15.9897
v 146.5430 -41.9705 31.0961
v 146.6024 -43.5345 31.2490
v 146.5430 -41.9705 31.0961
v 142.4388 -43.2283 15.9897
v 142.4685 -41.7080 16.0202
v 146.5430 -41.9705 31.0961
v 139.1970 -40.9971 36.6616
v 147.9110 -40.9971 35.3925
v 139.9703 -41.9705 32.4110
v 142.4685 -41.7080 16.0202
v 138.8699 -37.3661 38.3588
v 148.4464 -37.3661 37.1050
v 139.1673 -33.7022 36.7227
v 147.9408 -33.7022 35.4690
v 139.9703 -32.6303 32.5027
v 146.5727 -32.6303 31.2031
v 142.4982 -32.8272 16.0508
v 144.1935 44.1256 31.4324
v 153.3535 45.3286 35.4384
v 143.7771 45.3286 33.3284
v 153.7699 44.1256 33.5424
v 153.3535 47.7238 35.4384
v 143.7771 47.7238 33.3284
v 153.7699 48.9160 33.5424
v 144.1935 48.9160 31.4324
v 144.1935 48.9160 31.4324
v 154.1863 47.7238 31.6618
v 144.6396 47.7238 29.5365
v 153.7699 48.9160 33.5424
v 154.1863 45.3286 31.6618
v 144.6396 45.3286 29.5365
v 153.7699 44.1256 33.5424
v 144.1935 44.1256 31.4324
v 153.3535 45.3286 35.4384
v 153.7699 48.9160 33.5424
v 153.3535 47.7238 35.4384
v 154.1863 45.3286 31.6618
v 153.7699 44.1256 33.5424
v 154.1863 47.7238 31.6618
v -6.5022 -100.0570 83.9838
v 15.7438 -46.3453 83.9838
v 6.8513 -33.0131 83.9838
v 6.8513 -91.1433 83.9838
v 18.8665 -62.0727 83.9838
v 15.7438 -77.8111 83.9838
v -22.2350 -103.1849 83.9838
v -6.5022 -24.0995 83.9838
v -37.9677 -100.0570 83.9838
v -22.2350 -20.9715 83.9838
v -51.2915 -91.1433 83.9838
v -37.9677 -24.0995 83.9838
v -60.2137 -77.8111 83.9838
v -51.2915 -33.0131 83.9838
v -63.3365 -62.0727 83.9838
v -60.2137 -46.3453 83.9838
v 3.0148 -72.5285 89.8704
v 13.1861 -62.0727 83.9838
v 5.0966 -62.0727 89.8704
v 10.4797 -75.6237 83.9838
v -2.9036 -81.3984 89.8704
v 2.8066 -87.1185 83.9838
v -11.7663 -87.3263 89.8704
v -8.6732 -94.7853 83.9838
v -22.2350 -89.4043 89.8704
v -22.2350 -97.4868 83.9838
v -32.6739 -87.3263 89.8704
v -35.7669 -94.7853 83.9838
v -41.5366 -81.3984 89.8704
v -47.2468 -87.1185 83.9838
v -47.4847 -72.5285 89.8704
v -54.9496 -75.6237 83.9838
v -49.5368 -62.0727 89.8704
v -57.6263 -62.0727 83.9838
v -47.4847 -51.6170 89.8704
v -54.9496 -48.5218 83.9838
v -41.5366 -42.7580 89.8704
v -47.2468 -37.0379 83.9838
v -32.6739 -36.8301 89.8704
v -35.7669 -29.3602 83.9838
v -22.2350 -34.7521 89.8704
v -22.2350 -26.6697 83.9838
v -11.7663 -36.8301 89.8704
v -8.6732 -29.3602 83.9838
v -2.9036 -42.7580 89.8704
v 2.8066 -37.0379 83.9838
v 3.0148 -51.6170 89.8704
v 10.4797 -48.5218 83.9838
v -22.2350 -61.9852 94.2892
v -1.9816 -41.3799 95.8488
v -3.4984 -47.2750 89.7022
v -3.4984 -41.3799 89.8398
v -1.9816 -47.2750 95.8488
v -5.9371 -41.3799 99.1667
v -1.9816 -47.2750 95.8488
v -1.9816 -41.3799 95.8488
v -5.9371 -47.2750 99.1667
v -20.2126 -41.3799 89.9163
v -20.2126 -47.2750 89.9163
v -5.9371 -47.2750 99.1667
v -20.2126 -47.2750 89.9163
v -3.4984 -47.2750 89.7022
v -1.9816 -47.2750 95.8488
v -5.9371 -41.3799 99.1667
v -3.4984 -41.3799 89.8398
v -20.2126 -41.3799 89.9163
v -1.9816 -41.3799 95.8488
v -1.9816 -75.5143 95.8488
v -3.4984 -81.4094 89.7022
v -3.4984 -75.5143 89.8398
v -1.9816 -81.4094 95.8488
v -5.9371 -75.5143 99.1667
v -1.9816 -81.4094 95.8488
v -1.9816 -75.5143 95.8488
v -5.9371 -81.4094 99.1667
v -20.2126 -75.5143 89.9163
v -20.2126 -81.4094 89.9163
v -5.9371 -81.4094 99.1667
v -20.2126 -81.4094 89.9163
v -3.4984 -81.4094 89.7022
v -1.9816 -81.4094 95.8488
v -5.9371 -75.5143 99.1667
v -3.4984 -75.5143 89.8398
v -20.2126 -75.5143 89.9163
v -1.9816 -75.5143 95.8488
v -7.6620 -36.6005 91.6287
v -8.7327 -86.1998 95.4206
v -8.7327 -36.6005 95.4206
v -7.6620 -86.1998 91.6287
v -4.2122 -36.6005 91.6287
v -4.2122 -86.1998 91.6287
v -5.9371 -86.1998 97.7600
v -5.9371 -36.6005 97.7600
v -3.1415 -86.1998 95.4206
v -3.1415 -36.6005 95.4206
v -4.2122 -86.1998 91.6287
v -4.2122 -36.6005 91.6287
v -5.9371 -86.1998 97.7600
v -8.7327 -86.1998 95.4206
v -7.6620 -86.1998 91.6287
v -4.2122 -86.1998 91.6287
v -3.1415 -86.1998 95.4206
v -5.9371 -36.6005 97.7600
v -7.6620 -36.6005 91.6287
v -8.7327 -36.6005 95.4206
v -4.2122 -36.6005 91.6287
v -3.1415 -36.6005 95.4206
v 15.7438 -77.8111 83.9838
v 25.1716 -62.0727 67.3790
v 18.8665 -62.0727 83.9838
v 21.5432 -80.2063 67.3790
v 6.8513 -91.1433 83.9838
v 11.6693 -95.9993 67.3790
v -6.5022 -100.0570 83.9838
v -4.0932 -105.8536 67.3790
v -22.2350 -103.1849 83.9838
v -20.8966 -106.3785 67.3790
v -37.9677 -100.0570 83.9838
v -38.1164 -103.5568 67.3790
v -51.2915 -91.1433 83.9838
v -55.0686 -95.1244 67.3790
v -60.2137 -77.8111 83.9838
v -66.0131 -81.1688 68.6022
v -63.3365 -62.0727 83.9838
v -69.6117 -62.0727 67.3790
v -60.2137 -46.3453 83.9838
v -66.0131 -43.9392 67.3790
v -51.2915 -33.0131 83.9838
v -55.7229 -28.5727 67.3790
v -37.9677 -24.0995 83.9838
v -40.3470 -18.2919 67.3790
v -22.2350 -20.9715 83.9838
v -22.2350 -14.6936 67.3790
v -6.5022 -24.0995 83.9838
v -4.0932 -18.2919 67.3790
v 6.8513 -33.0131 83.9838
v 11.2827 -28.5727 67.3790
v 15.7438 -46.3453 83.9838
v 21.5432 -43.9392 67.3790
v 18.8665 -62.0727 83.9838
v 25.1716 -62.0727 67.3790
v -7.1565 18.6423 84.0602
v 15.7438 73.9289 84.0602
v 6.5837 87.6548 84.0602
v 6.5837 27.8076 84.0602
v 18.9558 57.7312 84.0602
v 15.7438 41.5444 84.0602
v -23.3354 15.4159 84.0602
v -7.1565 96.8310 84.0602
v -39.5440 18.6423 84.0602
v -23.3354 100.0465 84.0602
v -53.2841 27.8076 84.0602
v -39.5440 96.8310 84.0602
v -62.4442 41.5444 84.0602
v -53.2841 87.6548 84.0602
v -65.6562 57.7312 84.0602
v -62.4442 73.9289 84.0602
v -64.6748 85.5549 90.5432
v -66.3403 76.4007 95.9405
v -66.3403 85.5549 95.9405
v -64.6748 76.4007 90.5432
v -34.4583 85.5549 88.2038
v -64.6748 76.4007 90.5432
v -64.6748 85.5549 90.5432
v -34.4583 76.4007 88.2038
v -61.9684 85.5549 99.2737
v -34.4583 76.4007 88.2038
v -34.4583 85.5549 88.2038
v -61.9684 76.4007 99.2737
v -66.3403 85.5549 95.9405
v -66.3403 76.4007 95.9405
v -61.9684 76.4007 99.2737
v -66.3403 76.4007 95.9405
v -64.6748 76.4007 90.5432
v -34.4583 76.4007 88.2038
v -61.9684 85.5549 99.2737
v -64.6748 85.5549 90.5432
v -66.3403 85.5549 95.9405
v -34.4583 85.5549 88.2038
v -63.6636 88.1798 91.9957
v -64.7343 25.6858 95.3900
v -64.7343 88.1798 95.3900
v -63.6636 25.6858 91.9957
v -61.9684 25.6858 97.4848
v -61.9684 88.1798 97.4848
v -59.2323 25.6858 95.3900
v -59.2323 88.1798 95.3900
v -60.2732 25.6858 91.9957
v -60.2732 88.1798 91.9957
v -63.6636 25.6858 91.9957
v -63.6636 88.1798 91.9957
v -61.9684 25.6858 97.4848
v -64.7343 25.6858 95.3900
v -63.6636 25.6858 91.9957
v -60.2732 25.6858 91.9957
v -59.2323 25.6858 95.3900
v -61.9684 88.1798 97.4848
v -63.6636 88.1798 91.9957
v -64.7343 88.1798 95.3900
v -60.2732 88.1798 91.9957
v -59.2323 88.1798 95.3900
v -64.6748 36.9399 90.5432
v -66.3403 27.7747 95.9405
v -66.3403 36.9399 95.9405
v -64.6748 27.7747 90.5432
v -34.4583 36.9399 88.2038
v -64.6748 27.7747 90.5432
v -64.6748 36.9399 90.5432
v -34.4583 27.7747 88.2038
v -61.9684 36.9399 99.2737
v -34.4583 27.7747 88.2038
v -34.4583 36.9399 88.2038
v -61.9684 27.7747 99.2737
v -66.3403 36.9399 95.9405
v -66.3403 27.7747 95.9405
v -61.9684 27.7747 99.2737
v -66.3403 27.7747 95.9405
v -64.6748 27.7747 90.5432
v -61.9684 27.7747 99.2737
v -64.6748 27.7747 90.5432
v -34.4583 27.7747 88.2038
v -61.9684 36.9399 99.2737
v -64.6748 36.9399 90.5432
v -66.3403 36.9399 95.9405
v -34.4583 36.9399 88.2038
v 13.2159 57.7312 89.0906
v 2.5092 31.8871 89.0906
v 10.4202 43.7428 89.0906
v -9.3573 23.9577 89.0906
v -23.3354 21.1797 89.0906
v -37.3432 23.9577 89.0906
v -49.2097 31.8871 89.0906
v -57.1207 43.7428 89.0906
v -59.9163 57.7312 89.0906
v -57.1207 71.7196 89.0906
v -49.2097 83.5863 89.0906
v -37.3432 91.5047 89.0906
v -23.3354 94.2936 89.0906
v -9.3573 91.5047 89.0906
v 2.5092 83.5863 89.0906
v 10.4202 71.7196 89.0906
v 10.4202 43.7428 89.0906
v 13.2159 57.7312 84.0602
v 13.2159 57.7312 89.0906
v 10.4202 43.7428 84.0602
v 2.5092 31.8871 89.0906
v 2.5092 31.8871 84.0602
v -9.3573 23.9577 89.0906
v -9.3573 23.9577 84.0602
v -23.3354 21.1797 89.0906
v -23.3354 21.1797 84.0602
v -37.3432 23.9577 89.0906
v -37.3432 23.9577 84.0602
v -49.2097 31.8871 89.0906
v -49.2097 31.8871 84.0602
v -57.1207 43.7428 89.0906
v -57.1207 43.7428 84.0602
v -59.9163 57.7312 89.0906
v -59.9163 57.7312 84.0602
v -57.1207 71.7196 89.0906
v -57.1207 71.7196 84.0602
v -49.2097 83.5863 89.0906
v -49.2097 83.5863 84.0602
v -37.3432 91.5047 89.0906
v -37.3432 91.5047 84.0602
v -23.3354 94.2936 89.0906
v -23.3354 94.2936 84.0602
v -9.3573 91.5047 89.0906
v -9.3573 91.5047 84.0602
v 2.5092 83.5863 89.0906
v 2.5092 83.5863 84.0602
v 10.4202 71.7196 89.0906
v 10.4202 71.7196 84.0602
v 15.7438 41.5444 84.0602
v 24.6660 56.1891 67.1955
v 18.9558 57.7312 84.0602
v 21.0674 38.0665 67.1955
v 6.5837 27.8076 84.0602
v 10.8069 22.7109 67.1955
v -7.1565 18.6423 84.0602
v -4.5393 12.4520 67.1955
v -23.3354 15.4159 84.0602
v -22.6513 8.8428 67.1955
v -39.5440 18.6423 84.0602
v -40.7931 12.4520 67.1955
v -53.2841 27.8076 84.0602
v -56.1392 22.7109 67.1955
v 21.0674 74.3008 67.1955
v 15.7438 73.9289 84.0602
v 10.8069 89.6563 67.1955
v 6.5837 87.6548 84.0602
v -4.5393 99.9152 67.1955
v -7.1565 96.8310 84.0602
v -22.6513 103.5244 67.1955
v -23.3354 100.0465 84.0602
v -40.7931 99.9152 67.1955
v -39.5440 96.8310 84.0602
v -56.1392 89.6563 67.1955
v -53.2841 87.6548 84.0602
v -66.3997 74.3008 67.1955
v -62.4442 73.9289 84.0602
v -69.9984 56.1891 67.1955
v -65.6562 57.7312 84.0602
v -66.3997 38.0665 67.1955
v -62.4442 41.5444 84.0602
v -56.1392 22.7109 67.1955
v -53.2841 27.8076 84.0602
v 141.6357 40.2757 20.1026
v 144.7883 40.2757 37.1814
v 141.6357 40.2757 37.1814
v 144.7883 40.2757 20.1026
v 137.5316 46.2255 17.3810
v 144.7883 40.2757 20.1026
v 141.6357 40.2757 20.1026
v 144.7883 46.2255 17.3810
v 135.0631 52.1752 20.1026
v 144.7883 46.2255 17.3810
v 137.5316 46.2255 17.3810
v 144.7883 52.1752 20.1026
v 134.1114 52.1752 37.1814
v 144.7883 52.1752 20.1026
v 135.0631 52.1752 20.1026
v 144.7883 52.1752 37.1814
v 144.7883 46.2255 39.9183
v 134.1114 52.1752 37.1814
v 137.8587 46.2255 39.9183
v 144.7883 52.1752 37.1814
v 144.7883 40.2757 37.1814
v 141.6357 40.2757 37.1814
v 144.7883 52.1752 37.1814
v 144.7883 46.2255 39.9183
v 144.7883 40.2757 37.1814
v 144.7883 52.1752 20.1026
v 144.7883 40.2757 20.1026
v 144.7883 46.2255 17.3810
v 40.7556 58.0484 78.4947
v 47.9826 61.0560 69.2902
v 47.9826 61.0560 78.4947
v 40.7556 58.0484 71.2932
v 33.4989 61.0560 78.4947
v 33.4989 61.0560 72.0883
v 30.4951 68.2963 71.1709
v 30.4951 68.2963 78.4947
v 33.4989 75.5476 69.4125
v 30.4951 68.2963 78.4947
v 33.4989 75.5476 78.4947
v 30.4951 68.2963 71.1709
v 40.7556 78.5443 67.0579
v 40.7556 78.5443 78.4947
v 47.9826 75.5476 66.1711
v 47.9826 75.5476 78.4947
v 47.9826 75.5476 66.1711
v 47.9826 61.0560 78.4947
v 47.9826 61.0560 69.2902
v 47.9826 75.5476 78.4947
v 40.7556 68.2963 78.4947
v 40.7556 58.0484 78.4947
v 47.9826 61.0560 78.4947
v 33.4989 61.0560 78.4947
v 30.4951 68.2963 78.4947
v 33.4989 75.5476 78.4947
v 40.7556 78.5443 78.4947
v 47.9826 75.5476 78.4947
v 49.4696 -89.1746 79.2592
v 57.5888 -85.0623 61.0795
v 57.5888 -85.0623 79.2592
v 49.4696 -89.1746 61.0795
v 40.4582 -87.7310 79.2592
v 40.4582 -87.7310 61.0795
v 60.3250 -67.9678 79.2592
v 60.3250 -67.9678 61.0795
v 53.9010 -61.5150 61.0795
v 53.9010 -61.5150 79.2592
v 44.9193 -60.0713 61.0795
v 44.9193 -60.0713 79.2592
v 36.8001 -64.1836 61.0795
v 36.8001 -64.1836 79.2592
v 32.6364 -72.2879 61.0795
v 32.6364 -72.2879 79.2592
v 34.0343 -81.2891 61.0795
v 34.0343 -81.2891 79.2592
v 40.4582 -87.7310 61.0795
v 40.4582 -87.7310 79.2592
v 47.1796 -74.6284 79.2592
v 49.4696 -89.1746 79.2592
v 57.5888 -85.0623 79.2592
v 40.4582 -87.7310 79.2592
v 34.0343 -81.2891 79.2592
v 32.6364 -72.2879 79.2592
v 36.8001 -64.1836 79.2592
v 44.9193 -60.0713 79.2592
v 53.9010 -61.5150 79.2592
v 60.3250 -67.9678 79.2592
v 1.7657 -155.0263 5.6384
v 2.9554 -139.1677 20.4084
v 2.0631 -150.3781 23.3288
v 2.6282 -143.8268 2.7027
v 1.7657 -155.0263 5.6384
v -35.4695 -140.8520 2.6110
v 2.6282 -143.8268 2.7027
v -36.3617 -152.0624 5.5313
v -35.8561 -144.5487 34.0929
v 2.0631 -150.3781 23.3288
v -8.9409 -146.6486 34.1540
v -36.3617 -152.0624 5.5313
v 1.7657 -155.0263 5.6384
v -8.0487 -135.4382 31.2337
v -35.8561 -144.5487 34.0929
v -8.9409 -146.6486 34.1540
v -34.9639 -133.3383 31.1725
v -35.4695 -140.8520 2.6110
v -35.8561 -144.5487 34.0929
v -34.9639 -133.3383 31.1725
v -36.3617 -152.0624 5.5313
v 2.0631 -150.3781 23.3288
v -8.0487 -135.4382 31.2337
v -8.9409 -146.6486 34.1540
v 2.9554 -139.1677 20.4084
v 101.9618 109.1023 19.3076
v 65.4106 132.7919 23.3747
v 101.5752 108.3476 21.5552
v 65.8270 133.5356 21.1118
v 101.4265 106.3243 18.2831
v 65.0537 131.8513 20.4237
v 22.1678 143.1055 16.6930
v 23.8927 145.3256 17.7327
v 20.0562 143.2367 16.3719
v 19.6398 142.4930 18.6195
v 23.5061 144.5819 19.9803
v 21.7811 142.3617 18.9406
v 64.6373 131.0966 22.6713
v 65.0537 131.8513 20.4237
v 22.1678 143.1055 16.6930
v 18.0933 134.3012 15.6380
v 18.4799 135.0449 13.3751
v 16.1899 134.8699 15.6227
v 16.6955 135.8761 13.3445
v 18.4799 135.0449 13.3751
v 101.4265 106.3243 18.2831
v 101.0101 105.5697 20.5460
v 97.7386 98.2637 14.9805
v 97.3520 97.5091 17.2281
v 99.1364 96.6779 17.2740
v 102.4971 104.0385 20.2861
v 99.5528 97.4216 15.0111
v 102.8838 104.7822 18.0385
v 97.7386 98.2637 14.9805
v -107.1444 115.3911 9.9807
v -49.3584 146.7146 11.4944
v -49.7153 147.3490 9.9196
v -106.7875 114.7567 11.5556
v -101.2855 106.0399 7.4732
v -101.6423 106.6633 5.9136
v -105.3302 114.7895 9.6596
v -100.3932 107.3524 5.8983
v -50.3993 145.0085 9.6138
v -44.0943 137.0463 7.1674
v -45.3434 136.3573 7.1674
v -43.7374 136.4229 8.7269
v -50.0424 144.3851 11.1733
v -44.9865 135.7339 8.7422
v -50.3993 145.0085 9.6138
v -45.3434 136.3573 7.1674
v -105.3302 114.7895 9.6596
v -104.9733 114.1552 11.2345
v -100.0364 106.7290 7.4579
v -100.3932 107.3524 5.8983
v -103.0402 111.9787 26.4938
v -52.4514 139.5837 27.1054
v -52.5406 139.6821 25.5764
v -102.9807 111.8803 28.0381
v -99.1144 101.1511 27.5794
v -99.2036 101.2495 26.0504
v -101.1962 111.3116 26.4326
v -98.0735 101.8511 26.0198
v -52.6001 138.8837 25.5305
v -43.1129 130.4951 26.5550
v -44.2430 129.9045 26.5855
v -43.0236 130.3967 28.0992
v -52.8975 137.5823 27.0595
v -44.1538 129.8060 28.1145
v -52.6001 138.8837 25.5305
v -44.2430 129.9045 26.5855
v -101.1962 111.3116 26.4326
v -101.1070 111.2132 27.9769
v -97.9843 101.7526 27.5641
v -98.0735 101.8511 26.0198
v -108.0961 109.3429 11.4791
v -49.3584 141.4211 42.2424
v -108.0961 109.3429 42.2424
v -49.3584 141.4211 11.4791
v -116.4234 124.0641 11.4791
v -57.7155 156.1423 42.2424
v -57.7155 156.1423 11.4791
v -116.4234 124.0641 42.2424
v -108.0961 109.3429 11.4791
v -57.7155 156.1423 11.4791
v -49.3584 141.4211 11.4791
v -116.4234 124.0641 11.4791
v -49.3584 141.4211 11.4791
v -57.7155 156.1423 42.2424
v -49.3584 141.4211 42.2424
v -57.7155 156.1423 11.4791
v -49.3584 141.4211 42.2424
v -116.4234 124.0641 42.2424
v -108.0961 109.3429 42.2424
v -57.7155 156.1423 42.2424
v -108.0961 109.3429 42.2424
v -116.4234 124.0641 11.4791
v -108.0961 109.3429 11.4791
v -116.4234 124.0641 42.2424
v -86.7423 97.1153 59.3671
v -76.9576 95.1576 48.2513
v -78.1175 96.0763 47.4715
v -85.7609 96.1420 60.3303
v -115.0851 96.2623 70.7733
v -114.5795 95.2014 72.0271
v -137.7772 94.1952 70.7274
v -137.2121 93.1015 71.9354
v -151.3686 81.2785 68.0211
v -150.2385 80.7317 69.1985
v -171.8599 43.6443 68.4034
v -170.7595 42.7475 69.5960
v -176.1128 -2.5317 68.5104
v -175.1016 -2.5317 69.7030
v -170.7595 -47.8109 69.5960
v -171.8599 -48.7077 68.4034
v -175.1314 -2.5317 67.3178
v -170.7595 -47.8109 67.2261
v -151.3686 -86.3420 68.0211
v -150.2682 -85.7514 66.8285
v -137.7772 -99.2586 70.7274
v -137.2716 -98.0664 69.5501
v -115.0851 -101.3257 70.7733
v -115.2041 -100.0351 69.6877
v -86.7423 -102.1787 59.3671
v -87.2182 -100.8335 58.4497
v -78.1175 -101.1397 47.4715
v -78.7123 -99.7726 46.7070
v -76.9576 -100.2210 48.2513
v -85.7609 -101.2053 60.3303
v -77.5525 -98.8429 47.4715
v -86.2070 -99.8601 59.4282
v -78.7123 -99.7726 46.7070
v -87.2182 -100.8335 58.4497
v -114.7282 -98.9742 70.9415
v -115.2041 -100.0351 69.6877
v -136.7363 -96.9727 70.7580
v -137.2716 -98.0664 69.5501
v -149.1381 -85.2045 68.0059
v -150.2682 -85.7514 66.8285
v -169.8673 -46.7172 68.4187
v -170.7595 -47.8109 67.2261
v -174.2094 -2.5317 68.5104
v -175.1314 -2.5317 67.3178
v -170.7595 42.7475 67.2261
v -169.8673 41.6538 68.4187
v -150.2682 80.6880 66.8285
v -149.1381 80.1411 68.0059
v -137.2716 93.0140 69.5501
v -136.7363 91.9093 70.7580
v -115.2041 94.9717 69.6877
v -114.7282 93.9108 70.9415
v -87.2182 95.7701 58.4497
v -86.2070 94.7967 59.4282
v -78.7123 94.7092 46.7070
v -77.5525 93.7796 47.4715
v -150.2385 -85.7951 69.1985
v -137.2121 -98.1649 71.9354
v -114.5795 -100.2648 72.0271
v -87.2182 95.7701 58.4497
v -78.7123 94.7092 46.7070
v -115.2041 94.9717 69.6877
v -137.2716 93.0140 69.5501
v -150.2682 80.6880 66.8285
v -170.7595 42.7475 67.2261
v -115.0256 96.2732 37.5790
v -91.1142 98.2965 35.0408
v -92.0956 99.2590 34.0776
v -114.5498 95.2123 38.8327
v -137.7772 94.2608 38.7716
v -137.2121 93.1561 39.9795
v -151.3389 81.2129 39.3679
v -150.2088 80.6661 40.5452
v -171.6815 42.4303 39.3679
v -170.7595 42.4413 40.5452
v -149.0786 80.0864 39.3526
v -169.8078 42.3756 39.3526
v -150.2088 80.6333 38.1753
v -170.7595 42.4413 38.1753
v -137.3013 93.0468 37.6096
v -136.7363 91.9531 38.8174
v -115.1743 94.9826 36.4934
v -114.6687 93.9217 37.7472
v -92.5715 97.9247 33.1602
v -91.5603 96.9513 34.1387
v -115.1743 94.9826 36.4934
v -92.5715 97.9247 33.1602
v -137.3013 93.0468 37.6096
v -150.2088 80.6333 38.1753
v -170.7595 42.4413 38.1753
v -166.3876 52.6674 68.0823
v -165.4062 53.6407 39.4290
v -166.3579 52.6783 39.3985
v -165.4062 53.6298 68.1129
v -164.4545 52.6674 39.4443
v -164.4248 52.6564 68.1588
v -165.4062 51.7049 39.4290
v -165.4062 51.6940 68.1129
v -165.4062 51.6940 68.1129
v -165.4062 51.7049 39.4290
v -160.1124 63.7684 68.0823
v -159.1309 64.7527 39.4290
v -160.0826 63.7794 39.3985
v -159.1607 64.7418 68.1129
v -159.1607 62.7950 68.1129
v -159.1309 62.8060 39.4290
v -158.1792 63.7684 68.1588
v -158.1792 63.7794 39.4443
v -159.1607 64.7418 68.1129
v -159.1309 64.7527 39.4290
v -153.9263 75.5804 68.0823
v -153.0341 76.4772 39.4290
v -153.9858 75.5148 39.3985
v -152.9449 76.5538 68.1129
v -152.9746 74.6070 68.1129
v -153.0341 74.5414 39.4290
v -151.9932 75.5694 68.1588
v -152.0824 75.5038 39.4443
v -152.9449 76.5538 68.1129
v -153.0341 76.4772 39.4290
v -147.5916 84.3300 68.6328
v -146.6101 85.2596 39.1233
v -147.5618 84.2862 39.1080
v -146.6101 85.3034 68.6786
v -145.6584 84.2753 39.1385
v -145.6584 84.3300 68.7092
v -146.6101 83.3129 39.1233
v -146.6399 83.3566 68.6786
v -146.6399 83.3566 68.6786
v -146.6101 83.3129 39.1233
v -138.6991 92.3905 70.8651
v -137.7772 93.4077 38.6951
v -138.7289 92.4343 38.6646
v -137.7474 93.3530 70.9109
v -136.8255 92.4343 38.7104
v -136.7660 92.3796 70.9415
v -137.7772 91.4609 38.6951
v -137.7474 91.7562 70.9109
v -138.7289 92.4343 38.6646
v -138.6991 92.3905 70.8651
v -125.6728 94.0639 70.6051
v -124.6616 95.1029 38.0529
v -125.6133 94.1405 38.0377
v -124.6913 95.0373 70.6204
v -123.7099 94.1295 38.0835
v -123.7396 94.0530 70.6204
v -124.6616 93.1671 38.0682
v -124.7211 93.0905 70.6204
v -124.7211 93.0905 70.6204
v -124.6616 93.1671 38.0682
v -113.2114 95.2670 69.9171
v -112.2003 96.2513 37.3190
v -113.1817 95.2779 37.3037
v -112.2300 96.2404 69.6725
v -112.2300 94.2936 69.9477
v -112.2300 94.3045 37.3190
v -111.2783 95.2561 69.9935
v -111.2486 95.2779 37.3496
v -112.2300 96.2404 69.6725
v -112.2003 96.2513 37.3190
v -171.8302 43.6443 13.6503
v -133.7919 43.5678 14.9499
v -133.7919 44.6724 13.7420
v -170.8190 42.6491 14.8429
v -176.1128 -2.5317 13.6503
v -175.1016 -2.5317 14.8429
v -170.8190 -47.7125 14.8429
v -171.8302 -48.7077 13.6503
v -133.7919 -48.6312 14.9499
v -133.7919 -49.7358 13.7420
v -133.7622 -47.4390 13.7726
v -169.9268 -46.6625 13.6503
v -133.7919 -48.5437 12.5647
v -170.8487 -47.6796 12.4577
v -133.7919 -49.7358 13.7420
v -171.8302 -48.7077 13.6503
v -175.1314 -2.5317 12.4577
v -176.1128 -2.5317 13.6503
v -171.8302 43.6443 13.6503
v -170.8487 42.6163 12.4577
v -133.7919 44.6724 13.7420
v -133.7919 43.4803 12.5647
v -169.9268 41.5991 13.6503
v -133.7622 42.3756 13.7726
v -174.2094 -2.5317 13.6503
v -170.6703 43.2615 39.0009
v -123.8586 43.2397 42.5023
v -123.8586 44.3334 41.2944
v -170.6703 42.4522 40.1935
v -170.7298 42.4194 37.8083
v -123.8586 43.1412 40.1324
v -170.6405 41.5007 39.0009
v -123.8288 42.0475 41.3403
v -170.6703 42.4522 40.1935
v -123.8586 43.2397 42.5023
v -175.0421 4.7086 68.2964
v -174.1202 5.6929 13.4515
v -175.1016 4.7195 13.4362
v -174.2094 5.6820 68.3422
v -174.2094 3.7352 68.3422
v -174.1499 3.7461 13.4515
v -173.5254 4.7086 68.3728
v -173.1685 4.7195 13.4821
v -174.2094 5.6820 68.3422
v -174.1202 5.6929 13.4515
v -174.0607 17.6033 68.2964
v -172.7819 18.5877 13.4515
v -173.7336 17.6143 13.4362
v -173.1982 18.5658 68.3422
v -173.2280 16.6299 68.3422
v -172.7819 16.6409 13.4515
v -172.3655 17.5924 68.3728
v -171.8302 17.6033 13.4821
v -173.1982 18.5658 68.3422
v -172.7819 18.5877 13.4515
v -172.7521 30.3340 68.2964
v -171.8004 31.3183 13.4515
v -172.7521 30.3449 13.4362
v -171.9194 31.3074 68.3422
v -171.9194 29.3606 68.3422
v -171.8004 29.3715 13.4515
v -171.0569 30.3231 68.3728
v -170.8487 30.3340 13.4821
v -171.9194 31.3074 68.3422
v -171.8004 31.3183 13.4515
v -171.7707 42.4194 67.8530
v -170.7892 43.3818 13.7267
v -171.7410 42.4194 13.6962
v -170.7892 43.3818 67.8835
v -169.8376 42.4084 14.3995
v -169.8078 42.4084 67.9294
v -170.7892 41.3147 14.3842
v -170.7892 41.3147 67.8835
v -170.7892 41.3147 67.8835
v -170.7892 41.3147 14.3842
v -174.4473 4.7086 12.8399
v -140.2754 5.5070 9.4456
v -140.3943 4.7195 8.6658
v -174.3284 5.4961 13.6350
v -174.3284 3.9211 13.6197
v -140.2754 3.9321 9.4456
v -174.2392 4.7086 14.4148
v -140.1564 4.7195 10.2101
v -174.3284 5.4961 13.6350
v -140.2754 5.5070 9.4456
v -173.0793 17.6033 12.8399
v -139.2345 18.4017 9.4456
v -139.3534 17.6143 8.6658
v -172.9901 18.3908 13.6350
v -172.9901 16.8049 13.6197
v -139.2345 16.8159 9.4456
v -172.8711 17.5924 14.4148
v -139.1155 17.6033 10.2101
v -172.9901 18.3908 13.6350
v -139.2345 18.4017 9.4456
v -172.0978 30.3340 12.8399
v -138.5207 31.1324 9.4456
v -138.6397 30.3449 8.6658
v -172.0086 31.1215 13.6350
v -172.0086 29.5356 13.6197
v -138.5207 29.5465 9.4456
v -171.8896 30.3340 14.4148
v -138.4017 30.3340 10.2101
v -172.0086 31.1215 13.6350
v -138.5207 31.1324 9.4456
v -161.6886 42.6053 39.3832
v -160.7072 43.7756 13.6350
v -161.6886 42.8787 13.7573
v -160.7072 43.4256 39.4290
v -159.7555 42.8678 13.8032
v -159.7555 42.6053 39.4749
v -160.7369 41.7741 39.4290
v -160.7369 41.9819 13.7726
v -159.7555 42.6053 39.4749
v -159.7555 42.8678 13.8032
v -150.5954 42.7475 39.9030
v -149.6139 43.9615 13.7726
v -150.5656 43.0647 13.7573
v -149.6139 43.5678 39.9336
v -148.6622 43.0537 13.8032
v -148.6622 42.7366 39.9795
v -149.6139 41.9163 39.9336
v -149.6139 42.1678 13.7726
v -148.6622 42.7366 39.9795
v -148.6622 43.0537 13.8032
v -137.7474 43.0319 40.5605
v -136.7660 44.0381 13.7726
v -137.7177 43.0647 13.7573
v -136.7660 43.8631 40.6064
v -135.8143 43.0537 13.8032
v -135.8143 43.0319 40.6522
v -136.7660 42.2116 40.6064
v -136.7660 42.0913 13.7726
v -135.8143 43.0319 40.6522
v -135.8143 43.0537 13.8032
v -165.3467 52.6236 38.7869
v -123.7396 53.3236 35.3925
v -123.8586 52.5361 34.6127
v -165.2575 53.4111 39.5667
v -165.2575 51.8252 39.5667
v -123.7396 51.7487 35.3772
v -165.1385 52.6236 40.3464
v -123.6207 52.5361 36.1570
v -165.2575 53.4111 39.5667
v -123.7396 53.3236 35.3925
v -159.3391 63.7575 38.7869
v -118.4755 64.4574 35.3925
v -118.5945 63.6700 34.6127
v -159.2202 64.5449 39.5667
v -159.2202 62.9591 39.5667
v -118.5053 62.8716 35.3772
v -159.3094 63.7465 40.3464
v -118.3863 63.6590 36.1570
v -159.2202 64.5449 39.5667
v -118.4755 64.4574 35.3925
v -153.4505 75.6788 38.7869
v -111.8434 76.3788 35.3925
v -111.9623 75.5913 34.6127
v -153.3613 76.4663 39.5667
v -153.3613 74.8913 39.5667
v -111.8434 74.8038 35.3772
v -153.2423 75.6788 40.3464
v -111.7244 75.5913 36.1570
v -153.3613 76.4663 39.5667
v -111.8434 76.3788 35.3925
v -115.0256 -101.3366 37.5790
v -88.1104 -103.5677 35.0408
v -114.5498 -100.2757 38.8327
v -89.1216 -104.5411 34.0776
v -115.1743 -100.0460 36.4934
v -89.5677 -103.1959 33.1602
v -137.3013 -98.1102 37.6096
v -137.7772 -99.3242 38.7716
v -137.2121 -98.2195 39.9795
v -114.6687 -98.9851 37.7472
v -136.7363 -97.0165 38.8174
v -115.1743 -100.0460 36.4934
v -137.3013 -98.1102 37.6096
v -149.0786 -85.1498 39.3526
v -150.2088 -85.6967 38.1753
v -169.8078 -47.4390 39.3526
v -170.7595 -47.5047 38.1753
v -170.7595 -47.5047 40.5452
v -150.2088 -85.7295 40.5452
v -171.6815 -47.4937 39.3679
v -151.3389 -86.2763 39.3679
v -170.7595 -47.5047 38.1753
v -150.2088 -85.6967 38.1753
v -89.5677 -103.1959 33.1602
v -88.5862 -102.2334 34.1387
v -166.3876 -57.7308 68.0823
v -165.4062 -58.7041 39.4290
v -165.4062 -58.6932 68.1129
v -166.3579 -57.7417 39.3985
v -165.4062 -56.7574 68.1129
v -165.4062 -56.7683 39.4290
v -164.4545 -57.7308 39.4443
v -164.4248 -57.7198 68.1588
v -165.4062 -56.7683 39.4290
v -165.4062 -56.7574 68.1129
v -160.1124 -68.8318 68.0823
v -159.1309 -69.8161 39.4290
v -159.1607 -69.8052 68.1129
v -160.0826 -68.8428 39.3985
v -159.1607 -67.8584 68.1129
v -159.1309 -67.8694 39.4290
v -158.1792 -68.8318 68.1588
v -158.1792 -68.8428 39.4443
v -159.1607 -69.8052 68.1129
v -159.1309 -69.8161 39.4290
v -153.9263 -80.6438 68.0823
v -153.0341 -81.5406 39.4290
v -152.9449 -81.6172 68.1129
v -153.9858 -80.5782 39.3985
v -152.9746 -79.6704 68.1129
v -153.0341 -79.6048 39.4290
v -151.9932 -80.6328 68.1588
v -152.0824 -80.5672 39.4443
v -152.9449 -81.6172 68.1129
v -153.0341 -81.5406 39.4290
v -147.5916 -89.3934 68.6328
v -146.6101 -90.3230 39.1233
v -146.6101 -90.3668 68.6786
v -147.5618 -89.3496 39.1080
v -146.6399 -88.4200 68.6786
v -146.6101 -88.3762 39.1233
v -145.6584 -89.3387 39.1385
v -145.6584 -89.3824 68.7092
v -146.6101 -88.3762 39.1233
v -146.6399 -88.4200 68.6786
v -138.6991 -97.4539 70.8651
v -137.7772 -98.4711 38.6951
v -137.7474 -98.4164 70.9109
v -138.7289 -97.4977 38.6646
v -137.7474 -96.4806 70.6357
v -137.7772 -96.5243 38.6951
v -136.8255 -97.4977 38.7104
v -136.7660 -97.4430 70.9415
v -137.7772 -96.5243 38.6951
v -137.7474 -96.4806 70.6357
v -125.6728 -99.1273 70.6051
v -124.6616 -100.1663 38.0529
v -124.6913 -100.1007 70.6204
v -125.6133 -99.2039 38.0377
v -124.7211 -98.1539 70.6204
v -124.6616 -98.2305 38.0682
v -123.7099 -99.1929 38.0835
v -123.7396 -99.1164 70.6204
v -124.6616 -98.2305 38.0682
v -124.7211 -98.1539 70.6204
v -113.2114 -100.3304 69.9171
v -112.2003 -101.3147 37.3190
v -112.2300 -101.3038 69.5807
v -113.1817 -100.3413 37.3037
v -112.2300 -99.3570 69.9477
v -112.2300 -99.3679 37.3190
v -111.2486 -100.3413 37.3496
v -111.2783 -100.3194 69.9935
v -112.2300 -99.3679 37.3190
v -112.2300 -99.3570 69.9477
v -170.6703 -48.3249 39.0009
v -122.1039 -48.3031 42.5023
v -170.6703 -47.5156 40.1935
v -122.1336 -49.3968 41.2944
v -170.7298 -47.4828 37.8083
v -122.1039 -48.2046 40.1324
v -170.6405 -46.5641 39.0009
v -122.1039 -47.1109 41.3403
v -170.6703 -47.5156 40.1935
v -122.1039 -48.3031 42.5023
v -175.0421 -9.7720 68.2964
v -174.1202 -10.7563 13.4515
v -174.2094 -10.7454 68.3422
v -175.1016 -9.7829 13.4362
v -174.2094 -8.7986 68.3422
v -174.1499 -8.8095 13.4515
v -173.5254 -9.7611 68.3728
v -173.1685 -9.7829 13.4821
v -174.2094 -10.7454 68.3422
v -174.1202 -10.7563 13.4515
v -174.0607 -22.6667 68.2964
v -172.7819 -23.6510 13.4515
v -173.1982 -23.6292 68.3422
v -173.7336 -22.6777 13.4362
v -173.2280 -21.6933 68.3422
v -172.7819 -21.7043 13.4515
v -172.3655 -22.6558 68.3728
v -171.8302 -22.6667 13.4821
v -173.1982 -23.6292 68.3422
v -172.7819 -23.6510 13.4515
v -172.7521 -35.3974 68.2964
v -171.8004 -36.3817 13.4515
v -171.9194 -36.3598 68.3422
v -172.7521 -35.4083 13.4362
v -171.9194 -34.4240 68.3422
v -171.8004 -34.4349 13.4515
v -171.0569 -35.3865 68.3728
v -170.8487 -35.3974 13.4821
v -171.9194 -36.3598 68.3422
v -171.8004 -36.3817 13.4515
v -171.7707 -47.4828 67.8530
v -170.7892 -48.4452 13.7267
v -170.7892 -48.4452 67.8835
v -171.7410 -47.4828 13.6962
v -170.7892 -46.3781 67.8835
v -170.7892 -46.3781 14.3842
v -169.8376 -47.4718 14.3995
v -169.8078 -47.4718 67.9294
v -170.7892 -46.3781 14.3842
v -170.7892 -46.3781 67.8835
v -174.4473 -9.7720 12.8399
v -140.2754 -10.5704 9.4456
v -174.3284 -10.5595 13.6350
v -140.3943 -9.7829 8.6658
v -174.3284 -8.9845 13.6197
v -140.2754 -8.9845 9.4456
v -174.2392 -9.7720 14.4148
v -140.1564 -9.7829 10.2101
v -174.3284 -10.5595 13.6350
v -140.2754 -10.5704 9.4456
v -173.0793 -22.6667 12.8399
v -139.2345 -23.4651 9.4456
v -172.9901 -23.4542 13.6350
v -139.3534 -22.6777 8.6658
v -172.9901 -21.8683 13.6197
v -139.2345 -21.8793 9.4456
v -172.8711 -22.6558 14.4148
v -139.1155 -22.6667 10.2101
v -172.9901 -23.4542 13.6350
v -139.2345 -23.4651 9.4456
v -172.0978 -35.3974 12.8399
v -138.5207 -36.1958 9.4456
v -172.0086 -36.1849 13.6350
v -138.6397 -35.4083 8.6658
v -172.0086 -34.5990 13.6197
v -138.5207 -34.6099 9.4456
v -171.8896 -35.3865 14.4148
v -138.4017 -35.3974 10.2101
v -172.0086 -36.1849 13.6350
v -138.5207 -36.1958 9.4456
v -161.6886 -47.6687 39.3832
v -160.7072 -48.8390 13.6350
v -160.7072 -48.4890 39.4290
v -161.6886 -47.9421 13.7573
v -160.7369 -46.8375 39.4290
v -160.7369 -47.0453 13.7726
v -159.7555 -47.6578 39.4749
v -159.7555 -47.9312 13.8032
v -159.7555 -47.9312 13.8032
v -159.7555 -47.6578 39.4749
v -150.5954 -47.8109 39.9030
v -149.6139 -49.0249 13.7726
v -149.6139 -48.6312 39.9336
v -150.5656 -48.1281 13.7573
v -149.6139 -46.9797 39.9336
v -149.6139 -47.2312 13.7726
v -148.6622 -47.8000 39.9795
v -148.6622 -48.1171 13.8032
v -148.6622 -48.1171 13.8032
v -148.6622 -47.8000 39.9795
v -137.7474 -48.0953 40.5605
v -136.7660 -49.1015 13.7726
v -136.7660 -48.9265 40.6064
v -137.7177 -48.1281 13.7573
v -136.7660 -47.2750 40.6064
v -136.7660 -47.1547 13.7726
v -135.8143 -48.0953 40.6522
v -135.8143 -48.1171 13.8032
v -135.8143 -48.1171 13.8032
v -135.8143 -48.0953 40.6522
v -165.3467 -57.6870 38.7869
v -121.9849 -58.3870 35.3925
v -165.2575 -58.4745 39.5667
v -122.1039 -57.5995 34.6127
v -165.2575 -56.8886 39.5667
v -121.9849 -56.8120 35.3772
v -165.1385 -57.6870 40.3464
v -121.8660 -57.5995 36.1570
v -165.2575 -58.4745 39.5667
v -121.9849 -58.3870 35.3925
v -159.4581 -68.8209 38.7869
v -116.7506 -69.5208 35.3925
v -159.3391 -69.6083 39.5667
v -116.8695 -68.7334 34.6127
v -159.3391 -68.0225 39.5667
v -116.7506 -67.9350 35.3772
v -159.4283 -68.8099 40.3464
v -116.6316 -68.7224 36.1570
v -159.3391 -69.6083 39.5667
v -116.7506 -69.5208 35.3925
v -153.4505 -80.7422 38.7869
v -109.0180 -81.4422 35.3925
v -153.3613 -81.5297 39.5667
v -109.1370 -80.6547 34.6127
v -153.3613 -79.9438 39.5667
v -109.0180 -79.8672 35.3772
v -153.2423 -80.7422 40.3464
v -108.8991 -80.6547 36.1570
v -153.3613 -81.5297 39.5667
v -109.0180 -81.4422 35.3925
v -6.2048 124.6985 63.6635
v 3.4312 114.6583 60.2539
v -1.6842 123.4407 63.6635
v -9.1194 115.5332 58.4038
v -2.5467 137.9213 43.2362
v -1.6842 123.4407 63.6635
v 1.9739 136.6636 43.2209
v -6.2048 124.6985 63.6635
v 6.9406 128.0889 39.7501
v 3.4312 114.6583 60.2539
v -2.5467 137.9213 43.2362
v 6.9406 128.0889 39.7501
v -5.5207 128.5811 37.8389
v 1.9739 136.6636 43.2209
v -9.1194 115.5332 58.4038
v 6.9406 128.0889 39.7501
v 3.4312 114.6583 60.2539
v -5.5207 128.5811 37.8389
v -2.5467 137.9213 43.2362
v -9.1194 115.5332 58.4038
v -6.2048 124.6985 63.6635
v -5.5207 128.5811 37.8389
v -3.1712 126.5359 56.4314
v 17.6175 130.0138 69.4278
v 18.1528 132.9012 65.6665
v -3.6768 123.6485 60.1774
v 19.4911 125.6828 69.2902
v -1.8329 119.3175 60.0551
v 21.8406 124.2391 65.4066
v 0.5464 117.8738 56.1562
v 22.3462 127.1265 61.6453
v 1.0519 120.7612 52.4102
v 20.5023 131.4466 61.7676
v -0.8217 125.0922 52.5325
v 18.1528 132.9012 65.6665
v -3.1712 126.5359 56.4314
v 17.6175 130.0138 69.4278
v 20.5023 131.4466 61.7676
v 18.1528 132.9012 65.6665
v 22.3462 127.1265 61.6453
v 19.4911 125.6828 69.2902
v 21.8406 124.2391 65.4066
v 0.0408 133.6449 46.6306
v 20.8592 137.1229 59.6270
v 21.3648 140.0103 55.8810
v -0.4648 130.7576 50.3919
v 22.7031 132.7919 59.5047
v 1.4088 126.4265 50.2543
v 25.0526 131.3482 55.6057
v 3.7583 124.9828 46.3707
v 25.5582 134.2246 51.8597
v 4.2639 127.8593 42.6093
v 23.7143 138.5556 51.9821
v 2.4200 132.1903 42.7469
v 21.3648 140.0103 55.8810
v 0.0408 133.6449 46.6306
v 20.8592 137.1229 59.6270
v 23.7143 138.5556 51.9821
v 21.3648 140.0103 55.8810
v 25.5582 134.2246 51.8597
v 22.7031 132.7919 59.5047
v 25.0526 131.3482 55.6057
v 32.8149 113.7833 63.6635
v 38.4061 101.0527 60.2539
v 36.6217 111.0491 63.6635
v 26.9263 106.1712 58.4038
v 40.7854 124.9500 43.2362
v 36.6217 111.0491 63.6635
v 44.5922 122.2158 43.2209
v 32.8149 113.7833 63.6635
v 46.3171 112.4490 39.7501
v 38.4061 101.0527 60.2539
v 40.7854 124.9500 43.2362
v 46.3171 112.4490 39.7501
v 34.7778 117.1957 37.8389
v 44.5922 122.2158 43.2209
v 26.9263 106.1712 58.4038
v 46.3171 112.4490 39.7501
v 38.4061 101.0527 60.2539
v 34.7778 117.1957 37.8389
v 40.7854 124.9500 43.2362
v 26.9263 106.1712 58.4038
v 32.8149 113.7833 63.6635
v 34.7778 117.1957 37.8389
v 36.2946 114.4724 56.4314
v 57.0237 110.6007 69.4278
v 58.4810 113.1380 65.6665
v 34.8075 111.9350 60.1774
v 57.2617 105.8978 69.2902
v 35.0752 107.2321 60.0551
v 58.9866 103.7322 65.4066
v 36.8001 105.0665 56.1562
v 60.4439 106.2696 61.6453
v 38.2574 107.5930 52.4102
v 60.2060 110.9725 61.7676
v 37.9898 112.2959 52.5325
v 58.4810 113.1380 65.6665
v 36.2946 114.4724 56.4314
v 57.0237 110.6007 69.4278
v 60.2060 110.9725 61.7676
v 58.4810 113.1380 65.6665
v 60.4439 106.2696 61.6453
v 57.2617 105.8978 69.2902
v 58.9866 103.7322 65.4066
v 41.7371 120.0393 46.6306
v 62.4663 116.1785 59.6270
v 63.9533 118.7050 55.8810
v 40.2798 117.5019 50.3919
v 62.7339 111.4756 59.5047
v 40.5475 112.7990 50.2543
v 64.4589 109.2991 55.6057
v 42.2427 110.6335 46.3707
v 65.9162 111.8365 51.8597
v 43.7297 113.1709 42.6093
v 65.6485 116.5394 51.9821
v 43.4620 117.8738 42.7469
v 63.9533 118.7050 55.8810
v 41.7371 120.0393 46.6306
v 62.4663 116.1785 59.6270
v 65.6485 116.5394 51.9821
v 63.9533 118.7050 55.8810
v 65.9162 111.8365 51.8597
v 62.7339 111.4756 59.5047
v 64.4589 109.2991 55.6057
v -193.3921 -58.7041 69.2749
v -188.6633 -68.2193 73.0821
v -188.7228 -58.6932 73.1891
v -193.2731 -68.2412 69.2137
v -195.4739 -58.7041 63.5565
v -195.3550 -68.2412 63.5412
v -194.4330 -58.7041 57.5629
v -194.2843 -68.2412 57.6087
v -190.5073 -58.6932 52.8994
v -190.4180 -68.2193 52.9912
v -184.7971 -58.6713 50.8200
v -184.7673 -68.2084 50.9270
v -178.7895 -58.6604 51.8750
v -178.8192 -68.1865 51.9668
v -174.1202 -58.6495 55.7892
v -174.1797 -68.1756 55.8504
v -182.7152 -68.2084 74.1371
v -182.7450 -58.6713 74.2441
v -177.0645 -68.1865 72.0730
v -177.0050 -58.6604 72.1647
v -173.1685 -68.1756 67.4554
v -173.1090 -58.6495 67.5013
v -172.1276 -68.1756 61.5077
v -172.0383 -58.6385 61.5077
v -174.1797 -68.1756 55.8504
v -174.1202 -58.6495 55.7892
v -184.7673 -68.2084 50.9270
v -194.2843 -68.2412 57.6087
v -190.4180 -68.2193 52.9912
v -178.8192 -68.1865 51.9668
v -195.3550 -68.2412 63.5412
v -174.1797 -68.1756 55.8504
v -193.2731 -68.2412 69.2137
v -172.1276 -68.1756 61.5077
v -188.6633 -68.2193 73.0821
v -173.1685 -68.1756 67.4554
v -182.7152 -68.2084 74.1371
v -177.0645 -68.1865 72.0730
v -190.5073 -58.6932 52.8994
v -172.0383 -58.6385 61.5077
v -174.1202 -58.6495 55.7892
v -194.4330 -58.7041 57.5629
v -173.1090 -58.6495 67.5013
v -195.4739 -58.7041 63.5565
v -177.0050 -58.6604 72.1647
v -193.3921 -58.7041 69.2749
v -182.7450 -58.6713 74.2441
v -188.7228 -58.6932 73.1891
v -184.7971 -58.6713 50.8200
v -178.7895 -58.6604 51.8750
v -191.6969 59.8858 68.0976
v -187.8306 -60.1697 71.2779
v -187.8604 59.8967 71.3085
v -191.6671 -60.1806 68.0670
v -193.3921 59.8748 63.4036
v -193.3921 -60.1806 63.3730
v -190.9236 59.8858 56.5690
v -190.8939 -60.1806 56.5384
v -182.1502 59.9186 53.3734
v -182.1502 -60.1478 53.3428
v -182.9234 -60.1588 72.1494
v -182.9234 59.9077 72.1800
v -178.2244 -60.1478 70.4370
v -178.2244 59.9186 70.4675
v -175.0124 -60.1369 66.6145
v -175.0124 59.9295 66.6451
v -174.9827 -60.1260 59.3365
v -175.0124 59.9295 59.3671
v -182.1502 -60.1478 53.3428
v -182.1502 59.9186 53.3734
v -172.0681 58.5077 68.0211
v -176.9158 63.0356 72.3329
v -176.3507 58.5077 73.1432
v -172.9603 63.0356 67.5930
v -170.9082 58.5077 61.4312
v -171.8599 63.0356 61.5229
v -173.1685 58.5077 55.1471
v -174.0012 63.0356 55.7128
v -178.3136 58.5077 50.8506
v -178.7300 63.0356 51.7527
v -184.8863 58.5077 49.6886
v -184.7971 63.0356 50.6824
v -182.7152 63.0356 74.4429
v -182.6260 58.5077 75.4214
v -188.8121 63.0356 73.3726
v -189.2284 58.4968 74.2594
v -193.5408 63.0356 69.3972
v -194.3438 58.4968 69.9630
v -195.6524 63.0356 63.6024
v -196.6338 58.4968 63.6788
v -194.5817 63.0356 57.5170
v -195.4739 58.4968 57.1042
v -190.5965 63.0356 52.7924
v -191.1616 58.4968 51.9821
v -184.7971 63.0356 50.6824
v -184.8863 58.5077 49.6886
v -193.5408 63.0356 69.3972
v -172.9603 63.0356 67.5930
v -195.6524 63.0356 63.6024
v -176.9158 63.0356 72.3329
v -188.8121 63.0356 73.3726
v -182.7152 63.0356 74.4429
v -194.5817 63.0356 57.5170
v -171.8599 63.0356 61.5229
v -190.5965 63.0356 52.7924
v -174.0012 63.0356 55.7128
v -184.7971 63.0356 50.6824
v -178.7300 63.0356 51.7527
v -170.9082 58.5077 61.4312
v -189.2284 58.4968 74.2594
v -194.3438 58.4968 69.9630
v -172.0681 58.5077 68.0211
v -182.6260 58.5077 75.4214
v -176.3507 58.5077 73.1432
v -173.1685 58.5077 55.1471
v -196.6338 58.4968 63.6788
v -178.3136 58.5077 50.8506
v -195.4739 58.4968 57.1042
v -184.8863 58.5077 49.6886
v -191.1616 58.4968 51.9821
v -169.8673 40.9320 37.5790
v -148.6622 8.5694 37.5790
v -172.8116 10.9208 37.5790
v -145.7179 38.5805 37.5790
v -165.8523 40.5382 72.2870
v -151.8742 8.9631 72.2870
v -148.9596 38.9852 72.2870
v -168.7669 10.5271 72.2870
v -172.8116 10.9208 69.1832
v -169.8673 40.9320 69.1832
v -145.7179 38.5805 69.1832
v -148.6622 8.5694 69.1832
v -169.8673 40.9320 37.5790
v -145.7179 38.5805 69.1832
v -145.7179 38.5805 37.5790
v -169.8673 40.9320 69.1832
v -148.9596 38.9852 72.2870
v -165.8523 40.5382 72.2870
v -145.7179 38.5805 37.5790
v -148.6622 8.5694 69.1832
v -148.6622 8.5694 37.5790
v -145.7179 38.5805 69.1832
v -148.6622 8.5694 37.5790
v -172.8116 10.9208 69.1832
v -172.8116 10.9208 37.5790
v -148.6622 8.5694 69.1832
v -168.7669 10.5271 72.2870
v -151.8742 8.9631 72.2870
v -172.8116 10.9208 37.5790
v -169.8673 40.9320 69.1832
v -169.8673 40.9320 37.5790
v -172.8116 10.9208 69.1832
v -134.9221 33.5714 49.0923
v -135.3682 28.9450 66.4616
v -135.3682 28.9450 49.0923
v -134.9221 33.5714 66.4616
v -137.8664 37.1587 49.0923
v -137.8664 37.1587 66.4616
v -142.5059 37.6071 49.0923
v -142.5059 37.6071 66.4616
v -146.0748 34.6432 49.0923
v -146.0748 34.6432 66.4616
v -135.3682 28.9450 49.0923
v -138.9371 25.9811 66.4616
v -138.9371 25.9811 49.0923
v -135.3682 28.9450 66.4616
v -143.5766 26.4295 66.4616
v -143.5766 26.4295 49.0923
v -146.5209 30.0168 66.4616
v -146.5209 30.0168 49.0923
v -138.9371 25.9811 49.0923
v -134.9221 33.5714 49.0923
v -135.3682 28.9450 49.0923
v -137.8664 37.1587 49.0923
v -142.5059 37.6071 49.0923
v -143.5766 26.4295 49.0923
v -146.0748 34.6432 49.0923
v -146.5209 30.0168 49.0923
v -146.5209 30.0168 66.4616
v -142.5059 37.6071 66.4616
v -146.0748 34.6432 66.4616
v -143.5766 26.4295 66.4616
v -137.8664 37.1587 66.4616
v -138.9371 25.9811 66.4616
v -134.9221 33.5714 66.4616
v -135.3682 28.9450 66.4616
v 101.9618 -109.1019 19.3076
v 65.4106 -132.7914 23.3747
v 65.8270 -133.5351 21.1118
v 101.5752 -108.3472 21.5552
v 102.8838 -104.7817 18.0385
v 102.4971 -104.0380 20.2861
v 99.5528 -97.4211 15.0111
v 99.1364 -96.6774 17.2740
v 101.0101 -105.5692 20.5460
v 97.3520 -97.5086 17.2281
v 97.7386 -98.2633 14.9805
v 101.4265 -106.3239 18.2831
v 64.6373 -131.0962 22.6713
v 65.0537 -131.8508 20.4237
v 21.7811 -142.3613 18.9406
v 22.1678 -143.1050 16.6930
v 18.0933 -134.3007 15.6380
v 18.4799 -135.0444 13.3751
v 16.1899 -134.8694 15.6227
v 19.6398 -142.4925 18.6195
v 16.6955 -135.8866 13.3445
v 20.0562 -143.2363 16.3719
v 22.1678 -143.1050 16.6930
v 18.4799 -135.0444 13.3751
v 23.8927 -145.3252 17.7327
v 65.0537 -131.8508 20.4237
v 101.4265 -106.3239 18.2831
v 97.7386 -98.2633 14.9805
v 23.5061 -144.5815 19.9803
v -107.1444 -115.3906 9.9807
v -49.3584 -146.7142 11.4944
v -106.7875 -114.7563 11.5556
v -49.7153 -147.3486 9.9196
v -105.3302 -114.7891 9.6596
v -50.3993 -145.0080 9.6138
v -44.0943 -137.0459 7.1674
v -45.3434 -136.3569 7.1674
v -43.7374 -136.4225 8.7269
v -50.0424 -144.3846 11.1733
v -44.9865 -135.7335 8.7422
v -50.3993 -145.0080 9.6138
v -45.3434 -136.3569 7.1674
v -105.3302 -114.7891 9.6596
v -104.9733 -114.1548 11.2345
v -100.0364 -106.7285 7.4579
v -100.3932 -107.3519 5.8983
v -101.2855 -106.0395 7.4732
v -101.6423 -106.6629 5.9136
v -100.3932 -107.3519 5.8983
v -103.0402 -111.9783 26.4938
v -52.4514 -139.5833 27.1054
v -102.9807 -111.8799 28.0381
v -52.5406 -139.6817 25.5764
v -101.1962 -111.3111 26.4326
v -52.6001 -138.8833 25.5305
v -43.1129 -130.4946 26.5550
v -44.2430 -129.9040 26.5855
v -43.0236 -130.3962 28.0992
v -52.8975 -137.5818 27.0595
v -44.1538 -129.8056 28.1145
v -52.6001 -138.8833 25.5305
v -44.2430 -129.9040 26.5855
v -101.1962 -111.3111 26.4326
v -101.1070 -111.2127 27.9769
v -97.9843 -101.7522 27.5641
v -98.0735 -101.8506 26.0198
v -99.1144 -101.1507 27.5794
v -99.2036 -101.2491 26.0504
v -98.0735 -101.8506 26.0198
v -108.0961 -109.3425 11.4791
v -49.3584 -141.4207 42.2424
v -49.3584 -141.4207 11.4791
v -108.0961 -109.3425 42.2424
v -116.4234 -124.0637 11.4791
v -57.7155 -156.1419 42.2424
v -116.4234 -124.0637 42.2424
v -57.7155 -156.1419 11.4791
v -108.0961 -109.3425 11.4791
v -57.7155 -156.1419 11.4791
v -116.4234 -124.0637 11.4791
v -49.3584 -141.4207 11.4791
v -49.3584 -141.4207 11.4791
v -57.7155 -156.1419 42.2424
v -57.7155 -156.1419 11.4791
v -49.3584 -141.4207 42.2424
v -49.3584 -141.4207 42.2424
v -116.4234 -124.0637 42.2424
v -57.7155 -156.1419 42.2424
v -108.0961 -109.3425 42.2424
v -108.0961 -109.3425 42.2424
v -116.4234 -124.0637 11.4791
v -116.4234 -124.0637 42.2424
v -108.0961 -109.3425 11.4791
v -6.2048 -124.6652 63.6635
v 3.4312 -114.6250 60.2539
v -9.1194 -115.5000 58.4038
v -1.6842 -123.4075 63.6635
v -2.5467 -137.8880 43.2362
v -1.6842 -123.4075 63.6635
v -6.2048 -124.6652 63.6635
v 1.9739 -136.6303 43.2209
v 6.9406 -128.0557 39.7501
v 3.4312 -114.6250 60.2539
v -2.5467 -137.8880 43.2362
v 6.9406 -128.0557 39.7501
v 1.9739 -136.6303 43.2209
v -5.5207 -128.5479 37.8389
v -9.1194 -115.5000 58.4038
v 6.9406 -128.0557 39.7501
v -5.5207 -128.5479 37.8389
v 3.4312 -114.6250 60.2539
v -2.5467 -137.8880 43.2362
v -9.1194 -115.5000 58.4038
v -5.5207 -128.5479 37.8389
v -6.2048 -124.6652 63.6635
v -3.1712 -126.5026 56.4314
v 17.6175 -129.9806 69.4278
v -3.6768 -123.6153 60.1774
v 18.1528 -132.8680 65.6665
v 19.4911 -125.6495 69.2902
v -1.8329 -119.2842 60.0551
v 21.8406 -124.2059 65.4066
v 0.5464 -117.8405 56.1562
v 22.3462 -127.0932 61.6453
v 1.0519 -120.7279 52.4102
v 20.5023 -131.4133 61.7676
v -0.8217 -125.0589 52.5325
v 18.1528 -132.8680 65.6665
v -3.1712 -126.5026 56.4314
v 17.6175 -129.9806 69.4278
v 20.5023 -131.4133 61.7676
v 22.3462 -127.0932 61.6453
v 18.1528 -132.8680 65.6665
v 19.4911 -125.6495 69.2902
v 21.8406 -124.2059 65.4066
v 0.0408 -133.6117 46.6306
v 20.8592 -137.0896 59.6270
v -0.4648 -130.7243 50.3919
v 21.3648 -139.9770 55.8810
v 22.7031 -132.7586 59.5047
v 1.4088 -126.3933 50.2543
v 25.0526 -131.3149 55.6057
v 3.7583 -124.9496 46.3707
v 25.5582 -134.1913 51.8597
v 4.2639 -127.8260 42.6093
v 23.7143 -138.5224 51.9821
v 2.4200 -132.1571 42.7469
v 21.3648 -139.9770 55.8810
v 0.0408 -133.6117 46.6306
v 20.8592 -137.0896 59.6270
v 23.7143 -138.5224 51.9821
v 25.5582 -134.1913 51.8597
v 21.3648 -139.9770 55.8810
v 22.7031 -132.7586 59.5047
v 25.0526 -131.3149 55.6057
v 32.8149 -113.7501 63.6635
v 38.4061 -101.0194 60.2539
v 26.9263 -106.1379 58.4038
v 36.6217 -111.0158 63.6635
v 40.7854 -124.9168 43.2362
v 36.6217 -111.0158 63.6635
v 32.8149 -113.7501 63.6635
v 44.5922 -122.1825 43.2209
v 46.3171 -112.4267 39.7501
v 38.4061 -101.0194 60.2539
v 40.7854 -124.9168 43.2362
v 46.3171 -112.4267 39.7501
v 44.5922 -122.1825 43.2209
v 34.7778 -117.1624 37.8389
v 26.9263 -106.1379 58.4038
v 46.3171 -112.4267 39.7501
v 34.7778 -117.1624 37.8389
v 38.4061 -101.0194 60.2539
v 40.7854 -124.9168 43.2362
v 26.9263 -106.1379 58.4038
v 34.7778 -117.1624 37.8389
v 32.8149 -113.7501 63.6635
v 36.2946 -114.4391 56.4314
v 57.0237 -110.5674 69.4278
v 34.8075 -111.9017 60.1774
v 58.4810 -113.1048 65.6665
v 57.2617 -105.8645 69.2902
v 35.0752 -107.1988 60.0551
v 58.9866 -103.6990 65.4066
v 36.8001 -105.0333 56.1562
v 60.4439 -106.2364 61.6453
v 38.2574 -107.5597 52.4102
v 60.2060 -110.9393 61.7676
v 37.9898 -112.2626 52.5325
v 58.4810 -113.1048 65.6665
v 36.2946 -114.4391 56.4314
v 57.0237 -110.5674 69.4278
v 60.2060 -110.9393 61.7676
v 60.4439 -106.2364 61.6453
v 58.4810 -113.1048 65.6665
v 57.2617 -105.8645 69.2902
v 58.9866 -103.6990 65.4066
v 41.7371 -120.0061 46.6306
v 62.4663 -116.1453 59.6270
v 40.2798 -117.4687 50.3919
v 63.9533 -118.6717 55.8810
v 62.7339 -111.4424 59.5047
v 40.5475 -112.7658 50.2543
v 64.4589 -109.2768 55.6057
v 42.2427 -110.6002 46.3707
v 65.9162 -111.8033 51.8597
v 43.7297 -113.1376 42.6093
v 65.6485 -116.5062 51.9821
v 43.4620 -117.8405 42.7469
v 63.9533 -118.6717 55.8810
v 41.7371 -120.0061 46.6306
v 62.4663 -116.1453 59.6270
v 65.6485 -116.5062 51.9821
v 65.9162 -111.8033 51.8597
v 63.9533 -118.6717 55.8810
v 62.7339 -111.4424 59.5047
v 64.4589 -109.2768 55.6057
v 139.5539 20.3704 63.2966
v 125.9327 -19.8669 61.4924
v 139.5539 -20.3043 63.2660
v 125.9327 20.1626 61.5229
v 154.4539 -20.3699 1.4489
v 139.2863 20.0860 2.5957
v 154.4539 20.2938 1.4184
v 139.2863 -19.9325 2.6263
v 23.8035 50.7206 128.5691
v 27.8185 50.7206 126.3062
v 19.7290 50.7206 126.3062
v 14.4649 50.7206 89.3199
v 27.8185 50.7206 89.3199
v 19.7290 50.7206 126.3062
v 14.4649 45.8864 89.3199
v 19.7290 45.8864 126.3062
v 14.4649 50.7206 89.3199
v 23.8035 45.8864 128.5691
v 23.8035 50.7206 128.5691
v 27.8185 50.7206 126.3062
v 27.8185 45.8864 126.3062
v 27.8185 45.8864 126.3062
v 23.8035 45.8864 128.5691
v 19.7290 45.8864 126.3062
v 14.4649 45.8864 89.3199
v 27.8185 45.8864 89.3199
v 27.8185 45.8864 126.3062
v 27.8185 50.7206 89.3199
v 27.8185 50.7206 126.3062
v 27.8185 45.8864 89.3199
v 17.3498 72.3430 111.9643
v 25.6772 63.8997 111.9643
v 25.6772 72.3430 111.9643
v 17.3498 63.8997 111.9643
v 11.4909 72.3430 106.0777
v 11.4909 63.8997 106.0777
v 11.4909 72.3430 97.7753
v 11.4909 63.8997 97.7753
v 17.3498 72.3430 91.9040
v 17.3498 63.8997 91.9040
v 25.6772 72.3430 91.9040
v 25.6772 63.8997 91.9040
v 31.5360 72.3430 97.7753
v 31.5360 63.8997 97.7753
v 31.5360 63.8997 106.0777
v 31.5360 72.3430 106.0777
v 31.5360 63.8997 97.7753
v 31.5360 72.3430 97.7753
v 31.5360 63.8997 97.7753
v 17.3498 63.8997 91.9040
v 25.6772 63.8997 91.9040
v 11.4909 63.8997 97.7753
v 11.4909 63.8997 106.0777
v 17.3498 63.8997 111.9643
v 25.6772 63.8997 111.9643
v 31.5360 63.8997 106.0777
v 31.5360 72.3430 106.0777
v 17.3498 72.3430 111.9643
v 25.6772 72.3430 111.9643
v 11.4909 72.3430 106.0777
v 11.4909 72.3430 97.7753
v 17.3498 72.3430 91.9040
v 25.6772 72.3430 91.9040
v 31.5360 72.3430 97.7753
v 23.8035 68.7338 128.5691
v 27.8185 68.7338 126.3062
v 19.7290 68.7338 126.3062
v 14.4649 68.7338 89.3199
v 27.8185 68.7338 89.3199
v 19.7290 68.7338 126.3062
v 14.4649 63.9106 89.3199
v 19.7290 63.9106 126.3062
v 14.4649 68.7338 89.3199
v 23.8035 63.9106 128.5691
v 23.8035 68.7338 128.5691
v 27.8185 68.7338 126.3062
v 27.8185 63.9106 126.3062
v 27.8185 63.9106 126.3062
v 23.8035 63.9106 128.5691
v 19.7290 63.9106 126.3062
v 14.4649 63.9106 89.3199
v 27.8185 63.9106 89.3199
v 27.8185 63.9106 126.3062
v 27.8185 68.7338 89.3199
v 27.8185 68.7338 126.3062
v 27.8185 63.9106 89.3199
v 31.0602 69.2478 89.8704
v 12.3831 69.2478 83.9838
v 12.3831 69.2478 89.8704
v 31.0602 69.2478 83.9838
v 12.3831 69.2478 89.8704
v 31.0602 44.6396 89.8704
v 31.0602 69.2478 89.8704
v 12.3831 44.6396 89.8704
v 31.0602 44.6396 83.9838
v 12.3831 44.6396 89.8704
v 12.3831 44.6396 83.9838
v 31.0602 44.6396 89.8704
v 31.0602 69.2478 83.9838
v 12.3831 44.6396 83.9838
v 12.3831 69.2478 83.9838
v 31.0602 44.6396 83.9838
v 31.0602 44.6396 89.8704
v 31.0602 69.2478 83.9838
v 31.0602 69.2478 89.8704
v 31.0602 44.6396 83.9838
v 12.3831 69.2478 89.8704
v 12.3831 44.6396 83.9838
v 12.3831 44.6396 89.8704
v 12.3831 69.2478 83.9838
v 53.2169 53.8267 119.5940
v 120.9363 54.2314 123.0189
v 53.2169 53.8267 123.2482
v 120.9363 54.2314 119.8233
v 53.2169 56.9875 117.7592
v 120.9363 56.9875 118.2332
v 120.9363 56.9875 124.6090
v 53.2169 56.9875 125.0830
v 53.2169 60.1592 119.5940
v 120.9363 56.9875 118.2332
v 53.2169 56.9875 117.7592
v 120.9363 59.7545 119.8233
v 53.2169 60.1592 123.2482
v 120.9363 59.7545 123.0189
v 53.2169 56.9875 125.0830
v 120.9363 56.9875 124.6090
v 120.9363 56.9875 118.2332
v 120.9363 54.2314 123.0189
v 120.9363 54.2314 119.8233
v 120.9363 56.9875 124.6090
v 120.9363 59.7545 123.0189
v 120.9363 59.7545 119.8233
v 19.9075 64.5231 123.9057
v 19.5506 50.1847 101.9647
v 19.9075 50.1847 123.9057
v 19.5506 64.5231 101.9647
v 27.9969 64.5231 123.9057
v 19.5506 64.5231 101.9647
v 19.9075 64.5231 123.9057
v 30.1382 64.5231 107.3315
v 56.7561 64.5231 107.2550
v 56.7561 64.5231 103.2491
v 19.9075 64.5231 123.9057
v 27.9969 50.1847 123.9057
v 27.9969 64.5231 123.9057
v 19.9075 50.1847 123.9057
v 27.9969 50.1847 123.9057
v 19.5506 50.1847 101.9647
v 30.1382 50.1847 107.3315
v 19.9075 50.1847 123.9057
v 56.7561 50.1847 107.2550
v 56.7561 50.1847 103.2491
v 56.7561 50.1847 107.2550
v 56.7561 64.5231 103.2491
v 56.7561 64.5231 107.2550
v 56.7561 50.1847 103.2491
v 27.9969 50.1847 123.9057
v 30.1382 64.5231 107.3315
v 27.9969 64.5231 123.9057
v 30.1382 50.1847 107.3315
v 56.7561 50.1847 103.2491
v 19.5506 64.5231 101.9647
v 56.7561 64.5231 103.2491
v 19.5506 50.1847 101.9647
v 56.7561 64.5231 107.2550
v 30.1382 50.1847 107.3315
v 56.7561 50.1847 107.2550
v 30.1382 64.5231 107.3315
v 91.9987 51.5190 102.5916
v 41.2612 53.5970 95.3748
v 91.6121 53.5970 104.6404
v 41.6479 51.5190 93.3259
v 91.6121 49.4300 104.6404
v 41.2612 49.4300 95.3748
v 40.8746 51.5190 97.4083
v 91.2552 51.5190 106.6893
v 41.2612 49.4300 95.3748
v 91.6121 49.4300 104.6404
v 91.6121 49.4300 104.6404
v 91.6121 53.5970 104.6404
v 91.2552 51.5190 106.6893
v 91.9987 51.5190 102.5916
v 41.6479 51.5190 93.3259
v 40.8746 51.5190 97.4083
v 41.2612 53.5970 95.3748
v 41.2612 49.4300 95.3748
v 49.4994 52.3502 103.9065
v 43.0457 52.3502 95.7111
v 43.0457 52.3502 103.9065
v 49.6481 52.3502 96.8732
v 43.0457 50.6768 103.9065
v 43.0457 52.3502 95.7111
v 43.0457 50.6768 95.7111
v 43.0457 52.3502 103.9065
v 49.4994 50.6768 103.9065
v 43.0457 50.6768 95.7111
v 49.6481 50.6768 96.8732
v 43.0457 50.6768 103.9065
v 49.4994 52.3502 103.9065
v 49.6481 50.6768 96.8732
v 49.6481 52.3502 96.8732
v 49.4994 50.6768 103.9065
v 49.4994 63.7684 103.9065
v 43.0457 63.7684 95.7111
v 43.0457 63.7684 103.9065
v 49.6481 63.7684 96.8732
v 43.0457 62.0951 103.9065
v 43.0457 63.7684 95.7111
v 43.0457 62.0951 95.7111
v 43.0457 63.7684 103.9065
v 49.4994 62.0951 103.9065
v 43.0457 62.0951 95.7111
v 49.6481 62.0951 96.8732
v 43.0457 62.0951 103.9065
v 49.4994 63.7684 103.9065
v 49.6481 62.0951 96.8732
v 49.6481 63.7684 96.8732
v 49.4994 62.0951 103.9065
v 91.9987 62.9372 102.5916
v 41.2612 65.0152 95.3748
v 91.6121 65.0152 104.6404
v 41.6479 62.9372 93.3259
v 91.6121 60.8482 104.6404
v 41.2612 60.8482 95.3748
v 40.8746 62.9372 97.4083
v 91.2552 62.9372 106.6893
v 41.2612 60.8482 95.3748
v 91.6121 60.8482 104.6404
v 91.6121 60.8482 104.6404
v 91.6121 65.0152 104.6404
v 91.2552 62.9372 106.6893
v 91.9987 62.9372 102.5916
v 41.6479 62.9372 93.3259
v 40.8746 62.9372 97.4083
v 41.2612 65.0152 95.3748
v 41.2612 60.8482 95.3748
v 74.5410 63.7684 114.3648
v 61.5146 63.7684 99.2584
v 66.1839 63.7684 114.3648
v 79.8645 63.7684 102.4540
v 66.1839 62.0951 114.3648
v 61.5146 63.7684 99.2584
v 61.5146 62.0951 99.2584
v 66.1839 63.7684 114.3648
v 74.5410 62.0951 114.3648
v 61.5146 62.0951 99.2584
v 79.8645 62.0951 102.4540
v 66.1839 62.0951 114.3648
v 74.5410 63.7684 114.3648
v 79.8645 62.0951 102.4540
v 79.8645 63.7684 102.4540
v 74.5410 62.0951 114.3648
v 54.8527 61.9419 126.0310
v -0.3756 61.9419 114.8082
v -0.3756 61.9419 126.0310
v 54.8527 61.9419 114.8082
v -0.3756 61.9419 126.0310
v 54.8527 51.9455 126.0310
v 54.8527 61.9419 126.0310
v -0.3756 51.9455 126.0310
v 54.8527 51.9455 114.8082
v -0.3756 51.9455 126.0310
v -0.3756 51.9455 114.8082
v 54.8527 51.9455 126.0310
v 54.8527 61.9419 114.8082
v -0.3756 51.9455 114.8082
v -0.3756 61.9419 114.8082
v 54.8527 51.9455 114.8082
v 54.8527 51.9455 126.0310
v 54.8527 61.9419 114.8082
v 54.8527 61.9419 126.0310
v 54.8527 51.9455 114.8082
v -0.3756 61.9419 126.0310
v -0.3756 51.9455 114.8082
v -0.3756 51.9455 126.0310
v -0.3756 61.9419 114.8082
v 120.9363 57.7968 117.7744
v 53.3657 57.7968 115.3739
v 53.3657 57.7968 117.7744
v 120.9363 57.7968 115.3739
v 120.9363 56.0906 117.7744
v 53.3657 57.7968 117.7744
v 53.3657 56.0906 117.7744
v 120.9363 57.7968 117.7744
v 120.9363 56.0906 115.3739
v 53.3657 56.0906 117.7744
v 53.3657 56.0906 115.3739
v 120.9363 56.0906 117.7744
v 120.9363 57.7968 115.3739
v 53.3657 56.0906 115.3739
v 53.3657 57.7968 115.3739
v 120.9363 56.0906 115.3739
v 120.9363 56.0906 117.7744
v 120.9363 57.7968 115.3739
v 120.9363 57.7968 117.7744
v 120.9363 56.0906 115.3739
v 53.3657 57.7968 117.7744
v 53.3657 56.0906 115.3739
v 53.3657 56.0906 117.7744
v 53.3657 57.7968 115.3739
v -10.3684 52.1096 124.7619
v 0.5166 52.9298 124.7619
v 0.1597 53.9907 124.7619
v -10.0116 51.0487 124.7619
v 0.5166 52.9298 116.0773
v -10.3684 52.1096 116.0773
v 0.1597 53.9907 116.0773
v -10.0116 51.0487 116.0773
v -10.0116 51.0487 124.7619
v 0.5166 52.9298 116.0773
v 0.5166 52.9298 124.7619
v -10.0116 51.0487 116.0773
v 0.1597 53.9907 124.7619
v -10.3684 52.1096 116.0773
v -10.3684 52.1096 124.7619
v 0.1597 53.9907 116.0773
v -7.9892 51.4096 125.8475
v -10.1603 53.5861 114.9917
v -10.1603 53.5861 125.8475
v -7.9892 51.4096 114.9917
v -12.3611 51.3987 114.9917
v -12.3611 51.3987 125.8475
v -10.1900 49.2222 114.9917
v -10.1900 49.2222 125.8475
v -10.1603 53.5861 125.8475
v -10.1900 49.2222 125.8475
v -7.9892 51.4096 125.8475
v -12.3611 51.3987 125.8475
v -7.9892 51.4096 114.9917
v -12.3611 51.3987 114.9917
v -10.1603 53.5861 114.9917
v -10.1900 49.2222 114.9917
v -10.1900 49.2222 125.8475
v -7.9892 51.4096 114.9917
v -7.9892 51.4096 125.8475
v -10.1900 49.2222 114.9917
v 0.5166 60.2905 124.7619
v -10.3684 61.1217 124.7619
v 0.1597 59.2405 124.7619
v -10.0116 62.1716 124.7619
v 0.5166 60.2905 116.0773
v -10.3684 61.1217 116.0773
v -10.0116 62.1716 116.0773
v 0.1597 59.2405 116.0773
v -10.0116 62.1716 124.7619
v 0.5166 60.2905 116.0773
v -10.0116 62.1716 116.0773
v 0.5166 60.2905 124.7619
v 0.1597 59.2405 124.7619
v -10.3684 61.1217 116.0773
v 0.1597 59.2405 116.0773
v -10.3684 61.1217 124.7619
v -7.9892 61.8107 125.8475
v -10.1603 59.6452 114.9917
v -7.9892 61.8107 114.9917
v -10.1603 59.6452 125.8475
v -10.1603 59.6452 125.8475
v -10.1900 63.9981 125.8475
v -12.3611 61.8326 125.8475
v -7.9892 61.8107 125.8475
v -10.1900 63.9981 114.9917
v -12.3611 61.8326 125.8475
v -10.1900 63.9981 125.8475
v -12.3611 61.8326 114.9917
v -10.1603 59.6452 125.8475
v -10.1603 59.6452 114.9917
v -7.9892 61.8107 114.9917
v -7.9892 61.8107 125.8475
v -7.9892 61.8107 114.9917
v -12.3611 61.8326 114.9917
v -10.1900 63.9981 114.9917
v -10.1603 59.6452 114.9917
v 18.6584 66.0980 149.1035
v 1.8847 66.0980 133.1561
v 1.8847 66.0980 149.1035
v 18.6584 66.0980 133.1561
v 1.8847 66.0980 149.1035
v 18.6584 56.1125 149.1035
v 18.6584 66.0980 149.1035
v 1.8847 56.1125 149.1035
v 18.6584 56.1125 133.1561
v 1.8847 56.1125 149.1035
v 1.8847 56.1125 133.1561
v 18.6584 56.1125 149.1035
v 18.6584 66.0980 133.1561
v 1.8847 56.1125 133.1561
v 1.8847 66.0980 133.1561
v 18.6584 56.1125 133.1561
v 18.6584 56.1125 149.1035
v 18.6584 66.0980 133.1561
v 18.6584 66.0980 149.1035
v 18.6584 56.1125 133.1561
v 1.8847 66.0980 149.1035
v 1.8847 56.1125 133.1561
v 1.8847 56.1125 149.1035
v 1.8847 66.0980 133.1561
v 13.8404 67.5745 131.3824
v 7.3272 67.5854 139.8683
v 13.8404 67.5854 139.8683
v 7.3272 67.5745 131.3824
v 7.3272 61.7013 125.8322
v 13.8404 61.7013 125.8322
v 7.3272 67.5854 139.8683
v 13.8404 66.0542 139.8683
v 13.8404 67.5854 139.8683
v 7.3272 66.0542 139.8683
v 13.8404 66.0542 131.7647
v 7.3272 59.5577 125.8322
v 13.8404 59.5577 125.8322
v 7.3272 66.0542 131.7647
v 7.3272 66.0542 139.8683
v 13.8404 66.0542 139.8683
v 13.8404 67.5745 131.3824
v 13.8404 66.0542 139.8683
v 13.8404 66.0542 131.7647
v 13.8404 67.5854 139.8683
v 13.8404 59.5577 125.8322
v 13.8404 61.7013 125.8322
v 7.3272 67.5745 131.3824
v 7.3272 66.0542 139.8683
v 7.3272 67.5854 139.8683
v 7.3272 66.0542 131.7647
v 7.3272 59.5577 125.8322
v 7.3272 61.7013 125.8322
v 46.4659 46.3458 127.7129
v 30.4356 46.3458 107.1786
v 30.4356 46.3458 127.7129
v 46.4659 46.3458 107.1786
v 30.4356 46.3458 127.7129
v 46.4659 14.0269 127.7129
v 46.4659 46.3458 127.7129
v 30.4356 14.0269 127.7129
v 46.4659 14.0269 107.1786
v 30.4356 14.0269 127.7129
v 30.4356 14.0269 107.1786
v 46.4659 14.0269 127.7129
v 46.4659 46.3458 107.1786
v 30.4356 14.0269 107.1786
v 30.4356 46.3458 107.1786
v 46.4659 14.0269 107.1786
v 46.4659 14.0269 127.7129
v 46.4659 46.3458 107.1786
v 46.4659 46.3458 127.7129
v 46.4659 14.0269 107.1786
v 30.4356 46.3458 127.7129
v 30.4356 14.0269 107.1786
v 30.4356 14.0269 127.7129
v 30.4356 46.3458 107.1786
v 32.7257 52.6674 124.4103
v 44.1758 45.2521 124.4103
v 44.1758 52.6674 124.4103
v 32.7257 45.2521 124.4103
v 44.1758 52.6674 119.1964
v 32.7257 45.2521 119.1964
v 32.7257 52.6674 119.1964
v 44.1758 45.2521 119.1964
v 44.1758 45.2521 124.4103
v 44.1758 52.6674 119.1964
v 44.1758 52.6674 124.4103
v 44.1758 45.2521 119.1964
v 32.7257 52.6674 124.4103
v 32.7257 45.2521 119.1964
v 32.7257 45.2521 124.4103
v 32.7257 52.6674 119.1964
v 64.6968 62.9372 115.7562
v 91.7905 64.7418 113.9520
v 64.6968 64.7418 113.9520
v 91.7905 62.9372 115.7562
v 64.6968 61.1217 113.9520
v 91.7905 61.1217 113.9520
v 91.7905 62.9372 112.1325
v 64.6968 62.9372 112.1325
v 91.7905 61.1217 113.9520
v 64.6968 61.1217 113.9520
v 64.6968 61.1217 113.9520
v 64.6968 64.7418 113.9520
v 64.6968 62.9372 112.1325
v 64.6968 62.9372 115.7562
v 91.7905 62.9372 115.7562
v 91.7905 62.9372 112.1325
v 91.7905 64.7418 113.9520
v 91.7905 61.1217 113.9520
v 74.5410 50.6768 114.3648
v 61.5146 50.6768 99.2584
v 79.8645 50.6768 102.4540
v 66.1839 50.6768 114.3648
v 66.1839 52.3502 114.3648
v 61.5146 50.6768 99.2584
v 66.1839 50.6768 114.3648
v 61.5146 52.3502 99.2584
v 74.5410 52.3502 114.3648
v 61.5146 52.3502 99.2584
v 66.1839 52.3502 114.3648
v 79.8645 52.3502 102.4540
v 74.5410 50.6768 114.3648
v 79.8645 52.3502 102.4540
v 74.5410 52.3502 114.3648
v 79.8645 50.6768 102.4540
v 64.6968 51.5190 115.7562
v 91.7905 49.7034 113.9520
v 91.7905 51.5190 115.7562
v 64.6968 49.7034 113.9520
v 91.7905 51.5190 112.1325
v 64.6968 51.5190 112.1325
v 91.7905 53.3236 113.9520
v 64.6968 53.3236 113.9520
v 64.6968 53.3236 113.9520
v 91.7905 53.3236 113.9520
v 64.6968 53.3236 113.9520
v 64.6968 49.7034 113.9520
v 64.6968 51.5190 115.7562
v 64.6968 51.5190 112.1325
v 91.7905 51.5190 115.7562
v 91.7905 51.5190 112.1325
v 91.7905 53.3236 113.9520
v 91.7905 49.7034 113.9520
v 130.8399 57.5562 132.6515
v 128.4607 57.5999 118.1108
v 128.8473 57.5562 132.6515
v 131.2265 57.5999 118.1108
v 130.8399 56.3313 132.6515
v 128.8473 57.5562 132.6515
v 128.8473 56.3313 132.6515
v 130.8399 57.5562 132.6515
v 131.2265 56.2875 118.1108
v 128.8473 56.3313 132.6515
v 128.4607 56.2875 118.1108
v 130.8399 56.3313 132.6515
v 131.2265 57.5999 118.1108
v 128.4607 56.2875 118.1108
v 128.4607 57.5999 118.1108
v 131.2265 56.2875 118.1108
v 130.8399 56.3313 132.6515
v 131.2265 57.5999 118.1108
v 130.8399 57.5562 132.6515
v 131.2265 56.2875 118.1108
v 128.8473 57.5562 132.6515
v 128.4607 56.2875 118.1108
v 128.8473 56.3313 132.6515
v 128.4607 57.5999 118.1108
v 119.1519 55.9156 119.9609
v 146.1563 55.2594 122.0098
v 119.1519 55.2594 122.0098
v 146.1563 55.9156 119.9609
v 119.1519 58.0593 119.9609
v 146.1563 55.9156 119.9609
v 119.1519 55.9156 119.9609
v 146.1563 58.0593 119.9609
v 119.1519 58.7265 122.0098
v 146.1563 58.0593 119.9609
v 119.1519 58.0593 119.9609
v 146.1563 58.7265 122.0098
v 119.1519 56.9875 123.2635
v 146.1563 58.7265 122.0098
v 119.1519 58.7265 122.0098
v 146.1563 56.9875 123.2635
v 119.1519 55.2594 122.0098
v 146.1563 56.9875 123.2635
v 119.1519 56.9875 123.2635
v 146.1563 55.2594 122.0098
v 145.4723 53.3673 121.3829
v 149.7252 54.1876 123.9974
v 145.4723 54.1876 123.9974
v 149.7252 53.3673 121.3829
v 145.4723 54.1876 118.7836
v 149.7252 54.1876 118.7836
v 145.4723 56.9875 118.2179
v 149.7252 54.1876 118.7836
v 145.4723 54.1876 118.7836
v 149.7252 56.9875 118.2179
v 145.4723 59.7874 118.7836
v 149.7252 59.7874 118.7836
v 145.4723 60.6076 121.3829
v 149.7252 59.7874 118.7836
v 145.4723 59.7874 118.7836
v 149.7252 60.6076 121.3829
v 145.4723 59.7874 123.9974
v 149.7252 59.7874 123.9974
v 145.4723 56.9875 124.5632
v 149.7252 59.7874 123.9974
v 145.4723 59.7874 123.9974
v 149.7252 56.9875 124.5632
v 145.4723 54.1876 123.9974
v 149.7252 54.1876 123.9974
v 145.4723 56.9875 124.5632
v 145.4723 53.3673 121.3829
v 145.4723 54.1876 123.9974
v 145.4723 54.1876 118.7836
v 145.4723 56.9875 118.2179
v 145.4723 59.7874 118.7836
v 145.4723 60.6076 121.3829
v 145.4723 59.7874 123.9974
v 150.6472 58.8030 121.4135
v 149.7252 59.7874 123.9974
v 150.6472 58.2671 122.6978
v 149.7252 60.6076 121.3829
v 149.7252 59.7874 118.7836
v 150.6472 58.2671 120.1444
v 150.6472 56.9875 119.6093
v 149.7252 56.9875 118.2179
v 149.7252 54.1876 118.7836
v 150.6472 55.7078 120.1444
v 150.6472 55.1829 121.4135
v 149.7252 53.3673 121.3829
v 149.7252 54.1876 123.9974
v 150.6472 55.7078 122.6978
v 150.6472 56.9875 123.2329
v 149.7252 56.9875 124.5632
v 146.4835 56.9656 121.4746
v 150.6472 58.8030 121.4135
v 150.6472 58.2671 122.6978
v 150.6472 58.2671 120.1444
v 150.6472 56.9875 119.6093
v 150.6472 55.7078 120.1444
v 150.6472 55.1829 121.4135
v 150.6472 55.7078 122.6978
v 150.6472 56.9875 123.2329
vn 0.7071 -0.0000 0.7071
vn 0.7071 0.0000 0.7071
vn 0.7071 0.0000 0.7071
vn 0.7071 -0.0000 0.7071
vn 0.7071 -0.0000 0.7071
vn 0.7071 0.0000 0.7071
vn 0.4094 0.8154 0.4093
vn 0.4093 0.8154 0.4093
vn 0.4094 0.8154 0.4093
vn 0.4093 0.8154 0.4093
vn 0.4093 0.8154 0.4093
vn 0.4093 0.8154 0.4093
vn 0.8217 0.4125 0.3932
vn 0.8217 0.4125 0.3932
vn 0.8217 0.4125 0.3932
vn 0.8217 0.4125 0.3932
vn 0.8217 0.4125 0.3932
vn 0.8217 0.4125 0.3932
vn 0.3607 0.4198 0.8329
vn 0.3607 0.4197 0.8329
vn 0.3607 0.4198 0.8329
vn 0.3607 0.4198 0.8329
vn 0.3607 0.4197 0.8329
vn 0.3607 0.4198 0.8329
vn 0.0001 0.6774 0.7356
vn 0.0001 0.6774 0.7356
vn 0.0001 0.6774 0.7356
vn 0.0001 0.6774 0.7356
vn 0.0001 0.6774 0.7357
vn 0.0001 0.6774 0.7356
vn 0.0121 0.6335 0.7736
vn 0.0121 0.6335 0.7736
vn 0.0122 0.6299 0.7766
vn 0.0122 0.6335 0.7736
vn 0.0122 0.6335 0.7736
vn 0.0120 0.6306 0.7760
vn 0.7876 0.4700 0.3985
vn 0.7876 0.4701 0.3984
vn 0.7886 0.4706 0.3958
vn 0.7876 0.4700 0.3985
vn 0.7876 0.4701 0.3984
vn 0.7864 0.4725 0.3979
vn 0.7819 0.0103 0.6234
vn 0.7818 0.0103 0.6234
vn 0.7819 0.0103 0.6234
vn 0.7818 0.0102 0.6234
vn 0.7818 0.0102 0.6235
vn 0.7819 0.0103 0.6233
vn 0.4002 0.4288 0.8099
vn 0.4002 0.4288 0.8099
vn 0.4002 0.4288 0.8099
vn 0.4002 0.4288 0.8099
vn 0.4002 0.4288 0.8099
vn 0.4002 0.4288 0.8099
vn 0.3274 0.7992 0.5040
vn 0.3274 0.7992 0.5040
vn 0.3275 0.7992 0.5040
vn 0.3274 0.7993 0.5040
vn 0.3274 0.7993 0.5040
vn 0.3274 0.7993 0.5039
vn 0.1001 0.8424 0.5295
vn 0.1000 0.8423 0.5296
vn 0.1000 0.8423 0.5296
vn 0.1001 0.8424 0.5295
vn 0.1000 0.8423 0.5296
vn 0.0998 0.8405 0.5326
vn 0.8576 0.1968 0.4752
vn 0.8576 0.1968 0.4752
vn 0.8591 0.1971 0.4723
vn 0.8576 0.1968 0.4751
vn 0.8576 0.1967 0.4752
vn 0.8576 0.1968 0.4752
vn 0.3989 0.1700 0.9011
vn 0.3989 0.1700 0.9011
vn 0.3989 0.1700 0.9011
vn 0.3988 0.1700 0.9011
vn 0.3989 0.1699 0.9011
vn 0.3989 0.1700 0.9011
vn 0.4166 0.4229 0.8047
vn 0.4166 0.4229 0.8047
vn 0.4166 0.4229 0.8047
vn 0.4166 0.4229 0.8048
vn 0.4165 0.4229 0.8048
vn 0.4166 0.4229 0.8048
vn 0.5814 0.6720 0.4586
vn 0.5814 0.6720 0.4586
vn 0.5814 0.6720 0.4586
vn 0.5814 0.6720 0.4587
vn 0.5814 0.6720 0.4587
vn 0.5814 0.6720 0.4587
vn 0.4653 0.1257 0.8762
vn 0.5894 0.0824 0.8036
vn 0.5606 0.1305 0.8178
vn 0.5893 0.0824 0.8037
vn 0.4654 0.1257 0.8761
vn 0.5002 0.0734 0.8628
vn 0.4653 0.1258 0.8762
vn 0.3549 0.1514 0.9226
vn 0.5002 0.0734 0.8628
vn 0.3548 0.1514 0.9226
vn 0.4653 0.1258 0.8762
vn 0.3283 0.2090 0.9212
vn 0.4420 0.1736 0.8801
vn 0.3283 0.2089 0.9212
vn 0.4653 0.1258 0.8762
vn 0.3284 0.2090 0.9211
vn 0.4420 0.1736 0.8800
vn 0.3389 0.2431 0.9089
vn 0.3388 0.2431 0.9089
vn 0.2557 0.2893 0.9224
vn 0.3283 0.2090 0.9212
vn 0.2558 0.2893 0.9224
vn 0.3388 0.2432 0.9089
vn 0.2719 0.2921 0.9169
vn 0.2718 0.2921 0.9169
vn 0.2074 0.3525 0.9125
vn 0.2557 0.2893 0.9224
vn 0.2074 0.3525 0.9125
vn 0.2718 0.2921 0.9169
vn 0.2294 0.3461 0.9097
vn 0.2294 0.3461 0.9097
vn 0.1662 0.4296 0.8876
vn 0.2074 0.3525 0.9125
vn 0.1661 0.4296 0.8876
vn 0.2294 0.3461 0.9097
vn 0.1841 0.4121 0.8923
vn 0.1840 0.4122 0.8923
vn 0.1415 0.5030 0.8527
vn 0.1662 0.4296 0.8876
vn 0.1414 0.5030 0.8526
vn 0.1840 0.4122 0.8923
vn 0.1544 0.4981 0.8533
vn 0.1742 0.5554 0.8131
vn 0.1415 0.5030 0.8527
vn 0.1544 0.4981 0.8533
vn 0.1415 0.5030 0.8526
vn 0.1742 0.5555 0.8131
vn 0.1557 0.5522 0.8190
vn 0.2040 0.5807 0.7881
vn 0.1557 0.5522 0.8190
vn 0.1743 0.5554 0.8131
vn 0.1557 0.5522 0.8191
vn 0.2040 0.5808 0.7881
vn 0.1804 0.5975 0.7814
vn 0.2307 0.6050 0.7621
vn 0.1804 0.5975 0.7813
vn 0.2040 0.5807 0.7881
vn 0.1803 0.5975 0.7813
vn 0.2307 0.6050 0.7621
vn 0.2103 0.6276 0.7496
vn 0.2759 0.6160 0.7378
vn 0.2103 0.6275 0.7496
vn 0.2307 0.6050 0.7621
vn 0.2104 0.6275 0.7496
vn 0.2759 0.6160 0.7379
vn 0.2534 0.6659 0.7017
vn 0.3447 0.6437 0.6833
vn 0.2534 0.6659 0.7017
vn 0.2759 0.6160 0.7379
vn 0.2534 0.6659 0.7017
vn 0.3447 0.6436 0.6833
vn 0.3399 0.6891 0.6400
vn 0.4375 0.6225 0.6489
vn 0.3399 0.6890 0.6401
vn 0.3447 0.6437 0.6833
vn 0.3399 0.6890 0.6401
vn 0.4375 0.6225 0.6489
vn 0.4271 0.6510 0.6275
vn 0.5001 0.5782 0.6447
vn 0.4271 0.6510 0.6275
vn 0.4375 0.6225 0.6489
vn 0.4271 0.6510 0.6275
vn 0.5001 0.5782 0.6447
vn 0.4764 0.6159 0.6275
vn 0.4343 0.4976 0.7509
vn 0.4764 0.6159 0.6275
vn 0.5001 0.5782 0.6447
vn 0.4764 0.6159 0.6275
vn 0.4342 0.4976 0.7509
vn 0.5143 0.5692 0.6415
vn 0.5143 0.5692 0.6415
vn 0.4342 0.4976 0.7509
vn 0.4728 0.4362 0.7656
vn 0.4342 0.4976 0.7509
vn 0.4165 0.4507 0.7895
vn 0.4728 0.4362 0.7656
vn 0.5001 0.5782 0.6446
vn 0.4165 0.4507 0.7895
vn 0.4343 0.4976 0.7509
vn 0.4166 0.4507 0.7895
vn 0.4684 0.4062 0.7846
vn 0.4728 0.4362 0.7656
vn 0.4683 0.4063 0.7846
vn 0.4165 0.4507 0.7895
vn 0.4291 0.4384 0.7897
vn 0.4683 0.4063 0.7846
vn 0.4291 0.4384 0.7897
vn 0.4461 0.3990 0.8011
vn 0.4461 0.3990 0.8011
vn 0.4724 0.3879 0.7914
vn 0.4683 0.4063 0.7846
vn 0.4462 0.3990 0.8011
vn 0.4441 0.3669 0.8174
vn 0.4724 0.3879 0.7914
vn 0.4358 0.3577 0.8259
vn 0.4724 0.3880 0.7914
vn 0.4441 0.3669 0.8174
vn 0.4724 0.3879 0.7914
vn 0.4358 0.3577 0.8259
vn 0.4900 0.3541 0.7966
vn 0.4778 0.2986 0.8261
vn 0.4900 0.3541 0.7966
vn 0.4357 0.3577 0.8259
vn 0.6130 0.1997 0.7644
vn 0.4900 0.3541 0.7966
vn 0.4778 0.2986 0.8262
vn 0.4778 0.2987 0.8261
vn 0.5956 0.1562 0.7880
vn 0.6129 0.1998 0.7645
vn 0.5956 0.1562 0.7880
vn 0.4777 0.2987 0.8262
vn 0.5913 0.1948 0.7826
vn 0.5913 0.1948 0.7826
vn 0.4778 0.2987 0.8261
vn 0.4358 0.3577 0.8259
vn 0.5914 0.1948 0.7825
vn 0.5606 0.1306 0.8177
vn 0.5956 0.1562 0.7880
vn 0.5606 0.1306 0.8178
vn 0.5913 0.1948 0.7826
vn 0.5476 0.1592 0.8215
vn 0.5476 0.1591 0.8215
vn 0.4653 0.1258 0.8762
vn 0.5605 0.1306 0.8178
vn 0.4653 0.1258 0.8762
vn 0.5476 0.1591 0.8215
vn 0.4420 0.1736 0.8800
vn 0.5894 0.0824 0.8036
vn 0.5955 0.1561 0.7880
vn 0.5606 0.1305 0.8177
vn 0.5956 0.1562 0.7880
vn 0.5893 0.0824 0.8037
vn 0.6368 0.1144 0.7625
vn 0.5894 0.0824 0.8036
vn 0.6948 0.0798 0.7148
vn 0.6367 0.1143 0.7626
vn 0.6948 0.0798 0.7147
vn 0.5894 0.0824 0.8037
vn 0.6259 0.0360 0.7791
vn 0.5894 0.0824 0.8036
vn 0.5277 0.0443 0.8483
vn 0.6259 0.0360 0.7791
vn 0.5277 0.0444 0.8483
vn 0.5894 0.0824 0.8036
vn 0.5002 0.0734 0.8628
vn 0.5002 0.0734 0.8628
vn 0.3755 0.1143 0.9198
vn 0.5278 0.0443 0.8482
vn 0.3755 0.1143 0.9198
vn 0.5003 0.0734 0.8627
vn 0.3548 0.1515 0.9226
vn 0.3548 0.1515 0.9226
vn 0.2132 0.2581 0.9423
vn 0.3755 0.1144 0.9197
vn 0.2132 0.2580 0.9423
vn 0.3549 0.1514 0.9226
vn 0.2341 0.2621 0.9362
vn 0.3548 0.1513 0.9226
vn 0.2558 0.2892 0.9224
vn 0.2341 0.2621 0.9362
vn 0.2557 0.2893 0.9224
vn 0.3548 0.1515 0.9226
vn 0.3283 0.2090 0.9212
vn 0.2557 0.2893 0.9225
vn 0.1582 0.3538 0.9218
vn 0.2364 0.2592 0.9364
vn 0.1583 0.3538 0.9218
vn 0.2557 0.2893 0.9225
vn 0.2074 0.3525 0.9125
vn 0.2074 0.3525 0.9125
vn 0.0988 0.4629 0.8809
vn 0.1583 0.3538 0.9218
vn 0.0988 0.4629 0.8809
vn 0.2074 0.3525 0.9125
vn 0.1661 0.4296 0.8876
vn 0.1414 0.5029 0.8527
vn 0.0988 0.4629 0.8809
vn 0.1661 0.4296 0.8876
vn 0.0988 0.4629 0.8809
vn 0.1414 0.5029 0.8527
vn 0.0735 0.5532 0.8298
vn 0.1414 0.5029 0.8527
vn 0.0883 0.6104 0.7871
vn 0.0735 0.5532 0.8298
vn 0.0884 0.6104 0.7872
vn 0.1415 0.5029 0.8527
vn 0.1556 0.5523 0.8190
vn 0.1803 0.5975 0.7814
vn 0.0884 0.6105 0.7871
vn 0.1557 0.5522 0.8191
vn 0.0884 0.6105 0.7871
vn 0.1803 0.5975 0.7814
vn 0.1264 0.6652 0.7359
vn 0.2103 0.6275 0.7496
vn 0.1264 0.6653 0.7358
vn 0.1803 0.5975 0.7814
vn 0.1264 0.6652 0.7359
vn 0.2104 0.6275 0.7496
vn 0.1745 0.6945 0.6980
vn 0.2104 0.6275 0.7496
vn 0.2455 0.7298 0.6381
vn 0.1745 0.6945 0.6980
vn 0.2454 0.7298 0.6381
vn 0.2104 0.6275 0.7496
vn 0.2534 0.6659 0.7017
vn 0.3399 0.6890 0.6401
vn 0.2454 0.7297 0.6381
vn 0.2534 0.6659 0.7017
vn 0.2473 0.7326 0.6341
vn 0.3399 0.6890 0.6401
vn 0.3375 0.7399 0.5820
vn 0.3399 0.6890 0.6401
vn 0.4241 0.6970 0.5783
vn 0.3374 0.7399 0.5820
vn 0.4241 0.6969 0.5783
vn 0.3399 0.6891 0.6400
vn 0.4271 0.6510 0.6275
vn 0.4764 0.6159 0.6275
vn 0.4240 0.6970 0.5783
vn 0.4271 0.6511 0.6274
vn 0.4241 0.6969 0.5783
vn 0.4764 0.6159 0.6275
vn 0.4850 0.6536 0.5810
vn 0.4764 0.6159 0.6275
vn 0.5846 0.6192 0.5242
vn 0.4851 0.6536 0.5810
vn 0.5846 0.6192 0.5242
vn 0.4764 0.6159 0.6275
vn 0.5143 0.5692 0.6415
vn 0.5143 0.5692 0.6414
vn 0.7062 0.4796 0.5208
vn 0.5847 0.6192 0.5242
vn 0.7062 0.4796 0.5208
vn 0.5143 0.5692 0.6415
vn 0.5968 0.4505 0.6640
vn 0.5967 0.4505 0.6641
vn 0.5143 0.5692 0.6415
vn 0.4728 0.4362 0.7657
vn 0.4728 0.4362 0.7656
vn 0.6102 0.3817 0.6943
vn 0.5967 0.4505 0.6641
vn 0.6101 0.3817 0.6943
vn 0.4728 0.4362 0.7656
vn 0.4683 0.4062 0.7846
vn 0.7375 0.3885 0.5524
vn 0.5968 0.4505 0.6640
vn 0.6102 0.3817 0.6943
vn 0.5968 0.4505 0.6640
vn 0.7375 0.3884 0.5524
vn 0.7062 0.4796 0.5208
vn 0.8111 0.4071 0.4199
vn 0.7062 0.4796 0.5209
vn 0.7375 0.3885 0.5524
vn 0.7062 0.4796 0.5209
vn 0.8111 0.4072 0.4199
vn 0.7642 0.4983 0.4096
vn 0.8259 0.4145 0.3822
vn 0.7642 0.4982 0.4097
vn 0.8111 0.4072 0.4199
vn 0.7642 0.4982 0.4096
vn 0.8259 0.4145 0.3822
vn 0.7830 0.4991 0.3712
vn 0.6391 0.6480 0.4143
vn 0.7642 0.4982 0.4096
vn 0.7830 0.4991 0.3712
vn 0.7642 0.4982 0.4096
vn 0.6392 0.6480 0.4142
vn 0.6260 0.6406 0.4446
vn 0.6392 0.6480 0.4142
vn 0.5076 0.6854 0.5221
vn 0.6260 0.6406 0.4446
vn 0.5075 0.6855 0.5221
vn 0.6391 0.6480 0.4142
vn 0.5192 0.6982 0.4928
vn 0.5193 0.6982 0.4928
vn 0.4186 0.7439 0.5210
vn 0.5075 0.6855 0.5221
vn 0.4186 0.7439 0.5210
vn 0.5193 0.6982 0.4928
vn 0.4108 0.7725 0.4843
vn 0.3351 0.7979 0.5010
vn 0.4186 0.7438 0.5210
vn 0.4108 0.7725 0.4843
vn 0.4186 0.7438 0.5210
vn 0.3351 0.7979 0.5011
vn 0.3358 0.7719 0.5398
vn 0.3352 0.7979 0.5011
vn 0.2325 0.7884 0.5695
vn 0.3358 0.7719 0.5398
vn 0.2325 0.7885 0.5695
vn 0.3352 0.7979 0.5011
vn 0.2254 0.8217 0.5235
vn 0.2254 0.8217 0.5235
vn 0.1403 0.7716 0.6204
vn 0.2325 0.7884 0.5695
vn 0.1403 0.7717 0.6203
vn 0.2253 0.8217 0.5235
vn 0.1298 0.8094 0.5727
vn 0.1298 0.8094 0.5727
vn 0.0804 0.7439 0.6635
vn 0.1403 0.7717 0.6203
vn 0.0804 0.7439 0.6634
vn 0.1298 0.8094 0.5727
vn 0.0667 0.7804 0.6217
vn 0.0667 0.7804 0.6217
vn 0.0311 0.6864 0.7266
vn 0.0804 0.7439 0.6634
vn 0.0312 0.6864 0.7265
vn 0.0667 0.7803 0.6218
vn 0.0186 0.7208 0.6929
vn 0.0186 0.7208 0.6929
vn 0.0195 0.6222 0.7826
vn 0.0312 0.6865 0.7265
vn 0.0195 0.6222 0.7826
vn 0.0186 0.7208 0.6929
vn 0.0051 0.6516 0.7585
vn 0.0223 0.5572 0.8301
vn 0.0195 0.6223 0.7825
vn 0.0051 0.6516 0.7586
vn 0.0195 0.6222 0.7826
vn 0.0223 0.5571 0.8301
vn 0.0365 0.5264 0.8495
vn 0.0972 0.4132 0.9054
vn 0.0365 0.5263 0.8495
vn 0.0223 0.5571 0.8301
vn 0.0364 0.5264 0.8495
vn 0.0972 0.4132 0.9054
vn 0.1108 0.3881 0.9149
vn 0.2129 0.2691 0.9393
vn 0.1109 0.3881 0.9149
vn 0.0972 0.4132 0.9055
vn 0.1109 0.3881 0.9149
vn 0.2128 0.2692 0.9393
vn 0.2132 0.2580 0.9423
vn 0.3931 0.1089 0.9130
vn 0.2131 0.2580 0.9424
vn 0.2129 0.2692 0.9393
vn 0.2132 0.2580 0.9423
vn 0.3930 0.1088 0.9131
vn 0.3754 0.1143 0.9198
vn 0.5557 0.0264 0.8310
vn 0.3755 0.1143 0.9198
vn 0.3930 0.1088 0.9131
vn 0.3756 0.1143 0.9197
vn 0.5557 0.0265 0.8310
vn 0.5277 0.0444 0.8483
vn 0.5558 0.0265 0.8309
vn 0.6259 0.0361 0.7791
vn 0.5277 0.0444 0.8482
vn 0.6259 0.0361 0.7790
vn 0.5557 0.0265 0.8309
vn 0.6467 0.0145 0.7626
vn 0.7236 0.0695 0.6867
vn 0.6259 0.0360 0.7791
vn 0.6467 0.0144 0.7626
vn 0.6260 0.0360 0.7790
vn 0.7236 0.0695 0.6867
vn 0.6947 0.0798 0.7148
vn 0.8311 0.1385 0.5386
vn 0.6949 0.0799 0.7147
vn 0.7235 0.0695 0.6868
vn 0.6948 0.0798 0.7147
vn 0.8310 0.1385 0.5387
vn 0.8077 0.1358 0.5738
vn 0.8311 0.1386 0.5386
vn 0.8384 0.3085 0.4494
vn 0.8077 0.1359 0.5737
vn 0.8384 0.3085 0.4494
vn 0.8310 0.1385 0.5387
vn 0.8550 0.3236 0.4054
vn 0.8550 0.3236 0.4053
vn 0.8121 0.4045 0.4204
vn 0.8384 0.3085 0.4494
vn 0.8121 0.4045 0.4205
vn 0.8550 0.3236 0.4054
vn 0.8270 0.4119 0.3827
vn 0.7384 0.3859 0.5530
vn 0.8384 0.3085 0.4494
vn 0.8122 0.4045 0.4204
vn 0.8384 0.3085 0.4494
vn 0.7384 0.3859 0.5531
vn 0.7676 0.2943 0.5693
vn 0.6095 0.3842 0.6935
vn 0.7676 0.2942 0.5694
vn 0.7384 0.3859 0.5531
vn 0.7676 0.2942 0.5693
vn 0.6094 0.3842 0.6935
vn 0.6346 0.3141 0.7061
vn 0.4724 0.3879 0.7915
vn 0.6346 0.3142 0.7061
vn 0.6094 0.3843 0.6935
vn 0.6345 0.3142 0.7061
vn 0.4723 0.3879 0.7915
vn 0.4900 0.3540 0.7966
vn 0.6346 0.3142 0.7061
vn 0.4900 0.3541 0.7966
vn 0.6130 0.1997 0.7645
vn 0.6130 0.1998 0.7644
vn 0.7676 0.2943 0.5693
vn 0.6346 0.3142 0.7061
vn 0.7676 0.2943 0.5693
vn 0.6129 0.1998 0.7645
vn 0.7367 0.1452 0.6605
vn 0.5955 0.1561 0.7880
vn 0.7366 0.1452 0.6605
vn 0.6129 0.1997 0.7645
vn 0.7367 0.1452 0.6605
vn 0.5956 0.1562 0.7880
vn 0.6367 0.1144 0.7626
vn 0.6948 0.0799 0.7147
vn 0.7367 0.1451 0.6605
vn 0.6368 0.1144 0.7625
vn 0.7367 0.1451 0.6605
vn 0.6948 0.0798 0.7148
vn 0.8077 0.1358 0.5738
vn 0.8383 0.3086 0.4494
vn 0.7367 0.1452 0.6604
vn 0.8077 0.1359 0.5737
vn 0.7367 0.1451 0.6605
vn 0.8383 0.3085 0.4494
vn 0.7676 0.2942 0.5694
vn 0.3928 0.3862 0.8346
vn 0.4156 0.3767 0.8279
vn 0.4214 0.3729 0.8267
vn 0.4156 0.3767 0.8279
vn 0.3928 0.3862 0.8346
vn 0.4124 0.3799 0.8280
vn 0.4214 0.3729 0.8267
vn 0.4156 0.3767 0.8279
vn 0.4183 0.3761 0.8268
vn 0.4156 0.3767 0.8279
vn 0.4156 0.3767 0.8279
vn 0.4183 0.3762 0.8268
vn 0.4156 0.3767 0.8279
vn 0.4151 0.3794 0.8269
vn 0.4156 0.3767 0.8279
vn 0.4151 0.3794 0.8269
vn 0.4151 0.3794 0.8269
vn 0.4156 0.3766 0.8279
vn 0.4156 0.3766 0.8279
vn 0.4151 0.3794 0.8269
vn 0.4151 0.3794 0.8269
vn 0.4150 0.3794 0.8269
vn 0.4151 0.3794 0.8269
vn 0.4156 0.3767 0.8279
vn 0.4156 0.3767 0.8279
vn 0.4151 0.3794 0.8269
vn 0.4151 0.3794 0.8269
vn 0.2131 0.2581 0.9423
vn 0.1583 0.3538 0.9218
vn 0.1109 0.3882 0.9149
vn 0.1583 0.3538 0.9218
vn 0.2132 0.2580 0.9423
vn 0.2341 0.2621 0.9362
vn 0.0989 0.4629 0.8809
vn 0.1109 0.3881 0.9149
vn 0.1583 0.3539 0.9218
vn 0.1109 0.3882 0.9149
vn 0.0989 0.4629 0.8809
vn 0.0365 0.5263 0.8495
vn 0.0735 0.5533 0.8298
vn 0.0364 0.5264 0.8495
vn 0.0988 0.4629 0.8809
vn 0.0365 0.5264 0.8495
vn 0.0735 0.5533 0.8298
vn 0.0195 0.6222 0.7826
vn 0.0734 0.5532 0.8298
vn 0.0312 0.6864 0.7266
vn 0.0194 0.6222 0.7826
vn 0.0311 0.6865 0.7265
vn 0.0734 0.5532 0.8298
vn 0.0883 0.6105 0.7871
vn 0.0883 0.6104 0.7871
vn 0.0804 0.7438 0.6635
vn 0.0312 0.6865 0.7265
vn 0.0804 0.7439 0.6635
vn 0.0883 0.6104 0.7872
vn 0.1263 0.6653 0.7358
vn 0.1264 0.6653 0.7358
vn 0.1403 0.7717 0.6203
vn 0.0805 0.7439 0.6635
vn 0.1403 0.7717 0.6203
vn 0.1264 0.6652 0.7359
vn 0.1745 0.6945 0.6980
vn 0.2454 0.7297 0.6382
vn 0.1404 0.7717 0.6203
vn 0.1745 0.6945 0.6981
vn 0.1404 0.7717 0.6203
vn 0.2455 0.7297 0.6382
vn 0.2325 0.7885 0.5694
vn 0.3374 0.7399 0.5820
vn 0.2325 0.7885 0.5694
vn 0.2454 0.7297 0.6381
vn 0.2340 0.7912 0.5650
vn 0.3375 0.7399 0.5820
vn 0.3358 0.7720 0.5397
vn 0.4241 0.6969 0.5783
vn 0.3358 0.7720 0.5397
vn 0.3374 0.7399 0.5820
vn 0.3357 0.7720 0.5398
vn 0.4241 0.6969 0.5783
vn 0.4186 0.7439 0.5210
vn 0.4241 0.6970 0.5783
vn 0.5075 0.6855 0.5221
vn 0.4186 0.7439 0.5210
vn 0.5075 0.6854 0.5221
vn 0.4240 0.6970 0.5783
vn 0.4851 0.6536 0.5810
vn 0.5846 0.6192 0.5242
vn 0.5075 0.6855 0.5221
vn 0.4851 0.6536 0.5809
vn 0.5075 0.6855 0.5221
vn 0.5847 0.6193 0.5241
vn 0.6260 0.6407 0.4446
vn 0.5847 0.6192 0.5241
vn 0.7642 0.4982 0.4096
vn 0.6260 0.6406 0.4446
vn 0.7642 0.4983 0.4096
vn 0.5846 0.6192 0.5241
vn 0.7062 0.4796 0.5208
vn 0.3830 0.4372 0.8137
vn 0.4080 0.4394 0.8003
vn 0.4033 0.4380 0.8034
vn 0.4080 0.4394 0.8003
vn 0.4059 0.4374 0.8024
vn 0.4033 0.4380 0.8034
vn 0.4033 0.4380 0.8034
vn 0.4059 0.4375 0.8024
vn 0.4033 0.4380 0.8034
vn 0.4033 0.4380 0.8034
vn 0.4033 0.4379 0.8035
vn 0.4039 0.4354 0.8046
vn 0.4039 0.4354 0.8046
vn 0.4033 0.4380 0.8034
vn 0.4039 0.4354 0.8046
vn 0.4033 0.4380 0.8034
vn 0.4039 0.4354 0.8045
vn 0.4039 0.4354 0.8045
vn 0.4039 0.4354 0.8045
vn 0.4033 0.4380 0.8034
vn 0.4039 0.4354 0.8045
vn 0.4033 0.4380 0.8034
vn 0.4039 0.4354 0.8046
vn 0.4038 0.4354 0.8046
vn 0.4033 0.4380 0.8034
vn 0.4012 0.4360 0.8056
vn 0.3830 0.4372 0.8137
vn 0.4646 0.3960 0.7920
vn 0.4683 0.4063 0.7846
vn 0.4723 0.3879 0.7915
vn 0.4683 0.4063 0.7846
vn 0.4646 0.3960 0.7920
vn 0.4640 0.3986 0.7911
vn 0.7071 0.7071 0.0000
vn 0.7070 0.7072 0.0000
vn 0.7071 0.7071 0.0000
vn 0.7071 0.7071 0.0000
vn 0.7071 0.7071 0.0000
vn 0.7071 0.7071 0.0000
vn 0.7677 0.0102 0.6407
vn 0.7730 0.0149 0.6342
vn 0.7769 0.0239 0.6292
vn 0.7729 0.0148 0.6343
vn 0.7983 0.0892 0.5957
vn 0.7769 0.0238 0.6292
vn 0.7982 0.0891 0.5957
vn 0.7730 0.0149 0.6342
vn 0.7119 0.0097 0.7022
vn 0.7982 0.0892 0.5957
vn 0.7119 0.0097 0.7022
vn 0.6898 0.0098 0.7240
vn 0.6898 0.0098 0.7239
vn 0.7119 0.0097 0.7022
vn 0.6772 0.0098 0.7357
vn 0.4261 0.7755 0.4659
vn 0.4495 0.7737 0.4464
vn 0.4329 0.7767 0.4574
vn 0.4329 0.7767 0.4574
vn 0.4496 0.7737 0.4465
vn 0.5785 0.6907 0.4339
vn 0.4809 0.7817 0.3970
vn 0.5785 0.6907 0.4339
vn 0.4496 0.7737 0.4464
vn 0.5785 0.6907 0.4339
vn 0.4808 0.7817 0.3971
vn 0.4937 0.7697 0.4048
vn 0.4937 0.7697 0.4048
vn 0.4809 0.7817 0.3971
vn 0.4688 0.7907 0.3938
vn 0.7042 0.7100 -0.0001
vn 0.7043 0.7099 -0.0001
vn 0.7044 0.7098 -0.0001
vn 0.7042 0.7100 -0.0001
vn 0.7043 0.7099 -0.0001
vn 0.7044 0.7098 -0.0001
vn 0.4093 0.4094 0.8154
vn 0.4093 0.4093 0.8154
vn 0.4094 0.4093 0.8154
vn 0.4093 0.4094 0.8154
vn 0.4093 0.4093 0.8154
vn 0.4093 0.4093 0.8154
vn 0.4120 0.8144 0.4088
vn 0.8133 0.4082 0.4146
vn 0.4040 0.8176 0.4104
vn 0.8133 0.4082 0.4146
vn 0.4120 0.8144 0.4088
vn 0.8100 0.4034 0.4256
vn 0.4146 0.8133 0.4083
vn 0.8100 0.4035 0.4257
vn 0.4120 0.8144 0.4088
vn 0.8100 0.4034 0.4257
vn 0.4146 0.8133 0.4082
vn 0.7990 0.4010 0.4480
vn 0.4167 0.8112 0.4103
vn 0.7990 0.4011 0.4481
vn 0.4146 0.8133 0.4082
vn 0.7990 0.4011 0.4480
vn 0.4167 0.8111 0.4103
vn 0.7794 0.3959 0.4856
vn 0.7794 0.3959 0.4856
vn 0.4167 0.8112 0.4103
vn 0.3276 0.4278 0.8424
vn 0.4168 0.8112 0.4103
vn 0.0124 0.7856 0.6185
vn 0.3276 0.4280 0.8423
vn 0.4146 0.8133 0.4083
vn 0.0123 0.7856 0.6186
vn 0.4167 0.8112 0.4104
vn 0.0124 0.7856 0.6186
vn 0.4146 0.8133 0.4083
vn 0.0000 0.7497 0.6618
vn 0.4120 0.8144 0.4087
vn -0.0001 0.7497 0.6618
vn 0.4146 0.8133 0.4083
vn 0.0001 0.7497 0.6618
vn 0.4120 0.8144 0.4087
vn -0.0000 0.7239 0.6899
vn 0.4040 0.8176 0.4103
vn -0.0000 0.7239 0.6899
vn 0.4120 0.8144 0.4088
vn 0.0000 0.7239 0.6899
vn 0.4039 0.8176 0.4104
vn 0.0000 0.7127 0.7015
vn 0.0001 0.7126 0.7015
vn 0.7098 0.0001 0.7044
vn -0.0000 0.7239 0.6899
vn 0.7099 0.0001 0.7043
vn -0.0000 0.7126 0.7015
vn 0.7016 0.0000 0.7126
vn 0.7126 -0.0001 0.7016
vn -0.0000 0.7238 0.6900
vn 0.7099 0.0000 0.7043
vn -0.0000 0.7239 0.6899
vn 0.7126 0.0000 0.7016
vn 0.0000 0.7497 0.6618
vn 0.7125 -0.0000 0.7017
vn -0.0001 0.7497 0.6618
vn 0.7126 -0.0001 0.7016
vn -0.0000 0.7497 0.6618
vn 0.7125 0.0000 0.7017
vn 0.0123 0.7856 0.6186
vn 0.0123 0.7856 0.6186
vn 0.7126 0.0000 0.7016
vn 0.3275 0.4279 0.8424
vn 0.7125 0.0000 0.7017
vn 0.7794 0.3958 0.4856
vn 0.3276 0.4279 0.8424
vn 0.7126 0.0001 0.7015
vn 0.7794 0.3959 0.4856
vn 0.7125 -0.0000 0.7017
vn 0.7794 0.3958 0.4857
vn 0.7125 -0.0000 0.7016
vn 0.7990 0.4010 0.4481
vn 0.7098 0.0000 0.7044
vn 0.7990 0.4011 0.4480
vn 0.7126 0.0000 0.7016
vn 0.7990 0.4010 0.4481
vn 0.7098 -0.0000 0.7044
vn 0.8100 0.4033 0.4257
vn 0.7015 0.0000 0.7127
vn 0.8100 0.4034 0.4256
vn 0.7099 0.0000 0.7043
vn 0.8100 0.4034 0.4256
vn 0.7015 -0.0000 0.7127
vn 0.8133 0.4082 0.4146
vn 0.7934 0.3998 0.4591
vn 0.6811 0.1198 0.7223
vn 0.7902 0.0745 0.6083
vn 0.6811 0.1198 0.7223
vn 0.7933 0.3997 0.4592
vn 0.7152 0.3863 0.5824
vn 0.5651 0.7011 0.4349
vn 0.7152 0.3863 0.5824
vn 0.7933 0.3998 0.4591
vn 0.7152 0.3863 0.5824
vn 0.5650 0.7012 0.4348
vn 0.5252 0.6435 0.5569
vn 0.2237 0.8283 0.5137
vn 0.5252 0.6434 0.5569
vn 0.5650 0.7011 0.4349
vn 0.5252 0.6434 0.5569
vn 0.2237 0.8283 0.5137
vn 0.2403 0.7340 0.6353
vn 0.0051 0.6567 0.7541
vn 0.2403 0.7340 0.6352
vn 0.2237 0.8283 0.5137
vn 0.2402 0.7339 0.6353
vn 0.0051 0.6567 0.7541
vn 0.0775 0.5511 0.8308
vn 0.3968 0.1116 0.9111
vn 0.0774 0.5511 0.8308
vn 0.0052 0.6567 0.7542
vn 0.0775 0.5511 0.8309
vn 0.3967 0.1116 0.9111
vn 0.3496 0.1533 0.9243
vn 0.7903 0.0745 0.6082
vn 0.3496 0.1533 0.9243
vn 0.3967 0.1116 0.9111
vn 0.3495 0.1533 0.9243
vn 0.7903 0.0745 0.6082
vn 0.6811 0.1197 0.7223
vn 0.6812 0.1197 0.7223
vn 0.4066 0.4099 0.8165
vn 0.3496 0.1533 0.9243
vn 0.7152 0.3863 0.5824
vn 0.4066 0.4099 0.8165
vn 0.6811 0.1198 0.7223
vn 0.5252 0.6435 0.5569
vn 0.4067 0.4098 0.8165
vn 0.7152 0.3863 0.5825
vn 0.2402 0.7340 0.6352
vn 0.4066 0.4098 0.8165
vn 0.5252 0.6434 0.5569
vn 0.0775 0.5511 0.8309
vn 0.4067 0.4099 0.8165
vn 0.2403 0.7340 0.6352
vn 0.3496 0.1532 0.9243
vn 0.4066 0.4099 0.8165
vn 0.0775 0.5510 0.8309
vn 0.7930 0.3934 0.4652
vn 0.5932 0.3061 0.7446
vn 0.7879 0.1926 0.5849
vn 0.5931 0.3061 0.7447
vn 0.7930 0.3934 0.4652
vn 0.6084 0.4096 0.6797
vn 0.6906 0.6013 0.4018
vn 0.6084 0.4096 0.6797
vn 0.7930 0.3934 0.4651
vn 0.6085 0.4096 0.6797
vn 0.6906 0.6013 0.4018
vn 0.5539 0.5251 0.6462
vn 0.5081 0.7622 0.4010
vn 0.5539 0.5250 0.6462
vn 0.6906 0.6013 0.4018
vn 0.5539 0.5250 0.6462
vn 0.5081 0.7622 0.4010
vn 0.4531 0.6111 0.6491
vn 0.2891 0.8336 0.4706
vn 0.4531 0.6110 0.6491
vn 0.5081 0.7622 0.4010
vn 0.4531 0.6110 0.6491
vn 0.2891 0.8336 0.4706
vn 0.3352 0.6395 0.6918
vn 0.1017 0.7825 0.6143
vn 0.3351 0.6396 0.6918
vn 0.2891 0.8336 0.4706
vn 0.3351 0.6396 0.6918
vn 0.1017 0.7825 0.6143
vn 0.2450 0.5959 0.7648
vn 0.7880 0.1926 0.5848
vn 0.5158 0.2545 0.8180
vn 0.6675 0.0696 0.7413
vn 0.5160 0.2545 0.8179
vn 0.7880 0.1926 0.5848
vn 0.5932 0.3060 0.7446
vn 0.3984 0.2728 0.8757
vn 0.6675 0.0696 0.7413
vn 0.5160 0.2546 0.8179
vn 0.6676 0.0696 0.7412
vn 0.3984 0.2728 0.8757
vn 0.4376 0.0951 0.8941
vn 0.2888 0.3656 0.8848
vn 0.4376 0.0951 0.8941
vn 0.3984 0.2727 0.8758
vn 0.4376 0.0952 0.8941
vn 0.2888 0.3657 0.8848
vn 0.1720 0.3085 0.9356
vn 0.2266 0.4886 0.8426
vn 0.1727 0.3066 0.9360
vn 0.2888 0.3657 0.8848
vn 0.1720 0.3085 0.9355
vn 0.2266 0.4886 0.8426
vn 0.0370 0.5922 0.8049
vn 0.2450 0.5959 0.7648
vn 0.0370 0.5921 0.8050
vn 0.2266 0.4886 0.8426
vn 0.0370 0.5922 0.8050
vn 0.2450 0.5960 0.7647
vn 0.1017 0.7825 0.6143
vn 0.6084 0.4096 0.6797
vn 0.2979 0.5310 0.7933
vn 0.5932 0.3061 0.7446
vn 0.2979 0.5310 0.7932
vn 0.6084 0.4096 0.6797
vn 0.2824 0.4627 0.8403
vn 0.5538 0.5251 0.6462
vn 0.2824 0.4627 0.8403
vn 0.6085 0.4096 0.6797
vn 0.2824 0.4627 0.8403
vn 0.5538 0.5251 0.6462
vn 0.3210 0.3769 0.8688
vn 0.4532 0.6110 0.6491
vn 0.3211 0.3769 0.8689
vn 0.5539 0.5250 0.6462
vn 0.3211 0.3769 0.8688
vn 0.4531 0.6110 0.6491
vn 0.3968 0.3140 0.8625
vn 0.3351 0.6396 0.6919
vn 0.3967 0.3141 0.8625
vn 0.4531 0.6110 0.6491
vn 0.3968 0.3140 0.8625
vn 0.3351 0.6395 0.6919
vn 0.4799 0.3012 0.8240
vn 0.2450 0.5960 0.7647
vn 0.4799 0.3012 0.8240
vn 0.3352 0.6396 0.6918
vn 0.4799 0.3012 0.8240
vn 0.2449 0.5959 0.7648
vn 0.5289 0.3400 0.7776
vn 0.2266 0.4886 0.8426
vn 0.5289 0.3400 0.7776
vn 0.2449 0.5959 0.7648
vn 0.5289 0.3400 0.7776
vn 0.2266 0.4886 0.8426
vn 0.5340 0.4103 0.7392
vn 0.2889 0.3656 0.8848
vn 0.5340 0.4103 0.7392
vn 0.2266 0.4885 0.8426
vn 0.5340 0.4103 0.7392
vn 0.2888 0.3656 0.8848
vn 0.4972 0.4854 0.7192
vn 0.3983 0.2728 0.8757
vn 0.4972 0.4854 0.7192
vn 0.2888 0.3656 0.8848
vn 0.4972 0.4853 0.7192
vn 0.3983 0.2728 0.8757
vn 0.4316 0.5388 0.7234
vn 0.5159 0.2546 0.8179
vn 0.4317 0.5388 0.7234
vn 0.3984 0.2728 0.8757
vn 0.4317 0.5388 0.7234
vn 0.5159 0.2545 0.8180
vn 0.3548 0.5585 0.7498
vn 0.5932 0.3061 0.7446
vn 0.3549 0.5585 0.7498
vn 0.5159 0.2545 0.8180
vn 0.3549 0.5585 0.7498
vn 0.5932 0.3061 0.7446
vn 0.2979 0.5310 0.7933
vn 0.4097 0.4318 0.8036
vn 0.4097 0.4318 0.8036
vn 0.4097 0.4317 0.8036
vn 0.4096 0.4318 0.8036
vn 0.4096 0.4318 0.8036
vn 0.4097 0.4317 0.8036
vn 0.4097 0.4318 0.8036
vn 0.4097 0.4318 0.8036
vn 0.4097 0.4317 0.8036
vn 0.4097 0.4318 0.8036
vn 0.4097 0.4317 0.8036
vn 0.4097 0.4318 0.8036
vn 0.4097 0.4317 0.8036
vn 0.4097 0.4317 0.8036
vn 0.4097 0.4318 0.8036
vn 0.4097 0.4318 0.8036
vn 0.4097 0.4318 0.8036
vn 0.4097 0.4318 0.8036
vn 0.4096 0.4318 0.8036
vn 0.4097 0.4317 0.8036
vn 0.4097 0.4318 0.8036
vn 0.4097 0.4317 0.8036
vn 0.4097 0.4318 0.8036
vn 0.4097 0.4318 0.8036
vn 0.4097 0.4317 0.8036
vn 0.4097 0.4318 0.8036
vn 0.4097 0.4318 0.8036
vn 0.4097 0.4318 0.8036
vn 0.4097 0.4318 0.8036
vn 0.4097 0.4317 0.8036
vn 0.4096 0.4318 0.8036
vn 0.4097 0.4317 0.8036
vn 0.4097 0.4317 0.8036
vn 0.4096 0.4318 0.8036
vn 0.4097 0.4318 0.8036
vn 0.4097 0.4317 0.8036
vn 0.4097 0.4318 0.8036
vn 0.4097 0.4318 0.8036
vn 0.4097 0.4318 0.8036
vn 0.4097 0.4318 0.8036
vn 0.4097 0.4317 0.8036
vn 0.4097 0.4318 0.8036
vn 0.4097 0.4317 0.8036
vn 0.4097 0.4317 0.8036
vn 0.4097 0.4317 0.8036
vn 0.4097 0.4317 0.8036
vn 0.4097 0.4317 0.8036
vn 0.4097 0.4318 0.8036
vn 0.4097 0.4318 0.8036
vn 0.4097 0.4318 0.8036
vn 0.4097 0.4318 0.8036
vn 0.4097 0.4318 0.8036
vn 0.4097 0.4317 0.8036
vn 0.4097 0.4318 0.8036
vn 0.4097 0.4317 0.8036
vn 0.4097 0.4318 0.8036
vn 0.4097 0.4317 0.8036
vn 0.4097 0.4317 0.8036
vn 0.4097 0.4317 0.8036
vn 0.4097 0.4317 0.8036
vn 0.8056 0.4044 0.4328
vn 0.8345 0.1916 0.5166
vn 0.8345 0.1915 0.5167
vn 0.8345 0.1915 0.5166
vn 0.8056 0.4044 0.4329
vn 0.8056 0.4044 0.4329
vn 0.6903 0.6066 0.3945
vn 0.8057 0.4044 0.4328
vn 0.8057 0.4044 0.4328
vn 0.8057 0.4044 0.4328
vn 0.6903 0.6066 0.3944
vn 0.6903 0.6066 0.3945
vn 0.5104 0.7610 0.4003
vn 0.6903 0.6066 0.3944
vn 0.6902 0.6066 0.3944
vn 0.6902 0.6066 0.3944
vn 0.5104 0.7610 0.4003
vn 0.5104 0.7610 0.4003
vn 0.2980 0.8434 0.4471
vn 0.5104 0.7610 0.4004
vn 0.5104 0.7610 0.4005
vn 0.5105 0.7610 0.4004
vn 0.2981 0.8434 0.4471
vn 0.2981 0.8434 0.4471
vn 0.1015 0.8246 0.5565
vn 0.2980 0.8434 0.4471
vn 0.2980 0.8434 0.4471
vn 0.2981 0.8434 0.4470
vn 0.1016 0.8246 0.5565
vn 0.1016 0.8246 0.5565
vn 0.8346 0.1914 0.5166
vn 0.7480 0.0313 0.6629
vn 0.7480 0.0313 0.6629
vn 0.7481 0.0314 0.6629
vn 0.8345 0.1914 0.5167
vn 0.8346 0.1914 0.5166
vn 0.5079 0.0462 0.8602
vn 0.7481 0.0314 0.6629
vn 0.7480 0.0314 0.6630
vn 0.7480 0.0314 0.6629
vn 0.5080 0.0462 0.8601
vn 0.5080 0.0462 0.8601
vn 0.1567 0.3385 0.9278
vn 0.5080 0.0462 0.8601
vn 0.5080 0.0462 0.8601
vn 0.5080 0.0461 0.8601
vn 0.1567 0.3385 0.9278
vn 0.1567 0.3385 0.9278
vn -0.0001 0.6697 0.7426
vn 0.1567 0.3385 0.9278
vn 0.1567 0.3385 0.9278
vn 0.1567 0.3386 0.9278
vn 0.0000 0.6698 0.7425
vn 0.0000 0.6698 0.7426
vn 0.1016 0.8247 0.5564
vn -0.0000 0.6698 0.7425
vn -0.0000 0.6699 0.7425
vn -0.0000 0.6698 0.7426
vn 0.1015 0.8246 0.5565
vn 0.1015 0.8246 0.5566
vn 0.4604 0.4203 0.7819
vn 0.4097 0.4317 0.8036
vn 0.4553 0.3956 0.7976
vn 0.4441 0.4501 0.7747
vn 0.4096 0.4317 0.8036
vn 0.4604 0.4203 0.7819
vn 0.4183 0.4737 0.7751
vn 0.4097 0.4317 0.8036
vn 0.4440 0.4501 0.7747
vn 0.3862 0.4796 0.7879
vn 0.4097 0.4317 0.8036
vn 0.4183 0.4736 0.7750
vn 0.3658 0.4676 0.8047
vn 0.4097 0.4318 0.8036
vn 0.3862 0.4796 0.7879
vn 0.3618 0.4426 0.8205
vn 0.4097 0.4317 0.8036
vn 0.3658 0.4676 0.8047
vn 0.3749 0.4107 0.8311
vn 0.4097 0.4317 0.8036
vn 0.3618 0.4426 0.8205
vn 0.4032 0.3870 0.8292
vn 0.4097 0.4317 0.8036
vn 0.3748 0.4107 0.8312
vn 0.4351 0.3808 0.8159
vn 0.4096 0.4318 0.8036
vn 0.4032 0.3870 0.8292
vn 0.4553 0.3957 0.7976
vn 0.4097 0.4317 0.8036
vn 0.4352 0.3808 0.8159
vn 0.6701 0.0052 0.7422
vn 0.5527 0.1184 0.8249
vn 0.5407 0.1352 0.8303
vn 0.5526 0.1185 0.8250
vn 0.6702 0.0052 0.7422
vn 0.6805 0.0000 0.7328
vn 0.6701 0.0051 0.7422
vn 0.7127 -0.0001 0.7014
vn 0.6805 0.0000 0.7328
vn 0.4548 0.3983 0.7966
vn 0.5407 0.1352 0.8303
vn 0.5526 0.1185 0.8250
vn 0.5407 0.1352 0.8303
vn 0.4548 0.3983 0.7966
vn 0.4548 0.3983 0.7966
vn 0.4117 0.6605 0.6279
vn 0.4547 0.3983 0.7966
vn 0.4547 0.3983 0.7966
vn 0.4547 0.3983 0.7966
vn 0.4117 0.6605 0.6279
vn 0.4167 0.6443 0.6413
vn 0.4063 0.7970 0.4469
vn 0.4167 0.6442 0.6413
vn 0.4117 0.6604 0.6280
vn 0.4167 0.6442 0.6413
vn 0.4063 0.7970 0.4470
vn 0.4102 0.7893 0.4568
vn 0.4102 0.7893 0.4568
vn 0.4063 0.7970 0.4469
vn 0.4077 0.8186 0.4045
vn 0.8485 0.4344 0.3021
vn 0.8485 0.4344 0.3021
vn 0.8485 0.4344 0.3021
vn 0.8485 0.4344 0.3021
vn 0.8485 0.4345 0.3021
vn 0.8485 0.4344 0.3021
vn 0.8485 0.4344 0.3021
vn 0.8485 0.4345 0.3021
vn 0.8485 0.4345 0.3021
vn 0.8498 0.4317 0.3026
vn 0.8497 0.4318 0.3025
vn 0.8497 0.4318 0.3025
vn 0.8498 0.4317 0.3026
vn 0.8498 0.4317 0.3025
vn 0.8498 0.4317 0.3025
vn 0.8485 0.4345 0.3021
vn 0.8485 0.4345 0.3021
vn 0.8485 0.4345 0.3021
vn 0.8485 0.4345 0.3021
vn 0.8485 0.4345 0.3021
vn 0.8485 0.4345 0.3021
vn 0.8498 0.4318 0.3025
vn 0.8498 0.4317 0.3026
vn 0.8498 0.4317 0.3026
vn 0.8426 0.4364 0.3156
vn 0.8426 0.4364 0.3156
vn 0.8426 0.4364 0.3156
vn 0.8463 0.4283 0.3169
vn 0.8463 0.4282 0.3170
vn 0.8463 0.4282 0.3169
vn 0.8450 0.4310 0.3165
vn 0.8450 0.4310 0.3165
vn 0.8450 0.4310 0.3165
vn 0.8487 0.4227 0.3178
vn 0.8487 0.4227 0.3179
vn 0.8487 0.4227 0.3178
vn 0.4085 0.8333 0.3726
vn 0.4542 0.8765 0.1594
vn 0.4512 0.8751 0.1750
vn 0.4542 0.8765 0.1594
vn 0.4085 0.8333 0.3726
vn 0.4089 0.8374 0.3627
vn 0.4085 0.8333 0.3725
vn 0.4083 0.8133 0.4146
vn 0.4088 0.8374 0.3627
vn 0.6489 0.7609 0.0059
vn 0.4512 0.8751 0.1750
vn 0.4542 0.8765 0.1594
vn 0.4511 0.8751 0.1751
vn 0.6488 0.7610 0.0059
vn 0.6488 0.7609 0.0059
vn 0.9081 0.2922 0.3001
vn 0.6488 0.7609 0.0059
vn 0.6489 0.7609 0.0059
vn 0.6489 0.7609 0.0060
vn 0.9080 0.2922 0.3001
vn 0.9039 0.2515 0.3459
vn 0.7537 0.0061 0.6572
vn 0.9040 0.2515 0.3458
vn 0.9081 0.2923 0.3000
vn 0.9040 0.2515 0.3458
vn 0.7537 0.0060 0.6572
vn 0.7419 -0.0001 0.6706
vn 0.7418 0.0000 0.6706
vn 0.7537 0.0061 0.6572
vn 0.7043 0.0000 0.7099
vn 0.7099 -0.0001 0.7043
vn 0.3865 0.2439 0.8894
vn 0.3865 0.2439 0.8894
vn 0.3865 0.2440 0.8894
vn 0.7099 -0.0000 0.7044
vn 0.7043 -0.0000 0.7099
vn 0.3212 0.5924 0.7389
vn 0.3865 0.2440 0.8894
vn 0.3865 0.2440 0.8894
vn 0.3866 0.2439 0.8894
vn 0.3211 0.5924 0.7389
vn 0.3211 0.5924 0.7389
vn 0.4093 0.8154 0.4093
vn 0.3211 0.5924 0.7389
vn 0.3211 0.5924 0.7389
vn 0.3211 0.5924 0.7389
vn 0.4093 0.8154 0.4093
vn 0.4099 0.8165 0.4066
vn 0.4099 0.8165 0.4066
vn 0.6230 0.7787 0.0738
vn 0.6230 0.7787 0.0738
vn 0.6230 0.7787 0.0738
vn 0.4099 0.8165 0.4066
vn 0.4094 0.8154 0.4093
vn 0.9140 0.3910 0.1083
vn 0.6230 0.7788 0.0738
vn 0.6231 0.7787 0.0738
vn 0.6230 0.7787 0.0738
vn 0.9141 0.3909 0.1083
vn 0.9140 0.3909 0.1083
vn 0.7043 0.0000 0.7099
vn 0.9141 0.3908 0.1084
vn 0.9140 0.3909 0.1082
vn 0.9140 0.3909 0.1082
vn 0.7043 0.0001 0.7099
vn 0.7099 -0.0000 0.7043
vn 0.7817 0.3971 0.4808
vn 0.7827 0.3945 0.4814
vn 0.7817 0.3971 0.4809
vn 0.7818 0.3971 0.4808
vn 0.7818 0.3971 0.4808
vn 0.7827 0.3945 0.4814
vn 0.7818 0.3971 0.4808
vn 0.7817 0.3971 0.4808
vn 0.7817 0.3970 0.4809
vn 0.7827 0.3945 0.4814
vn 0.7817 0.3970 0.4809
vn 0.7818 0.3971 0.4808
vn 0.4093 0.4093 0.8154
vn 0.4093 0.4093 0.8154
vn 0.4093 0.4093 0.8154
vn 0.4093 0.4093 0.8154
vn 0.4093 0.4093 0.8154
vn 0.4093 0.4093 0.8154
vn 0.4093 0.4093 0.8154
vn 0.4093 0.4093 0.8154
vn 0.4093 0.4093 0.8154
vn 0.4093 0.4093 0.8154
vn 0.4093 0.4094 0.8154
vn 0.4093 0.4093 0.8154
vn 0.4093 0.4094 0.8154
vn 0.4093 0.4093 0.8154
vn 0.4094 0.4093 0.8154
vn 0.4093 0.4093 0.8154
vn 0.4093 0.4093 0.8154
vn 0.4093 0.4093 0.8154
vn 0.4093 0.4093 0.8154
vn 0.4093 0.4093 0.8154
vn 0.4093 0.4093 0.8154
vn 0.4093 0.4093 0.8154
vn 0.4093 0.4093 0.8154
vn 0.4093 0.4093 0.8154
vn 0.4093 0.4093 0.8154
vn 0.4093 0.4093 0.8154
vn 0.4093 0.4093 0.8154
vn 0.4093 0.4094 0.8154
vn 0.4093 0.4093 0.8154
vn 0.4093 0.4093 0.8154
vn 0.4093 0.4094 0.8154
vn 0.4093 0.4093 0.8154
vn 0.4093 0.4093 0.8154
vn 0.4093 0.4093 0.8154
vn 0.4093 0.4093 0.8154
vn 0.4093 0.4093 0.8154
vn 0.4093 0.4094 0.8154
vn 0.4093 0.4093 0.8154
vn 0.4093 0.4093 0.8154
vn 0.4093 0.4093 0.8154
vn 0.4093 0.4094 0.8154
vn 0.4093 0.4093 0.8154
vn 0.5512 0.3351 0.7641
vn 0.6101 0.3817 0.6943
vn 0.5476 0.3863 0.7422
vn 0.6101 0.3817 0.6943
vn 0.5511 0.3351 0.7642
vn 0.6125 0.3109 0.7268
vn 0.5357 0.2923 0.7922
vn 0.6170 0.3101 0.7233
vn 0.5512 0.3351 0.7641
vn 0.6169 0.3101 0.7234
vn 0.5357 0.2922 0.7922
vn 0.5981 0.2445 0.7632
vn 0.4998 0.2668 0.8240
vn 0.5980 0.2446 0.7633
vn 0.5357 0.2923 0.7922
vn 0.5981 0.2445 0.7632
vn 0.4998 0.2668 0.8240
vn 0.5479 0.2038 0.8113
vn 0.4455 0.2630 0.8558
vn 0.5479 0.2037 0.8114
vn 0.4998 0.2668 0.8240
vn 0.5479 0.2038 0.8114
vn 0.4454 0.2631 0.8558
vn 0.4726 0.1936 0.8597
vn 0.3850 0.2843 0.8780
vn 0.4727 0.1935 0.8597
vn 0.4454 0.2630 0.8558
vn 0.4727 0.1935 0.8597
vn 0.3850 0.2843 0.8780
vn 0.3839 0.2249 0.8956
vn 0.3270 0.3270 0.8866
vn 0.3838 0.2248 0.8956
vn 0.3850 0.2843 0.8780
vn 0.3838 0.2249 0.8956
vn 0.3270 0.3270 0.8866
vn 0.2918 0.2918 0.9109
vn 0.2843 0.3850 0.8780
vn 0.2918 0.2918 0.9109
vn 0.3270 0.3270 0.8866
vn 0.2918 0.2917 0.9109
vn 0.2843 0.3850 0.8780
vn 0.2248 0.3839 0.8956
vn 0.2631 0.4454 0.8558
vn 0.2249 0.3838 0.8956
vn 0.2843 0.3850 0.8780
vn 0.2249 0.3839 0.8956
vn 0.2630 0.4454 0.8558
vn 0.1932 0.4755 0.8582
vn 0.2668 0.4998 0.8240
vn 0.1932 0.4756 0.8582
vn 0.2631 0.4454 0.8558
vn 0.1932 0.4756 0.8582
vn 0.2668 0.4999 0.8240
vn 0.2037 0.5479 0.8114
vn 0.2923 0.5357 0.7922
vn 0.2038 0.5479 0.8113
vn 0.2668 0.4998 0.8240
vn 0.2037 0.5479 0.8113
vn 0.2923 0.5357 0.7922
vn 0.2446 0.5981 0.7632
vn 0.3351 0.5512 0.7641
vn 0.2445 0.5980 0.7633
vn 0.2922 0.5357 0.7922
vn 0.2445 0.5980 0.7633
vn 0.3351 0.5512 0.7641
vn 0.3100 0.6169 0.7234
vn 0.3889 0.5469 0.7414
vn 0.3100 0.6169 0.7234
vn 0.3351 0.5512 0.7642
vn 0.3100 0.6169 0.7234
vn 0.3889 0.5469 0.7414
vn 0.3843 0.6094 0.6935
vn 0.4414 0.5249 0.7277
vn 0.3842 0.6094 0.6935
vn 0.3889 0.5469 0.7414
vn 0.3843 0.6094 0.6935
vn 0.4414 0.5249 0.7278
vn 0.4570 0.5771 0.6768
vn 0.4887 0.4887 0.7227
vn 0.4570 0.5771 0.6768
vn 0.4414 0.5249 0.7278
vn 0.4570 0.5771 0.6768
vn 0.4887 0.4887 0.7227
vn 0.5249 0.5250 0.6700
vn 0.5249 0.4414 0.7278
vn 0.5250 0.5249 0.6700
vn 0.4887 0.4887 0.7227
vn 0.5249 0.5249 0.6700
vn 0.5249 0.4414 0.7278
vn 0.5771 0.4570 0.6768
vn 0.5476 0.3863 0.7423
vn 0.5772 0.4570 0.6768
vn 0.5249 0.4414 0.7278
vn 0.5772 0.4570 0.6768
vn 0.5475 0.3863 0.7423
vn 0.6101 0.3817 0.6943
vn 0.4093 0.4093 0.8154
vn 0.5476 0.3863 0.7422
vn 0.5250 0.4414 0.7277
vn 0.4093 0.4094 0.8154
vn 0.5512 0.3351 0.7641
vn 0.5475 0.3864 0.7422
vn 0.4093 0.4093 0.8154
vn 0.5357 0.2923 0.7922
vn 0.5512 0.3351 0.7641
vn 0.4093 0.4094 0.8154
vn 0.4999 0.2668 0.8240
vn 0.5357 0.2922 0.7922
vn 0.4093 0.4093 0.8154
vn 0.4454 0.2631 0.8558
vn 0.4998 0.2668 0.8240
vn 0.4093 0.4094 0.8154
vn 0.3851 0.2843 0.8780
vn 0.4455 0.2631 0.8558
vn 0.4093 0.4094 0.8154
vn 0.3270 0.3271 0.8866
vn 0.3850 0.2843 0.8780
vn 0.4094 0.4093 0.8154
vn 0.2842 0.3851 0.8780
vn 0.3270 0.3270 0.8866
vn 0.4093 0.4094 0.8154
vn 0.2631 0.4454 0.8558
vn 0.2843 0.3850 0.8780
vn 0.4093 0.4094 0.8154
vn 0.2668 0.4998 0.8240
vn 0.2631 0.4455 0.8558
vn 0.4094 0.4093 0.8154
vn 0.2922 0.5357 0.7922
vn 0.2668 0.4998 0.8240
vn 0.4094 0.4093 0.8154
vn 0.3351 0.5512 0.7641
vn 0.2922 0.5357 0.7922
vn 0.4093 0.4093 0.8154
vn 0.3889 0.5469 0.7414
vn 0.3351 0.5512 0.7641
vn 0.4093 0.4093 0.8154
vn 0.4414 0.5249 0.7277
vn 0.3890 0.5469 0.7414
vn 0.4093 0.4093 0.8154
vn 0.4887 0.4887 0.7227
vn 0.4414 0.5250 0.7277
vn 0.4093 0.4093 0.8154
vn 0.5249 0.4414 0.7277
vn 0.4887 0.4888 0.7227
vn 0.7638 0.3927 0.5123
vn 0.8433 0.4284 0.3246
vn 0.8442 0.4289 0.3216
vn 0.8433 0.4284 0.3246
vn 0.7638 0.3926 0.5123
vn 0.7638 0.3926 0.5123
vn 0.4277 0.4055 0.8079
vn 0.7638 0.3926 0.5123
vn 0.7638 0.3926 0.5123
vn 0.7638 0.3926 0.5123
vn 0.4277 0.4055 0.8079
vn 0.4277 0.4055 0.8079
vn 0.2119 0.4675 0.8582
vn 0.4277 0.4055 0.8079
vn 0.4276 0.4055 0.8079
vn 0.4277 0.4055 0.8079
vn 0.2119 0.4674 0.8583
vn 0.2119 0.4675 0.8582
vn 0.7071 0.0000 0.7071
vn 0.7071 0.0000 0.7072
vn 0.7070 0.0000 0.7072
vn 0.7070 0.0000 0.7072
vn 0.7071 0.0000 0.7071
vn 0.7070 0.0000 0.7072
vn 0.4093 0.8154 0.4094
vn 0.4093 0.8154 0.4094
vn 0.4093 0.8154 0.4093
vn 0.4093 0.8154 0.4094
vn 0.4094 0.8154 0.4093
vn 0.4094 0.8154 0.4093
vn 0.7638 0.3927 0.5123
vn 0.8433 0.4284 0.3246
vn 0.8442 0.4289 0.3216
vn 0.8433 0.4284 0.3246
vn 0.7638 0.3926 0.5123
vn 0.4277 0.4055 0.8079
vn 0.7638 0.3926 0.5123
vn 0.7638 0.3926 0.5123
vn 0.7638 0.3926 0.5123
vn 0.4277 0.4055 0.8079
vn 0.4277 0.4055 0.8079
vn 0.2119 0.4675 0.8582
vn 0.4277 0.4055 0.8079
vn 0.4276 0.4055 0.8079
vn 0.4277 0.4055 0.8079
vn 0.2119 0.4674 0.8583
vn 0.2119 0.4675 0.8582
vn 0.7070 0.0000 0.7072
vn 0.7071 -0.0000 0.7071
vn 0.7070 0.0000 0.7072
vn 0.4093 0.8154 0.4094
vn 0.4094 0.8154 0.4093
vn 0.4094 0.8154 0.4093
vn 0.3580 0.9164 0.1790
vn 0.0240 0.6127 0.7899
vn 0.0240 0.6128 0.7899
vn 0.0240 0.6127 0.7899
vn 0.3580 0.9164 0.1790
vn 0.3581 0.9164 0.1790
vn 0.8438 0.5268 0.1028
vn 0.3579 0.9165 0.1789
vn 0.3580 0.9164 0.1789
vn 0.3579 0.9164 0.1789
vn 0.8437 0.5269 0.1028
vn 0.8437 0.5268 0.1028
vn 0.4093 0.4093 0.8155
vn 0.0240 0.6127 0.7899
vn 0.0239 0.6128 0.7899
vn 0.0240 0.6127 0.7899
vn 0.4093 0.4093 0.8154
vn 0.4093 0.4093 0.8155
vn 0.7675 0.3930 0.5065
vn 0.4093 0.4093 0.8154
vn 0.4093 0.4093 0.8154
vn 0.4093 0.4093 0.8154
vn 0.7675 0.3929 0.5066
vn 0.7675 0.3929 0.5066
vn 0.8437 0.5268 0.1029
vn 0.7675 0.3930 0.5065
vn 0.7675 0.3929 0.5066
vn 0.7675 0.3929 0.5066
vn 0.8437 0.5268 0.1029
vn 0.8437 0.5268 0.1029
vn 0.7072 0.0000 0.7071
vn 0.7071 0.0000 0.7072
vn 0.7071 0.0000 0.7071
vn 0.7071 0.0000 0.7071
vn 0.7071 0.0000 0.7072
vn 0.7071 0.0000 0.7071
vn 0.7071 0.0000 0.7071
vn 0.7071 0.0000 0.7071
vn 0.7071 0.0000 0.7071
vn 0.4093 0.8154 0.4094
vn 0.4093 0.8154 0.4093
vn 0.4093 0.8154 0.4093
vn 0.4093 0.8154 0.4093
vn 0.4093 0.8154 0.4093
vn 0.4093 0.8154 0.4093
vn 0.4093 0.8154 0.4094
vn 0.4093 0.8154 0.4093
vn 0.4094 0.8154 0.4093
vn 0.7792 0.2684 0.5664
vn 0.7548 0.3881 0.5288
vn 0.7548 0.3881 0.5287
vn 0.7548 0.3881 0.5287
vn 0.7792 0.2685 0.5664
vn 0.7771 0.2710 0.5681
vn 0.7615 0.1581 0.6286
vn 0.7771 0.2710 0.5681
vn 0.7792 0.2685 0.5664
vn 0.7771 0.2711 0.5681
vn 0.7615 0.1581 0.6286
vn 0.7615 0.1581 0.6286
vn 0.7013 0.0693 0.7095
vn 0.7615 0.1581 0.6286
vn 0.7615 0.1581 0.6286
vn 0.7615 0.1580 0.6287
vn 0.7014 0.0693 0.7094
vn 0.7039 0.0548 0.7082
vn 0.6128 0.0152 0.7901
vn 0.7040 0.0547 0.7081
vn 0.7013 0.0693 0.7095
vn 0.7040 0.0549 0.7081
vn 0.6128 0.0152 0.7901
vn 0.6164 0.0104 0.7874
vn 0.4626 0.0644 0.8842
vn 0.6165 0.0103 0.7873
vn 0.6127 0.0152 0.7901
vn 0.6164 0.0104 0.7874
vn 0.4626 0.0644 0.8842
vn 0.4797 0.0558 0.8757
vn 0.2529 0.2184 0.9425
vn 0.4797 0.0558 0.8757
vn 0.4626 0.0644 0.8842
vn 0.4797 0.0558 0.8757
vn 0.2529 0.2184 0.9425
vn 0.2819 0.1935 0.9397
vn 0.0978 0.4119 0.9060
vn 0.2819 0.1935 0.9397
vn 0.2530 0.2183 0.9425
vn 0.2820 0.1934 0.9397
vn 0.0978 0.4119 0.9060
vn 0.1077 0.3947 0.9125
vn 0.0369 0.5951 0.8028
vn 0.1077 0.3947 0.9125
vn 0.0978 0.4119 0.9060
vn 0.1077 0.3947 0.9125
vn 0.0369 0.5952 0.8027
vn 0.0370 0.6003 0.7989
vn 0.0693 0.7054 0.7054
vn 0.0369 0.6003 0.7989
vn 0.0368 0.5951 0.8028
vn 0.0369 0.6003 0.7989
vn 0.0693 0.7055 0.7053
vn 0.0693 0.7054 0.7055
vn 0.1552 0.7653 0.6246
vn 0.0693 0.7054 0.7054
vn 0.0693 0.7054 0.7054
vn 0.0693 0.7054 0.7054
vn 0.1552 0.7654 0.6246
vn 0.1552 0.7653 0.6246
vn 0.2685 0.7792 0.5664
vn 0.1553 0.7654 0.6246
vn 0.1553 0.7654 0.6246
vn 0.1553 0.7654 0.6246
vn 0.2685 0.7792 0.5664
vn 0.2685 0.7792 0.5664
vn 0.3908 0.7539 0.5281
vn 0.2685 0.7792 0.5664
vn 0.2685 0.7792 0.5664
vn 0.2685 0.7792 0.5664
vn 0.3907 0.7539 0.5281
vn 0.3907 0.7540 0.5281
vn 0.5068 0.6973 0.5068
vn 0.3907 0.7540 0.5280
vn 0.3907 0.7540 0.5280
vn 0.3907 0.7540 0.5281
vn 0.5068 0.6973 0.5068
vn 0.5068 0.6973 0.5068
vn 0.6124 0.6125 0.4998
vn 0.5069 0.6973 0.5068
vn 0.5068 0.6973 0.5068
vn 0.5069 0.6973 0.5068
vn 0.6124 0.6125 0.4998
vn 0.6124 0.6125 0.4998
vn 0.6973 0.5069 0.5068
vn 0.6125 0.6125 0.4998
vn 0.6125 0.6124 0.4998
vn 0.6125 0.6124 0.4998
vn 0.6973 0.5069 0.5068
vn 0.6973 0.5068 0.5068
vn 0.7549 0.3881 0.5287
vn 0.6973 0.5068 0.5069
vn 0.6973 0.5069 0.5068
vn 0.6973 0.5068 0.5068
vn 0.7549 0.3881 0.5287
vn 0.7549 0.3881 0.5287
vn 0.4093 0.4093 0.8154
vn 0.4093 0.4093 0.8154
vn 0.4093 0.4093 0.8154
vn 0.4093 0.4093 0.8154
vn 0.4093 0.4093 0.8154
vn 0.4093 0.4093 0.8154
vn 0.4093 0.4094 0.8154
vn 0.4093 0.4093 0.8154
vn 0.4093 0.4093 0.8154
vn 0.4093 0.4093 0.8154
vn 0.4093 0.4093 0.8154
vn 0.4093 0.4093 0.8154
vn 0.4093 0.4094 0.8154
vn 0.4093 0.4093 0.8154
vn 0.4093 0.4093 0.8154
vn 0.4093 0.4093 0.8154
vn 0.4093 0.4093 0.8154
vn 0.4093 0.4093 0.8154
vn 0.4093 0.4094 0.8154
vn 0.4093 0.4093 0.8154
vn 0.4093 0.4093 0.8154
vn 0.4093 0.4093 0.8154
vn 0.4093 0.4093 0.8154
vn 0.4093 0.4093 0.8154
vn 0.4093 0.4094 0.8154
vn 0.4093 0.4093 0.8154
vn 0.4093 0.4093 0.8154
vn 0.4093 0.4094 0.8154
vn 0.4093 0.4093 0.8154
vn 0.4093 0.4093 0.8154
vn 0.4093 0.4094 0.8154
vn 0.4093 0.4093 0.8154
vn 0.4094 0.4093 0.8154
vn 0.4093 0.4093 0.8154
vn 0.4093 0.4093 0.8154
vn 0.4094 0.4093 0.8154
vn 0.4093 0.4093 0.8154
vn 0.4093 0.4093 0.8154
vn 0.4094 0.4093 0.8154
vn 0.4093 0.4094 0.8154
vn 0.4093 0.4093 0.8154
vn 0.4093 0.4093 0.8154
vn 0.0319 0.8177 0.5748
vn 0.0319 0.8176 0.5748
vn 0.0319 0.8177 0.5748
vn 0.0319 0.8177 0.5748
vn 0.0319 0.8177 0.5748
vn 0.0319 0.8176 0.5749
vn 0.6778 0.7353 0.0000
vn 0.6778 0.7352 0.0000
vn 0.6778 0.7352 0.0000
vn 0.6778 0.7352 0.0000
vn 0.6778 0.7352 0.0000
vn 0.6778 0.7353 0.0000
vn 0.3607 0.4197 0.8329
vn 0.5337 0.3903 0.7502
vn 0.5337 0.3903 0.7502
vn 0.5337 0.3903 0.7502
vn 0.3607 0.4197 0.8329
vn 0.3607 0.4197 0.8329
vn 0.1873 0.4792 0.8575
vn 0.3607 0.4197 0.8329
vn 0.3607 0.4197 0.8329
vn 0.3607 0.4197 0.8329
vn 0.1873 0.4792 0.8575
vn 0.1872 0.4793 0.8574
vn 0.7071 -0.0000 0.7071
vn 0.7071 -0.0000 0.7071
vn 0.7071 0.0000 0.7071
vn 0.7071 0.0000 0.7071
vn 0.7071 0.0000 0.7071
vn 0.7071 0.0000 0.7071
vn 0.4093 0.8154 0.4093
vn 0.4093 0.8154 0.4093
vn 0.4093 0.8154 0.4093
vn 0.4094 0.8154 0.4093
vn 0.4093 0.8154 0.4094
vn 0.4093 0.8154 0.4093
vn 0.3643 0.9140 0.1786
vn 0.0286 0.6104 0.7916
vn 0.0286 0.6104 0.7916
vn 0.0286 0.6104 0.7916
vn 0.3643 0.9140 0.1785
vn 0.3643 0.9140 0.1785
vn 0.4066 0.4099 0.8165
vn 0.0286 0.6104 0.7916
vn 0.0286 0.6104 0.7916
vn 0.0287 0.6104 0.7916
vn 0.4066 0.4099 0.8165
vn 0.4066 0.4098 0.8165
vn 0.7650 0.3932 0.5100
vn 0.4066 0.4098 0.8165
vn 0.4066 0.4098 0.8165
vn 0.4067 0.4099 0.8165
vn 0.7650 0.3932 0.5100
vn 0.7650 0.3933 0.5100
vn 0.8425 0.5287 0.1033
vn 0.7650 0.3933 0.5100
vn 0.7650 0.3933 0.5100
vn 0.7650 0.3933 0.5100
vn 0.8425 0.5287 0.1032
vn 0.8425 0.5287 0.1033
vn 0.3642 0.9141 0.1785
vn 0.8425 0.5287 0.1032
vn 0.8425 0.5286 0.1032
vn 0.8425 0.5287 0.1032
vn 0.3641 0.9141 0.1785
vn 0.3642 0.9141 0.1785
vn 0.7071 0.0000 0.7071
vn 0.7071 0.0000 0.7071
vn 0.7071 -0.0000 0.7071
vn 0.7071 0.0000 0.7071
vn 0.7071 0.0000 0.7071
vn 0.7071 0.0000 0.7071
vn 0.7071 -0.0000 0.7072
vn 0.7071 0.0000 0.7071
vn 0.7071 -0.0000 0.7071
vn 0.4094 0.8154 0.4093
vn 0.4093 0.8154 0.4094
vn 0.4093 0.8154 0.4093
vn 0.4093 0.8154 0.4093
vn 0.4093 0.8154 0.4093
vn 0.4093 0.8154 0.4093
vn 0.4093 0.8154 0.4093
vn 0.4093 0.8154 0.4093
vn 0.4093 0.8154 0.4093
vn 0.0319 0.8176 0.5749
vn 0.0319 0.8176 0.5749
vn 0.0319 0.8177 0.5748
vn 0.0319 0.8176 0.5749
vn 0.0319 0.8177 0.5748
vn 0.0319 0.8176 0.5749
vn 0.6778 0.7352 0.0000
vn 0.6778 0.7352 0.0000
vn 0.6778 0.7352 0.0000
vn 0.6777 0.7353 0.0000
vn 0.6778 0.7352 0.0000
vn 0.6778 0.7353 0.0000
vn 0.3607 0.4197 0.8329
vn 0.5337 0.3903 0.7502
vn 0.5337 0.3903 0.7502
vn 0.5337 0.3903 0.7502
vn 0.3607 0.4197 0.8329
vn 0.3607 0.4197 0.8329
vn 0.1872 0.4793 0.8575
vn 0.3606 0.4198 0.8329
vn 0.3607 0.4197 0.8329
vn 0.3606 0.4198 0.8329
vn 0.1872 0.4793 0.8574
vn 0.1872 0.4793 0.8574
vn 0.7071 0.0000 0.7071
vn 0.7071 0.0000 0.7071
vn 0.7071 -0.0000 0.7071
vn 0.7071 -0.0000 0.7071
vn 0.7071 -0.0000 0.7071
vn 0.7071 -0.0000 0.7071
vn 0.4094 0.8154 0.4093
vn 0.4093 0.8154 0.4094
vn 0.4093 0.8154 0.4093
vn 0.4093 0.4093 0.8154
vn 0.4093 0.4093 0.8154
vn 0.4093 0.4093 0.8154
vn 0.4093 0.4094 0.8154
vn 0.4093 0.4093 0.8154
vn 0.4093 0.4094 0.8154
vn 0.4094 0.4093 0.8154
vn 0.4093 0.4093 0.8154
vn 0.4093 0.4093 0.8154
vn 0.4094 0.4093 0.8154
vn 0.4093 0.4094 0.8154
vn 0.4093 0.4093 0.8154
vn 0.4093 0.4093 0.8154
vn 0.4093 0.4093 0.8154
vn 0.4093 0.4093 0.8154
vn 0.4093 0.4094 0.8154
vn 0.4093 0.4093 0.8154
vn 0.4093 0.4093 0.8154
vn 0.4093 0.4093 0.8154
vn 0.4093 0.4093 0.8154
vn 0.4093 0.4093 0.8154
vn 0.4094 0.4093 0.8154
vn 0.4093 0.4093 0.8154
vn 0.4093 0.4093 0.8154
vn 0.4093 0.4093 0.8154
vn 0.4093 0.4093 0.8154
vn 0.4093 0.4094 0.8154
vn 0.4094 0.4093 0.8154
vn 0.4093 0.4093 0.8154
vn 0.4093 0.4094 0.8154
vn 0.4093 0.4093 0.8154
vn 0.4093 0.4094 0.8154
vn 0.4093 0.4094 0.8154
vn 0.4093 0.4093 0.8154
vn 0.4094 0.4093 0.8154
vn 0.4093 0.4094 0.8154
vn 0.4093 0.4093 0.8154
vn 0.4093 0.4093 0.8154
vn 0.4093 0.4093 0.8154
vn 0.4093 0.4093 0.8154
vn 0.4093 0.4094 0.8154
vn 0.8531 0.2740 0.4439
vn 0.8165 0.4067 0.4099
vn 0.8165 0.4066 0.4099
vn 0.8165 0.4066 0.4099
vn 0.8532 0.2740 0.4439
vn 0.8531 0.2740 0.4439
vn 0.8533 0.1449 0.5009
vn 0.8532 0.2740 0.4439
vn 0.8531 0.2740 0.4440
vn 0.8532 0.2740 0.4439
vn 0.8533 0.1449 0.5010
vn 0.8532 0.1448 0.5010
vn 0.8081 0.0413 0.5876
vn 0.8533 0.1448 0.5010
vn 0.8532 0.1448 0.5010
vn 0.8533 0.1448 0.5009
vn 0.8081 0.0413 0.5876
vn 0.8080 0.0413 0.5877
vn 0.7071 0.0000 0.7071
vn 0.8081 0.0414 0.5876
vn 0.8081 0.0414 0.5876
vn 0.8080 0.0414 0.5877
vn 0.7071 0.0000 0.7071
vn 0.7071 0.0000 0.7071
vn 0.5243 0.0597 0.8494
vn 0.7072 -0.0001 0.7070
vn 0.7071 -0.0001 0.7072
vn 0.7071 -0.0001 0.7071
vn 0.5243 0.0597 0.8495
vn 0.5243 0.0597 0.8495
vn 0.2676 0.2676 0.9256
vn 0.5243 0.0597 0.8495
vn 0.5243 0.0597 0.8494
vn 0.5242 0.0597 0.8495
vn 0.2676 0.2676 0.9256
vn 0.2675 0.2676 0.9256
vn 0.0598 0.5243 0.8494
vn 0.2676 0.2676 0.9256
vn 0.2677 0.2675 0.9256
vn 0.2676 0.2676 0.9256
vn 0.0598 0.5244 0.8494
vn 0.0598 0.5243 0.8494
vn 0.0000 0.7043 0.7099
vn 0.0596 0.5243 0.8495
vn 0.0596 0.5243 0.8494
vn 0.0596 0.5242 0.8495
vn 0.0000 0.7044 0.7098
vn 0.0000 0.7043 0.7099
vn 0.0414 0.8080 0.5877
vn 0.0000 0.7044 0.7098
vn 0.0000 0.7043 0.7099
vn 0.0000 0.7044 0.7099
vn 0.0414 0.8080 0.5877
vn 0.0414 0.8080 0.5877
vn 0.1448 0.8533 0.5009
vn 0.0413 0.8081 0.5876
vn 0.0413 0.8080 0.5877
vn 0.0413 0.8081 0.5877
vn 0.1448 0.8533 0.5010
vn 0.1448 0.8533 0.5009
vn 0.2740 0.8532 0.4439
vn 0.1448 0.8533 0.5010
vn 0.1448 0.8532 0.5010
vn 0.1449 0.8532 0.5010
vn 0.2740 0.8532 0.4439
vn 0.2740 0.8531 0.4439
vn 0.4093 0.8154 0.4093
vn 0.2740 0.8531 0.4439
vn 0.2740 0.8531 0.4440
vn 0.2740 0.8531 0.4440
vn 0.4093 0.8154 0.4093
vn 0.4093 0.8154 0.4094
vn 0.5359 0.7490 0.3897
vn 0.4093 0.8154 0.4093
vn 0.4093 0.8154 0.4093
vn 0.4093 0.8154 0.4093
vn 0.5359 0.7490 0.3897
vn 0.5358 0.7490 0.3898
vn 0.6530 0.6531 0.3834
vn 0.5359 0.7490 0.3897
vn 0.5359 0.7490 0.3897
vn 0.5359 0.7490 0.3897
vn 0.6530 0.6531 0.3834
vn 0.6531 0.6531 0.3834
vn 0.7490 0.5359 0.3897
vn 0.6531 0.6530 0.3834
vn 0.6531 0.6531 0.3834
vn 0.6531 0.6530 0.3834
vn 0.7490 0.5359 0.3897
vn 0.7490 0.5358 0.3897
vn 0.8165 0.4066 0.4099
vn 0.7490 0.5359 0.3897
vn 0.7490 0.5358 0.3898
vn 0.7490 0.5359 0.3897
vn 0.8165 0.4067 0.4099
vn 0.8165 0.4066 0.4099
vn 0.7812 0.2713 0.5622
vn 0.7632 0.3862 0.5180
vn 0.7617 0.3946 0.5139
vn 0.7632 0.3862 0.5180
vn 0.7812 0.2713 0.5622
vn 0.7813 0.2659 0.5647
vn 0.7632 0.1584 0.6264
vn 0.7813 0.2659 0.5646
vn 0.7812 0.2713 0.5622
vn 0.7813 0.2660 0.5646
vn 0.7632 0.1585 0.6264
vn 0.7621 0.1554 0.6285
vn 0.7011 0.0730 0.7093
vn 0.7621 0.1553 0.6285
vn 0.7632 0.1584 0.6265
vn 0.7622 0.1553 0.6285
vn 0.7012 0.0730 0.7092
vn 0.7011 0.0730 0.7093
vn 0.5891 0.0371 0.8072
vn 0.7012 0.0729 0.7092
vn 0.7011 0.0729 0.7093
vn 0.7012 0.0729 0.7093
vn 0.5892 0.0371 0.8072
vn 0.5921 0.0369 0.8050
vn 0.4243 0.0891 0.9011
vn 0.5922 0.0370 0.8049
vn 0.5892 0.0371 0.8072
vn 0.5922 0.0370 0.8049
vn 0.4243 0.0891 0.9011
vn 0.4289 0.0837 0.8995
vn 0.2302 0.2413 0.9428
vn 0.4288 0.0837 0.8995
vn 0.4244 0.0890 0.9011
vn 0.4288 0.0837 0.8995
vn 0.2301 0.2413 0.9428
vn 0.2413 0.2301 0.9428
vn 0.7110 0.5103 0.4838
vn 0.7617 0.3946 0.5139
vn 0.7633 0.3862 0.5180
vn 0.7617 0.3946 0.5139
vn 0.7110 0.5104 0.4838
vn 0.7063 0.5179 0.4826
vn 0.6287 0.6228 0.4657
vn 0.7063 0.5180 0.4826
vn 0.7110 0.5104 0.4838
vn 0.7063 0.5179 0.4826
vn 0.6287 0.6228 0.4656
vn 0.6229 0.6286 0.4656
vn 0.5216 0.7172 0.4622
vn 0.6228 0.6287 0.4656
vn 0.6287 0.6229 0.4656
vn 0.6228 0.6287 0.4656
vn 0.5215 0.7172 0.4622
vn 0.5161 0.7208 0.4627
vn 0.3973 0.7853 0.4748
vn 0.5161 0.7208 0.4627
vn 0.5215 0.7172 0.4623
vn 0.5161 0.7208 0.4627
vn 0.3973 0.7853 0.4749
vn 0.3946 0.7862 0.4755
vn 0.2650 0.8184 0.5099
vn 0.3947 0.7862 0.4755
vn 0.3973 0.7852 0.4749
vn 0.3947 0.7862 0.4755
vn 0.2650 0.8184 0.5098
vn 0.2650 0.8184 0.5099
vn 0.1421 0.8077 0.5722
vn 0.2650 0.8184 0.5098
vn 0.2650 0.8184 0.5098
vn 0.2650 0.8184 0.5099
vn 0.1422 0.8077 0.5721
vn 0.1453 0.8086 0.5702
vn 0.0513 0.7436 0.6667
vn 0.1453 0.8086 0.5701
vn 0.1421 0.8077 0.5722
vn 0.1453 0.8086 0.5701
vn 0.0513 0.7436 0.6667
vn 0.0552 0.7472 0.6623
vn 0.0197 0.6210 0.7836
vn 0.0552 0.7472 0.6623
vn 0.0513 0.7436 0.6667
vn 0.0552 0.7472 0.6623
vn 0.0197 0.6210 0.7836
vn 0.0195 0.6299 0.7764
vn 0.0822 0.4326 0.8979
vn 0.0195 0.6300 0.7764
vn 0.0198 0.6209 0.7836
vn 0.0196 0.6299 0.7764
vn 0.0822 0.4325 0.8979
vn 0.0708 0.4461 0.8922
vn 0.2413 0.2300 0.9428
vn 0.0707 0.4461 0.8922
vn 0.0821 0.4325 0.8979
vn 0.0706 0.4461 0.8922
vn 0.2412 0.2301 0.9428
vn 0.2301 0.2413 0.9428
vn 0.7071 0.0000 0.7071
vn 0.7070 0.0000 0.7072
vn 0.7071 0.0000 0.7071
vn 0.7072 0.0000 0.7071
vn 0.7071 0.0000 0.7072
vn 0.7071 0.0000 0.7071
vn 0.6591 0.7520 0.0052
vn 0.8633 0.4992 0.0742
vn 0.8633 0.4992 0.0742
vn 0.8634 0.4991 0.0742
vn 0.6592 0.7519 0.0052
vn 0.7072 0.7070 0.0000
vn 0.5767 0.8155 0.0495
vn 0.7070 0.7072 -0.0000
vn 0.6592 0.7520 0.0051
vn 0.7072 0.7071 -0.0001
vn 0.5766 0.8155 0.0495
vn 0.5766 0.8155 0.0495
vn 0.4093 0.8154 0.4093
vn 0.4093 0.8154 0.4094
vn 0.4093 0.8154 0.4093
vn 0.4094 0.8154 0.4093
vn 0.4093 0.8154 0.4094
vn 0.4094 0.8154 0.4093
vn 0.4093 0.4093 0.8154
vn 0.3882 0.5491 0.7401
vn 0.3998 0.4591 0.7934
vn 0.3883 0.5490 0.7401
vn 0.4093 0.4093 0.8155
vn 0.3883 0.5490 0.7402
vn 0.3997 0.4592 0.7933
vn 0.4487 0.2594 0.8552
vn 0.4094 0.4093 0.8154
vn 0.4487 0.2594 0.8552
vn 0.3998 0.4591 0.7933
vn 0.4487 0.2594 0.8552
vn 0.8154 0.4093 0.4093
vn 0.8154 0.4093 0.4093
vn 0.8154 0.4093 0.4094
vn 0.8154 0.4094 0.4093
vn 0.8154 0.4093 0.4093
vn 0.8154 0.4093 0.4094
vn 0.8154 0.4093 0.4093
vn 0.8154 0.4094 0.4093
vn 0.8154 0.4093 0.4093
vn 0.8154 0.4093 0.4093
vn 0.8154 0.4093 0.4093
vn 0.8154 0.4094 0.4093
vn 0.7044 -0.0000 0.7098
vn 0.8081 0.0413 0.5876
vn 0.8080 0.0413 0.5877
vn 0.8080 0.0413 0.5877
vn 0.7044 0.0000 0.7098
vn 0.7205 -0.0000 0.6934
vn 0.2676 0.2676 0.9256
vn 0.7206 0.0000 0.6933
vn 0.7043 0.0000 0.7099
vn 0.7206 0.0001 0.6934
vn 0.2676 0.2676 0.9256
vn 0.2676 0.2676 0.9256
vn 0.2676 0.2676 0.9256
vn -0.0000 0.7205 0.6935
vn 0.2676 0.2675 0.9256
vn -0.0000 0.7205 0.6934
vn 0.2676 0.2675 0.9256
vn -0.0001 0.7044 0.7098
vn 0.1644 0.8564 0.4894
vn -0.0001 0.7043 0.7099
vn 0.1448 0.8533 0.5010
vn -0.0000 0.7044 0.7098
vn 0.1644 0.8564 0.4895
vn 0.0000 0.7206 0.6934
vn 0.1448 0.8532 0.5010
vn 0.4277 0.8079 0.4055
vn 0.1645 0.8564 0.4894
vn 0.4277 0.8079 0.4055
vn 0.1448 0.8532 0.5010
vn 0.4067 0.8165 0.4098
vn 0.4067 0.8165 0.4098
vn 0.5358 0.7490 0.3897
vn 0.4277 0.8079 0.4055
vn 0.5359 0.7490 0.3897
vn 0.4066 0.8165 0.4098
vn 0.5359 0.7490 0.3897
vn 0.8154 0.4093 0.4093
vn 0.8154 0.4093 0.4093
vn 0.8154 0.4093 0.4093
vn 0.8154 0.4093 0.4093
vn 0.8154 0.4093 0.4093
vn 0.4094 0.4093 0.8154
vn 0.4093 0.4093 0.8154
vn 0.4093 0.4093 0.8154
vn 0.4093 0.4093 0.8154
vn 0.4094 0.4093 0.8154
vn 0.4093 0.4093 0.8154
vn 0.4093 0.4093 0.8154
vn 0.4093 0.4093 0.8154
vn 0.4098 0.4089 0.8154
vn 0.4093 0.4093 0.8154
vn 0.4093 0.4093 0.8154
vn 0.4093 0.4093 0.8154
vn 0.4094 0.4093 0.8154
vn 0.4094 0.4093 0.8154
vn 0.4093 0.4093 0.8154
vn 0.4086 0.4100 0.8154
vn 0.4094 0.4093 0.8154
vn 0.4094 0.4093 0.8154
vn 0.4094 0.4093 0.8154
vn 0.4093 0.4094 0.8154
vn 0.4093 0.4093 0.8154
vn 0.7542 0.0051 0.6567
vn 0.8582 0.1932 0.4755
vn 0.8582 0.1932 0.4755
vn 0.8583 0.1932 0.4755
vn 0.7542 0.0051 0.6566
vn 0.7541 0.0051 0.6567
vn 0.4724 0.0958 0.8762
vn 0.7542 0.0051 0.6566
vn 0.7541 0.0051 0.6568
vn 0.7541 0.0051 0.6567
vn 0.4723 0.0958 0.8762
vn 0.4724 0.0958 0.8762
vn 0.8582 0.1932 0.4755
vn 0.7638 0.5123 0.3927
vn 0.8582 0.1932 0.4756
vn 0.7638 0.5123 0.3927
vn 0.8582 0.1932 0.4755
vn 0.7638 0.5123 0.3926
vn 0.5632 0.7298 0.3875
vn 0.7638 0.5123 0.3926
vn 0.7638 0.5123 0.3926
vn 0.7638 0.5123 0.3926
vn 0.5633 0.7298 0.3876
vn 0.5632 0.7298 0.3876
vn 0.3491 0.8358 0.4237
vn 0.5633 0.7297 0.3876
vn 0.5632 0.7297 0.3876
vn 0.5632 0.7298 0.3876
vn 0.3549 0.8349 0.4207
vn 0.3550 0.8349 0.4207
vn 0.1448 0.8532 0.5010
vn 0.3550 0.8349 0.4207
vn 0.3550 0.8348 0.4208
vn 0.3550 0.8349 0.4207
vn 0.1448 0.8532 0.5010
vn 0.1449 0.8532 0.5010
vn 0.0051 0.7563 0.6541
vn 0.1448 0.8532 0.5010
vn 0.1448 0.8533 0.5010
vn 0.1448 0.8533 0.5009
vn 0.0051 0.7564 0.6541
vn 0.0050 0.7563 0.6542
vn 0.0888 0.4779 0.8739
vn 0.0051 0.7564 0.6541
vn 0.0051 0.7563 0.6542
vn 0.0051 0.7564 0.6541
vn 0.0888 0.4779 0.8739
vn 0.0888 0.4779 0.8739
vn 0.4724 0.0958 0.8762
vn 0.0888 0.4779 0.8739
vn 0.0888 0.4779 0.8739
vn 0.0888 0.4779 0.8739
vn 0.4723 0.0960 0.8762
vn 0.4724 0.0958 0.8761
vn 0.4093 0.4093 0.8154
vn 0.4093 0.4093 0.8154
vn 0.4093 0.4094 0.8154
vn 0.4093 0.4093 0.8154
vn 0.4093 0.4093 0.8154
vn 0.4093 0.4093 0.8154
vn 0.4093 0.4093 0.8154
vn 0.4094 0.4093 0.8154
vn 0.4093 0.4094 0.8154
vn 0.4093 0.4093 0.8154
vn 0.4093 0.4093 0.8154
vn 0.4093 0.4093 0.8154
vn 0.4093 0.4093 0.8154
vn 0.4093 0.4093 0.8154
vn 0.4093 0.4093 0.8154
vn 0.4094 0.4093 0.8154
vn 0.4094 0.4093 0.8154
vn 0.4093 0.4093 0.8154
vn 0.4093 0.4093 0.8154
vn 0.4093 0.4093 0.8154
vn 0.4093 0.4093 0.8154
vn 0.4093 0.4093 0.8154
vn 0.4093 0.4093 0.8154
vn 0.4093 0.4093 0.8154
vn 0.4094 0.4093 0.8154
vn 0.4094 0.4093 0.8154
vn 0.8258 0.3810 0.4159
vn 0.8259 0.3822 0.4146
vn 0.8259 0.3822 0.4146
vn 0.8259 0.3822 0.4146
vn 0.8259 0.3822 0.4146
vn 0.8259 0.3822 0.4146
vn 0.7959 0.6049 0.0255
vn 0.7959 0.6049 0.0255
vn 0.7959 0.6049 0.0255
vn 0.7959 0.6048 0.0255
vn 0.7959 0.6049 0.0254
vn 0.7959 0.6048 0.0255
vn 0.5934 0.0201 0.8046
vn 0.5934 0.0201 0.8047
vn 0.5934 0.0202 0.8047
vn 0.5934 0.0201 0.8046
vn 0.5934 0.0202 0.8046
vn 0.5935 0.0201 0.8046
vn 0.5934 0.0202 0.8047
vn 0.5935 0.0201 0.8046
vn 0.5934 0.0202 0.8046
vn 0.4002 0.4926 0.7728
vn 0.4002 0.4926 0.7728
vn 0.4002 0.4926 0.7728
vn 0.4002 0.4926 0.7728
vn 0.4002 0.4926 0.7728
vn 0.4002 0.4926 0.7728
vn 0.0000 0.7333 0.6799
vn 0.0000 0.7334 0.6798
vn 0.0000 0.7334 0.6798
vn 0.0000 0.7333 0.6799
vn 0.0000 0.7334 0.6798
vn 0.0000 0.7334 0.6798
vn 0.6468 0.4223 0.6350
vn 0.6468 0.4223 0.6350
vn 0.6468 0.4223 0.6350
vn 0.6468 0.4223 0.6350
vn 0.6468 0.4223 0.6350
vn 0.6468 0.4223 0.6350
vn 0.7119 0.6507 0.2642
vn 0.4449 0.5397 0.7147
vn 0.5740 0.4474 0.6859
vn 0.4448 0.5398 0.7147
vn 0.7119 0.6507 0.2642
vn 0.5827 0.7693 0.2619
vn 0.5125 0.8578 0.0403
vn 0.5827 0.7693 0.2619
vn 0.7119 0.6507 0.2642
vn 0.5828 0.7693 0.2619
vn 0.5125 0.8578 0.0403
vn 0.7900 0.6104 0.0574
vn 0.8430 0.5361 0.0438
vn 0.5827 0.7693 0.2620
vn 0.7900 0.6104 0.0574
vn 0.5827 0.7693 0.2619
vn 0.8430 0.5361 0.0438
vn 0.4351 0.8562 0.2785
vn 0.2882 0.9243 0.2502
vn 0.4351 0.8563 0.2785
vn 0.8430 0.5360 0.0438
vn 0.1498 0.6101 0.7781
vn 0.4351 0.8562 0.2785
vn 0.2884 0.9243 0.2502
vn 0.4351 0.8563 0.2784
vn 0.1498 0.6100 0.7781
vn 0.3106 0.6150 0.7248
vn 0.5208 0.1521 0.8400
vn 0.3106 0.6149 0.7248
vn 0.1498 0.6100 0.7781
vn 0.5208 0.1521 0.8401
vn 0.4449 0.5396 0.7147
vn 0.3106 0.6149 0.7248
vn 0.4448 0.5397 0.7147
vn 0.5208 0.1520 0.8400
vn 0.3843 0.1265 0.9145
vn 0.5207 0.1520 0.8401
vn 0.7900 0.6104 0.0574
vn 0.3844 0.1264 0.9145
vn 0.7900 0.6104 0.0574
vn 0.5208 0.1520 0.8400
vn 0.8431 0.5360 0.0438
vn 0.6571 0.2066 0.7249
vn 0.8430 0.5361 0.0438
vn 0.5208 0.1520 0.8400
vn 0.8430 0.5361 0.0439
vn 0.6571 0.2066 0.7249
vn 0.8717 0.4592 0.1713
vn 0.5207 0.1522 0.8400
vn 0.1257 0.5339 0.8362
vn 0.6572 0.2066 0.7249
vn 0.1256 0.5339 0.8362
vn 0.5208 0.1521 0.8401
vn 0.1498 0.6100 0.7781
vn 0.1498 0.6100 0.7781
vn 0.2755 0.9375 0.2127
vn 0.1257 0.5339 0.8362
vn 0.2755 0.9375 0.2126
vn 0.1498 0.6101 0.7781
vn 0.2883 0.9243 0.2502
vn 0.8431 0.5360 0.0438
vn 0.2756 0.9375 0.2127
vn 0.2883 0.9243 0.2502
vn 0.2755 0.9375 0.2127
vn 0.8431 0.5360 0.0438
vn 0.8717 0.4592 0.1713
vn 0.5124 0.8578 0.0404
vn 0.3843 0.1265 0.9145
vn 0.7900 0.6105 0.0575
vn 0.3843 0.1265 0.9145
vn 0.5124 0.8578 0.0403
vn 0.2180 0.3311 0.9181
vn 0.2897 0.9364 0.1979
vn 0.2180 0.3312 0.9180
vn 0.5124 0.8578 0.0403
vn 0.2180 0.3311 0.9181
vn 0.2896 0.9364 0.1979
vn 0.1221 0.5432 0.8307
vn 0.6591 0.2061 0.7233
vn 0.2180 0.3312 0.9180
vn 0.1221 0.5433 0.8306
vn 0.2180 0.3312 0.9180
vn 0.6591 0.2061 0.7233
vn 0.6676 0.2798 0.6899
vn 0.8717 0.4592 0.1712
vn 0.6677 0.2798 0.6899
vn 0.6591 0.2061 0.7233
vn 0.6677 0.2798 0.6899
vn 0.8717 0.4592 0.1713
vn 0.8414 0.4935 0.2202
vn 0.8717 0.4592 0.1712
vn 0.5124 0.8578 0.0403
vn 0.8414 0.4935 0.2201
vn 0.5124 0.8578 0.0403
vn 0.8717 0.4592 0.1713
vn 0.2896 0.9364 0.1980
vn 0.7119 0.6507 0.2642
vn 0.8414 0.4935 0.2202
vn 0.5124 0.8578 0.0403
vn 0.5739 0.4475 0.6858
vn 0.8414 0.4935 0.2201
vn 0.7119 0.6507 0.2642
vn 0.8414 0.4935 0.2201
vn 0.5739 0.4474 0.6859
vn 0.6676 0.2798 0.6899
vn 0.2180 0.3312 0.9180
vn 0.6676 0.2798 0.6899
vn 0.5740 0.4474 0.6858
vn 0.4449 0.5396 0.7147
vn 0.2180 0.3312 0.9180
vn 0.5740 0.4474 0.6858
vn 0.2180 0.3312 0.9180
vn 0.4448 0.5397 0.7147
vn 0.3843 0.1265 0.9145
vn 0.5827 0.7693 0.2619
vn 0.3106 0.6150 0.7248
vn 0.4449 0.5397 0.7147
vn 0.3106 0.6150 0.7248
vn 0.5827 0.7693 0.2619
vn 0.4350 0.8563 0.2785
vn 0.0873 0.8981 0.4311
vn 0.4974 0.5928 0.6334
vn 0.4878 0.8299 0.2709
vn 0.4974 0.5929 0.6333
vn 0.0873 0.8981 0.4311
vn 0.1557 0.4863 0.8598
vn 0.0872 0.8981 0.4310
vn 0.3099 0.2183 0.9254
vn 0.1557 0.4864 0.8598
vn 0.3099 0.2183 0.9254
vn 0.0872 0.8981 0.4311
vn 0.2754 0.8991 0.3402
vn 0.7370 0.6750 0.0355
vn 0.2754 0.8991 0.3402
vn 0.0872 0.8981 0.4310
vn 0.2754 0.8991 0.3402
vn 0.7370 0.6749 0.0356
vn 0.6622 0.7286 0.1751
vn 0.4877 0.8299 0.2709
vn 0.7371 0.6749 0.0355
vn 0.0872 0.8981 0.4311
vn 0.7371 0.6748 0.0355
vn 0.4877 0.8299 0.2710
vn 0.7171 0.6961 0.0348
vn 0.7159 0.6804 0.1567
vn 0.7170 0.6962 0.0348
vn 0.4878 0.8298 0.2710
vn 0.7171 0.6961 0.0348
vn 0.7160 0.6803 0.1567
vn 0.3122 0.8652 0.3925
vn 0.4877 0.8299 0.2710
vn 0.6254 0.4376 0.6460
vn 0.7160 0.6803 0.1567
vn 0.6255 0.4375 0.6460
vn 0.4877 0.8299 0.2709
vn 0.4974 0.5928 0.6334
vn 0.4539 0.1929 0.8699
vn 0.6254 0.4376 0.6460
vn 0.4974 0.5929 0.6333
vn 0.6255 0.4375 0.6460
vn 0.4539 0.1929 0.8699
vn 0.2779 0.2737 0.9208
vn 0.7171 0.6961 0.0348
vn 0.2779 0.2738 0.9208
vn 0.4539 0.1929 0.8699
vn 0.2780 0.2737 0.9208
vn 0.7171 0.6961 0.0348
vn 0.3122 0.8652 0.3924
vn 0.4538 0.1930 0.8699
vn 0.7371 0.6749 0.0356
vn 0.7170 0.6962 0.0348
vn 0.7370 0.6749 0.0355
vn 0.4538 0.1930 0.8699
vn 0.6167 0.2596 0.7432
vn 0.4975 0.5928 0.6333
vn 0.6167 0.2596 0.7432
vn 0.4539 0.1929 0.8699
vn 0.6167 0.2596 0.7432
vn 0.4974 0.5929 0.6333
vn 0.1556 0.4863 0.8598
vn 0.3099 0.2183 0.9254
vn 0.6167 0.2596 0.7432
vn 0.1557 0.4863 0.8598
vn 0.6166 0.2597 0.7432
vn 0.3099 0.2183 0.9254
vn 0.6514 0.4343 0.6221
vn 0.6514 0.4343 0.6221
vn 0.7371 0.6749 0.0355
vn 0.6166 0.2597 0.7432
vn 0.7371 0.6749 0.0355
vn 0.6514 0.4343 0.6221
vn 0.6621 0.7286 0.1751
vn 0.1557 0.9337 0.3223
vn 0.4195 0.6736 0.6085
vn 0.5090 0.8376 0.1985
vn 0.4194 0.6736 0.6086
vn 0.1557 0.9337 0.3224
vn 0.1245 0.6074 0.7846
vn 0.1557 0.9338 0.3223
vn 0.1792 0.3876 0.9042
vn 0.1245 0.6074 0.7846
vn 0.1792 0.3875 0.9043
vn 0.1556 0.9338 0.3223
vn 0.3007 0.8667 0.3980
vn 0.8548 0.5158 0.0573
vn 0.3008 0.8667 0.3980
vn 0.1556 0.9337 0.3225
vn 0.3007 0.8667 0.3980
vn 0.8548 0.5157 0.0572
vn 0.7879 0.6043 0.1185
vn 0.5091 0.8375 0.1985
vn 0.8548 0.5158 0.0573
vn 0.1556 0.9337 0.3224
vn 0.8548 0.5157 0.0572
vn 0.5090 0.8376 0.1986
vn 0.7932 0.6086 0.0184
vn 0.7075 0.6833 0.1803
vn 0.7932 0.6087 0.0185
vn 0.5090 0.8375 0.1985
vn 0.7932 0.6087 0.0184
vn 0.7076 0.6832 0.1804
vn 0.6845 0.6233 0.3780
vn 0.5091 0.8375 0.1985
vn 0.5423 0.5795 0.6083
vn 0.7075 0.6833 0.1803
vn 0.5423 0.5796 0.6083
vn 0.5091 0.8375 0.1985
vn 0.4195 0.6735 0.6086
vn 0.5031 0.1015 0.8582
vn 0.5422 0.5797 0.6083
vn 0.4195 0.6735 0.6086
vn 0.5423 0.5796 0.6082
vn 0.5031 0.1015 0.8582
vn 0.2597 0.3265 0.9088
vn 0.7931 0.6088 0.0184
vn 0.2597 0.3266 0.9088
vn 0.5031 0.1015 0.8582
vn 0.2597 0.3266 0.9088
vn 0.7931 0.6088 0.0184
vn 0.6846 0.6233 0.3780
vn 0.5030 0.1015 0.8583
vn 0.8548 0.5157 0.0572
vn 0.7931 0.6088 0.0184
vn 0.8548 0.5158 0.0573
vn 0.5031 0.1015 0.8582
vn 0.5870 0.3215 0.7430
vn 0.4195 0.6736 0.6086
vn 0.5869 0.3216 0.7430
vn 0.5031 0.1014 0.8583
vn 0.5883 0.3193 0.7429
vn 0.4195 0.6736 0.6085
vn 0.1245 0.6073 0.7846
vn 0.1792 0.3876 0.9043
vn 0.5870 0.3216 0.7430
vn 0.1245 0.6074 0.7846
vn 0.5869 0.3217 0.7430
vn 0.1792 0.3875 0.9043
vn 0.6191 0.4431 0.6484
vn 0.6190 0.4430 0.6485
vn 0.8548 0.5157 0.0573
vn 0.5869 0.3216 0.7431
vn 0.8548 0.5157 0.0573
vn 0.6191 0.4430 0.6485
vn 0.7879 0.6043 0.1185
vn 0.8262 0.0656 0.5595
vn 0.8262 0.0655 0.5596
vn 0.8262 0.0655 0.5595
vn 0.8263 0.0656 0.5595
vn 0.8262 0.0656 0.5595
vn 0.8262 0.0655 0.5596
vn 0.2362 0.8589 0.4544
vn 0.2362 0.8589 0.4545
vn 0.2358 0.8574 0.4573
vn 0.2362 0.8589 0.4544
vn 0.2362 0.8589 0.4545
vn 0.2362 0.8589 0.4545
vn 0.7071 0.7071 0.0000
vn 0.7070 0.7072 -0.0000
vn 0.7071 0.7071 -0.0000
vn 0.7071 0.7071 0.0000
vn 0.7071 0.7071 0.0000
vn 0.7072 0.7070 -0.0000
vn 0.7207 0.5759 0.3859
vn 0.7207 0.5759 0.3859
vn 0.7207 0.5759 0.3859
vn 0.7207 0.5759 0.3859
vn 0.7207 0.5759 0.3859
vn 0.7207 0.5759 0.3859
vn 0.4093 0.4093 0.8154
vn 0.4093 0.4093 0.8154
vn 0.4094 0.4093 0.8154
vn 0.4093 0.4093 0.8154
vn 0.4093 0.4093 0.8154
vn 0.4094 0.4093 0.8154
vn 0.1118 0.4472 0.8874
vn 0.1118 0.4473 0.8874
vn 0.1111 0.4444 0.8889
vn 0.1118 0.4473 0.8874
vn 0.1118 0.4473 0.8874
vn 0.1119 0.4471 0.8874
vn 0.4066 0.8229 0.3969
vn 0.6861 0.4158 0.5970
vn 0.3688 0.8604 0.3517
vn 0.6861 0.4158 0.5970
vn 0.4066 0.8229 0.3969
vn 0.6052 0.4348 0.6669
vn 0.3849 0.8248 0.4141
vn 0.6052 0.4348 0.6669
vn 0.4066 0.8229 0.3970
vn 0.6051 0.4348 0.6669
vn 0.3849 0.8249 0.4141
vn 0.4653 0.4286 0.7745
vn 0.2589 0.8539 0.4515
vn 0.4653 0.4285 0.7745
vn 0.3849 0.8249 0.4140
vn 0.4653 0.4285 0.7745
vn 0.2589 0.8539 0.4514
vn 0.3564 0.4559 0.8156
vn 0.1042 0.8499 0.5165
vn 0.3564 0.4560 0.8155
vn 0.2590 0.8539 0.4514
vn 0.3564 0.4560 0.8155
vn 0.1042 0.8499 0.5166
vn 0.3776 0.4102 0.8301
vn 0.0283 0.7969 0.6035
vn 0.3776 0.4103 0.8301
vn 0.1042 0.8499 0.5166
vn 0.3776 0.4101 0.8302
vn 0.0283 0.7969 0.6035
vn 0.3809 0.4069 0.8303
vn 0.0000 0.7043 0.7099
vn 0.3809 0.4070 0.8302
vn 0.0282 0.7968 0.6035
vn 0.3809 0.4070 0.8302
vn -0.0000 0.7044 0.7098
vn 0.4040 0.4104 0.8176
vn -0.0001 0.7043 0.7099
vn 0.3784 0.4204 0.8247
vn 0.4040 0.4104 0.8176
vn 0.3784 0.4204 0.8247
vn 0.0000 0.7043 0.7099
vn 0.0389 0.5572 0.8295
vn 0.6929 0.7211 0.0000
vn 0.0388 0.5572 0.8295
vn 0.0000 0.7044 0.7098
vn 0.0389 0.5572 0.8294
vn 0.6929 0.7211 -0.0001
vn 0.6662 0.7458 -0.0000
vn 0.6661 0.7459 0.0000
vn 0.1834 0.3739 0.9092
vn 0.0388 0.5573 0.8294
vn 0.1833 0.3739 0.9092
vn 0.6661 0.7459 -0.0000
vn 0.7415 0.6709 -0.0001
vn 0.7416 0.6709 -0.0000
vn 0.4962 0.0737 0.8651
vn 0.1834 0.3740 0.9091
vn 0.4962 0.0738 0.8650
vn 0.7415 0.6710 -0.0000
vn 0.7692 0.6390 0.0059
vn 0.7692 0.6390 0.0059
vn 0.6809 0.0000 0.7324
vn 0.4962 0.0737 0.8651
vn 0.6808 -0.0000 0.7324
vn 0.7692 0.6390 0.0059
vn 0.6055 0.7958 0.0116
vn 0.6055 0.7958 0.0115
vn 0.7156 -0.0001 0.6985
vn 0.6809 -0.0001 0.7324
vn 0.7156 0.0000 0.6985
vn 0.6054 0.7958 0.0116
vn 0.3111 0.9336 0.1778
vn 0.3112 0.9336 0.1779
vn 0.7235 0.0200 0.6900
vn 0.7156 -0.0001 0.6985
vn 0.7235 0.0201 0.6900
vn 0.3112 0.9336 0.1778
vn 0.1525 0.9324 0.3277
vn 0.7070 0.3489 0.6152
vn 0.7156 -0.0000 0.6985
vn 0.7235 0.0201 0.6900
vn 0.7156 0.0000 0.6985
vn 0.7070 0.3489 0.6152
vn 0.6345 0.3295 0.6991
vn 0.4242 0.7864 0.4490
vn 0.6345 0.3296 0.6991
vn 0.7070 0.3489 0.6152
vn 0.6345 0.3296 0.6991
vn 0.4242 0.7864 0.4490
vn 0.4506 0.7560 0.4748
vn 0.1526 0.9324 0.3278
vn 0.4506 0.7560 0.4748
vn 0.4242 0.7865 0.4489
vn 0.4506 0.7560 0.4748
vn 0.1525 0.9324 0.3278
vn 0.3112 0.9336 0.1779
vn 0.3112 0.9336 0.1779
vn 0.4279 0.7788 0.4587
vn 0.4506 0.7560 0.4748
vn 0.4278 0.7788 0.4587
vn 0.3112 0.9336 0.1778
vn 0.6055 0.7958 0.0115
vn 0.6055 0.7958 0.0115
vn 0.5396 0.7354 0.4098
vn 0.4279 0.7788 0.4587
vn 0.5396 0.7354 0.4099
vn 0.6055 0.7958 0.0116
vn 0.7692 0.6390 0.0059
vn 0.7692 0.6390 0.0060
vn 0.6904 0.6238 0.3664
vn 0.5396 0.7354 0.4099
vn 0.6904 0.6238 0.3663
vn 0.7692 0.6390 0.0060
vn 0.7416 0.6709 0.0000
vn 0.7415 0.6709 0.0000
vn 0.7804 0.4861 0.3932
vn 0.6905 0.6237 0.3664
vn 0.7804 0.4861 0.3933
vn 0.7416 0.6709 0.0000
vn 0.6662 0.7458 0.0001
vn 0.6661 0.7458 0.0000
vn 0.8186 0.4078 0.4044
vn 0.7804 0.4862 0.3932
vn 0.8186 0.4077 0.4045
vn 0.6662 0.7458 0.0001
vn 0.6928 0.7211 -0.0000
vn 0.6863 0.7273 -0.0000
vn 0.8187 0.4076 0.4045
vn 0.6929 0.7210 -0.0000
vn 0.8186 0.4077 0.4045
vn 0.6863 0.7273 -0.0000
vn 0.8436 0.3281 0.4251
vn 0.6663 0.7457 0.0000
vn 0.8435 0.3281 0.4252
vn 0.6862 0.7274 -0.0000
vn 0.8436 0.3280 0.4252
vn 0.6663 0.7456 0.0001
vn 0.8678 0.1865 0.4606
vn 0.6625 0.7491 0.0052
vn 0.8678 0.1865 0.4606
vn 0.6664 0.7456 0.0001
vn 0.8678 0.1864 0.4606
vn 0.6624 0.7491 0.0051
vn 0.7953 0.0488 0.6043
vn 0.6678 0.7442 0.0128
vn 0.7953 0.0490 0.6043
vn 0.6624 0.7491 0.0051
vn 0.7952 0.0489 0.6043
vn 0.6678 0.7442 0.0127
vn 0.6821 0.0097 0.7312
vn 0.4021 0.8863 0.2298
vn 0.6821 0.0098 0.7312
vn 0.6679 0.7442 0.0127
vn 0.6821 0.0098 0.7312
vn 0.4021 0.8863 0.2298
vn 0.6883 0.0231 0.7251
vn 0.2446 0.8150 0.5253
vn 0.6883 0.0231 0.7251
vn 0.4022 0.8862 0.2298
vn 0.6881 0.0231 0.7252
vn 0.2445 0.8151 0.5252
vn 0.6867 0.0051 0.7269
vn 0.6867 0.0050 0.7269
vn 0.6052 0.4348 0.6669
vn 0.6882 0.0231 0.7252
vn 0.6051 0.4348 0.6669
vn 0.6868 0.0051 0.7269
vn 0.6861 0.4158 0.5969
vn 0.4653 0.4285 0.7745
vn 0.6882 0.0231 0.7251
vn 0.6052 0.4348 0.6668
vn 0.6882 0.0232 0.7252
vn 0.4653 0.4285 0.7745
vn 0.6821 0.0098 0.7312
vn 0.3564 0.4559 0.8156
vn 0.6821 0.0098 0.7312
vn 0.4653 0.4285 0.7745
vn 0.6821 0.0098 0.7312
vn 0.3564 0.4559 0.8156
vn 0.7953 0.0488 0.6042
vn 0.3776 0.4102 0.8302
vn 0.7953 0.0490 0.6043
vn 0.3563 0.4559 0.8156
vn 0.7953 0.0489 0.6043
vn 0.3777 0.4102 0.8301
vn 0.8678 0.1866 0.4606
vn 0.3809 0.4070 0.8302
vn 0.8678 0.1865 0.4606
vn 0.3776 0.4102 0.8302
vn 0.8678 0.1866 0.4606
vn 0.3809 0.4070 0.8302
vn 0.8436 0.3281 0.4251
vn 0.4040 0.4104 0.8176
vn 0.8436 0.3281 0.4251
vn 0.3809 0.4070 0.8302
vn 0.8436 0.3281 0.4252
vn 0.4039 0.4104 0.8176
vn 0.8186 0.4077 0.4045
vn 0.4039 0.4104 0.8176
vn 0.7803 0.4862 0.3933
vn 0.8187 0.4077 0.4045
vn 0.7804 0.4861 0.3933
vn 0.4040 0.4104 0.8176
vn 0.3784 0.4205 0.8246
vn 0.3784 0.4204 0.8247
vn 0.6904 0.6238 0.3664
vn 0.7803 0.4862 0.3933
vn 0.6904 0.6238 0.3664
vn 0.3784 0.4204 0.8247
vn 0.3762 0.4183 0.8268
vn 0.0388 0.5573 0.8294
vn 0.3761 0.4183 0.8268
vn 0.3783 0.4204 0.8247
vn 0.3761 0.4183 0.8268
vn 0.0388 0.5573 0.8294
vn 0.1833 0.3739 0.9092
vn 0.1832 0.3740 0.9092
vn 0.3707 0.3775 0.8485
vn 0.3761 0.4182 0.8268
vn 0.3708 0.3775 0.8485
vn 0.1832 0.3739 0.9092
vn 0.4963 0.0737 0.8650
vn 0.4962 0.0738 0.8651
vn 0.4799 0.3630 0.7987
vn 0.3708 0.3774 0.8485
vn 0.4799 0.3631 0.7987
vn 0.4962 0.0738 0.8651
vn 0.6809 -0.0000 0.7324
vn 0.6809 -0.0000 0.7324
vn 0.6345 0.3295 0.6991
vn 0.4798 0.3630 0.7987
vn 0.6345 0.3295 0.6992
vn 0.6809 0.0000 0.7324
vn 0.7156 0.0000 0.6985
vn 0.4506 0.7560 0.4748
vn 0.4798 0.3631 0.7987
vn 0.6345 0.3296 0.6992
vn 0.4798 0.3631 0.7987
vn 0.4505 0.7560 0.4748
vn 0.4279 0.7788 0.4587
vn 0.4279 0.7788 0.4587
vn 0.3708 0.3775 0.8485
vn 0.4799 0.3630 0.7987
vn 0.3708 0.3775 0.8485
vn 0.4279 0.7788 0.4587
vn 0.5396 0.7354 0.4099
vn 0.5395 0.7354 0.4100
vn 0.3761 0.4183 0.8268
vn 0.3708 0.3775 0.8485
vn 0.3761 0.4183 0.8268
vn 0.5395 0.7354 0.4100
vn 0.6904 0.6238 0.3664
vn 0.4021 0.8863 0.2299
vn 0.3687 0.8604 0.3518
vn 0.2445 0.8150 0.5253
vn 0.3687 0.8604 0.3518
vn 0.4021 0.8863 0.2298
vn 0.4067 0.8229 0.3969
vn 0.6678 0.7442 0.0127
vn 0.4066 0.8229 0.3970
vn 0.4021 0.8863 0.2298
vn 0.4066 0.8229 0.3970
vn 0.6679 0.7442 0.0127
vn 0.3850 0.8248 0.4141
vn 0.6624 0.7491 0.0051
vn 0.3849 0.8249 0.4141
vn 0.6678 0.7442 0.0127
vn 0.3850 0.8248 0.4140
vn 0.6624 0.7491 0.0051
vn 0.2590 0.8539 0.4514
vn 0.6663 0.7457 0.0001
vn 0.2590 0.8539 0.4515
vn 0.6625 0.7491 0.0051
vn 0.2590 0.8539 0.4514
vn 0.6664 0.7456 0.0000
vn 0.1042 0.8498 0.5166
vn 0.6863 0.7273 -0.0000
vn 0.1041 0.8499 0.5165
vn 0.6663 0.7457 -0.0000
vn 0.1042 0.8499 0.5166
vn 0.6862 0.7274 0.0000
vn 0.0283 0.7968 0.6035
vn 0.6929 0.7210 0.0000
vn 0.0284 0.7968 0.6036
vn 0.6863 0.7273 0.0001
vn 0.0283 0.7968 0.6036
vn 0.6929 0.7210 -0.0000
vn 0.0000 0.7043 0.7099
vn 0.3717 0.8387 0.3980
vn 0.4568 0.4102 0.7893
vn 0.3641 0.8011 0.4750
vn 0.4569 0.4102 0.7893
vn 0.3717 0.8387 0.3980
vn 0.4354 0.4260 0.7931
vn 0.2602 0.8579 0.4430
vn 0.4354 0.4261 0.7930
vn 0.3717 0.8387 0.3980
vn 0.4354 0.4260 0.7930
vn 0.2601 0.8579 0.4430
vn 0.3887 0.4639 0.7961
vn 0.0996 0.8417 0.5307
vn 0.3887 0.4638 0.7961
vn 0.2602 0.8579 0.4430
vn 0.3887 0.4638 0.7961
vn 0.0996 0.8417 0.5307
vn 0.3889 0.4335 0.8129
vn 0.0614 0.8251 0.5617
vn 0.3889 0.4336 0.8129
vn 0.0995 0.8417 0.5307
vn 0.3889 0.4336 0.8129
vn 0.0614 0.8250 0.5617
vn 0.3212 0.4688 0.8228
vn 0.3212 0.4688 0.8228
vn 0.8561 0.1802 0.4844
vn 0.3889 0.4336 0.8129
vn 0.8561 0.1803 0.4844
vn 0.3213 0.4688 0.8228
vn 0.8550 0.2384 0.4605
vn 0.8589 0.2362 0.4545
vn 0.6727 0.7399 0.0000
vn 0.8561 0.1802 0.4844
vn 0.6727 0.7399 -0.0000
vn 0.8589 0.2362 0.4545
vn 0.5678 0.8228 0.0232
vn 0.6407 0.7677 0.0054
vn 0.8561 0.1802 0.4844
vn 0.6727 0.7399 0.0001
vn 0.8561 0.1802 0.4844
vn 0.6408 0.7677 0.0055
vn 0.8091 0.0492 0.5856
vn 0.7101 0.7040 0.0060
vn 0.8091 0.0492 0.5856
vn 0.6407 0.7678 0.0055
vn 0.8091 0.0492 0.5856
vn 0.7101 0.7041 0.0060
vn 0.7170 0.0050 0.6970
vn 0.6976 0.7165 0.0063
vn 0.7171 0.0051 0.6970
vn 0.7102 0.7040 0.0062
vn 0.7170 0.0050 0.6971
vn 0.6975 0.7165 0.0063
vn 0.6678 0.0357 0.7435
vn 0.6678 0.0357 0.7435
vn 0.4353 0.4261 0.7931
vn 0.7171 0.0050 0.6970
vn 0.4354 0.4261 0.7931
vn 0.6678 0.0356 0.7435
vn 0.4568 0.4102 0.7894
vn 0.3887 0.4638 0.7961
vn 0.7171 0.0050 0.6970
vn 0.4354 0.4260 0.7931
vn 0.7171 0.0050 0.6970
vn 0.3886 0.4638 0.7961
vn 0.8091 0.0491 0.5856
vn 0.3889 0.4335 0.8129
vn 0.8091 0.0492 0.5856
vn 0.3886 0.4639 0.7961
vn 0.8091 0.0492 0.5856
vn 0.3889 0.4335 0.8129
vn 0.8561 0.1803 0.4843
vn 0.7101 0.7040 0.0060
vn 0.3641 0.8011 0.4751
vn 0.6975 0.7165 0.0063
vn 0.3642 0.8011 0.4750
vn 0.7101 0.7040 0.0060
vn 0.3717 0.8387 0.3980
vn 0.6407 0.7678 0.0055
vn 0.3716 0.8387 0.3980
vn 0.7101 0.7041 0.0060
vn 0.3716 0.8388 0.3980
vn 0.6407 0.7678 0.0055
vn 0.2603 0.8579 0.4430
vn 0.6727 0.7399 0.0000
vn 0.2602 0.8579 0.4430
vn 0.6407 0.7678 0.0056
vn 0.2601 0.8579 0.4431
vn 0.6727 0.7399 -0.0000
vn 0.0994 0.8417 0.5307
vn 0.5679 0.8228 0.0232
vn 0.0996 0.8417 0.5307
vn 0.6727 0.7399 0.0000
vn 0.0995 0.8417 0.5307
vn 0.5679 0.8228 0.0231
vn 0.0613 0.8251 0.5617
vn -0.0000 0.7099 0.7044
vn 0.4066 0.8165 0.4099
vn -0.0000 0.7099 0.7043
vn 0.4066 0.8165 0.4099
vn -0.0001 0.7098 0.7044
vn 0.4146 0.8133 0.4083
vn 0.4146 0.8133 0.4082
vn 0.8176 0.4072 0.4072
vn 0.4066 0.8165 0.4098
vn 0.8176 0.4072 0.4072
vn 0.4146 0.8133 0.4082
vn 0.8176 0.4072 0.4072
vn 0.8176 0.4071 0.4072
vn 0.7043 -0.0000 0.7099
vn 0.8176 0.4071 0.4073
vn 0.7043 -0.0001 0.7099
vn 0.8176 0.4072 0.4071
vn 0.7126 -0.0000 0.7015
vn 0.0000 0.7099 0.7043
vn 0.7126 0.0001 0.7016
vn 0.0000 0.7099 0.7043
vn 0.7126 -0.0001 0.7015
vn -0.0000 0.7098 0.7044
vn 0.7043 -0.0001 0.7099
vn -0.0000 0.7099 0.7043
vn 0.4066 0.8165 0.4099
vn 0.0000 0.7099 0.7043
vn 0.4066 0.8165 0.4098
vn -0.0000 0.7099 0.7043
vn 0.4146 0.8133 0.4083
vn 0.0000 0.7099 0.7043
vn 0.7126 0.0000 0.7016
vn -0.0000 0.7099 0.7043
vn 0.7126 -0.0000 0.7016
vn 0.0000 0.7099 0.7043
vn 0.7043 0.0001 0.7099
vn 0.7044 0.0001 0.7098
vn 0.8165 0.4066 0.4098
vn 0.7126 -0.0000 0.7016
vn 0.8165 0.4066 0.4098
vn 0.7043 -0.0000 0.7099
vn 0.8165 0.4066 0.4099
vn 0.8165 0.4066 0.4099
vn 0.4146 0.8133 0.4082
vn 0.8165 0.4066 0.4098
vn 0.4146 0.8133 0.4082
vn 0.8165 0.4067 0.4098
vn 0.4066 0.8165 0.4099
vn -0.0000 0.7071 0.7071
vn 0.4072 0.8176 0.4071
vn -0.0000 0.7071 0.7071
vn 0.4071 0.8176 0.4073
vn -0.0000 0.7071 0.7071
vn 0.4178 0.8133 0.4051
vn 0.0000 0.7072 0.7071
vn 0.7098 0.0001 0.7044
vn 0.0001 0.7071 0.7071
vn 0.7099 -0.0001 0.7043
vn -0.0000 0.7071 0.7071
vn 0.6987 0.0000 0.7154
vn 0.6987 0.0000 0.7154
vn 0.8176 0.4072 0.4071
vn 0.7099 0.0000 0.7043
vn 0.8176 0.4071 0.4072
vn 0.6987 -0.0000 0.7154
vn 0.8176 0.4071 0.4073
vn 0.8176 0.4072 0.4072
vn 0.4178 0.8133 0.4050
vn 0.8176 0.4072 0.4072
vn 0.4178 0.8133 0.4050
vn 0.8176 0.4072 0.4072
vn 0.4071 0.8176 0.4072
vn -0.0000 0.7099 0.7043
vn 0.4071 0.8176 0.4072
vn -0.0000 0.7099 0.7043
vn 0.4071 0.8176 0.4072
vn -0.0001 0.7098 0.7044
vn 0.4151 0.8143 0.4056
vn 0.4151 0.8144 0.4055
vn 0.8165 0.4066 0.4099
vn 0.4072 0.8176 0.4071
vn 0.8165 0.4066 0.4098
vn 0.4151 0.8144 0.4056
vn 0.8165 0.4066 0.4098
vn 0.8165 0.4066 0.4099
vn 0.7015 -0.0000 0.7127
vn 0.8165 0.4066 0.4099
vn 0.7015 -0.0000 0.7127
vn 0.8165 0.4066 0.4098
vn 0.7099 0.0000 0.7043
vn -0.0000 0.7099 0.7043
vn 0.7099 0.0000 0.7043
vn -0.0000 0.7099 0.7043
vn 0.7099 -0.0000 0.7043
vn -0.0000 0.7099 0.7043
vn 0.7015 0.0000 0.7126
vn -0.0000 0.6651 0.7468
vn 0.4067 0.8165 0.4098
vn 0.0000 0.7071 0.7071
vn 0.4066 0.8165 0.4098
vn -0.0000 0.6651 0.7468
vn 0.4146 0.8133 0.4083
vn 0.4146 0.8133 0.4082
vn 0.8176 0.4072 0.4072
vn 0.4067 0.8165 0.4098
vn 0.8176 0.4072 0.4072
vn 0.4146 0.8133 0.4082
vn 0.8289 0.3738 0.4161
vn 0.8289 0.3738 0.4161
vn 0.6987 -0.0000 0.7154
vn 0.8176 0.4071 0.4072
vn 0.6987 -0.0001 0.7155
vn 0.8289 0.3739 0.4160
vn 0.7099 -0.0000 0.7043
vn 0.7098 0.0000 0.7044
vn -0.0000 0.7071 0.7071
vn 0.6987 -0.0000 0.7154
vn -0.0000 0.7071 0.7071
vn 0.7098 0.0001 0.7044
vn 0.0000 0.6651 0.7468
vn -0.0000 0.7099 0.7043
vn 0.4066 0.8165 0.4099
vn -0.0000 0.7099 0.7043
vn 0.4066 0.8165 0.4099
vn -0.0000 0.7099 0.7043
vn 0.4093 0.8154 0.4094
vn 0.4093 0.8154 0.4093
vn 0.8165 0.4067 0.4098
vn 0.4066 0.8165 0.4098
vn 0.8165 0.4066 0.4098
vn 0.4093 0.8154 0.4093
vn 0.8165 0.4067 0.4098
vn 0.8165 0.4066 0.4099
vn 0.7043 -0.0000 0.7099
vn 0.8165 0.4066 0.4099
vn 0.7043 -0.0000 0.7099
vn 0.8165 0.4066 0.4098
vn 0.7071 -0.0000 0.7071
vn 0.0000 0.7099 0.7043
vn 0.7071 0.0001 0.7071
vn 0.0000 0.7099 0.7043
vn 0.7071 0.0001 0.7071
vn 0.0000 0.7099 0.7043
vn 0.7043 -0.0001 0.7099
vn -0.0000 0.6868 0.7269
vn 0.4066 0.8165 0.4099
vn 0.0000 0.7099 0.7043
vn 0.4066 0.8165 0.4099
vn 0.0000 0.6868 0.7268
vn 0.4146 0.8133 0.4082
vn -0.0000 0.7099 0.7043
vn 0.7126 -0.0000 0.7016
vn -0.0000 0.6868 0.7268
vn 0.7126 -0.0000 0.7015
vn 0.0000 0.7099 0.7044
vn 0.7043 -0.0000 0.7099
vn 0.7043 -0.0000 0.7099
vn 0.8259 0.3821 0.4145
vn 0.7126 -0.0000 0.7016
vn 0.8259 0.3822 0.4145
vn 0.7043 -0.0000 0.7099
vn 0.8165 0.4066 0.4099
vn 0.8165 0.4067 0.4099
vn 0.4146 0.8133 0.4083
vn 0.8259 0.3822 0.4146
vn 0.4146 0.8133 0.4082
vn 0.8165 0.4067 0.4098
vn 0.4067 0.8165 0.4098
vn 0.1514 0.8544 0.4971
vn 0.4045 0.4204 0.8122
vn 0.4007 0.8240 0.4007
vn 0.4045 0.4204 0.8122
vn 0.1514 0.8544 0.4971
vn 0.3364 0.4902 0.8041
vn 0.0000 0.7015 0.7127
vn 0.3364 0.4901 0.8041
vn 0.1515 0.8544 0.4971
vn 0.3363 0.4902 0.8041
vn -0.0000 0.7016 0.7126
vn 0.4040 0.4104 0.8175
vn 0.0000 0.7015 0.7127
vn 0.3613 0.3511 0.8638
vn 0.4040 0.4103 0.8176
vn 0.3613 0.3510 0.8638
vn 0.0000 0.7015 0.7127
vn 0.2820 0.2531 0.9255
vn 0.2821 0.2530 0.9254
vn 0.4093 0.3964 0.8218
vn 0.3614 0.3510 0.8638
vn 0.4093 0.3964 0.8218
vn 0.2819 0.2530 0.9255
vn 0.7071 -0.0000 0.7071
vn 0.4130 0.8101 0.4162
vn 0.3613 0.3510 0.8638
vn 0.4093 0.3964 0.8218
vn 0.3614 0.3510 0.8638
vn 0.4130 0.8101 0.4162
vn 0.6478 0.6597 0.3809
vn 0.6988 0.7153 0.0000
vn 0.6478 0.6598 0.3809
vn 0.4129 0.8101 0.4162
vn 0.6478 0.6598 0.3809
vn 0.6989 0.7152 -0.0000
vn 0.7136 0.7000 0.0274
vn 0.7071 -0.0000 0.7071
vn 0.7136 0.7000 0.0274
vn 0.6989 0.7152 0.0000
vn 0.7137 0.7000 0.0274
vn 0.7071 -0.0001 0.7071
vn 0.2820 0.2530 0.9255
vn 0.2820 0.2530 0.9254
vn 0.6957 0.7184 -0.0000
vn 0.7137 0.6999 0.0274
vn 0.6957 0.7183 -0.0001
vn 0.2820 0.2530 0.9255
vn 0.0000 0.7016 0.7126
vn 0.1516 0.8544 0.4971
vn 0.6957 0.7183 0.0000
vn -0.0000 0.7015 0.7126
vn 0.6957 0.7183 0.0000
vn 0.1515 0.8544 0.4970
vn 0.5620 0.8268 0.0216
vn 0.4007 0.8240 0.4006
vn 0.5620 0.8268 0.0216
vn 0.1515 0.8544 0.4971
vn 0.5621 0.8268 0.0216
vn 0.4006 0.8240 0.4006
vn 0.7182 0.6958 0.0000
vn 0.7183 0.6957 0.0000
vn 0.8537 0.1384 0.5020
vn 0.5620 0.8268 0.0216
vn 0.8537 0.1385 0.5019
vn 0.7182 0.6959 0.0000
vn 0.7043 0.0000 0.7099
vn 0.7043 0.0000 0.7099
vn 0.3364 0.4902 0.8041
vn 0.8537 0.1383 0.5020
vn 0.3363 0.4902 0.8041
vn 0.7044 -0.0001 0.7098
vn 0.4046 0.4204 0.8122
vn 0.4039 0.4104 0.8176
vn 0.8537 0.1383 0.5020
vn 0.3364 0.4902 0.8041
vn 0.8537 0.1383 0.5020
vn 0.4039 0.4104 0.8176
vn 0.8175 0.4104 0.4040
vn 0.4039 0.4104 0.8176
vn 0.6478 0.6598 0.3809
vn 0.8176 0.4104 0.4040
vn 0.6477 0.6598 0.3809
vn 0.4039 0.4104 0.8176
vn 0.3613 0.3510 0.8638
vn 0.7137 0.6999 0.0275
vn 0.8176 0.4104 0.4039
vn 0.6478 0.6597 0.3809
vn 0.8176 0.4104 0.4039
vn 0.7137 0.6999 0.0275
vn 0.6957 0.7183 0.0000
vn 0.5620 0.8268 0.0215
vn 0.8176 0.4104 0.4039
vn 0.6957 0.7183 -0.0000
vn 0.8176 0.4104 0.4039
vn 0.5621 0.8268 0.0216
vn 0.8538 0.1384 0.5019
vn 0.4034 0.8229 0.4002
vn 0.3884 0.4236 0.8184
vn 0.4018 0.8197 0.4082
vn 0.3884 0.4236 0.8184
vn 0.4034 0.8229 0.4002
vn 0.3878 0.4262 0.8173
vn 0.4018 0.8197 0.4082
vn 0.7125 0.7017 -0.0000
vn 0.4033 0.8229 0.4001
vn 0.7125 0.7017 -0.0001
vn 0.4018 0.8197 0.4082
vn 0.7340 0.6792 -0.0000
vn 0.7339 0.6792 0.0000
vn 0.7181 0.0000 0.6959
vn 0.7124 0.7018 0.0000
vn 0.7182 0.0000 0.6959
vn 0.7339 0.6792 0.0000
vn 0.6935 -0.0000 0.7204
vn 0.6935 0.0000 0.7205
vn 0.3878 0.4263 0.8173
vn 0.7181 -0.0000 0.6959
vn 0.3879 0.4262 0.8173
vn 0.6935 0.0000 0.7204
vn 0.3884 0.4236 0.8184
vn 0.0000 0.7099 0.7043
vn 0.4066 0.8165 0.4099
vn 0.0000 0.7099 0.7043
vn 0.4066 0.8165 0.4098
vn -0.0000 0.7099 0.7043
vn 0.4354 0.8045 0.4039
vn -0.0001 0.7099 0.7043
vn 0.7307 -0.0000 0.6827
vn 0.0001 0.7099 0.7043
vn 0.7307 0.0000 0.6827
vn 0.0000 0.7098 0.7044
vn 0.7015 0.0000 0.7126
vn 0.7015 -0.0000 0.7127
vn 0.8165 0.4066 0.4098
vn 0.7307 0.0001 0.6827
vn 0.8165 0.4066 0.4099
vn 0.7015 -0.0000 0.7126
vn 0.8165 0.4066 0.4099
vn 0.8165 0.4067 0.4098
vn 0.4354 0.8045 0.4039
vn 0.8165 0.4067 0.4098
vn 0.4354 0.8046 0.4038
vn 0.8165 0.4067 0.4099
vn 0.4066 0.8165 0.4098
vn -0.0001 0.7099 0.7043
vn 0.4067 0.8165 0.4098
vn -0.0000 0.7099 0.7043
vn 0.4066 0.8165 0.4099
vn -0.0001 0.7099 0.7043
vn 0.4146 0.8133 0.4082
vn 0.0001 0.7099 0.7043
vn 0.7098 0.0000 0.7044
vn 0.0001 0.7099 0.7043
vn 0.7098 -0.0000 0.7044
vn 0.0000 0.7099 0.7043
vn 0.7016 0.0000 0.7126
vn 0.7016 0.0000 0.7126
vn 0.8154 0.4061 0.4125
vn 0.7099 0.0000 0.7043
vn 0.8154 0.4061 0.4125
vn 0.7015 -0.0000 0.7127
vn 0.8154 0.4061 0.4125
vn 0.8154 0.4061 0.4125
vn 0.4146 0.8133 0.4082
vn 0.8154 0.4061 0.4125
vn 0.4146 0.8133 0.4082
vn 0.8154 0.4061 0.4125
vn 0.4066 0.8165 0.4098
vn 0.0000 0.7099 0.7043
vn 0.4066 0.8165 0.4098
vn 0.0000 0.7099 0.7043
vn 0.4066 0.8165 0.4099
vn -0.0001 0.7099 0.7043
vn 0.4173 0.8122 0.4077
vn 0.0000 0.7099 0.7043
vn 0.7125 -0.0000 0.7016
vn -0.0000 0.7099 0.7043
vn 0.7126 -0.0000 0.7015
vn 0.0000 0.7099 0.7043
vn 0.7015 -0.0001 0.7126
vn 0.7015 -0.0001 0.7127
vn 0.8165 0.4066 0.4098
vn 0.7126 0.0000 0.7016
vn 0.8165 0.4066 0.4098
vn 0.7015 -0.0000 0.7126
vn 0.8165 0.4066 0.4098
vn 0.8165 0.4067 0.4099
vn 0.4172 0.8122 0.4077
vn 0.8165 0.4067 0.4099
vn 0.4173 0.8122 0.4077
vn 0.8165 0.4066 0.4098
vn 0.4066 0.8165 0.4098
vn 0.0000 0.7207 0.6933
vn 0.3468 0.8389 0.4195
vn 0.0102 0.7632 0.6461
vn 0.3467 0.8389 0.4195
vn -0.0000 0.7206 0.6933
vn 0.4151 0.8144 0.4056
vn 0.4151 0.8144 0.4056
vn 0.7966 0.4547 0.3983
vn 0.3467 0.8389 0.4195
vn 0.7966 0.4547 0.3983
vn 0.4151 0.8144 0.4056
vn 0.8133 0.4178 0.4050
vn 0.8133 0.4178 0.4050
vn 0.6478 0.0060 0.7618
vn 0.7966 0.4547 0.3984
vn 0.6478 0.0060 0.7618
vn 0.8133 0.4178 0.4050
vn 0.7127 0.0000 0.7015
vn 0.0102 0.7632 0.6461
vn 0.7126 0.0000 0.7016
vn 0.0000 0.7206 0.6933
vn 0.7126 -0.0000 0.7016
vn 0.0102 0.7632 0.6461
vn 0.6478 0.0060 0.7618
vn 0.6585 0.7526 -0.0000
vn 0.4082 0.8133 0.4146
vn 0.6584 0.7526 0.0000
vn 0.4082 0.8133 0.4146
vn 0.6585 0.7526 -0.0000
vn 0.4072 0.8176 0.4071
vn 0.6585 0.7526 -0.0000
vn 0.7099 -0.0001 0.7043
vn 0.6585 0.7526 -0.0000
vn 0.7099 -0.0000 0.7043
vn 0.6585 0.7525 0.0000
vn 0.7044 0.0000 0.7098
vn 0.7044 -0.0000 0.7098
vn 0.4485 0.3984 0.8000
vn 0.7099 0.0000 0.7043
vn 0.4486 0.3984 0.8000
vn 0.7044 -0.0000 0.7098
vn 0.4487 0.3984 0.8000
vn 0.4486 0.3984 0.8000
vn 0.4072 0.8176 0.4072
vn 0.4486 0.3984 0.8000
vn 0.4072 0.8176 0.4072
vn 0.4486 0.3984 0.8000
vn 0.4082 0.8133 0.4146
vn 0.6585 0.7526 -0.0000
vn 0.4081 0.8133 0.4146
vn 0.6585 0.7526 -0.0000
vn 0.4084 0.8133 0.4146
vn 0.6585 0.7526 -0.0000
vn 0.4072 0.8176 0.4071
vn 0.6585 0.7526 -0.0000
vn 0.7099 -0.0000 0.7043
vn 0.6585 0.7526 -0.0000
vn 0.7099 0.0000 0.7043
vn 0.6585 0.7526 0.0000
vn 0.7043 -0.0000 0.7099
vn 0.7044 0.0000 0.7098
vn 0.4486 0.3984 0.8000
vn 0.7099 0.0000 0.7043
vn 0.4486 0.3984 0.8000
vn 0.7044 -0.0000 0.7098
vn 0.4487 0.3984 0.8000
vn 0.4486 0.3984 0.8000
vn 0.4072 0.8175 0.4072
vn 0.4486 0.3984 0.8000
vn 0.4072 0.8176 0.4072
vn 0.4486 0.3985 0.8000
vn 0.4082 0.8133 0.4146
vn 0.6585 0.7526 -0.0001
vn 0.4082 0.8133 0.4146
vn 0.6584 0.7526 0.0000
vn 0.4082 0.8133 0.4146
vn 0.6585 0.7526 -0.0000
vn 0.4072 0.8176 0.4072
vn 0.6585 0.7526 0.0000
vn 0.7099 0.0000 0.7043
vn 0.6585 0.7526 0.0000
vn 0.7098 0.0000 0.7044
vn 0.6585 0.7526 0.0000
vn 0.7071 -0.0000 0.7071
vn 0.7071 -0.0000 0.7071
vn 0.4485 0.3984 0.8001
vn 0.7099 0.0000 0.7043
vn 0.4486 0.3984 0.8000
vn 0.7071 -0.0000 0.7071
vn 0.4487 0.3984 0.8000
vn 0.4486 0.3985 0.8000
vn 0.4071 0.8176 0.4072
vn 0.4486 0.3984 0.8000
vn 0.4072 0.8176 0.4072
vn 0.4486 0.3985 0.8000
vn 0.4082 0.8133 0.4146
vn 0.0001 0.7044 0.7098
vn 0.4061 0.8155 0.4125
vn 0.0000 0.7205 0.6934
vn 0.4061 0.8154 0.4126
vn 0.0000 0.7044 0.7098
vn 0.4141 0.8122 0.4109
vn 0.4141 0.8122 0.4109
vn 0.8111 0.4199 0.4072
vn 0.4061 0.8154 0.4125
vn 0.8111 0.4199 0.4072
vn 0.4141 0.8122 0.4109
vn 0.8176 0.4039 0.4104
vn 0.0000 0.7205 0.6934
vn 0.7154 0.0001 0.6987
vn -0.0001 0.7043 0.7099
vn 0.7154 -0.0000 0.6987
vn 0.0000 0.7206 0.6934
vn 0.7072 0.0000 0.7070
vn 0.7071 0.0000 0.7071
vn 0.8176 0.4040 0.4103
vn 0.7154 -0.0000 0.6987
vn 0.8175 0.4039 0.4104
vn 0.7071 -0.0000 0.7071
vn 0.8111 0.4199 0.4072
vn 0.0000 0.7044 0.7098
vn 0.4061 0.8155 0.4125
vn -0.0000 0.7099 0.7043
vn 0.4060 0.8154 0.4126
vn 0.0000 0.7043 0.7099
vn 0.4140 0.8123 0.4109
vn 0.4141 0.8122 0.4109
vn 0.8154 0.4093 0.4093
vn 0.4061 0.8154 0.4125
vn 0.8155 0.4093 0.4093
vn 0.4141 0.8122 0.4109
vn 0.8176 0.4040 0.4103
vn -0.0000 0.7098 0.7044
vn 0.7154 0.0000 0.6987
vn 0.0000 0.7043 0.7099
vn 0.7154 -0.0001 0.6987
vn 0.0000 0.7098 0.7044
vn 0.7071 0.0000 0.7071
vn 0.7071 -0.0001 0.7071
vn 0.8176 0.4040 0.4103
vn 0.7154 0.0000 0.6987
vn 0.8175 0.4039 0.4105
vn 0.7071 -0.0000 0.7071
vn 0.8154 0.4093 0.4094
vn 0.0000 0.7072 0.7070
vn 0.4067 0.8165 0.4098
vn -0.0000 0.7071 0.7071
vn 0.4066 0.8165 0.4098
vn -0.0000 0.7071 0.7071
vn 0.4145 0.8133 0.4083
vn 0.4146 0.8133 0.4082
vn 0.8165 0.4066 0.4099
vn 0.4067 0.8165 0.4099
vn 0.8165 0.4066 0.4098
vn 0.4146 0.8133 0.4082
vn 0.8165 0.4066 0.4098
vn 0.0001 0.7071 0.7071
vn 0.7098 0.0000 0.7044
vn 0.0001 0.7071 0.7071
vn 0.7098 0.0000 0.7044
vn 0.0001 0.7071 0.7071
vn 0.6987 0.0000 0.7154
vn 0.6987 -0.0001 0.7154
vn 0.8165 0.4067 0.4098
vn 0.7099 -0.0000 0.7044
vn 0.8165 0.4066 0.4098
vn 0.6987 -0.0000 0.7154
vn 0.8165 0.4066 0.4098
vn 0.6683 0.7439 -0.0000
vn 0.4077 0.8122 0.4172
vn 0.6683 0.7439 -0.0001
vn 0.4077 0.8122 0.4173
vn 0.6683 0.7439 -0.0001
vn 0.4104 0.8176 0.4040
vn 0.6683 0.7439 0.0001
vn 0.7127 0.0001 0.7015
vn 0.6683 0.7439 0.0000
vn 0.7127 -0.0000 0.7015
vn 0.6683 0.7439 -0.0000
vn 0.6988 0.0000 0.7154
vn 0.6988 0.0000 0.7153
vn 0.4410 0.4001 0.8034
vn 0.7127 0.0000 0.7015
vn 0.4412 0.4000 0.8033
vn 0.6988 0.0000 0.7153
vn 0.4411 0.4000 0.8034
vn 0.4410 0.4001 0.8034
vn 0.4104 0.8175 0.4040
vn 0.4411 0.4001 0.8034
vn 0.4104 0.8176 0.4040
vn 0.4411 0.4001 0.8033
vn 0.4077 0.8122 0.4173
vn 0.6651 0.7468 0.0000
vn 0.4077 0.8122 0.4172
vn 0.6650 0.7468 0.0000
vn 0.4078 0.8122 0.4172
vn 0.6651 0.7467 -0.0000
vn 0.4061 0.8090 0.4251
vn 0.6651 0.7468 -0.0001
vn 0.6934 0.0000 0.7205
vn 0.6651 0.7467 -0.0000
vn 0.6934 0.0000 0.7205
vn 0.6651 0.7467 -0.0001
vn 0.6987 0.0000 0.7154
vn 0.6988 -0.0000 0.7153
vn 0.4436 0.3995 0.8022
vn 0.6934 0.0000 0.7205
vn 0.4437 0.3995 0.8022
vn 0.6989 -0.0000 0.7153
vn 0.4436 0.3995 0.8022
vn 0.4436 0.3996 0.8022
vn 0.4061 0.8089 0.4251
vn 0.4436 0.3995 0.8023
vn 0.4061 0.8090 0.4251
vn 0.4436 0.3995 0.8022
vn 0.4077 0.8122 0.4173
vn 0.6683 0.7439 -0.0000
vn 0.4077 0.8122 0.4172
vn 0.6683 0.7439 -0.0001
vn 0.4077 0.8122 0.4173
vn 0.6683 0.7439 -0.0001
vn 0.4104 0.8176 0.4040
vn 0.6683 0.7439 0.0001
vn 0.7127 0.0000 0.7015
vn 0.6683 0.7439 -0.0000
vn 0.7127 0.0000 0.7015
vn 0.6683 0.7439 -0.0000
vn 0.6988 -0.0001 0.7153
vn 0.6988 0.0000 0.7153
vn 0.4410 0.4001 0.8034
vn 0.7127 0.0000 0.7015
vn 0.4412 0.4000 0.8033
vn 0.6989 -0.0000 0.7152
vn 0.4411 0.4001 0.8034
vn 0.4410 0.4001 0.8034
vn 0.4104 0.8175 0.4040
vn 0.4411 0.4001 0.8034
vn 0.4104 0.8176 0.4040
vn 0.4411 0.4001 0.8033
vn 0.4077 0.8122 0.4173
vn 0.6825 -0.0000 0.7309
vn 0.4565 0.3903 0.7995
vn 0.4433 0.3764 0.8135
vn 0.4564 0.3903 0.7996
vn 0.6825 0.0001 0.7309
vn 0.6092 0.0105 0.7930
vn 0.6471 0.7624 -0.0000
vn 0.6092 0.0105 0.7930
vn 0.6825 0.0000 0.7309
vn 0.6091 0.0105 0.7930
vn 0.6471 0.7624 0.0000
vn 0.6193 0.7852 0.0055
vn 0.6825 0.0000 0.7308
vn 0.7071 0.7071 0.0061
vn 0.6472 0.7623 0.0000
vn 0.7071 0.7071 0.0061
vn 0.6825 -0.0000 0.7308
vn 0.5050 0.0751 0.8598
vn 0.4435 0.3764 0.8134
vn 0.5051 0.0750 0.8598
vn 0.6826 -0.0000 0.7308
vn 0.5050 0.0751 0.8599
vn 0.4434 0.3764 0.8135
vn 0.4103 0.3540 0.8404
vn 0.4403 0.7876 0.4310
vn 0.4103 0.3541 0.8404
vn 0.4434 0.3764 0.8135
vn 0.4103 0.3540 0.8404
vn 0.4403 0.7876 0.4310
vn 0.5471 0.7375 0.3959
vn 0.6472 0.7623 0.0000
vn 0.5471 0.7375 0.3959
vn 0.4403 0.7877 0.4310
vn 0.5471 0.7375 0.3959
vn 0.6472 0.7623 -0.0000
vn 0.7071 0.7071 0.0061
vn 0.7071 0.7071 0.0061
vn 0.6829 0.6200 0.3863
vn 0.5470 0.7376 0.3959
vn 0.6829 0.6200 0.3863
vn 0.7071 0.7071 0.0061
vn 0.6983 0.7158 0.0001
vn 0.6983 0.7158 0.0000
vn 0.7254 0.5713 0.3838
vn 0.6830 0.6199 0.3863
vn 0.7255 0.5713 0.3839
vn 0.6983 0.7158 0.0000
vn 0.6549 0.7552 0.0268
vn 0.3359 0.3839 0.8601
vn 0.6829 0.6200 0.3864
vn 0.7254 0.5713 0.3839
vn 0.6829 0.6200 0.3864
vn 0.3359 0.3838 0.8602
vn 0.3978 0.3880 0.8314
vn 0.0965 0.4616 0.8818
vn 0.3978 0.3880 0.8314
vn 0.3359 0.3838 0.8601
vn 0.3978 0.3879 0.8314
vn 0.0964 0.4616 0.8818
vn 0.1712 0.3708 0.9128
vn 0.6550 0.7552 0.0266
vn 0.1711 0.3709 0.9128
vn 0.0964 0.4615 0.8819
vn 0.1712 0.3709 0.9128
vn 0.6549 0.7552 0.0266
vn 0.6983 0.7158 -0.0000
vn 0.6984 0.7158 -0.0001
vn 0.5050 0.0751 0.8598
vn 0.1712 0.3708 0.9128
vn 0.5050 0.0751 0.8599
vn 0.6983 0.7158 -0.0001
vn 0.7070 0.7071 0.0060
vn 0.4103 0.3540 0.8404
vn 0.1712 0.3708 0.9128
vn 0.5050 0.0750 0.8599
vn 0.1712 0.3707 0.9128
vn 0.4103 0.3540 0.8404
vn 0.3978 0.3880 0.8314
vn 0.5471 0.7375 0.3960
vn 0.3978 0.3880 0.8314
vn 0.4103 0.3541 0.8404
vn 0.3978 0.3880 0.8314
vn 0.5470 0.7375 0.3960
vn 0.6829 0.6200 0.3864
vn 0.4404 0.7876 0.4310
vn 0.6193 0.7851 0.0055
vn 0.6472 0.7623 -0.0000
vn 0.6193 0.7852 0.0055
vn 0.4403 0.7876 0.4310
vn 0.4456 0.7388 0.5055
vn 0.4434 0.3764 0.8134
vn 0.4456 0.7388 0.5055
vn 0.4403 0.7876 0.4310
vn 0.4457 0.7388 0.5055
vn 0.4434 0.3765 0.8134
vn 0.4564 0.3904 0.7996
vn -0.0000 0.7071 0.7071
vn 0.7044 0.0001 0.7098
vn 0.7126 0.0001 0.7016
vn 0.7043 0.0000 0.7099
vn 0.0000 0.7071 0.7071
vn 0.0000 0.7071 0.7071
vn 0.4125 0.8154 0.4061
vn -0.0000 0.7071 0.7071
vn -0.0000 0.7071 0.7071
vn -0.0000 0.7071 0.7071
vn 0.4124 0.8154 0.4062
vn 0.4045 0.8186 0.4077
vn 0.8165 0.4098 0.4067
vn 0.7126 0.0000 0.7016
vn 0.7043 0.0000 0.7099
vn 0.7126 0.0000 0.7015
vn 0.8165 0.4098 0.4067
vn 0.8165 0.4098 0.4067
vn 0.4045 0.8186 0.4077
vn 0.8165 0.4098 0.4066
vn 0.8165 0.4098 0.4067
vn 0.8165 0.4098 0.4067
vn 0.4045 0.8186 0.4077
vn 0.4125 0.8154 0.4061
vn -0.0000 0.7071 0.7071
vn 0.7044 0.0000 0.7098
vn 0.7126 0.0000 0.7016
vn 0.7044 0.0001 0.7098
vn -0.0000 0.7071 0.7071
vn -0.0000 0.7071 0.7071
vn 0.4125 0.8154 0.4061
vn 0.0000 0.7072 0.7070
vn -0.0001 0.7071 0.7071
vn -0.0000 0.7071 0.7071
vn 0.4124 0.8154 0.4062
vn 0.4045 0.8187 0.4077
vn 0.8154 0.4093 0.4093
vn 0.4045 0.8186 0.4077
vn 0.4125 0.8154 0.4061
vn 0.4045 0.8187 0.4077
vn 0.8154 0.4093 0.4093
vn 0.8154 0.4093 0.4093
vn 0.7126 -0.0000 0.7016
vn 0.8154 0.4093 0.4094
vn 0.8155 0.4093 0.4093
vn 0.8154 0.4093 0.4093
vn 0.7126 0.0000 0.7016
vn 0.7043 -0.0000 0.7099
vn 0.0000 0.7044 0.7098
vn 0.7072 0.0000 0.7071
vn 0.7179 -0.0000 0.6961
vn 0.7071 -0.0000 0.7071
vn -0.0001 0.7044 0.7098
vn -0.0001 0.7043 0.7099
vn 0.4119 0.8144 0.4088
vn 0.0000 0.7043 0.7099
vn 0.0000 0.7043 0.7099
vn -0.0000 0.7043 0.7099
vn 0.4119 0.8144 0.4087
vn 0.4013 0.8186 0.4109
vn 0.8165 0.4098 0.4066
vn 0.4013 0.8186 0.4109
vn 0.4120 0.8144 0.4088
vn 0.4013 0.8186 0.4109
vn 0.8165 0.4099 0.4067
vn 0.8165 0.4099 0.4067
vn 0.7180 0.0000 0.6960
vn 0.8165 0.4098 0.4066
vn 0.8165 0.4098 0.4066
vn 0.8165 0.4098 0.4067
vn 0.7180 -0.0000 0.6961
vn 0.7071 -0.0000 0.7071
vn 0.0001 0.7071 0.7071
vn 0.7072 -0.0001 0.7071
vn 0.7154 0.0001 0.6988
vn 0.7072 0.0000 0.7071
vn 0.0001 0.7071 0.7071
vn 0.0000 0.7071 0.7071
vn 0.4119 0.8144 0.4088
vn -0.0000 0.7071 0.7071
vn -0.0000 0.7071 0.7071
vn -0.0000 0.7071 0.7071
vn 0.4119 0.8143 0.4089
vn 0.4040 0.8176 0.4104
vn 0.8154 0.4093 0.4093
vn 0.7153 0.0000 0.6988
vn 0.7071 -0.0000 0.7071
vn 0.7153 0.0000 0.6988
vn 0.8154 0.4093 0.4094
vn 0.8155 0.4093 0.4092
vn 0.4040 0.8176 0.4104
vn 0.8154 0.4093 0.4093
vn 0.8154 0.4093 0.4093
vn 0.8154 0.4093 0.4093
vn 0.4040 0.8176 0.4104
vn 0.4120 0.8144 0.4088
vn -0.0001 0.6778 0.7352
vn 0.7044 -0.0000 0.7098
vn 0.7126 -0.0000 0.7016
vn 0.7043 0.0000 0.7099
vn 0.0000 0.6778 0.7353
vn 0.0001 0.7043 0.7099
vn 0.4125 0.8154 0.4062
vn 0.0000 0.7044 0.7098
vn -0.0000 0.6778 0.7352
vn -0.0000 0.7043 0.7099
vn 0.4124 0.8154 0.4062
vn 0.4018 0.8197 0.4082
vn 0.8165 0.4098 0.4066
vn 0.7126 -0.0000 0.7016
vn 0.7043 -0.0000 0.7099
vn 0.7126 0.0000 0.7015
vn 0.8165 0.4098 0.4066
vn 0.8260 0.3854 0.4114
vn 0.4018 0.8197 0.4082
vn 0.8260 0.3854 0.4113
vn 0.8165 0.4098 0.4066
vn 0.8260 0.3854 0.4114
vn 0.4018 0.8197 0.4082
vn 0.4125 0.8154 0.4061
vn 0.0000 0.7071 0.7071
vn 0.7043 -0.0000 0.7099
vn 0.7071 0.0001 0.7071
vn 0.7044 0.0000 0.7098
vn 0.0000 0.7071 0.7071
vn -0.0000 0.7071 0.7071
vn 0.4071 0.8175 0.4073
vn 0.0000 0.7072 0.7070
vn -0.0000 0.7071 0.7071
vn 0.0000 0.7071 0.7071
vn 0.4071 0.8176 0.4072
vn 0.4045 0.8187 0.4076
vn 0.8154 0.4093 0.4094
vn 0.7071 -0.0000 0.7071
vn 0.7043 -0.0000 0.7099
vn 0.7071 0.0000 0.7071
vn 0.8154 0.4093 0.4093
vn 0.8155 0.4093 0.4093
vn 0.4045 0.8186 0.4077
vn 0.8154 0.4093 0.4093
vn 0.8154 0.4093 0.4093
vn 0.8154 0.4093 0.4093
vn 0.4045 0.8186 0.4077
vn 0.4072 0.8176 0.4072
vn -0.0000 0.7382 0.6746
vn 0.7044 -0.0001 0.7098
vn 0.7126 -0.0000 0.7015
vn 0.7043 0.0000 0.7099
vn 0.0000 0.7383 0.6745
vn 0.0000 0.7072 0.7071
vn 0.4125 0.8155 0.4061
vn 0.0000 0.7071 0.7071
vn -0.0000 0.7382 0.6745
vn -0.0000 0.7071 0.7071
vn 0.4125 0.8154 0.4062
vn 0.4045 0.8187 0.4076
vn 0.8154 0.4093 0.4094
vn 0.7126 0.0000 0.7016
vn 0.7043 -0.0000 0.7099
vn 0.7126 -0.0000 0.7016
vn 0.8154 0.4093 0.4094
vn 0.8024 0.4405 0.4027
vn 0.4045 0.8187 0.4077
vn 0.8023 0.4405 0.4027
vn 0.8154 0.4093 0.4093
vn 0.8024 0.4405 0.4027
vn 0.4045 0.8187 0.4077
vn 0.4125 0.8154 0.4061
vn 0.7099 -0.0000 0.7043
vn 0.3925 0.4023 0.8271
vn 0.3935 0.3968 0.8293
vn 0.3926 0.4022 0.8271
vn 0.7099 -0.0000 0.7043
vn 0.7015 -0.0001 0.7127
vn 0.7315 0.6819 -0.0000
vn 0.7015 -0.0000 0.7127
vn 0.7099 0.0001 0.7043
vn 0.7014 -0.0000 0.7127
vn 0.7314 0.6820 -0.0000
vn 0.7125 0.7017 0.0000
vn 0.4135 0.8176 0.4007
vn 0.7124 0.7017 0.0001
vn 0.7314 0.6819 0.0000
vn 0.7124 0.7017 0.0000
vn 0.4136 0.8175 0.4007
vn 0.4087 0.8079 0.4245
vn 0.3935 0.3967 0.8293
vn 0.4087 0.8079 0.4245
vn 0.4136 0.8175 0.4007
vn 0.4087 0.8079 0.4245
vn 0.3935 0.3968 0.8293
vn 0.3925 0.4022 0.8271
vn 0.0000 0.7072 0.7070
vn 0.7043 -0.0000 0.7099
vn 0.7332 -0.0000 0.6800
vn 0.7044 0.0000 0.7098
vn -0.0000 0.7071 0.7071
vn -0.0000 0.7071 0.7071
vn 0.4328 0.8056 0.4045
vn -0.0000 0.7071 0.7071
vn -0.0000 0.7071 0.7071
vn 0.0000 0.7071 0.7071
vn 0.4328 0.8056 0.4045
vn 0.4040 0.8176 0.4103
vn 0.8154 0.4093 0.4093
vn 0.4039 0.8176 0.4104
vn 0.4328 0.8056 0.4045
vn 0.4040 0.8175 0.4104
vn 0.8155 0.4093 0.4093
vn 0.8154 0.4093 0.4093
vn 0.7332 0.0000 0.6801
vn 0.8155 0.4093 0.4093
vn 0.8154 0.4093 0.4093
vn 0.8154 0.4093 0.4094
vn 0.7332 0.0000 0.6800
vn 0.7043 -0.0000 0.7099
vn -0.0000 0.7071 0.7071
vn 0.7044 0.0000 0.7098
vn 0.7126 0.0000 0.7016
vn 0.7044 -0.0001 0.7098
vn 0.0000 0.7071 0.7071
vn 0.0000 0.7071 0.7071
vn 0.4119 0.8144 0.4088
vn -0.0000 0.7071 0.7071
vn -0.0000 0.7071 0.7071
vn -0.0000 0.7071 0.7071
vn 0.4119 0.8143 0.4089
vn 0.4040 0.8176 0.4103
vn 0.8144 0.4088 0.4120
vn 0.4039 0.8176 0.4104
vn 0.4119 0.8144 0.4088
vn 0.4039 0.8176 0.4104
vn 0.8144 0.4088 0.4120
vn 0.8144 0.4088 0.4120
vn 0.7126 0.0000 0.7016
vn 0.8144 0.4087 0.4121
vn 0.8144 0.4088 0.4119
vn 0.8143 0.4087 0.4120
vn 0.7126 -0.0000 0.7016
vn 0.7043 -0.0000 0.7099
vn 0.0001 0.7072 0.7071
vn 0.7044 0.0000 0.7098
vn 0.7153 0.0000 0.6988
vn 0.7043 0.0000 0.7099
vn 0.0000 0.7072 0.7070
vn 0.0000 0.7071 0.7071
vn 0.4146 0.8133 0.4083
vn -0.0001 0.7071 0.7071
vn -0.0001 0.7071 0.7071
vn -0.0000 0.7071 0.7071
vn 0.4146 0.8133 0.4082
vn 0.4039 0.8176 0.4104
vn 0.8154 0.4093 0.4093
vn 0.4039 0.8176 0.4104
vn 0.4146 0.8133 0.4083
vn 0.4040 0.8176 0.4104
vn 0.8154 0.4093 0.4093
vn 0.8154 0.4093 0.4093
vn 0.7153 0.0000 0.6989
vn 0.8154 0.4093 0.4093
vn 0.8155 0.4093 0.4093
vn 0.8154 0.4093 0.4093
vn 0.7152 -0.0000 0.6989
vn 0.7043 -0.0000 0.7099
vn 0.0001 0.6957 0.7183
vn 0.6372 0.0060 0.7707
vn 0.7153 0.0000 0.6988
vn 0.6371 0.0061 0.7707
vn 0.0001 0.6957 0.7183
vn 0.0121 0.6372 0.7706
vn 0.4125 0.8154 0.4061
vn 0.0121 0.6372 0.7706
vn -0.0001 0.6957 0.7183
vn 0.0121 0.6372 0.7706
vn 0.4125 0.8154 0.4062
vn 0.3554 0.8360 0.4180
vn 0.8341 0.3612 0.4170
vn 0.7154 0.0000 0.6987
vn 0.6372 0.0061 0.7707
vn 0.7153 -0.0000 0.6988
vn 0.8341 0.3612 0.4170
vn 0.8208 0.3991 0.4087
vn 0.3554 0.8360 0.4180
vn 0.8207 0.3991 0.4088
vn 0.8340 0.3612 0.4170
vn 0.8208 0.3991 0.4087
vn 0.3554 0.8360 0.4180
vn 0.4125 0.8154 0.4061
vn 0.6615 0.7500 -0.0001
vn 0.7016 0.0000 0.7126
vn 0.7071 0.0000 0.7071
vn 0.7016 -0.0000 0.7126
vn 0.6614 0.7500 -0.0000
vn 0.6614 0.7500 -0.0000
vn 0.4077 0.8186 0.4045
vn 0.6613 0.7501 0.0000
vn 0.6614 0.7500 -0.0000
vn 0.6614 0.7500 0.0000
vn 0.4078 0.8186 0.4044
vn 0.4087 0.8144 0.4120
vn 0.4480 0.4011 0.7990
vn 0.4088 0.8143 0.4120
vn 0.4077 0.8186 0.4045
vn 0.4088 0.8144 0.4120
vn 0.4480 0.4011 0.7990
vn 0.4481 0.4011 0.7990
vn 0.7071 0.0000 0.7071
vn 0.4482 0.4010 0.7990
vn 0.4481 0.4010 0.7990
vn 0.4481 0.4010 0.7990
vn 0.7071 0.0000 0.7072
vn 0.7016 -0.0000 0.7125
vn 0.6614 0.7500 -0.0001
vn 0.7016 -0.0000 0.7125
vn 0.7071 0.0001 0.7071
vn 0.7016 -0.0000 0.7126
vn 0.6614 0.7501 -0.0000
vn 0.6614 0.7500 0.0000
vn 0.4077 0.8186 0.4045
vn 0.6614 0.7500 -0.0000
vn 0.6614 0.7500 -0.0001
vn 0.6614 0.7500 -0.0000
vn 0.4078 0.8186 0.4045
vn 0.4088 0.8144 0.4120
vn 0.4481 0.4010 0.7990
vn 0.4088 0.8144 0.4120
vn 0.4077 0.8186 0.4045
vn 0.4088 0.8144 0.4120
vn 0.4481 0.4011 0.7990
vn 0.4481 0.4011 0.7990
vn 0.7071 0.0000 0.7071
vn 0.4481 0.4010 0.7990
vn 0.4481 0.4010 0.7990
vn 0.4482 0.4010 0.7990
vn 0.7071 0.0000 0.7071
vn 0.7016 0.0000 0.7125
vn 0.6614 0.7500 -0.0001
vn 0.7016 0.0000 0.7126
vn 0.7071 -0.0000 0.7071
vn 0.7016 -0.0000 0.7126
vn 0.6614 0.7501 -0.0000
vn 0.6614 0.7500 0.0000
vn 0.4078 0.8186 0.4045
vn 0.6614 0.7500 -0.0000
vn 0.6614 0.7500 -0.0000
vn 0.6614 0.7501 0.0000
vn 0.4078 0.8186 0.4045
vn 0.4093 0.8154 0.4093
vn 0.4480 0.4011 0.7990
vn 0.4093 0.8154 0.4093
vn 0.4077 0.8186 0.4045
vn 0.4093 0.8154 0.4093
vn 0.4480 0.4011 0.7990
vn 0.4481 0.4011 0.7990
vn 0.7071 0.0000 0.7071
vn 0.4480 0.4010 0.7990
vn 0.4480 0.4010 0.7991
vn 0.4481 0.4010 0.7990
vn 0.7071 0.0000 0.7071
vn 0.7016 -0.0000 0.7125
vn -0.0000 0.7071 0.7071
vn 0.7016 0.0001 0.7126
vn 0.7099 0.0001 0.7043
vn 0.7016 0.0001 0.7126
vn -0.0000 0.7071 0.7071
vn 0.0001 0.6900 0.7239
vn 0.4130 0.8165 0.4035
vn -0.0000 0.6899 0.7239
vn 0.0000 0.7071 0.7071
vn -0.0000 0.6899 0.7239
vn 0.4130 0.8165 0.4035
vn 0.4050 0.8197 0.4050
vn 0.8144 0.4119 0.4088
vn 0.4051 0.8197 0.4050
vn 0.4130 0.8165 0.4034
vn 0.4050 0.8197 0.4050
vn 0.8144 0.4120 0.4088
vn 0.8207 0.3959 0.4120
vn 0.8207 0.3959 0.4119
vn 0.7098 -0.0000 0.7044
vn 0.7015 -0.0000 0.7126
vn 0.7098 -0.0000 0.7044
vn 0.8207 0.3959 0.4119
vn 0.8144 0.4120 0.4087
vn 0.0000 0.7071 0.7071
vn 0.7015 0.0000 0.7126
vn 0.7099 0.0000 0.7043
vn 0.7015 -0.0000 0.7126
vn 0.0000 0.7071 0.7071
vn 0.0000 0.7015 0.7127
vn 0.4130 0.8165 0.4035
vn -0.0000 0.7015 0.7127
vn -0.0000 0.7071 0.7071
vn 0.0000 0.7015 0.7127
vn 0.4130 0.8165 0.4035
vn 0.4050 0.8197 0.4050
vn 0.8144 0.4120 0.4088
vn 0.4050 0.8197 0.4050
vn 0.4130 0.8165 0.4034
vn 0.4050 0.8197 0.4050
vn 0.8144 0.4119 0.4088
vn 0.8165 0.4067 0.4099
vn 0.8165 0.4066 0.4098
vn 0.7098 -0.0000 0.7044
vn 0.7016 -0.0000 0.7126
vn 0.7098 -0.0000 0.7044
vn 0.8165 0.4066 0.4098
vn 0.8144 0.4120 0.4087
vn 0.0000 0.7044 0.7098
vn 0.7043 0.0001 0.7099
vn 0.7126 -0.0000 0.7016
vn 0.7043 -0.0001 0.7099
vn 0.0001 0.7043 0.7099
vn 0.0000 0.7043 0.7099
vn 0.4119 0.8144 0.4088
vn -0.0000 0.7043 0.7099
vn -0.0001 0.7043 0.7099
vn -0.0000 0.7043 0.7099
vn 0.4119 0.8144 0.4088
vn 0.4012 0.8186 0.4109
vn 0.8154 0.4093 0.4093
vn 0.4013 0.8186 0.4109
vn 0.4120 0.8144 0.4087
vn 0.4013 0.8186 0.4109
vn 0.8155 0.4093 0.4093
vn 0.8154 0.4093 0.4093
vn 0.8155 0.4093 0.4093
vn 0.7126 0.0000 0.7015
vn 0.7043 -0.0000 0.7099
vn 0.7126 0.0000 0.7016
vn 0.8154 0.4093 0.4094
vn 0.8154 0.4093 0.4093
vn 0.6712 0.7413 0.0000
vn 0.6989 -0.0000 0.7152
vn 0.7127 -0.0000 0.7015
vn 0.6989 -0.0000 0.7152
vn 0.6712 0.7412 -0.0000
vn 0.6712 0.7412 -0.0000
vn 0.4083 0.8197 0.4018
vn 0.6712 0.7413 -0.0000
vn 0.6712 0.7413 -0.0000
vn 0.6712 0.7413 -0.0000
vn 0.4083 0.8197 0.4018
vn 0.4082 0.8133 0.4146
vn 0.4405 0.4027 0.8024
vn 0.4082 0.8133 0.4146
vn 0.4082 0.8197 0.4018
vn 0.4082 0.8133 0.4146
vn 0.4405 0.4027 0.8024
vn 0.4405 0.4028 0.8023
vn 0.7126 0.0000 0.7015
vn 0.4406 0.4027 0.8023
vn 0.4404 0.4028 0.8024
vn 0.4405 0.4027 0.8024
vn 0.7126 0.0000 0.7015
vn 0.6989 -0.0000 0.7152
vn 0.6712 0.7413 -0.0001
vn 0.6989 -0.0000 0.7152
vn 0.6908 0.0000 0.7231
vn 0.6988 -0.0001 0.7153
vn 0.6712 0.7413 -0.0000
vn 0.6713 0.7412 -0.0000
vn 0.4072 0.8111 0.4199
vn 0.6712 0.7413 0.0000
vn 0.6712 0.7412 -0.0000
vn 0.6712 0.7413 -0.0000
vn 0.4073 0.8111 0.4198
vn 0.4055 0.8144 0.4152
vn 0.4405 0.4028 0.8023
vn 0.4056 0.8143 0.4152
vn 0.4072 0.8111 0.4199
vn 0.4056 0.8143 0.4152
vn 0.4405 0.4027 0.8024
vn 0.4405 0.4028 0.8023
vn 0.6907 0.0000 0.7231
vn 0.4406 0.4027 0.8023
vn 0.4405 0.4027 0.8024
vn 0.4405 0.4027 0.8023
vn 0.6907 0.0000 0.7231
vn 0.6989 -0.0000 0.7152
vn 0.6712 0.7413 0.0000
vn 0.6989 0.0000 0.7153
vn 0.7127 0.0000 0.7015
vn 0.6988 -0.0001 0.7153
vn 0.6713 0.7412 0.0000
vn 0.6712 0.7412 0.0000
vn 0.4083 0.8197 0.4018
vn 0.6712 0.7413 0.0000
vn 0.6712 0.7413 -0.0000
vn 0.6712 0.7413 0.0001
vn 0.4082 0.8197 0.4018
vn 0.4083 0.8133 0.4146
vn 0.4405 0.4027 0.8023
vn 0.4082 0.8133 0.4146
vn 0.4082 0.8197 0.4018
vn 0.4082 0.8133 0.4146
vn 0.4405 0.4027 0.8023
vn 0.4405 0.4028 0.8023
vn 0.7126 0.0000 0.7015
vn 0.4406 0.4027 0.8023
vn 0.4404 0.4027 0.8024
vn 0.4405 0.4027 0.8023
vn 0.7126 0.0000 0.7016
vn 0.6989 0.0000 0.7152
vn 0.3980 0.2593 0.8800
vn 0.3949 0.2597 0.8813
vn 0.4065 0.2662 0.8740
vn 0.3950 0.2596 0.8812
vn 0.3979 0.2593 0.8800
vn 0.3935 0.2575 0.8825
vn 0.4563 0.6729 0.5822
vn 0.5856 0.5943 0.5512
vn 0.5799 0.5972 0.5541
vn 0.5856 0.5943 0.5512
vn 0.4564 0.6729 0.5822
vn 0.4564 0.6729 0.5822
vn 0.5857 0.5942 0.5512
vn 0.6937 0.5034 0.5151
vn 0.5800 0.5972 0.5541
vn 0.6937 0.5034 0.5151
vn 0.5857 0.5943 0.5512
vn 0.6927 0.5056 0.5144
vn 0.6158 0.7856 0.0594
vn 0.6182 0.7835 0.0635
vn 0.6188 0.7830 0.0631
vn 0.6183 0.7834 0.0635
vn 0.6158 0.7857 0.0594
vn 0.6148 0.7867 0.0559
vn 0.9056 0.1384 0.4010
vn 0.9064 0.1295 0.4021
vn 0.9043 0.1391 0.4035
vn 0.9064 0.1296 0.4020
vn 0.9056 0.1383 0.4010
vn 0.9051 0.1284 0.4053
vn 0.0238 0.7853 0.6186
vn 0.0238 0.7853 0.6186
vn 0.0238 0.7853 0.6187
vn 0.0238 0.7853 0.6187
vn 0.0238 0.7853 0.6186
vn 0.0238 0.7853 0.6187
vn 0.2967 0.8395 0.4552
vn 0.2333 0.5610 0.7943
vn 0.2963 0.8382 0.4578
vn 0.2332 0.5610 0.7943
vn 0.2967 0.8395 0.4552
vn 0.2324 0.5793 0.7813
vn 0.2323 0.5793 0.7813
vn 0.4370 0.1772 0.8818
vn 0.2332 0.5611 0.7942
vn 0.4370 0.1771 0.8818
vn 0.2323 0.5793 0.7813
vn 0.4217 0.1913 0.8863
vn 0.4216 0.1913 0.8864
vn 0.8118 0.0291 0.5832
vn 0.4369 0.1772 0.8819
vn 0.8118 0.0291 0.5833
vn 0.4217 0.1913 0.8863
vn 0.8141 0.0292 0.5801
vn 0.8141 0.0293 0.5800
vn 0.9074 0.4049 0.1123
vn 0.8118 0.0293 0.5832
vn 0.9074 0.4049 0.1123
vn 0.8140 0.0292 0.5801
vn 0.8978 0.4296 0.0966
vn 0.8978 0.4296 0.0965
vn 0.5774 0.8090 0.1100
vn 0.9074 0.4050 0.1122
vn 0.5773 0.8091 0.1099
vn 0.8978 0.4296 0.0965
vn 0.5614 0.8187 0.1208
vn 0.5614 0.8187 0.1209
vn 0.2963 0.8382 0.4578
vn 0.5774 0.8090 0.1100
vn 0.2963 0.8382 0.4578
vn 0.5614 0.8186 0.1208
vn 0.2967 0.8395 0.4552
vn 0.6917 0.5048 0.5165
vn 0.6917 0.5048 0.5165
vn 0.6917 0.5048 0.5165
vn 0.6917 0.5048 0.5165
vn 0.6917 0.5048 0.5165
vn 0.6917 0.5048 0.5165
vn 0.6916 0.5048 0.5165
vn 0.6916 0.5048 0.5165
vn 0.6916 0.5048 0.5165
vn 0.6917 0.5048 0.5165
vn 0.6917 0.5048 0.5165
vn 0.6917 0.5048 0.5165
vn 0.2967 0.8395 0.4552
vn 0.2333 0.5610 0.7943
vn 0.2963 0.8382 0.4579
vn 0.2333 0.5610 0.7942
vn 0.2967 0.8395 0.4551
vn 0.2324 0.5792 0.7813
vn 0.2323 0.5793 0.7813
vn 0.4370 0.1772 0.8818
vn 0.2332 0.5611 0.7942
vn 0.4370 0.1771 0.8818
vn 0.2324 0.5793 0.7813
vn 0.4217 0.1913 0.8863
vn 0.4217 0.1913 0.8863
vn 0.8118 0.0291 0.5832
vn 0.4369 0.1772 0.8819
vn 0.8118 0.0291 0.5832
vn 0.4217 0.1913 0.8863
vn 0.8141 0.0292 0.5800
vn 0.8140 0.0293 0.5801
vn 0.9074 0.4050 0.1122
vn 0.8117 0.0292 0.5833
vn 0.9074 0.4049 0.1123
vn 0.8140 0.0292 0.5802
vn 0.8978 0.4296 0.0966
vn 0.8978 0.4296 0.0965
vn 0.5774 0.8090 0.1100
vn 0.9075 0.4049 0.1122
vn 0.5773 0.8091 0.1100
vn 0.8979 0.4296 0.0965
vn 0.5614 0.8187 0.1208
vn 0.5614 0.8187 0.1209
vn 0.2963 0.8382 0.4578
vn 0.5774 0.8090 0.1100
vn 0.2963 0.8382 0.4578
vn 0.5615 0.8186 0.1208
vn 0.2966 0.8395 0.4552
vn 0.6916 0.5048 0.5165
vn 0.6916 0.5048 0.5165
vn 0.6917 0.5048 0.5165
vn 0.6916 0.5048 0.5165
vn 0.6916 0.5048 0.5165
vn 0.6916 0.5048 0.5165
vn 0.6916 0.5048 0.5165
vn 0.6917 0.5048 0.5165
vn 0.6916 0.5048 0.5165
vn 0.6917 0.5048 0.5165
vn 0.6917 0.5048 0.5165
vn 0.6917 0.5048 0.5165
vn 0.3369 0.3000 0.8925
vn 0.3337 0.3003 0.8936
vn 0.3470 0.3032 0.8875
vn 0.3337 0.3004 0.8935
vn 0.3369 0.3000 0.8925
vn 0.3286 0.2987 0.8960
vn 0.5451 0.6140 0.5709
vn 0.6570 0.5094 0.5557
vn 0.6507 0.5148 0.5582
vn 0.6570 0.5094 0.5557
vn 0.5451 0.6140 0.5709
vn 0.5451 0.6140 0.5709
vn 0.6570 0.5094 0.5557
vn 0.7454 0.4000 0.5333
vn 0.6507 0.5148 0.5581
vn 0.7454 0.3999 0.5333
vn 0.6570 0.5094 0.5557
vn 0.7454 0.3999 0.5333
vn 0.6826 0.7285 0.0582
vn 0.6847 0.7261 0.0622
vn 0.6848 0.7261 0.0618
vn 0.6847 0.7262 0.0622
vn 0.6826 0.7285 0.0582
vn 0.6782 0.7328 0.0547
vn 0.8301 0.2207 0.5121
vn 0.8306 0.2098 0.5158
vn 0.8256 0.2308 0.5149
vn 0.8306 0.2098 0.5158
vn 0.8301 0.2207 0.5121
vn 0.8296 0.2074 0.5185
vn 0.1024 0.8401 0.5326
vn 0.1024 0.8401 0.5326
vn 0.1024 0.8401 0.5327
vn 0.1025 0.8401 0.5326
vn 0.1025 0.8401 0.5327
vn 0.1024 0.8401 0.5327
vn 0.4160 0.8037 0.4255
vn 0.2769 0.5924 0.7566
vn 0.4155 0.8026 0.4280
vn 0.2769 0.5924 0.7566
vn 0.4160 0.8037 0.4255
vn 0.2816 0.6080 0.7424
vn 0.2816 0.6080 0.7424
vn 0.3386 0.2244 0.9138
vn 0.2768 0.5924 0.7566
vn 0.3386 0.2244 0.9138
vn 0.2816 0.6079 0.7424
vn 0.3294 0.2450 0.9118
vn 0.3294 0.2451 0.9118
vn 0.7157 0.0001 0.6984
vn 0.3385 0.2244 0.9138
vn 0.7158 0.0000 0.6983
vn 0.3294 0.2451 0.9118
vn 0.7187 0.0000 0.6953
vn 0.7187 0.0001 0.6953
vn 0.9243 0.3598 0.1273
vn 0.7158 0.0000 0.6983
vn 0.9243 0.3597 0.1274
vn 0.7186 0.0000 0.6954
vn 0.9165 0.3851 0.1085
vn 0.9165 0.3850 0.1084
vn 0.6618 0.7420 0.1071
vn 0.9243 0.3598 0.1273
vn 0.6616 0.7421 0.1071
vn 0.9165 0.3851 0.1084
vn 0.6476 0.7530 0.1168
vn 0.6476 0.7530 0.1168
vn 0.4155 0.8026 0.4281
vn 0.6617 0.7420 0.1071
vn 0.4154 0.8026 0.4281
vn 0.6476 0.7530 0.1168
vn 0.4160 0.8037 0.4255
vn 0.7429 0.4002 0.5366
vn 0.7429 0.4002 0.5366
vn 0.7429 0.4002 0.5366
vn 0.7429 0.4002 0.5367
vn 0.7429 0.4002 0.5367
vn 0.7429 0.4002 0.5367
vn 0.7429 0.4002 0.5366
vn 0.7429 0.4002 0.5367
vn 0.7429 0.4002 0.5367
vn 0.7428 0.4002 0.5367
vn 0.7429 0.4002 0.5366
vn 0.7429 0.4002 0.5367
vn 0.4160 0.8037 0.4254
vn 0.2769 0.5924 0.7566
vn 0.4155 0.8026 0.4281
vn 0.2769 0.5924 0.7566
vn 0.4160 0.8037 0.4255
vn 0.2816 0.6080 0.7423
vn 0.2816 0.6080 0.7424
vn 0.3386 0.2244 0.9138
vn 0.2768 0.5924 0.7566
vn 0.3386 0.2244 0.9138
vn 0.2816 0.6079 0.7424
vn 0.3294 0.2450 0.9118
vn 0.3295 0.2450 0.9118
vn 0.7157 0.0001 0.6984
vn 0.3386 0.2244 0.9138
vn 0.7158 0.0001 0.6983
vn 0.3295 0.2451 0.9118
vn 0.7187 -0.0000 0.6953
vn 0.7187 0.0001 0.6953
vn 0.9243 0.3598 0.1272
vn 0.7158 0.0000 0.6983
vn 0.9243 0.3597 0.1274
vn 0.7187 0.0000 0.6954
vn 0.9165 0.3850 0.1084
vn 0.9165 0.3851 0.1084
vn 0.6618 0.7420 0.1072
vn 0.9243 0.3597 0.1273
vn 0.6617 0.7421 0.1071
vn 0.9165 0.3851 0.1084
vn 0.6475 0.7530 0.1167
vn 0.6476 0.7530 0.1167
vn 0.4155 0.8026 0.4281
vn 0.6618 0.7420 0.1071
vn 0.4155 0.8026 0.4281
vn 0.6476 0.7530 0.1168
vn 0.4160 0.8037 0.4255
vn 0.7429 0.4002 0.5367
vn 0.7429 0.4002 0.5367
vn 0.7429 0.4002 0.5367
vn 0.7428 0.4002 0.5367
vn 0.7428 0.4002 0.5367
vn 0.7428 0.4002 0.5367
vn 0.7428 0.4002 0.5367
vn 0.7429 0.4002 0.5366
vn 0.7428 0.4002 0.5367
vn 0.7428 0.4002 0.5367
vn 0.7429 0.4002 0.5366
vn 0.7428 0.4002 0.5367
vn 0.0965 0.5286 0.8434
vn 0.2576 0.4448 0.8578
vn 0.2577 0.4447 0.8578
vn 0.2577 0.4448 0.8578
vn 0.0965 0.5286 0.8433
vn 0.0965 0.5287 0.8433
vn -0.0000 0.6716 0.7409
vn 0.0965 0.5287 0.8433
vn 0.0965 0.5287 0.8433
vn 0.0965 0.5287 0.8433
vn -0.0000 0.6716 0.7409
vn -0.0000 0.6717 0.7409
vn 0.0821 0.8624 0.4996
vn -0.0001 0.6716 0.7409
vn -0.0001 0.6716 0.7409
vn 0.0000 0.6716 0.7409
vn 0.0821 0.8624 0.4996
vn 0.0821 0.8623 0.4996
vn 0.3886 0.9064 0.1655
vn 0.0822 0.8623 0.4997
vn 0.0821 0.8623 0.4997
vn 0.0821 0.8624 0.4996
vn 0.3885 0.9065 0.1656
vn 0.3885 0.9065 0.1656
vn 0.6773 0.7358 0.0001
vn 0.3885 0.9065 0.1655
vn 0.3885 0.9065 0.1655
vn 0.3885 0.9065 0.1655
vn 0.6773 0.7357 0.0000
vn 0.6773 0.7357 0.0000
vn 0.8210 0.5684 0.0542
vn 0.6773 0.7357 0.0001
vn 0.6773 0.7357 0.0001
vn 0.6773 0.7357 0.0000
vn 0.8209 0.5684 0.0542
vn 0.8209 0.5684 0.0542
vn 0.8609 0.4676 0.2004
vn 0.8210 0.5683 0.0541
vn 0.8210 0.5684 0.0541
vn 0.8210 0.5684 0.0541
vn 0.8609 0.4676 0.2003
vn 0.8610 0.4675 0.2004
vn 0.4391 0.3980 0.8055
vn 0.2577 0.4448 0.8578
vn 0.2577 0.4448 0.8578
vn 0.2577 0.4448 0.8578
vn 0.4391 0.3980 0.8055
vn 0.4391 0.3980 0.8054
vn 0.6057 0.3798 0.6992
vn 0.4391 0.3980 0.8055
vn 0.4391 0.3980 0.8055
vn 0.4391 0.3980 0.8055
vn 0.6058 0.3797 0.6992
vn 0.6058 0.3797 0.6992
vn 0.7406 0.3824 0.5524
vn 0.6058 0.3797 0.6992
vn 0.6058 0.3797 0.6992
vn 0.6058 0.3797 0.6992
vn 0.7406 0.3824 0.5525
vn 0.7406 0.3824 0.5525
vn 0.8302 0.4102 0.3776
vn 0.7406 0.3825 0.5524
vn 0.7406 0.3825 0.5524
vn 0.7406 0.3825 0.5524
vn 0.8302 0.4102 0.3776
vn 0.8302 0.4102 0.3776
vn 0.8609 0.4676 0.2004
vn 0.8301 0.4102 0.3777
vn 0.8301 0.4102 0.3777
vn 0.8301 0.4102 0.3777
vn 0.8609 0.4675 0.2005
vn 0.8609 0.4676 0.2004
vn 0.7098 0.0001 0.7044
vn 0.7099 0.0001 0.7043
vn 0.7099 0.0001 0.7043
vn 0.7099 -0.0000 0.7043
vn 0.7099 -0.0000 0.7043
vn 0.7100 -0.0000 0.7043
vn 0.7098 0.0000 0.7044
vn 0.7099 0.0000 0.7043
vn 0.7099 0.0000 0.7043
vn 0.7099 0.0000 0.7043
vn 0.7099 0.0000 0.7043
vn 0.7099 0.0000 0.7043
vn 0.7099 -0.0000 0.7043
vn 0.7099 -0.0000 0.7043
vn 0.7099 -0.0000 0.7043
vn 0.7099 -0.0000 0.7043
vn 0.7099 -0.0000 0.7043
vn 0.7099 -0.0000 0.7043
vn 0.7099 0.0000 0.7043
vn 0.7099 0.0000 0.7043
vn 0.7099 0.0000 0.7043
vn 0.7099 0.0000 0.7043
vn 0.7099 0.0000 0.7043
vn 0.7099 0.0000 0.7043
vn 0.7099 0.0000 0.7043
vn 0.7099 0.0000 0.7043
vn 0.7099 0.0000 0.7043
vn 0.7099 0.0000 0.7043
vn 0.7099 0.0000 0.7043
vn 0.7099 0.0000 0.7043
vn 0.4067 0.8165 0.4098
vn 0.4066 0.8165 0.4099
vn 0.4066 0.8165 0.4099
vn 0.4067 0.8165 0.4098
vn 0.4067 0.8165 0.4098
vn 0.4066 0.8165 0.4099
vn 0.4066 0.8165 0.4099
vn 0.4067 0.8165 0.4098
vn 0.4066 0.8165 0.4099
vn 0.4067 0.8165 0.4099
vn 0.4067 0.8165 0.4099
vn 0.4067 0.8165 0.4099
vn 0.4066 0.8165 0.4099
vn 0.4067 0.8165 0.4098
vn 0.4066 0.8165 0.4099
vn 0.4066 0.8165 0.4099
vn 0.4066 0.8165 0.4099
vn 0.4066 0.8165 0.4099
vn 0.4067 0.8165 0.4098
vn 0.4067 0.8165 0.4098
vn 0.4067 0.8165 0.4098
vn 0.4067 0.8165 0.4098
vn 0.4067 0.8165 0.4098
vn 0.4067 0.8165 0.4098
vn 0.4067 0.8165 0.4099
vn 0.4067 0.8165 0.4099
vn 0.4067 0.8165 0.4099
vn 0.4067 0.8165 0.4099
vn 0.4067 0.8165 0.4098
vn 0.4067 0.8165 0.4099
vn 0.0963 0.5317 0.8414
vn 0.2572 0.4477 0.8564
vn 0.2565 0.4462 0.8574
vn 0.2573 0.4476 0.8564
vn 0.0963 0.5317 0.8414
vn 0.0963 0.5317 0.8414
vn 0.0000 0.7043 0.7099
vn 0.0963 0.5317 0.8414
vn 0.0963 0.5316 0.8415
vn 0.0963 0.5317 0.8414
vn -0.0000 0.7043 0.7099
vn -0.0000 0.7044 0.7098
vn 0.2676 0.9256 0.2676
vn -0.0000 0.7043 0.7099
vn 0.0000 0.7044 0.7098
vn 0.0000 0.7043 0.7099
vn 0.2676 0.9256 0.2675
vn 0.2676 0.9256 0.2676
vn 0.7607 0.6491 0.0051
vn 0.2676 0.9256 0.2677
vn 0.2675 0.9256 0.2677
vn 0.2675 0.9256 0.2676
vn 0.7607 0.6491 0.0051
vn 0.7607 0.6491 0.0051
vn 0.4385 0.4007 0.8044
vn 0.2566 0.4462 0.8574
vn 0.2573 0.4476 0.8564
vn 0.2566 0.4462 0.8573
vn 0.4386 0.4007 0.8044
vn 0.4385 0.4007 0.8044
vn 0.6051 0.3823 0.6984
vn 0.4385 0.4006 0.8045
vn 0.4385 0.4006 0.8045
vn 0.4385 0.4007 0.8045
vn 0.6051 0.3823 0.6984
vn 0.6050 0.3823 0.6984
vn 0.7577 0.3911 0.5225
vn 0.6051 0.3823 0.6984
vn 0.6051 0.3823 0.6984
vn 0.6051 0.3823 0.6984
vn 0.7577 0.3911 0.5225
vn 0.7577 0.3911 0.5224
vn 0.8560 0.4491 0.2561
vn 0.7577 0.3911 0.5225
vn 0.7577 0.3911 0.5225
vn 0.7577 0.3911 0.5225
vn 0.8560 0.4491 0.2561
vn 0.8552 0.4486 0.2594
vn 0.7607 0.6491 0.0051
vn 0.8553 0.4486 0.2593
vn 0.8561 0.4490 0.2561
vn 0.8553 0.4486 0.2593
vn 0.7607 0.6491 0.0050
vn 0.7606 0.6492 0.0050
vn 0.7122 0.4580 0.5320
vn 0.5830 0.4540 0.6738
vn 0.5830 0.4540 0.6738
vn 0.5830 0.4540 0.6738
vn 0.7122 0.4580 0.5320
vn 0.7122 0.4580 0.5320
vn 0.7921 0.4872 0.3677
vn 0.7122 0.4581 0.5319
vn 0.7122 0.4581 0.5319
vn 0.7122 0.4581 0.5319
vn 0.7921 0.4872 0.3677
vn 0.7921 0.4872 0.3677
vn 0.8129 0.5478 0.1979
vn 0.7921 0.4872 0.3678
vn 0.7921 0.4872 0.3678
vn 0.7921 0.4872 0.3678
vn 0.8129 0.5478 0.1980
vn 0.8128 0.5479 0.1979
vn 0.7565 0.6514 0.0589
vn 0.8128 0.5479 0.1979
vn 0.8128 0.5479 0.1979
vn 0.8129 0.5478 0.1979
vn 0.7565 0.6514 0.0588
vn 0.7564 0.6514 0.0588
vn 0.6025 0.7980 0.0154
vn 0.7564 0.6514 0.0589
vn 0.7564 0.6515 0.0589
vn 0.7565 0.6514 0.0588
vn 0.6024 0.7980 0.0154
vn 0.6023 0.7981 0.0154
vn 0.4227 0.4748 0.7719
vn 0.5830 0.4540 0.6738
vn 0.5830 0.4541 0.6738
vn 0.5829 0.4541 0.6738
vn 0.4227 0.4748 0.7719
vn 0.4227 0.4748 0.7719
vn 0.2532 0.5233 0.8136
vn 0.4227 0.4749 0.7719
vn 0.4228 0.4748 0.7719
vn 0.4228 0.4748 0.7719
vn 0.2532 0.5233 0.8137
vn 0.2532 0.5233 0.8137
vn 0.0987 0.6115 0.7851
vn 0.2532 0.5233 0.8137
vn 0.2532 0.5233 0.8136
vn 0.2532 0.5233 0.8137
vn 0.0987 0.6115 0.7851
vn 0.0987 0.6115 0.7850
vn 0.0144 0.7469 0.6648
vn 0.0986 0.6114 0.7851
vn 0.0986 0.6115 0.7850
vn 0.0986 0.6115 0.7851
vn 0.0144 0.7468 0.6649
vn 0.0144 0.7468 0.6649
vn 0.0811 0.8972 0.4341
vn 0.0145 0.7468 0.6649
vn 0.0145 0.7468 0.6649
vn 0.0145 0.7468 0.6649
vn 0.0811 0.8972 0.4341
vn 0.0810 0.8972 0.4342
vn 0.3358 0.9299 0.1500
vn 0.0811 0.8972 0.4341
vn 0.0810 0.8972 0.4342
vn 0.0811 0.8972 0.4341
vn 0.3359 0.9299 0.1500
vn 0.3359 0.9299 0.1500
vn 0.6024 0.7981 0.0154
vn 0.3359 0.9299 0.1500
vn 0.3360 0.9298 0.1500
vn 0.3359 0.9299 0.1501
vn 0.6024 0.7980 0.0154
vn 0.6024 0.7980 0.0154
vn 0.4066 0.8165 0.4099
vn 0.4067 0.8165 0.4099
vn 0.4067 0.8165 0.4099
vn 0.4067 0.8165 0.4099
vn 0.4066 0.8165 0.4099
vn 0.4067 0.8165 0.4099
vn 0.4067 0.8165 0.4099
vn 0.4066 0.8165 0.4099
vn 0.4067 0.8165 0.4098
vn 0.4067 0.8165 0.4099
vn 0.4067 0.8165 0.4099
vn 0.4067 0.8165 0.4098
vn 0.4067 0.8165 0.4098
vn 0.4067 0.8165 0.4099
vn 0.4067 0.8165 0.4099
vn 0.4067 0.8165 0.4099
vn 0.4067 0.8165 0.4099
vn 0.4067 0.8165 0.4099
vn 0.4067 0.8165 0.4099
vn 0.4067 0.8165 0.4099
vn 0.4066 0.8165 0.4099
vn 0.4067 0.8165 0.4098
vn 0.4067 0.8165 0.4099
vn 0.4067 0.8165 0.4099
vn 0.4067 0.8165 0.4099
vn 0.4072 0.8175 0.4072
vn 0.4067 0.8165 0.4099
vn 0.4072 0.8175 0.4072
vn 0.4067 0.8165 0.4099
vn 0.4067 0.8165 0.4099
vn 0.7099 -0.0000 0.7043
vn 0.7072 -0.0000 0.7070
vn 0.7098 -0.0000 0.7044
vn 0.7071 -0.0000 0.7071
vn 0.7099 -0.0000 0.7043
vn 0.7099 -0.0000 0.7043
vn 0.7099 0.0000 0.7043
vn 0.7071 0.0000 0.7071
vn 0.7072 0.0000 0.7070
vn 0.7071 0.0000 0.7072
vn 0.7099 0.0000 0.7043
vn 0.7099 0.0000 0.7043
vn 0.7099 -0.0000 0.7043
vn 0.7099 -0.0000 0.7043
vn 0.7099 -0.0000 0.7043
vn 0.7099 -0.0000 0.7043
vn 0.7099 -0.0000 0.7043
vn 0.7099 -0.0000 0.7043
vn 0.7099 -0.0000 0.7043
vn 0.7099 -0.0000 0.7043
vn 0.7099 -0.0000 0.7043
vn 0.7098 -0.0000 0.7044
vn 0.7099 -0.0000 0.7043
vn 0.7071 -0.0000 0.7071
vn 0.7071 0.0000 0.7072
vn 0.7099 0.0000 0.7044
vn 0.7099 0.0000 0.7043
vn 0.7098 0.0000 0.7044
vn 0.7071 0.0000 0.7071
vn 0.7099 0.0000 0.7043
vn 0.7071 0.7071 -0.0000
vn 0.7071 0.7072 -0.0000
vn 0.7071 0.7071 0.0000
vn 0.7071 0.7071 0.0000
vn 0.7071 0.7071 -0.0000
vn 0.7071 0.7071 0.0000
vn 0.2954 0.4448 0.8455
vn 0.5369 0.3773 0.7546
vn 0.5369 0.3773 0.7546
vn 0.5368 0.3773 0.7546
vn 0.2954 0.4449 0.8455
vn 0.2954 0.4448 0.8455
vn 0.2954 0.4447 0.8455
vn 0.1849 0.4991 0.8466
vn 0.2954 0.4448 0.8455
vn 0.1849 0.4991 0.8466
vn 0.2954 0.4449 0.8455
vn 0.1849 0.4991 0.8466
vn 0.5368 0.3773 0.7546
vn 0.6519 0.3608 0.6670
vn 0.5368 0.3773 0.7546
vn 0.6519 0.3608 0.6670
vn 0.5368 0.3773 0.7547
vn 0.6519 0.3608 0.6670
vn 0.4405 0.8023 0.4027
vn 0.4416 0.8044 0.3975
vn 0.4410 0.8034 0.4001
vn 0.4416 0.8044 0.3975
vn 0.4405 0.8023 0.4027
vn 0.4405 0.8023 0.4027
vn 0.4405 0.8023 0.4028
vn 0.4427 0.8064 0.3921
vn 0.4416 0.8044 0.3975
vn 0.4427 0.8064 0.3921
vn 0.4406 0.8023 0.4027
vn 0.4374 0.8024 0.4060
vn 0.8289 0.3739 0.4161
vn 0.8289 0.3739 0.4161
vn 0.8289 0.3738 0.4161
vn 0.8289 0.3738 0.4161
vn 0.8289 0.3739 0.4161
vn 0.8300 0.3743 0.4135
vn 0.6713 -0.0001 0.7412
vn 0.6712 -0.0001 0.7412
vn 0.6712 -0.0001 0.7413
vn 0.6712 -0.0001 0.7413
vn 0.6713 -0.0001 0.7412
vn 0.6654 -0.0001 0.7465
vn 0.6654 -0.0001 0.7465
vn 0.6684 -0.0001 0.7438
vn 0.6712 -0.0001 0.7413
vn 0.6684 -0.0001 0.7438
vn 0.6654 -0.0000 0.7465
vn 0.6601 -0.0001 0.7512
vn 0.0000 0.7406 0.6719
vn 0.0000 0.7406 0.6719
vn 0.0000 0.7407 0.6719
vn 0.0000 0.7407 0.6719
vn 0.0000 0.7407 0.6718
vn 0.0000 0.7406 0.6719
vn 0.7684 0.5071 0.3904
vn 0.8591 0.2389 0.4527
vn 0.8591 0.2388 0.4527
vn 0.8591 0.2388 0.4527
vn 0.7684 0.5072 0.3903
vn 0.7684 0.5071 0.3904
vn 0.5680 0.7281 0.3837
vn 0.7684 0.5072 0.3903
vn 0.7684 0.5072 0.3903
vn 0.7684 0.5071 0.3903
vn 0.5680 0.7281 0.3837
vn 0.5673 0.7273 0.3863
vn 0.3051 0.8477 0.4340
vn 0.5674 0.7272 0.3863
vn 0.5680 0.7281 0.3837
vn 0.5674 0.7272 0.3863
vn 0.3051 0.8477 0.4340
vn 0.3052 0.8477 0.4340
vn 0.1744 0.8568 0.4852
vn 0.3052 0.8477 0.4340
vn 0.3051 0.8477 0.4340
vn 0.3052 0.8477 0.4340
vn 0.1744 0.8568 0.4853
vn 0.1744 0.8568 0.4852
vn 0.8591 0.2388 0.4527
vn 0.7922 0.0240 0.6098
vn 0.7899 0.0239 0.6128
vn 0.7922 0.0240 0.6098
vn 0.8591 0.2388 0.4528
vn 0.8591 0.2388 0.4526
vn 0.4617 0.0964 0.8818
vn 0.7899 0.0239 0.6127
vn 0.7922 0.0240 0.6097
vn 0.7899 0.0239 0.6128
vn 0.4615 0.0964 0.8819
vn 0.4616 0.0964 0.8818
vn 0.2085 0.3308 0.9204
vn 0.4616 0.0965 0.8818
vn 0.4617 0.0965 0.8818
vn 0.4616 0.0965 0.8818
vn 0.2086 0.3307 0.9204
vn 0.2086 0.3307 0.9204
vn 0.7071 0.7071 0.0000
vn 0.7071 0.7071 0.0000
vn 0.7044 0.7098 0.0000
vn 0.7070 0.7072 -0.0000
vn 0.7071 0.7071 -0.0000
vn 0.7099 0.7044 -0.0000
vn 0.7071 0.7071 0.0000
vn 0.7071 0.7071 0.0000
vn 0.7099 0.7043 0.0000
vn 0.7071 0.7071 0.0000
vn 0.7071 0.7071 0.0000
vn 0.7099 0.7043 0.0000
vn 0.7098 0.7044 -0.0000
vn 0.7071 0.7071 -0.0000
vn 0.7071 0.7071 -0.0000
vn 0.7071 0.7071 0.0000
vn 0.7099 0.7043 0.0000
vn 0.7071 0.7071 0.0000
vn 0.4093 0.4093 0.8154
vn 0.4094 0.4093 0.8154
vn 0.4067 0.4099 0.8165
vn 0.4093 0.4094 0.8154
vn 0.4094 0.4093 0.8154
vn 0.4093 0.4093 0.8154
vn 0.4093 0.4094 0.8154
vn 0.4093 0.4094 0.8154
vn 0.4093 0.4093 0.8154
vn 0.4093 0.4093 0.8154
vn 0.4093 0.4093 0.8154
vn 0.4094 0.4093 0.8154
vn 0.4093 0.4093 0.8154
vn 0.4067 0.4098 0.8165
vn 0.4093 0.4093 0.8154
vn 0.4067 0.4099 0.8165
vn 0.4093 0.4093 0.8154
vn 0.4093 0.4093 0.8154
vn 0.9147 0.2193 0.3394
vn 0.5118 0.2490 0.8222
vn 0.9074 0.1020 0.4078
vn 0.5118 0.2490 0.8222
vn 0.9147 0.2193 0.3395
vn 0.6078 0.3210 0.7263
vn 0.8744 0.4280 0.2288
vn 0.6078 0.3210 0.7263
vn 0.9147 0.2193 0.3394
vn 0.6078 0.3211 0.7263
vn 0.8744 0.4280 0.2287
vn 0.6085 0.4839 0.6289
vn 0.8414 0.5146 0.1652
vn 0.6085 0.4840 0.6289
vn 0.8744 0.4280 0.2287
vn 0.6086 0.4839 0.6289
vn 0.8414 0.5146 0.1653
vn 0.5595 0.5566 0.6141
vn 0.5595 0.5567 0.6140
vn 0.1820 0.6160 0.7665
vn 0.6086 0.4839 0.6288
vn 0.1820 0.6160 0.7665
vn 0.5596 0.5567 0.6140
vn 0.1274 0.4810 0.8674
vn 0.6324 0.6429 0.4321
vn 0.1820 0.6160 0.7664
vn 0.1274 0.4810 0.8674
vn 0.1820 0.6160 0.7664
vn 0.6324 0.6430 0.4321
vn 0.6422 0.7649 0.0505
vn 0.6422 0.7649 0.0505
vn 0.2576 0.7468 0.6131
vn 0.1820 0.6159 0.7665
vn 0.2576 0.7468 0.6131
vn 0.6422 0.7649 0.0505
vn 0.5428 0.8389 0.0395
vn 0.5429 0.8389 0.0394
vn 0.4060 0.6373 0.6550
vn 0.2576 0.7469 0.6131
vn 0.4061 0.6373 0.6550
vn 0.5429 0.8389 0.0394
vn 0.7658 0.6419 0.0398
vn 0.7658 0.6418 0.0398
vn 0.5575 0.5575 0.6151
vn 0.4061 0.6372 0.6551
vn 0.5575 0.5576 0.6151
vn 0.7658 0.6418 0.0398
vn 0.8414 0.5146 0.1653
vn 0.1300 0.4835 0.8656
vn 0.4061 0.6372 0.6550
vn 0.5576 0.5575 0.6150
vn 0.4061 0.6372 0.6550
vn 0.1300 0.4836 0.8656
vn 0.1751 0.3759 0.9100
vn 0.6040 0.6463 0.4662
vn 0.1752 0.3760 0.9099
vn 0.1301 0.4836 0.8656
vn 0.1752 0.3758 0.9100
vn 0.6040 0.6464 0.4663
vn 0.6985 0.3802 0.6062
vn 0.6040 0.6464 0.4662
vn 0.7658 0.6419 0.0398
vn 0.6986 0.3801 0.6062
vn 0.7658 0.6419 0.0398
vn 0.6040 0.6464 0.4662
vn 0.8414 0.5145 0.1653
vn 0.6987 0.3801 0.6061
vn 0.7658 0.6418 0.0398
vn 0.8407 0.0606 0.5381
vn 0.7659 0.6418 0.0398
vn 0.9074 0.1020 0.4078
vn 0.8407 0.0605 0.5381
vn 0.9074 0.1020 0.4078
vn 0.7659 0.6418 0.0398
vn 0.5428 0.8390 0.0394
vn 0.6422 0.7649 0.0505
vn 0.9073 0.1019 0.4079
vn 0.5428 0.8389 0.0394
vn 0.9073 0.1019 0.4078
vn 0.6422 0.7648 0.0506
vn 0.9147 0.2193 0.3394
vn 0.9147 0.2194 0.3395
vn 0.6418 0.7653 0.0502
vn 0.8744 0.4279 0.2287
vn 0.6422 0.7649 0.0506
vn 0.8414 0.5146 0.1653
vn 0.8743 0.4280 0.2287
vn 0.8414 0.5145 0.1653
vn 0.6422 0.7649 0.0505
vn 0.6323 0.6429 0.4322
vn 0.9074 0.1019 0.4078
vn 0.3835 0.2286 0.8948
vn 0.8407 0.0605 0.5381
vn 0.3836 0.2285 0.8948
vn 0.9073 0.1019 0.4079
vn 0.5117 0.2491 0.8223
vn 0.5118 0.2491 0.8222
vn 0.4061 0.6373 0.6550
vn 0.3835 0.2285 0.8948
vn 0.4061 0.6373 0.6550
vn 0.5118 0.2491 0.8222
vn 0.2576 0.7468 0.6131
vn 0.5118 0.2491 0.8222
vn 0.1820 0.6160 0.7665
vn 0.2577 0.7468 0.6131
vn 0.1820 0.6159 0.7665
vn 0.5118 0.2490 0.8222
vn 0.6079 0.3211 0.7262
vn 0.1820 0.6160 0.7665
vn 0.6079 0.3211 0.7262
vn 0.6086 0.4839 0.6288
vn 0.4061 0.6373 0.6550
vn 0.1751 0.3759 0.9099
vn 0.3835 0.2286 0.8948
vn 0.1752 0.3760 0.9099
vn 0.8407 0.0606 0.5381
vn 0.3834 0.2285 0.8948
vn 0.8407 0.0606 0.5380
vn 0.1752 0.3759 0.9099
vn 0.6986 0.3801 0.6062
vn 0.1450 0.6824 0.7164
vn 0.6079 0.1767 0.7741
vn 0.1541 0.5009 0.8517
vn 0.6080 0.1767 0.7740
vn 0.1450 0.6825 0.7164
vn 0.8726 0.0607 0.4847
vn 0.8490 0.5268 0.0409
vn 0.8725 0.0606 0.4848
vn 0.1450 0.6824 0.7165
vn 0.8725 0.0606 0.4848
vn 0.8490 0.5269 0.0410
vn 0.5533 0.8325 0.0268
vn 0.5532 0.8326 0.0270
vn 0.9328 0.2970 0.2042
vn 0.8725 0.0606 0.4848
vn 0.9328 0.2970 0.2043
vn 0.5532 0.8326 0.0269
vn 0.2087 0.9421 0.2624
vn 0.6573 0.3271 0.6789
vn 0.8725 0.0606 0.4848
vn 0.9328 0.2971 0.2041
vn 0.8725 0.0606 0.4848
vn 0.6573 0.3271 0.6789
vn 0.6080 0.1767 0.7740
vn 0.6573 0.3272 0.6789
vn 0.3636 0.6181 0.6969
vn 0.6079 0.1768 0.7741
vn 0.3637 0.6181 0.6969
vn 0.6573 0.3271 0.6789
vn 0.2240 0.6318 0.7421
vn 0.2240 0.6317 0.7421
vn 0.5532 0.8326 0.0269
vn 0.3637 0.6181 0.6969
vn 0.5532 0.8326 0.0268
vn 0.2240 0.6318 0.7421
vn 0.2087 0.9421 0.2623
vn 0.8490 0.5268 0.0410
vn 0.3636 0.6182 0.6969
vn 0.5533 0.8326 0.0268
vn 0.3636 0.6182 0.6969
vn 0.8490 0.5268 0.0409
vn 0.5504 0.5070 0.6634
vn 0.8490 0.5267 0.0409
vn 0.6830 0.3292 0.6521
vn 0.5504 0.5069 0.6634
vn 0.6829 0.3291 0.6522
vn 0.8490 0.5268 0.0409
vn 0.9400 0.2338 0.2487
vn 0.2341 0.6758 0.6989
vn 0.5504 0.5069 0.6634
vn 0.6829 0.3292 0.6521
vn 0.5504 0.5069 0.6634
vn 0.2341 0.6758 0.6989
vn 0.1541 0.5009 0.8517
vn 0.2341 0.6759 0.6989
vn 0.1450 0.6823 0.7165
vn 0.1542 0.5009 0.8517
vn 0.1450 0.6823 0.7165
vn 0.2341 0.6758 0.6989
vn 0.2210 0.9362 0.2731
vn 0.2210 0.9363 0.2731
vn 0.8490 0.5267 0.0410
vn 0.1450 0.6823 0.7165
vn 0.8490 0.5268 0.0410
vn 0.2210 0.9362 0.2731
vn 0.9400 0.2337 0.2487
vn 0.6079 0.1767 0.7741
vn 0.5504 0.5069 0.6634
vn 0.1541 0.5009 0.8516
vn 0.5504 0.5070 0.6633
vn 0.6079 0.1767 0.7741
vn 0.3636 0.6182 0.6969
vn 0.2587 0.8037 0.5359
vn 0.5643 0.1073 0.8186
vn 0.1431 0.4076 0.9019
vn 0.5643 0.1073 0.8186
vn 0.2587 0.8038 0.5358
vn 0.9211 0.1502 0.3593
vn 0.7718 0.6338 0.0516
vn 0.9210 0.1502 0.3594
vn 0.2586 0.8037 0.5358
vn 0.9210 0.1503 0.3593
vn 0.7718 0.6338 0.0518
vn 0.6373 0.7705 0.0147
vn 0.6373 0.7705 0.0149
vn 0.9342 0.2656 0.2381
vn 0.9211 0.1502 0.3592
vn 0.9342 0.2657 0.2381
vn 0.6371 0.7706 0.0149
vn 0.3213 0.9302 0.1774
vn 0.6542 0.1834 0.7337
vn 0.9211 0.1502 0.3592
vn 0.9342 0.2656 0.2382
vn 0.9211 0.1503 0.3592
vn 0.6542 0.1834 0.7338
vn 0.5643 0.1072 0.8186
vn 0.6542 0.1834 0.7337
vn 0.3609 0.7005 0.6156
vn 0.5643 0.1073 0.8186
vn 0.3609 0.7005 0.6156
vn 0.6542 0.1835 0.7337
vn 0.2234 0.5821 0.7818
vn 0.2234 0.5821 0.7818
vn 0.6372 0.7706 0.0148
vn 0.3608 0.7006 0.6157
vn 0.6372 0.7705 0.0148
vn 0.2234 0.5821 0.7818
vn 0.3212 0.9302 0.1774
vn 0.7717 0.6338 0.0518
vn 0.3609 0.7006 0.6156
vn 0.6372 0.7705 0.0148
vn 0.3609 0.7005 0.6157
vn 0.7717 0.6338 0.0517
vn 0.5541 0.4480 0.7016
vn 0.7718 0.6338 0.0517
vn 0.6537 0.3222 0.6847
vn 0.5542 0.4481 0.7015
vn 0.6537 0.3222 0.6847
vn 0.7718 0.6338 0.0517
vn 0.8964 0.4222 0.1349
vn 0.1568 0.5908 0.7914
vn 0.5542 0.4481 0.7015
vn 0.6538 0.3222 0.6847
vn 0.5542 0.4480 0.7015
vn 0.1568 0.5908 0.7914
vn 0.1430 0.4076 0.9019
vn 0.1568 0.5908 0.7914
vn 0.2587 0.8037 0.5358
vn 0.1431 0.4076 0.9019
vn 0.2587 0.8037 0.5359
vn 0.1569 0.5908 0.7914
vn 0.2039 0.9411 0.2697
vn 0.2038 0.9411 0.2698
vn 0.7718 0.6337 0.0517
vn 0.2587 0.8037 0.5358
vn 0.7717 0.6338 0.0516
vn 0.2038 0.9411 0.2697
vn 0.8964 0.4221 0.1349
vn 0.5643 0.1074 0.8186
vn 0.5542 0.4481 0.7015
vn 0.1431 0.4075 0.9019
vn 0.5542 0.4481 0.7015
vn 0.5643 0.1073 0.8186
vn 0.3609 0.7006 0.6156
vn 0.5706 0.7246 0.3864
vn 0.5706 0.7246 0.3864
vn 0.5706 0.7246 0.3864
vn 0.5706 0.7246 0.3864
vn 0.5706 0.7246 0.3864
vn 0.5706 0.7246 0.3864
vn 0.4586 0.1043 0.8825
vn 0.4587 0.1042 0.8825
vn 0.4586 0.1043 0.8825
vn 0.4586 0.1043 0.8825
vn 0.4587 0.1042 0.8825
vn 0.4586 0.1043 0.8825
vn 0.7099 0.7043 0.0000
vn 0.7099 0.7043 0.0000
vn 0.7099 0.7044 0.0000
vn 0.7099 0.7043 0.0000
vn 0.7099 0.7043 -0.0000
vn 0.7099 0.7043 0.0000
vn 0.8580 0.2298 0.4594
vn 0.8579 0.2298 0.4595
vn 0.8579 0.2298 0.4595
vn 0.8579 0.2298 0.4595
vn 0.8580 0.2298 0.4595
vn 0.8579 0.2298 0.4595
vn 0.4093 0.4093 0.8154
vn 0.4093 0.4093 0.8154
vn 0.4093 0.4094 0.8154
vn 0.4093 0.4093 0.8154
vn 0.4093 0.4093 0.8154
vn 0.4093 0.4094 0.8154
vn 0.0696 0.8307 0.5523
vn 0.0696 0.8307 0.5523
vn 0.0695 0.8307 0.5524
vn 0.0695 0.8307 0.5524
vn 0.0696 0.8307 0.5523
vn 0.0694 0.8287 0.5554
vn 0.3383 0.5710 0.7480
vn 0.3355 0.5716 0.7488
vn 0.3330 0.5757 0.7468
vn 0.3355 0.5716 0.7488
vn 0.3383 0.5710 0.7480
vn 0.3494 0.5597 0.7514
vn 0.6139 0.0984 0.7832
vn 0.7177 0.1689 0.6756
vn 0.6140 0.0983 0.7831
vn 0.7178 0.1689 0.6755
vn 0.6139 0.0984 0.7832
vn 0.7130 0.1659 0.6813
vn 0.7728 0.2707 0.5740
vn 0.7177 0.1689 0.6755
vn 0.7130 0.1659 0.6812
vn 0.7177 0.1689 0.6755
vn 0.7729 0.2707 0.5740
vn 0.7735 0.2676 0.5745
vn 0.8972 0.4331 0.0866
vn 0.8979 0.4305 0.0922
vn 0.8902 0.4482 0.0809
vn 0.8979 0.4305 0.0922
vn 0.8972 0.4331 0.0867
vn 0.9014 0.4231 0.0919
vn 0.4760 0.8538 0.2108
vn 0.4797 0.8512 0.2128
vn 0.4822 0.8491 0.2159
vn 0.4797 0.8512 0.2128
vn 0.4759 0.8539 0.2108
vn 0.4732 0.8553 0.2111
vn 0.0316 0.5689 0.8218
vn 0.0316 0.5689 0.8218
vn 0.0316 0.5689 0.8218
vn 0.0317 0.5689 0.8218
vn 0.0317 0.5689 0.8218
vn 0.0317 0.5689 0.8218
vn 0.5457 0.0372 0.8371
vn 0.2649 0.3415 0.9018
vn 0.2696 0.3244 0.9067
vn 0.2648 0.3416 0.9018
vn 0.5457 0.0372 0.8372
vn 0.5429 0.0370 0.8390
vn 0.3400 0.6432 0.6860
vn 0.2697 0.3244 0.9067
vn 0.2648 0.3415 0.9018
vn 0.2697 0.3244 0.9067
vn 0.3400 0.6432 0.6861
vn 0.3323 0.6339 0.6984
vn 0.5171 0.7710 0.3716
vn 0.3323 0.6339 0.6984
vn 0.3400 0.6432 0.6861
vn 0.3323 0.6338 0.6985
vn 0.5171 0.7710 0.3716
vn 0.5177 0.7719 0.3689
vn 0.7312 0.6762 0.0905
vn 0.5177 0.7719 0.3690
vn 0.5171 0.7711 0.3716
vn 0.5178 0.7719 0.3689
vn 0.7312 0.6761 0.0905
vn 0.7437 0.6637 0.0800
vn 0.9336 0.3112 0.1779
vn 0.7437 0.6638 0.0800
vn 0.7312 0.6762 0.0904
vn 0.7437 0.6637 0.0800
vn 0.9335 0.3112 0.1779
vn 0.9349 0.2921 0.2013
vn 0.5429 0.0371 0.8390
vn 0.9349 0.2923 0.2013
vn 0.9336 0.3112 0.1778
vn 0.9349 0.2922 0.2013
vn 0.5429 0.0370 0.8390
vn 0.5456 0.0372 0.8372
vn 0.7721 0.2671 0.5767
vn 0.7721 0.2672 0.5766
vn 0.7721 0.2672 0.5766
vn 0.7721 0.2672 0.5766
vn 0.7721 0.2672 0.5766
vn 0.7721 0.2672 0.5766
vn 0.7721 0.2672 0.5767
vn 0.7721 0.2672 0.5767
vn 0.7721 0.2672 0.5766
vn 0.7721 0.2672 0.5766
vn 0.7721 0.2672 0.5766
vn 0.7721 0.2672 0.5767
vn 0.5457 0.0372 0.8371
vn 0.2648 0.3415 0.9018
vn 0.2697 0.3244 0.9067
vn 0.2648 0.3416 0.9018
vn 0.5457 0.0372 0.8371
vn 0.5429 0.0370 0.8390
vn 0.3400 0.6432 0.6861
vn 0.2697 0.3244 0.9067
vn 0.2648 0.3415 0.9018
vn 0.2697 0.3244 0.9067
vn 0.3400 0.6432 0.6861
vn 0.3323 0.6339 0.6984
vn 0.5171 0.7710 0.3716
vn 0.3323 0.6339 0.6984
vn 0.3400 0.6432 0.6861
vn 0.3323 0.6338 0.6984
vn 0.5171 0.7710 0.3716
vn 0.5177 0.7720 0.3689
vn 0.7312 0.6762 0.0905
vn 0.5178 0.7719 0.3689
vn 0.5172 0.7710 0.3716
vn 0.5177 0.7719 0.3689
vn 0.7312 0.6762 0.0904
vn 0.7437 0.6637 0.0800
vn 0.9335 0.3112 0.1779
vn 0.7437 0.6637 0.0800
vn 0.7311 0.6762 0.0905
vn 0.7437 0.6637 0.0800
vn 0.9336 0.3111 0.1779
vn 0.9349 0.2922 0.2013
vn 0.5430 0.0371 0.8389
vn 0.9349 0.2922 0.2014
vn 0.9335 0.3113 0.1778
vn 0.9350 0.2922 0.2012
vn 0.5429 0.0371 0.8390
vn 0.5457 0.0373 0.8371
vn 0.7721 0.2671 0.5766
vn 0.7721 0.2672 0.5766
vn 0.7721 0.2672 0.5766
vn 0.7721 0.2672 0.5766
vn 0.7721 0.2672 0.5767
vn 0.7721 0.2672 0.5766
vn 0.7721 0.2672 0.5767
vn 0.7721 0.2672 0.5766
vn 0.7721 0.2672 0.5766
vn 0.7721 0.2672 0.5766
vn 0.7721 0.2672 0.5766
vn 0.7721 0.2672 0.5767
vn 0.2928 0.5597 0.7753
vn 0.2898 0.5603 0.7760
vn 0.2841 0.5649 0.7747
vn 0.2898 0.5602 0.7760
vn 0.2927 0.5598 0.7752
vn 0.3040 0.5504 0.7776
vn 0.6830 0.1474 0.7154
vn 0.7379 0.2568 0.6241
vn 0.6830 0.1474 0.7153
vn 0.7379 0.2568 0.6242
vn 0.6830 0.1474 0.7154
vn 0.7346 0.2514 0.6302
vn 0.7534 0.3767 0.5390
vn 0.7379 0.2568 0.6242
vn 0.7347 0.2514 0.6301
vn 0.7379 0.2568 0.6241
vn 0.7534 0.3767 0.5390
vn 0.7534 0.3767 0.5390
vn 0.8961 0.4371 0.0765
vn 0.8968 0.4349 0.0815
vn 0.8910 0.4483 0.0719
vn 0.8969 0.4347 0.0816
vn 0.8961 0.4372 0.0765
vn 0.9000 0.4283 0.0814
vn 0.3685 0.9014 0.2273
vn 0.3701 0.9001 0.2299
vn 0.3732 0.8980 0.2332
vn 0.3702 0.9001 0.2298
vn 0.3684 0.9015 0.2273
vn 0.3663 0.9020 0.2285
vn 0.1767 0.3534 0.9186
vn 0.1767 0.3534 0.9186
vn 0.1767 0.3533 0.9186
vn 0.1767 0.3533 0.9187
vn 0.1767 0.3534 0.9186
vn 0.1767 0.3534 0.9187
vn 0.6991 -0.0000 0.7150
vn 0.3306 0.2729 0.9034
vn 0.3432 0.2534 0.9045
vn 0.3306 0.2730 0.9034
vn 0.6991 -0.0000 0.7150
vn 0.6964 0.0000 0.7176
vn 0.2664 0.6419 0.7190
vn 0.3431 0.2533 0.9045
vn 0.3306 0.2730 0.9034
vn 0.3431 0.2534 0.9045
vn 0.2664 0.6420 0.7190
vn 0.2648 0.6265 0.7330
vn 0.4000 0.8292 0.3903
vn 0.2648 0.6265 0.7331
vn 0.2664 0.6419 0.7190
vn 0.2649 0.6265 0.7331
vn 0.4000 0.8292 0.3903
vn 0.4005 0.8304 0.3874
vn 0.6575 0.7480 0.0906
vn 0.4005 0.8303 0.3875
vn 0.4000 0.8293 0.3903
vn 0.4005 0.8303 0.3875
vn 0.6575 0.7480 0.0906
vn 0.6743 0.7341 0.0799
vn 0.9323 0.3288 0.1509
vn 0.6743 0.7342 0.0798
vn 0.6575 0.7480 0.0906
vn 0.6742 0.7342 0.0798
vn 0.9323 0.3286 0.1509
vn 0.9387 0.3002 0.1692
vn 0.6965 0.0000 0.7176
vn 0.9387 0.3002 0.1692
vn 0.9323 0.3287 0.1509
vn 0.9388 0.3002 0.1691
vn 0.6965 -0.0000 0.7176
vn 0.6991 -0.0000 0.7150
vn 0.7508 0.3769 0.5424
vn 0.7508 0.3769 0.5424
vn 0.7508 0.3769 0.5424
vn 0.7508 0.3769 0.5425
vn 0.7508 0.3769 0.5424
vn 0.7508 0.3769 0.5424
vn 0.7508 0.3769 0.5424
vn 0.7508 0.3769 0.5424
vn 0.7508 0.3769 0.5424
vn 0.7508 0.3769 0.5425
vn 0.7508 0.3769 0.5424
vn 0.7508 0.3769 0.5424
vn 0.6991 -0.0000 0.7150
vn 0.3306 0.2730 0.9034
vn 0.3431 0.2534 0.9045
vn 0.3306 0.2730 0.9034
vn 0.6991 -0.0000 0.7150
vn 0.6965 -0.0000 0.7176
vn 0.2664 0.6419 0.7190
vn 0.3431 0.2534 0.9045
vn 0.3307 0.2730 0.9034
vn 0.3431 0.2534 0.9045
vn 0.2663 0.6420 0.7189
vn 0.2649 0.6265 0.7331
vn 0.4000 0.8293 0.3902
vn 0.2649 0.6265 0.7330
vn 0.2664 0.6419 0.7190
vn 0.2648 0.6264 0.7331
vn 0.4000 0.8293 0.3902
vn 0.4005 0.8303 0.3875
vn 0.6575 0.7480 0.0906
vn 0.4005 0.8303 0.3875
vn 0.4001 0.8292 0.3902
vn 0.4006 0.8303 0.3875
vn 0.6575 0.7480 0.0905
vn 0.6743 0.7341 0.0799
vn 0.9323 0.3287 0.1509
vn 0.6742 0.7342 0.0798
vn 0.6575 0.7480 0.0906
vn 0.6743 0.7342 0.0798
vn 0.9323 0.3287 0.1509
vn 0.9387 0.3002 0.1692
vn 0.6965 0.0000 0.7176
vn 0.9388 0.3001 0.1692
vn 0.9323 0.3287 0.1508
vn 0.9387 0.3002 0.1693
vn 0.6964 -0.0000 0.7176
vn 0.6991 -0.0001 0.7150
vn 0.7508 0.3769 0.5424
vn 0.7508 0.3769 0.5424
vn 0.7508 0.3769 0.5424
vn 0.7508 0.3769 0.5424
vn 0.7508 0.3769 0.5424
vn 0.7508 0.3769 0.5424
vn 0.7508 0.3769 0.5424
vn 0.7508 0.3769 0.5424
vn 0.7508 0.3769 0.5424
vn 0.7508 0.3769 0.5424
vn 0.7508 0.3769 0.5424
vn 0.7508 0.3769 0.5424
vn 0.3641 0.4166 0.8330
vn 0.3641 0.4166 0.8330
vn 0.3641 0.4166 0.8330
vn 0.3641 0.4165 0.8330
vn 0.3641 0.4166 0.8330
vn 0.3641 0.4165 0.8330
vn 0.6806 0.7326 -0.0000
vn 0.6806 0.7326 -0.0000
vn 0.6807 0.7326 -0.0000
vn 0.6806 0.7326 -0.0001
vn 0.6806 0.7326 -0.0001
vn 0.6807 0.7326 -0.0001
vn 0.4094 0.8154 0.4093
vn 0.4093 0.8154 0.4093
vn 0.4094 0.8154 0.4093
vn 0.4093 0.8154 0.4094
vn 0.4094 0.8154 0.4093
vn 0.4093 0.8154 0.4093
vn 0.4093 0.8154 0.4093
vn 0.4094 0.8154 0.4093
vn 0.4093 0.8154 0.4093
vn 0.0923 0.5367 0.8387
vn 0.0052 0.6619 0.7496
vn 0.0923 0.5368 0.8387
vn 0.0052 0.6618 0.7496
vn 0.0923 0.5368 0.8387
vn 0.0052 0.6618 0.7497
vn 0.4093 0.4093 0.8154
vn 0.0923 0.5367 0.8387
vn 0.0923 0.5368 0.8387
vn 0.0923 0.5367 0.8387
vn 0.4093 0.4093 0.8154
vn 0.4093 0.4093 0.8155
vn 0.4093 0.4093 0.8154
vn 0.5739 0.3866 0.7219
vn 0.4093 0.4093 0.8154
vn 0.5739 0.3866 0.7219
vn 0.4093 0.4093 0.8154
vn 0.5739 0.3866 0.7219
vn 0.7071 0.0000 0.7071
vn 0.7071 0.0000 0.7071
vn 0.7070 0.0000 0.7072
vn 0.7071 0.0000 0.7071
vn 0.7071 0.0000 0.7071
vn 0.7071 0.0000 0.7071
vn 0.7071 0.0000 0.7071
vn 0.7071 0.0000 0.7071
vn 0.7071 0.0000 0.7071
vn 0.8154 0.4094 0.4093
vn 0.8154 0.4094 0.4093
vn 0.8154 0.4093 0.4093
vn 0.8154 0.4093 0.4093
vn 0.8154 0.4093 0.4093
vn 0.2740 0.4439 0.8532
vn 0.5359 0.3898 0.7490
vn 0.5359 0.3898 0.7490
vn 0.5359 0.3897 0.7490
vn 0.2740 0.4439 0.8532
vn 0.2740 0.4439 0.8532
vn 0.0413 0.5877 0.8080
vn 0.2739 0.4439 0.8532
vn 0.2740 0.4439 0.8532
vn 0.2739 0.4439 0.8532
vn 0.0413 0.5877 0.8080
vn 0.0413 0.5877 0.8080
vn 0.0596 0.8495 0.5242
vn 0.0413 0.5876 0.8081
vn 0.0413 0.5877 0.8080
vn 0.0413 0.5877 0.8081
vn 0.0596 0.8495 0.5242
vn 0.0596 0.8495 0.5243
vn 0.5243 0.8494 0.0598
vn 0.0598 0.8494 0.5243
vn 0.0598 0.8494 0.5243
vn 0.0598 0.8494 0.5243
vn 0.5243 0.8494 0.0598
vn 0.5243 0.8494 0.0597
vn 0.8080 0.5877 0.0413
vn 0.5243 0.8494 0.0596
vn 0.5243 0.8494 0.0596
vn 0.5242 0.8495 0.0596
vn 0.8081 0.5876 0.0413
vn 0.8080 0.5877 0.0413
vn 0.8532 0.4439 0.2739
vn 0.8081 0.5876 0.0413
vn 0.8080 0.5877 0.0413
vn 0.8081 0.5877 0.0413
vn 0.8532 0.4439 0.2740
vn 0.8532 0.4439 0.2739
vn 0.7490 0.3897 0.5359
vn 0.5359 0.3897 0.7490
vn 0.5359 0.3897 0.7490
vn 0.5359 0.3897 0.7490
vn 0.7490 0.3897 0.5359
vn 0.7490 0.3897 0.5359
vn 0.8532 0.4439 0.2740
vn 0.7490 0.3898 0.5359
vn 0.7490 0.3897 0.5359
vn 0.7490 0.3897 0.5359
vn 0.8532 0.4439 0.2740
vn 0.8532 0.4439 0.2740
vn 0.7071 0.0000 0.7071
vn 0.7071 0.0000 0.7071
vn 0.7064 0.0000 0.7079
vn 0.7071 0.0000 0.7071
vn 0.7071 0.0000 0.7071
vn 0.7071 0.0000 0.7071
vn 0.7072 0.0000 0.7070
vn 0.7072 0.0000 0.7070
vn 0.7070 0.0000 0.7072
vn 0.7070 0.0000 0.7072
vn 0.7071 0.0000 0.7071
vn 0.7071 0.0000 0.7071
vn 0.7071 0.0000 0.7072
vn 0.7071 0.0000 0.7071
vn 0.7071 0.0000 0.7071
vn 0.7071 0.0000 0.7071
vn 0.7070 0.0000 0.7072
vn 0.4094 0.8154 0.4093
vn 0.4093 0.8154 0.4094
vn 0.4094 0.8154 0.4093
vn 0.4093 0.8154 0.4093
vn 0.4084 0.8154 0.4103
vn 0.4093 0.8154 0.4093
vn 0.4093 0.8154 0.4093
vn 0.4093 0.8154 0.4093
vn 0.4093 0.8154 0.4093
vn 0.4094 0.8154 0.4093
vn 0.4093 0.8154 0.4093
vn 0.4093 0.8154 0.4093
vn 0.4093 0.8154 0.4093
vn 0.4093 0.8154 0.4094
vn 0.4095 0.8154 0.4091
vn 0.4093 0.8154 0.4093
vn 0.4093 0.8154 0.4094
vn 0.4093 0.8154 0.4093
vn 0.4093 0.8154 0.4094
vn 0.4094 0.8154 0.4093
vn 0.4093 0.8154 0.4093
vn 0.0923 0.5367 0.8387
vn 0.0052 0.6618 0.7496
vn 0.0923 0.5368 0.8387
vn 0.0052 0.6618 0.7496
vn 0.0923 0.5367 0.8387
vn 0.0052 0.6618 0.7497
vn 0.4093 0.4093 0.8154
vn 0.0923 0.5368 0.8387
vn 0.0923 0.5368 0.8387
vn 0.0923 0.5367 0.8387
vn 0.4093 0.4093 0.8154
vn 0.4093 0.4092 0.8155
vn 0.4093 0.4093 0.8155
vn 0.5739 0.3866 0.7219
vn 0.4093 0.4093 0.8154
vn 0.5739 0.3866 0.7219
vn 0.4093 0.4093 0.8154
vn 0.5739 0.3866 0.7219
vn 0.7071 -0.0000 0.7071
vn 0.7071 0.0000 0.7071
vn 0.7071 0.0000 0.7071
vn 0.8154 0.4093 0.4093
vn 0.8154 0.4093 0.4093
vn 0.8154 0.4094 0.4093
vn 0.8154 0.4093 0.4093
vn 0.4093 0.8154 0.4094
vn 0.4093 0.8154 0.4093
vn 0.4094 0.8154 0.4093
vn 0.4094 0.8154 0.4093
vn 0.4093 0.8154 0.4093
vn 0.4093 0.4093 0.8154
vn 0.4093 0.4093 0.8154
vn 0.4093 0.4094 0.8154
vn 0.4094 0.4093 0.8154
vn 0.4094 0.4093 0.8154
vn 0.4093 0.4093 0.8154
vn 0.7072 0.0000 0.7070
vn 0.7071 0.0000 0.7071
vn 0.7071 0.0000 0.7071
vn 0.7071 0.0000 0.7071
vn 0.7071 0.0000 0.7072
vn 0.7070 0.7072 0.0000
vn 0.7071 0.7071 0.0000
vn 0.7071 0.7071 0.0000
vn 0.7071 0.7071 0.0000
vn 0.7072 0.7070 0.0000
vn 0.7071 0.7071 0.0000
vn 0.8154 0.4093 0.4093
vn 0.8154 0.4093 0.4093
vn 0.8154 0.4094 0.4093
vn 0.8154 0.4093 0.4093
vn 0.0000 0.7071 0.7071
vn 0.0000 0.7071 0.7071
vn 0.0000 0.7071 0.7071
vn 0.0000 0.7071 0.7071
vn 0.0000 0.7071 0.7071
vn 0.0000 0.7071 0.7071
vn 0.8882 0.1180 0.4441
vn 0.5551 0.0737 0.8285
vn 0.5552 0.0737 0.8284
vn 0.5551 0.0737 0.8285
vn 0.8882 0.1180 0.4441
vn 0.8882 0.1180 0.4441
vn 0.8909 0.4385 0.1185
vn 0.8882 0.1179 0.4442
vn 0.8882 0.1181 0.4441
vn 0.8882 0.1179 0.4441
vn 0.8909 0.4385 0.1183
vn 0.8909 0.4385 0.1183
vn 0.4613 0.2271 0.8577
vn 0.5551 0.0738 0.8285
vn 0.5552 0.0738 0.8284
vn 0.5552 0.0738 0.8284
vn 0.4613 0.2271 0.8577
vn 0.4614 0.2270 0.8577
vn 0.4609 0.8570 0.2304
vn 0.5552 0.8284 0.0737
vn 0.5532 0.8298 0.0734
vn 0.5551 0.8285 0.0737
vn 0.4609 0.8570 0.2304
vn 0.4609 0.8570 0.2304
vn 0.3868 0.7192 0.5772
vn 0.4609 0.8570 0.2305
vn 0.4609 0.8570 0.2305
vn 0.4609 0.8570 0.2304
vn 0.3868 0.7192 0.5772
vn 0.3868 0.7192 0.5772
vn 0.3868 0.5772 0.7192
vn 0.3868 0.7193 0.5771
vn 0.3868 0.7192 0.5772
vn 0.3868 0.7192 0.5772
vn 0.3868 0.5771 0.7193
vn 0.3868 0.5772 0.7192
vn 0.8154 0.4093 0.4093
vn 0.8154 0.4093 0.4093
vn 0.8154 0.4093 0.4093
vn 0.8154 0.4094 0.4093
vn 0.8154 0.4093 0.4093
vn 0.8154 0.4093 0.4093
vn 0.8154 0.4093 0.4093
vn 0.8154 0.4094 0.4093
vn 0.8154 0.4094 0.4093
vn 0.8154 0.4094 0.4093
vn 0.8154 0.4093 0.4093
vn 0.8154 0.4093 0.4093
vn 0.0000 0.7016 0.7125
vn 0.0000 0.7016 0.7125
vn 0.0000 0.7016 0.7126
vn 0.0000 0.7016 0.7126
vn 0.0000 0.7017 0.7125
vn 0.0000 0.7015 0.7126
vn 0.4093 0.8154 0.4094
vn 0.4093 0.8154 0.4093
vn 0.4093 0.8154 0.4093
vn 0.4093 0.8154 0.4093
vn 0.4093 0.8154 0.4093
vn 0.4094 0.8154 0.4093
vn 0.4093 0.8154 0.4093
vn 0.4093 0.8154 0.4093
vn 0.4093 0.8154 0.4093
vn 0.4094 0.8154 0.4093
vn 0.4093 0.8154 0.4093
vn 0.4093 0.8154 0.4094
vn 0.4093 0.4094 0.8154
vn 0.4094 0.4093 0.8154
vn 0.4093 0.4093 0.8154
vn 0.4094 0.4093 0.8154
vn 0.4093 0.4093 0.8154
vn 0.7071 0.0000 0.7071
vn 0.7071 0.0000 0.7071
vn 0.7071 0.0000 0.7071
vn 0.7070 0.0000 0.7072
vn 0.7071 -0.0000 0.7071
vn 0.7071 -0.0000 0.7071
vn 0.7071 0.0000 0.7071
vn 0.7070 0.0000 0.7072
vn 0.7072 0.0000 0.7071
vn 0.7071 0.0000 0.7071
vn 0.7070 0.0000 0.7072
vn 0.7072 0.0000 0.7070
vn 0.8154 0.4093 0.4093
vn 0.8154 0.4093 0.4093
vn 0.8154 0.4093 0.4094
vn 0.8154 0.4094 0.4093
vn 0.7967 0.4015 0.4517
vn 0.7967 0.4015 0.4517
vn 0.7967 0.4015 0.4517
vn 0.7967 0.4015 0.4517
vn 0.7967 0.4015 0.4517
vn 0.7967 0.4015 0.4517
vn 0.7180 0.6961 0.0000
vn 0.7179 0.6962 0.0000
vn 0.7180 0.6961 0.0000
vn 0.7179 0.6962 0.0000
vn 0.7178 0.6962 0.0000
vn 0.7179 0.6961 0.0000
vn 0.4093 0.4093 0.8154
vn 0.4093 0.4093 0.8154
vn 0.4094 0.4093 0.8154
vn 0.4094 0.4093 0.8154
vn 0.4093 0.4093 0.8154
vn 0.4093 0.4093 0.8154
vn 0.7628 0.6466 0.0101
vn 0.4099 0.8165 0.4066
vn 0.4099 0.8165 0.4066
vn 0.4099 0.8165 0.4066
vn 0.7628 0.6466 0.0101
vn 0.7628 0.6466 0.0101
vn 0.7099 0.0001 0.7043
vn 0.7627 0.6466 0.0102
vn 0.7627 0.6467 0.0102
vn 0.7628 0.6466 0.0101
vn 0.7099 0.0001 0.7043
vn 0.7098 -0.0000 0.7044
vn 0.3444 0.4238 0.8377
vn 0.4099 0.8165 0.4066
vn 0.4099 0.8165 0.4067
vn 0.4099 0.8165 0.4066
vn 0.3444 0.4238 0.8377
vn 0.3444 0.4238 0.8378
vn 0.7099 -0.0001 0.7043
vn 0.3444 0.4238 0.8377
vn 0.3443 0.4238 0.8377
vn 0.3444 0.4238 0.8377
vn 0.7099 -0.0000 0.7043
vn 0.7099 -0.0001 0.7043
vn 0.7876 0.3984 0.4701
vn 0.7876 0.3984 0.4701
vn 0.7876 0.3985 0.4700
vn 0.7876 0.3984 0.4701
vn 0.7876 0.3985 0.4701
vn 0.7876 0.3985 0.4701
vn 0.0120 0.7761 0.6305
vn 0.0120 0.7761 0.6305
vn 0.0120 0.7760 0.6306
vn 0.0121 0.7761 0.6305
vn 0.0121 0.7760 0.6306
vn 0.0121 0.7736 0.6335
vn 0.4093 0.8154 0.4093
vn 0.4093 0.8154 0.4093
vn 0.4093 0.8154 0.4093
vn 0.4094 0.8154 0.4093
vn 0.4093 0.8154 0.4094
vn 0.0000 0.7099 0.7043
vn 0.0000 0.7098 0.7044
vn 0.0000 0.7099 0.7043
vn 0.0000 0.7099 0.7043
vn 0.0000 0.7099 0.7043
vn 0.0000 0.7099 0.7043
vn 0.7071 0.0000 0.7071
vn 0.7071 0.0000 0.7071
vn 0.7072 0.0000 0.7070
vn 0.7071 0.0000 0.7072
vn 0.7071 0.0000 0.7071
vn 0.8122 0.4077 0.4172
vn 0.8122 0.4077 0.4173
vn 0.8122 0.4077 0.4172
vn 0.8122 0.4077 0.4172
vn 0.8122 0.4077 0.4173
vn 0.8122 0.4077 0.4173
vn 0.4093 0.8154 0.4093
vn 0.4094 0.8154 0.4093
vn 0.4093 0.8154 0.4094
vn 0.0000 0.7099 0.7043
vn 0.0000 0.7098 0.7044
vn 0.0000 0.7099 0.7043
vn 0.0000 0.7099 0.7043
vn 0.0000 0.7099 0.7043
vn 0.7071 -0.0000 0.7071
vn 0.7071 -0.0000 0.7071
vn 0.7072 -0.0000 0.7070
vn 0.8122 0.4077 0.4172
vn 0.8122 0.4077 0.4173
vn 0.8122 0.4077 0.4172
vn 0.8122 0.4077 0.4172
vn 0.8122 0.4077 0.4173
vn 0.8122 0.4077 0.4173
vn 0.7628 0.6466 0.0101
vn 0.4099 0.8165 0.4066
vn 0.4099 0.8165 0.4066
vn 0.4099 0.8165 0.4066
vn 0.7628 0.6466 0.0101
vn 0.7628 0.6466 0.0101
vn 0.7099 0.0001 0.7043
vn 0.7627 0.6466 0.0102
vn 0.7627 0.6467 0.0102
vn 0.7628 0.6466 0.0101
vn 0.7099 0.0001 0.7043
vn 0.7099 0.0001 0.7043
vn 0.3443 0.4238 0.8377
vn 0.4099 0.8165 0.4066
vn 0.4099 0.8165 0.4066
vn 0.4099 0.8165 0.4066
vn 0.3444 0.4238 0.8377
vn 0.3444 0.4238 0.8378
vn 0.7099 -0.0001 0.7043
vn 0.3444 0.4238 0.8377
vn 0.3443 0.4238 0.8377
vn 0.3444 0.4238 0.8377
vn 0.7099 -0.0000 0.7043
vn 0.7099 -0.0000 0.7043
vn 0.7876 0.3984 0.4701
vn 0.7876 0.3984 0.4701
vn 0.7876 0.3985 0.4700
vn 0.7876 0.3985 0.4700
vn 0.7876 0.3985 0.4701
vn 0.7876 0.3985 0.4701
vn 0.0120 0.7761 0.6306
vn 0.0120 0.7761 0.6305
vn 0.0120 0.7760 0.6306
vn 0.0121 0.7761 0.6305
vn 0.0121 0.7760 0.6306
vn 0.0121 0.7736 0.6335
vn 0.4093 0.8154 0.4093
vn 0.4093 0.8154 0.4093
vn 0.4093 0.8154 0.4094
vn 0.4093 0.8154 0.4093
vn 0.4093 0.8154 0.4093
vn 0.4093 0.8154 0.4093
vn 0.0239 0.6129 0.7898
vn 0.0239 0.6127 0.7899
vn 0.0239 0.6128 0.7899
vn 0.0239 0.6129 0.7898
vn 0.0239 0.6128 0.7899
vn 0.0239 0.6128 0.7899
vn 0.7071 0.0000 0.7071
vn 0.7071 0.0000 0.7071
vn 0.7070 0.0000 0.7072
vn 0.7071 0.0000 0.7071
vn 0.7071 -0.0000 0.7071
vn 0.7071 -0.0000 0.7071
vn 0.7414 0.3889 0.5469
vn 0.7414 0.3889 0.5469
vn 0.7414 0.3889 0.5469
vn 0.7414 0.3889 0.5469
vn 0.7414 0.3889 0.5469
vn 0.7414 0.3889 0.5469
vn 0.4093 0.8154 0.4093
vn 0.4093 0.8154 0.4093
vn 0.4093 0.8154 0.4093
vn 0.4093 0.8154 0.4093
vn 0.4093 0.4093 0.8154
vn 0.4094 0.4093 0.8154
vn 0.4093 0.4093 0.8154
vn 0.4094 0.4093 0.8154
vn 0.7072 0.0000 0.7071
vn 0.7072 0.0000 0.7071
vn 0.7071 0.0000 0.7071
vn 0.7072 0.0000 0.7070
vn 0.7071 0.7071 0.0000
vn 0.7071 0.7071 0.0000
vn 0.7071 0.7071 0.0000
vn 0.7072 0.7070 0.0000
vn 0.8154 0.4094 0.4093
vn 0.8154 0.4094 0.4093
vn 0.8154 0.4093 0.4093
vn 0.8154 0.4093 0.4093
vn 0.0000 0.7071 0.7071
vn 0.0000 0.7072 0.7070
vn 0.0000 0.7071 0.7071
vn 0.0000 0.7071 0.7071
vn 0.4093 0.8154 0.4094
vn 0.4093 0.8154 0.4093
vn 0.4093 0.8154 0.4093
vn 0.4093 0.8154 0.4093
vn 0.4093 0.4093 0.8154
vn 0.4094 0.4093 0.8154
vn 0.4093 0.4094 0.8154
vn 0.4093 0.4093 0.8154
vn 0.7071 0.0000 0.7071
vn 0.7071 0.0000 0.7071
vn 0.7071 0.0000 0.7071
vn 0.7072 0.0000 0.7070
vn 0.7071 0.7071 0.0000
vn 0.7071 0.7071 0.0000
vn 0.7071 0.7071 0.0000
vn 0.7071 0.7071 0.0000
vn 0.8154 0.4093 0.4093
vn 0.8154 0.4094 0.4093
vn 0.8154 0.4094 0.4093
vn 0.8154 0.4093 0.4093
vn 0.0000 0.7071 0.7071
vn 0.0000 0.7072 0.7071
vn 0.0000 0.7071 0.7071
vn 0.0000 0.7071 0.7071
vn 0.4093 0.4093 0.8154
vn 0.4093 0.4093 0.8154
vn 0.4093 0.4093 0.8154
vn 0.4093 0.4093 0.8154
vn 0.4093 0.4093 0.8154
vn 0.4093 0.4093 0.8154
vn 0.7071 0.7071 0.0000
vn 0.7071 0.7071 0.0000
vn 0.7071 0.7071 0.0000
vn 0.7071 0.7071 0.0000
vn 0.7071 0.7072 0.0000
vn 0.7071 0.7071 0.0000
vn 0.7606 0.0102 0.6491
vn 0.7607 0.0102 0.6490
vn 0.7607 0.0102 0.6491
vn 0.7606 0.0102 0.6491
vn 0.7606 0.0102 0.6491
vn 0.7606 0.0101 0.6491
vn 0.3473 0.8367 0.4234
vn 0.3473 0.8368 0.4233
vn 0.3473 0.8367 0.4234
vn 0.3473 0.8368 0.4233
vn 0.3473 0.8368 0.4233
vn 0.3473 0.8367 0.4234
vn 0.8154 0.4093 0.4093
vn 0.4066 0.8165 0.4098
vn 0.4067 0.8165 0.4098
vn 0.4067 0.8165 0.4098
vn 0.8155 0.4093 0.4093
vn 0.8154 0.4093 0.4093
vn -0.0000 0.7043 0.7099
vn 0.4066 0.8165 0.4099
vn 0.4066 0.8165 0.4098
vn 0.4066 0.8165 0.4099
vn 0.0000 0.7044 0.7098
vn 0.0000 0.7044 0.7098
vn 0.7071 0.0000 0.7071
vn 0.0000 0.7043 0.7099
vn -0.0000 0.7043 0.7099
vn 0.0000 0.7043 0.7099
vn 0.7071 0.0000 0.7071
vn 0.7071 0.0000 0.7071
vn 0.4094 0.4093 0.8154
vn 0.4106 0.4081 0.8154
vn 0.4093 0.4093 0.8154
vn 0.4093 0.4093 0.8154
vn 0.4093 0.4093 0.8154
vn 0.4093 0.4093 0.8154
vn 0.7071 0.7071 0.0000
vn 0.7093 0.7049 0.0000
vn 0.7071 0.7071 0.0000
vn 0.7070 0.7072 0.0000
vn 0.7072 0.7071 0.0000
vn 0.7071 0.7071 0.0000
vn 0.7071 -0.0000 0.7071
vn 0.8154 0.4093 0.4094
vn 0.8154 0.4093 0.4094
vn 0.8155 0.4093 0.4093
vn 0.7072 0.0000 0.7070
vn 0.7071 -0.0000 0.7071
vn 0.4093 0.4094 0.8154
vn 0.4093 0.4094 0.8154
vn 0.4093 0.4093 0.8154
vn 0.4093 0.4093 0.8154
vn 0.4093 0.4094 0.8154
vn 0.4093 0.4093 0.8154
vn 0.7070 0.7072 0.0000
vn 0.7071 0.7071 0.0000
vn 0.7071 0.7071 0.0000
vn 0.7070 0.7072 0.0000
vn 0.7070 0.7072 0.0000
vn 0.7071 0.7071 0.0000
vn 0.4676 0.7887 0.3991
vn 0.4676 0.7887 0.3991
vn 0.4676 0.7887 0.3990
vn 0.4676 0.7887 0.3991
vn 0.4676 0.7887 0.3991
vn 0.4676 0.7887 0.3991
vn 0.6342 0.0120 0.7731
vn 0.6341 0.0120 0.7731
vn 0.6342 0.0120 0.7731
vn 0.6342 0.0120 0.7731
vn 0.6341 0.0120 0.7732
vn 0.6342 0.0120 0.7731
vn 0.8165 0.4066 0.4099
vn 0.7043 -0.0000 0.7099
vn 0.8176 0.4071 0.4072
vn 0.7043 -0.0001 0.7099
vn 0.8165 0.4066 0.4098
vn 0.7043 0.0000 0.7099
vn 0.4094 0.4093 0.8154
vn 0.4093 0.4093 0.8154
vn 0.4093 0.4093 0.8154
vn 0.4093 0.4093 0.8154
vn 0.4099 0.4088 0.8154
vn 0.4094 0.4093 0.8154
vn 0.4098 0.8165 0.4066
vn -0.0000 0.7098 0.7044
vn 0.4098 0.8165 0.4067
vn -0.0000 0.7099 0.7043
vn 0.4098 0.8165 0.4066
vn 0.0000 0.7071 0.7071
vn -0.0000 0.7071 0.7071
vn 0.7043 0.0000 0.7099
vn -0.0000 0.7099 0.7043
vn 0.7043 0.0000 0.7099
vn 0.0000 0.7071 0.7071
vn 0.7043 0.0000 0.7099
vn 0.4099 0.8165 0.4067
vn 0.8175 0.4072 0.4072
vn 0.4098 0.8165 0.4066
vn 0.8176 0.4071 0.4072
vn 0.4099 0.8165 0.4066
vn 0.8165 0.4066 0.4099
vn 0.7071 0.7071 0.0000
vn 0.7080 0.7062 -0.0000
vn 0.7071 0.7071 0.0000
vn 0.7071 0.7071 0.0000
vn 0.7072 0.7071 -0.0000
vn 0.7071 0.7071 -0.0000
vn 0.4094 0.8154 0.4093
vn 0.4094 0.8154 0.4093
vn 0.4093 0.8154 0.4093
vn 0.4093 0.8154 0.4093
vn 0.4093 0.8154 0.4093
vn 0.4094 0.4093 0.8154
vn 0.4094 0.4093 0.8154
vn 0.4093 0.4093 0.8154
vn 0.4094 0.4093 0.8154
vn 0.7071 0.0000 0.7071
vn 0.7071 0.0000 0.7071
vn 0.7070 0.0000 0.7072
vn 0.7071 0.0000 0.7071
vn 0.7071 0.7071 0.0000
vn 0.7071 0.7071 0.0000
vn 0.7072 0.7070 0.0000
vn 0.7072 0.7070 0.0000
vn 0.7071 0.7071 0.0000
vn 0.8154 0.4093 0.4093
vn 0.8154 0.4093 0.4093
vn 0.8154 0.4093 0.4093
vn 0.8154 0.4093 0.4093
vn 0.0000 0.7071 0.7071
vn 0.0000 0.7072 0.7071
vn 0.0000 0.7071 0.7071
vn 0.0000 0.7072 0.7070
vn 0.4461 0.8538 0.2683
vn 0.4099 0.8165 0.4067
vn 0.4099 0.8165 0.4067
vn 0.4099 0.8165 0.4066
vn 0.4461 0.8538 0.2684
vn 0.4461 0.8538 0.2683
vn 0.4461 0.8538 0.2683
vn 0.5049 0.8520 0.1381
vn 0.4461 0.8538 0.2683
vn 0.5050 0.8520 0.1380
vn 0.4461 0.8538 0.2683
vn 0.5049 0.8521 0.1381
vn 0.4094 0.4093 0.8154
vn 0.4093 0.4093 0.8154
vn 0.4093 0.4093 0.8154
vn 0.4094 0.4093 0.8154
vn 0.5810 0.0455 0.8126
vn 0.4932 0.1580 0.8555
vn 0.4933 0.1579 0.8554
vn 0.4932 0.1580 0.8554
vn 0.5810 0.0455 0.8126
vn 0.5811 0.0454 0.8125
vn 0.5810 0.0453 0.8126
vn 0.7099 0.0000 0.7043
vn 0.5811 0.0453 0.8126
vn 0.7099 0.0000 0.7043
vn 0.5812 0.0453 0.8125
vn 0.7098 0.0000 0.7044
vn 0.8154 0.4094 0.4093
vn 0.8154 0.4093 0.4093
vn 0.8154 0.4093 0.4093
vn 0.8154 0.4093 0.4093
vn 0.8154 0.4093 0.4093
vn 0.8154 0.4093 0.4093
vn 0.8154 0.4093 0.4093
vn 0.8154 0.4093 0.4093
vn 0.8154 0.4093 0.4093
vn 0.8154 0.4094 0.4093
vn 0.8154 0.4093 0.4093
vn 0.8154 0.4093 0.4093
vn 0.0000 0.7071 0.7071
vn 0.0000 0.7071 0.7071
vn 0.0000 0.7071 0.7071
vn 0.0000 0.7071 0.7071
vn 0.0000 0.7071 0.7071
vn 0.0000 0.7071 0.7071
vn 0.0000 0.7072 0.7071
vn 0.0000 0.7071 0.7071
vn 0.0000 0.7071 0.7071
vn 0.0000 0.7071 0.7071
vn 0.0000 0.7072 0.7070
vn 0.0000 0.7071 0.7071
vn 0.4093 0.8154 0.4093
vn 0.4094 0.8154 0.4093
vn 0.4093 0.8154 0.4093
vn 0.4093 0.8154 0.4093
vn 0.4093 0.4094 0.8154
vn 0.4093 0.4093 0.8154
vn 0.4093 0.4094 0.8154
vn 0.4093 0.4093 0.8154
vn 0.7072 0.0000 0.7070
vn 0.7071 0.0000 0.7071
vn 0.7072 0.0000 0.7070
vn 0.7071 0.0000 0.7071
vn 0.7071 0.7071 0.0000
vn 0.7071 0.7071 0.0000
vn 0.7071 0.7071 0.0000
vn 0.7071 0.7071 0.0000
vn 0.8154 0.4094 0.4093
vn 0.8154 0.4094 0.4093
vn 0.8154 0.4093 0.4093
vn 0.8154 0.4093 0.4093
vn 0.0000 0.7071 0.7071
vn 0.0000 0.7071 0.7071
vn 0.0000 0.7071 0.7071
vn 0.0000 0.7072 0.7070
vn 0.4093 0.4093 0.8154
vn 0.4094 0.4093 0.8154
vn 0.4093 0.4093 0.8154
vn 0.4093 0.4093 0.8154
vn 0.7072 0.7071 0.0000
vn 0.7071 0.7071 0.0000
vn 0.7072 0.7071 0.0000
vn 0.7072 0.7070 0.0000
vn 0.8154 0.4093 0.4094
vn 0.8154 0.4093 0.4093
vn 0.8154 0.4093 0.4094
vn 0.8154 0.4094 0.4093
vn 0.0000 0.7072 0.7070
vn 0.0000 0.7071 0.7071
vn 0.0000 0.7071 0.7071
vn 0.0000 0.7071 0.7071
vn 0.4098 0.4066 0.8165
vn 0.4093 0.8154 0.4093
vn 0.4093 0.8154 0.4093
vn 0.4093 0.8154 0.4093
vn 0.4098 0.4066 0.8165
vn 0.4098 0.4067 0.8165
vn 0.7071 0.0000 0.7071
vn 0.4099 0.4066 0.8165
vn 0.4098 0.4066 0.8165
vn 0.4098 0.4066 0.8165
vn 0.7071 -0.0000 0.7071
vn 0.7071 -0.0000 0.7071
vn 0.7098 0.7044 0.0000
vn 0.4093 0.8154 0.4093
vn 0.4093 0.8154 0.4093
vn 0.4094 0.8154 0.4093
vn 0.7099 0.7044 -0.0000
vn 0.7099 0.7043 -0.0000
vn 0.7071 0.0001 0.7071
vn 0.7099 0.7044 -0.0001
vn 0.7099 0.7043 -0.0001
vn 0.7099 0.7043 -0.0001
vn 0.7070 0.0000 0.7072
vn 0.7071 0.0001 0.7071
vn 0.0000 0.7071 0.7071
vn 0.0000 0.7072 0.7071
vn 0.0000 0.7071 0.7071
vn 0.0000 0.7093 0.7049
vn 0.0000 0.7071 0.7071
vn 0.8154 0.4094 0.4093
vn 0.8154 0.4076 0.4110
vn 0.8154 0.4093 0.4093
vn 0.8154 0.4093 0.4093
vn 0.8154 0.4093 0.4093
vn 0.8154 0.4093 0.4093
vn 0.7071 -0.0000 0.7071
vn 0.7071 0.0000 0.7071
vn 0.7070 -0.0000 0.7072
vn 0.7071 0.0000 0.7071
vn 0.7071 0.0000 0.7071
vn 0.7071 0.0000 0.7071
vn 0.0239 0.6128 0.7899
vn 0.0239 0.6128 0.7899
vn 0.0239 0.6128 0.7899
vn 0.0239 0.6128 0.7899
vn 0.0239 0.6128 0.7899
vn 0.0239 0.6127 0.7899
vn 0.4093 0.8154 0.4093
vn 0.4093 0.8154 0.4093
vn 0.4093 0.8154 0.4094
vn 0.7414 0.3889 0.5469
vn 0.7414 0.3889 0.5469
vn 0.7414 0.3889 0.5469
vn 0.7414 0.3889 0.5470
vn 0.7414 0.3889 0.5469
vn 0.7414 0.3889 0.5469
vn 0.4093 0.4093 0.8154
vn 0.7071 -0.0000 0.7071
vn 0.4093 0.4093 0.8154
vn 0.7071 0.0000 0.7071
vn 0.4093 0.4093 0.8155
vn 0.7071 0.0000 0.7071
vn 0.7070 0.0000 0.7072
vn 0.7099 0.7043 -0.0000
vn 0.7070 0.0000 0.7072
vn 0.7099 0.7043 -0.0001
vn 0.7071 0.0001 0.7071
vn 0.7071 0.7071 -0.0000
vn 0.7071 0.7071 -0.0000
vn 0.4093 0.8155 0.4093
vn 0.7099 0.7043 -0.0000
vn 0.4093 0.8155 0.4093
vn 0.7071 0.7071 -0.0000
vn 0.4094 0.8154 0.4093
vn 0.4093 0.4093 0.8154
vn 0.4093 0.8154 0.4093
vn 0.4093 0.4093 0.8154
vn 0.4093 0.8154 0.4093
vn 0.4093 0.4093 0.8154
vn 0.4093 0.8155 0.4093
vn 0.0000 0.7071 0.7071
vn 0.0000 0.7093 0.7049
vn 0.0000 0.7071 0.7071
vn 0.0000 0.7071 0.7071
vn 0.0000 0.7071 0.7071
vn 0.0000 0.7071 0.7072
vn 0.8154 0.4094 0.4093
vn 0.8154 0.4076 0.4110
vn 0.8154 0.4093 0.4093
vn 0.8154 0.4093 0.4093
vn 0.8154 0.4093 0.4093
vn 0.8154 0.4093 0.4093
vn 0.4094 0.8154 0.4093
vn 0.4093 0.8154 0.4093
vn 0.4093 0.8154 0.4093
vn 0.4093 0.8154 0.4093
vn 0.4093 0.8154 0.4093
vn 0.4093 0.8154 0.4093
vn 0.4093 0.4094 0.8154
vn 0.4094 0.4093 0.8154
vn 0.4093 0.4093 0.8154
vn 0.4094 0.4093 0.8154
vn 0.4093 0.4094 0.8154
vn 0.7071 0.0000 0.7071
vn 0.7072 0.0000 0.7071
vn 0.7071 0.0000 0.7071
vn 0.7071 0.0000 0.7071
vn 0.7071 0.0000 0.7071
vn 0.7071 0.0000 0.7071
vn 0.7071 0.7071 0.0000
vn 0.7071 0.7071 0.0000
vn 0.7071 0.7071 0.0000
vn 0.7072 0.7071 0.0000
vn 0.8122 0.4077 0.4172
vn 0.8122 0.4078 0.4172
vn 0.8122 0.4077 0.4173
vn 0.8122 0.4077 0.4172
vn 0.8122 0.4077 0.4173
vn 0.8122 0.4077 0.4173
vn 0.0000 0.6989 0.7152
vn 0.0000 0.6990 0.7152
vn 0.0000 0.6989 0.7152
vn 0.0000 0.6989 0.7152
vn 0.0000 0.6989 0.7152
vn 0.0000 0.6988 0.7153
vn 0.8234 0.0386 0.5661
vn 0.8235 0.0386 0.5661
vn 0.8234 0.0386 0.5661
vn 0.8234 0.0386 0.5661
vn 0.8234 0.0386 0.5661
vn 0.8234 0.0386 0.5662
vn 0.7071 0.7071 0.0000
vn 0.7071 0.7071 0.0000
vn 0.7070 0.7072 0.0000
vn 0.7071 0.7071 0.0000
vn 0.7072 0.7071 0.0000
vn 0.4361 0.8484 0.2999
vn 0.4362 0.8484 0.2999
vn 0.4362 0.8484 0.2999
vn 0.4361 0.8484 0.2999
vn 0.4362 0.8484 0.2999
vn 0.4362 0.8484 0.2999
vn 0.3842 0.6094 0.6935
vn 0.3842 0.6094 0.6935
vn 0.3842 0.6094 0.6935
vn 0.3842 0.6094 0.6935
vn 0.3842 0.6094 0.6935
vn 0.3842 0.6094 0.6935
vn 0.4755 0.1932 0.8582
vn 0.4755 0.1932 0.8582
vn 0.4756 0.1932 0.8582
vn 0.4755 0.1932 0.8582
vn 0.4756 0.1932 0.8582
vn 0.4756 0.1932 0.8582
vn 0.7071 -0.0000 0.7071
vn 0.6104 0.0239 0.7917
vn 0.6105 0.0238 0.7917
vn 0.6105 0.0238 0.7917
vn 0.7071 0.0000 0.7072
vn 0.7072 -0.0000 0.7070
vn 0.8245 0.0338 0.5648
vn 0.7070 -0.0000 0.7072
vn 0.7071 -0.0000 0.7071
vn 0.7072 0.0000 0.7070
vn 0.8206 0.0320 0.5706
vn 0.8206 0.0320 0.5706
vn 0.7099 0.7043 -0.0000
vn 0.9109 0.3828 0.1540
vn 0.7820 0.6231 0.0122
vn 0.9109 0.3828 0.1540
vn 0.7098 0.7044 -0.0000
vn 0.8230 0.5650 0.0578
vn 0.6416 0.7670 0.0101
vn 0.8230 0.5651 0.0579
vn 0.7099 0.7043 0.0000
vn 0.8231 0.5649 0.0579
vn 0.6416 0.7669 0.0101
vn 0.7699 0.6248 0.1302
vn 0.4093 0.8154 0.4093
vn 0.4345 0.8485 0.3021
vn 0.4345 0.8485 0.3021
vn 0.4344 0.8485 0.3021
vn 0.4093 0.8154 0.4093
vn 0.4093 0.8154 0.4093
vn 0.3924 0.7663 0.5088
vn 0.4093 0.8154 0.4093
vn 0.4093 0.8154 0.4093
vn 0.4093 0.8154 0.4093
vn 0.3924 0.7663 0.5088
vn 0.3923 0.7663 0.5088
vn 0.4098 0.4067 0.8165
vn 0.5970 0.4869 0.6375
vn 0.3973 0.4749 0.7853
vn 0.5970 0.4869 0.6375
vn 0.4098 0.4066 0.8165
vn 0.5573 0.3846 0.7359
vn 0.4248 0.3385 0.8396
vn 0.5572 0.3847 0.7359
vn 0.4099 0.4067 0.8165
vn 0.5573 0.3846 0.7359
vn 0.4248 0.3386 0.8396
vn 0.6567 0.2773 0.7013
vn 0.0000 0.7072 0.7070
vn 0.0000 0.7071 0.7071
vn 0.0000 0.7071 0.7071
vn 0.0000 0.7070 0.7072
vn 0.0000 0.7071 0.7071
vn 0.0000 0.7072 0.7071
vn -0.0000 0.7071 0.7071
vn -0.0000 0.7071 0.7072
vn 0.0000 0.7071 0.7071
vn 0.0000 0.7070 0.7072
vn 0.0000 0.7071 0.7071
vn 0.0000 0.7071 0.7071
vn -0.0000 0.7070 0.7072
vn -0.0000 0.7071 0.7071
vn -0.0000 0.7071 0.7071
vn 0.0000 0.7072 0.7071
vn 0.0000 0.7070 0.7072
vn 0.0000 0.7071 0.7071
vn 0.7337 0.5578 0.3880
vn 0.5970 0.4869 0.6376
vn 0.7192 0.4884 0.4942
vn 0.5970 0.4869 0.6376
vn 0.7337 0.5578 0.3880
vn 0.7307 0.5639 0.3850
vn 0.7336 0.5579 0.3880
vn 0.7699 0.6248 0.1301
vn 0.7306 0.5639 0.3850
vn 0.7699 0.6248 0.1302
vn 0.7336 0.5578 0.3881
vn 0.7930 0.5362 0.2892
vn 0.8598 0.4588 0.2240
vn 0.7699 0.6248 0.1303
vn 0.7929 0.5362 0.2893
vn 0.7698 0.6248 0.1302
vn 0.8598 0.4589 0.2240
vn 0.8230 0.5650 0.0579
vn 0.8598 0.4588 0.2240
vn 0.9109 0.3829 0.1540
vn 0.8230 0.5651 0.0578
vn 0.9109 0.3829 0.1540
vn 0.8598 0.4589 0.2239
vn 0.8877 0.3275 0.3238
vn 0.8556 0.2510 0.4526
vn 0.9109 0.3829 0.1540
vn 0.8877 0.3274 0.3238
vn 0.9109 0.3829 0.1539
vn 0.8556 0.2510 0.4526
vn 0.8576 0.2455 0.4520
vn 0.8557 0.2511 0.4525
vn 0.6567 0.2773 0.7013
vn 0.8576 0.2456 0.4519
vn 0.6566 0.2773 0.7014
vn 0.8557 0.2511 0.4525
vn 0.7882 0.2920 0.5417
vn 0.7120 0.3832 0.5884
vn 0.6566 0.2773 0.7014
vn 0.7882 0.2919 0.5417
vn 0.6567 0.2773 0.7013
vn 0.7121 0.3832 0.5883
vn 0.5572 0.3846 0.7359
vn 0.7121 0.3831 0.5883
vn 0.5970 0.4868 0.6376
vn 0.5572 0.3846 0.7359
vn 0.5970 0.4869 0.6376
vn 0.7121 0.3832 0.5883
vn 0.7192 0.4883 0.4943
vn 0.8176 0.4103 0.4040
vn 0.8126 0.0454 0.5811
vn 0.9428 0.2331 0.2383
vn 0.8175 0.4104 0.4041
vn 0.6424 0.1606 0.7494
vn 0.8126 0.0454 0.5811
vn 0.8175 0.4104 0.4040
vn 0.5476 0.3864 0.7422
vn 0.6423 0.1606 0.7494
vn 0.8176 0.4104 0.4039
vn 0.5153 0.6045 0.6074
vn 0.5475 0.3863 0.7423
vn 0.8176 0.4104 0.4039
vn 0.5414 0.7452 0.3893
vn 0.5153 0.6046 0.6074
vn 0.8175 0.4104 0.4040
vn 0.6347 0.7565 0.1577
vn 0.5415 0.7451 0.3894
vn 0.8176 0.4103 0.4040
vn 0.8116 0.5824 0.0458
vn 0.6347 0.7565 0.1577
vn 0.8175 0.4104 0.4039
vn 0.9428 0.2331 0.2384
vn 0.8116 0.5824 0.0459
vt 0.982452 1.954131
vt 0.992218 1.947294
vt 0.982452 1.949248
vt 0.992218 1.958037
vt 0.982452 1.954131
vt 0.992218 1.947294
vt 0.992218 1.958037
vt 0.982452 1.949248
vt 0.982452 1.928739
vt 0.961943 1.939482
vt 0.982452 1.939482
vt 0.961943 1.928739
vt 0.982452 1.939482
vt 0.961943 1.949248
vt 0.982452 1.949248
vt 0.961943 1.939482
vt 0.982452 1.949248
vt 0.961943 1.954131
vt 0.982452 1.954131
vt 0.961943 1.949248
vt 0.979522 1.695334
vt 0.975616 1.699240
vt 0.979522 1.698264
vt 0.974639 1.692404
vt 0.979522 1.695334
vt 0.975616 1.699240
vt 0.974639 1.692404
vt 0.979522 1.698264
vt 0.979522 1.709983
vt 0.994171 1.702170
vt 0.979522 1.702170
vt 0.994171 1.709983
vt 0.979522 1.702170
vt 0.994171 1.698264
vt 0.979522 1.698264
vt 0.994171 1.702170
vt 0.979522 1.698264
vt 0.994171 1.695334
vt 0.979522 1.695334
vt 0.994171 1.698264
vt 0.979522 1.695334
vt 0.975616 1.699240
vt 0.979522 1.698264
vt 0.974639 1.692404
vt 0.979522 1.695334
vt 0.975616 1.699240
vt 0.974639 1.692404
vt 0.979522 1.698264
vt 0.979522 1.709983
vt 0.994171 1.702170
vt 0.979522 1.702170
vt 0.994171 1.709983
vt 0.979522 1.702170
vt 0.994171 1.698264
vt 0.979522 1.698264
vt 0.994171 1.702170
vt 0.979522 1.698264
vt 0.994171 1.695334
vt 0.979522 1.695334
vt 0.994171 1.698264
vt 0.853542 1.706076
vt 0.822291 1.682638
vt 0.818384 1.702170
vt 0.859401 1.688498
vt 0.895535 1.703146
vt 0.881863 1.717795
vt 0.850612 1.716819
vt 0.870144 1.727561
vt 0.902371 1.739280
vt 0.884793 1.745140
vt 0.919950 1.761742
vt 0.899442 1.767601
vt 0.930692 1.787133
vt 0.906278 1.790063
vt 0.934599 1.815455
vt 0.908231 1.816431
vt 0.905301 1.841823
vt 0.930692 1.843776
vt 0.897488 1.864284
vt 0.919950 1.869167
vt 0.883816 1.887722
vt 0.903348 1.892605
vt 0.869167 1.905301
vt 0.882839 1.913114
vt 0.848659 1.915067
vt 0.854518 1.925810
vt 0.813501 1.917997
vt 0.819361 1.930692
vt 0.777367 1.906278
vt 0.784204 1.923856
vt 0.748070 1.892605
vt 0.719749 1.922880
vt 0.711936 1.875027
vt 0.755882 1.884793
vt 0.711936 1.842799
vt 0.741234 1.852565
vt 0.737327 1.816431
vt 0.711936 1.790063
vt 0.743187 1.779321
vt 0.758812 1.746117
vt 0.712912 1.766625
vt 0.750023 1.739280
vt 0.716819 1.716819
vt 0.782250 1.707053
vt 0.777367 1.724632
vt 0.814478 1.713889
vt 0.785180 1.686544
vt 0.786157 1.665059
vt 0.827174 1.664083
vt 0.865261 1.671896
vt 0.907254 1.690451
vt 0.932646 1.710959
vt 0.919950 1.724632
vt 0.939482 1.750999
vt 0.952178 1.781274
vt 0.957060 1.814478
vt 0.953154 1.847682
vt 0.940458 1.877957
vt 0.920927 1.904325
vt 0.897488 1.926786
vt 0.861354 1.943388
vt 0.826197 1.951201
vt 0.788110 1.949248
vt 0.714866 1.949248
vt 0.658223 1.942412
vt 0.669942 1.919950
vt 0.684591 1.890652
vt 0.649434 1.911161
vt 0.663106 1.880886
vt 0.640645 1.935575
vt 0.636738 1.954131
vt 0.656270 1.958037
vt 0.633808 1.978545
vt 0.653340 1.981475
vt 0.709983 1.991241
vt 0.711936 1.966826
vt 0.790063 1.971709
vt 0.792993 1.998077
vt 0.832057 1.970733
vt 0.841823 1.993194
vt 0.882839 1.981475
vt 0.871120 1.960967
vt 0.911161 1.938505
vt 0.927763 1.955107
vt 0.936552 1.916044
vt 0.956084 1.929716
vt 0.958037 1.885769
vt 0.979522 1.894559
vt 0.971709 1.850612
vt 0.994171 1.853542
vt 0.974639 1.812525
vt 0.998077 1.809595
vt 0.991241 1.766625
vt 0.969756 1.775414
vt 0.973663 1.727561
vt 0.955107 1.740257
vt 0.948271 1.693381
vt 0.918973 1.669942
vt 0.873074 1.649434
vt 0.833033 1.640645
vt 0.785180 1.639668
vt 0.704123 1.652364
vt 0.706076 1.673849
vt 0.650410 1.688498
vt 0.649434 1.665059
vt 0.632832 1.695334
vt 0.629902 1.668966
vt 0.639668 1.714866
vt 0.655293 1.705100
vt 0.655293 1.739280
vt 0.670919 1.728538
vt 0.676778 1.764672
vt 0.693381 1.751976
vt 0.709983 1.691427
vt 0.758812 1.746117
vt 0.737327 1.816431
vt 0.777367 1.724632
vt 0.743187 1.779321
vt 0.814478 1.713889
vt 0.850612 1.716819
vt 0.870144 1.727561
vt 0.884793 1.745140
vt 0.899442 1.767601
vt 0.906278 1.790063
vt 0.908231 1.816431
vt 0.755882 1.884793
vt 0.777367 1.906278
vt 0.737327 1.816431
vt 0.813501 1.917997
vt 0.848659 1.915067
vt 0.869167 1.905301
vt 0.883816 1.887722
vt 0.897488 1.864284
vt 0.905301 1.841823
vt 0.908231 1.816431
vt 0.741234 1.852565
vt 0.991241 1.635762
vt 0.945341 1.677755
vt 0.996124 1.677755
vt 0.949248 1.635762
vt 0.947295 1.556658
vt 0.991241 1.569353
vt 0.993194 1.556658
vt 0.949248 1.569353
vt 0.936552 1.572283
vt 0.949248 1.569353
vt 0.943388 1.594745
vt 0.945341 1.612323
vt 0.949248 1.635762
vt 0.935575 1.634785
vt 0.914090 1.654317
vt 0.914090 1.654317
vt 0.949248 1.635762
vt 0.935575 1.634785
vt 0.945341 1.612323
vt 0.949248 1.569353
vt 0.943388 1.594745
vt 0.936552 1.572283
vt 0.561541 1.611347
vt 0.601581 1.629902
vt 0.601581 1.611347
vt 0.561541 1.629902
vt 0.561541 1.611347
vt 0.601581 1.629902
vt 0.601581 1.611347
vt 0.561541 1.629902
vt 0.569353 1.788110
vt 0.570330 1.709983
vt 0.569353 1.709983
vt 0.570330 1.788110
vt 0.567400 1.872097
vt 0.568377 1.872097
vt 0.566424 1.941435
vt 0.567400 1.941435
vt 0.566424 1.996124
vt 0.566424 1.941435
vt 0.566424 1.872097
vt 0.567400 1.788110
vt 0.568377 1.709983
vt 0.566424 1.788110
vt 0.566424 1.709983
vt 0.566424 1.872097
vt 0.565447 1.941435
vt 0.567400 1.941435
vt 0.569353 1.872097
vt 0.571307 1.788110
vt 0.572283 1.709983
vt 0.494156 1.966826
vt 0.502945 1.966826
vt 0.502945 1.961943
vt 0.498062 1.969756
vt 0.494156 1.978545
vt 0.498062 1.975616
vt 0.502945 1.983428
vt 0.502945 1.978545
vt 0.512711 1.978545
vt 0.508805 1.975616
vt 0.512711 1.966826
vt 0.508805 1.969756
vt 0.502945 1.972686
vt 0.632832 1.648457
vt 0.629902 1.663106
vt 0.632832 1.663106
vt 0.629902 1.648457
vt 0.632832 1.633808
vt 0.629902 1.633808
vt 0.632832 1.619159
vt 0.629902 1.619159
vt 0.632832 1.604511
vt 0.629902 1.604511
vt 0.632832 1.588885
vt 0.629902 1.588885
vt 0.632832 1.588885
vt 0.629902 1.604511
vt 0.632832 1.604511
vt 0.629902 1.588885
vt 0.629902 1.619159
vt 0.632832 1.619159
vt 0.629902 1.633808
vt 0.632832 1.633808
vt 0.629902 1.648457
vt 0.632832 1.648457
vt 0.629902 1.663106
vt 0.632832 1.663106
vt 0.772485 1.833033
vt 0.771508 1.844752
vt 0.772485 1.845729
vt 0.771508 1.834010
vt 0.765648 1.823267
vt 0.764672 1.824244
vt 0.753929 1.819361
vt 0.753929 1.820338
vt 0.741234 1.823267
vt 0.742210 1.824244
vt 0.733421 1.832057
vt 0.735374 1.833033
vt 0.733421 1.844752
vt 0.735374 1.843776
vt 0.740257 1.854518
vt 0.741234 1.853542
vt 0.752953 1.858425
vt 0.752953 1.857448
vt 0.764672 1.855495
vt 0.763695 1.854518
vt 0.771508 1.834010
vt 0.769555 1.844752
vt 0.771508 1.844752
vt 0.769555 1.834010
vt 0.764672 1.824244
vt 0.763695 1.825221
vt 0.753929 1.820338
vt 0.753929 1.822291
vt 0.742210 1.824244
vt 0.743187 1.825221
vt 0.735374 1.833033
vt 0.736351 1.833033
vt 0.735374 1.843776
vt 0.736351 1.843776
vt 0.741234 1.853542
vt 0.742210 1.852565
vt 0.752953 1.857448
vt 0.752953 1.855495
vt 0.763695 1.854518
vt 0.762719 1.852565
vt 0.625996 1.687521
vt 0.621113 1.699240
vt 0.625996 1.699240
vt 0.621113 1.687521
vt 0.625996 1.675802
vt 0.621113 1.675802
vt 0.625996 1.664083
vt 0.621113 1.664083
vt 0.625996 1.652364
vt 0.621113 1.652364
vt 0.625996 1.640645
vt 0.621113 1.640645
vt 0.625996 1.640645
vt 0.621113 1.652364
vt 0.625996 1.652364
vt 0.621113 1.640645
vt 0.621113 1.664083
vt 0.625996 1.664083
vt 0.621113 1.675802
vt 0.625996 1.675802
vt 0.621113 1.687521
vt 0.625996 1.687521
vt 0.621113 1.699240
vt 0.625996 1.699240
vt 0.769555 1.834010
vt 0.752953 1.838893
vt 0.769555 1.844752
vt 0.763695 1.826197
vt 0.753929 1.823267
vt 0.743187 1.826197
vt 0.737327 1.834010
vt 0.737327 1.843776
vt 0.743187 1.851588
vt 0.752953 1.855495
vt 0.762719 1.852565
vt 0.987335 1.893582
vt 0.995148 1.897488
vt 0.985382 1.898465
vt 0.994171 1.892605
vt 0.992218 1.877957
vt 0.995148 1.903348
vt 0.985382 1.903348
vt 0.995148 1.908231
vt 0.985382 1.908231
vt 0.994171 1.914090
vt 0.987335 1.913114
vt 0.992218 1.928739
vt 0.994171 1.892605
vt 0.996124 1.897488
vt 0.995148 1.897488
vt 0.995148 1.892605
vt 0.996124 1.903348
vt 0.995148 1.897488
vt 0.996124 1.903348
vt 0.995148 1.903348
vt 0.996124 1.908231
vt 0.995148 1.903348
vt 0.996124 1.908231
vt 0.995148 1.908231
vt 0.995148 1.914090
vt 0.995148 1.908231
vt 0.995148 1.914090
vt 0.994171 1.914090
vt 0.994171 1.914090
vt 0.993194 1.928739
vt 0.992218 1.928739
vt 0.993194 1.928739
vt 0.994171 1.914090
vt 0.995148 1.914090
vt 0.992218 1.877957
vt 0.995148 1.892605
vt 0.994171 1.892605
vt 0.995148 1.892605
vt 0.992218 1.877957
vt 0.993194 1.877957
vt 0.994171 1.914090
vt 0.985382 1.908231
vt 0.995148 1.908231
vt 0.987335 1.913114
vt 0.992218 1.928739
vt 0.985382 1.903348
vt 0.995148 1.903348
vt 0.985382 1.898465
vt 0.995148 1.897488
vt 0.987335 1.893582
vt 0.994171 1.892605
vt 0.992218 1.877957
vt 0.786157 1.277352
vt 0.776391 1.279305
vt 0.786157 1.279305
vt 0.776391 1.277352
vt 0.776391 1.281259
vt 0.786157 1.281259
vt 0.776391 1.284188
vt 0.786157 1.284188
vt 0.786157 1.277352
vt 0.776391 1.279305
vt 0.786157 1.279305
vt 0.776391 1.277352
vt 0.776391 1.281259
vt 0.786157 1.281259
vt 0.776391 1.284188
vt 0.786157 1.284188
vt 0.772485 1.281259
vt 0.774438 1.278329
vt 0.772485 1.279305
vt 0.776391 1.281259
vt 0.774438 1.283212
vt 0.776391 1.279305
vt 0.822291 1.835963
vt 0.802759 1.882839
vt 0.810572 1.894559
vt 0.810572 1.843776
vt 0.799829 1.869167
vt 0.802759 1.855495
vt 0.835963 1.833033
vt 0.822291 1.902371
vt 0.849635 1.835963
vt 0.835963 1.905301
vt 0.861354 1.843776
vt 0.849635 1.902371
vt 0.869167 1.855495
vt 0.861354 1.894559
vt 0.872097 1.869167
vt 0.869167 1.882839
vt 0.815455 1.860378
vt 0.806665 1.869167
vt 0.813501 1.869167
vt 0.808618 1.858425
vt 0.820338 1.853542
vt 0.815455 1.848659
vt 0.827174 1.848659
vt 0.825221 1.842799
vt 0.835963 1.846706
vt 0.835963 1.839869
vt 0.844752 1.848659
vt 0.846706 1.842799
vt 0.851588 1.853542
vt 0.856471 1.848659
vt 0.856471 1.860378
vt 0.862331 1.858425
vt 0.858425 1.869167
vt 0.865261 1.869167
vt 0.856471 1.877957
vt 0.862331 1.879910
vt 0.851588 1.884793
vt 0.856471 1.889676
vt 0.844752 1.889676
vt 0.846706 1.896512
vt 0.835963 1.891629
vt 0.835963 1.898465
vt 0.827174 1.889676
vt 0.825221 1.896512
vt 0.820338 1.884793
vt 0.815455 1.889676
vt 0.815455 1.877957
vt 0.808618 1.879910
vt 0.835963 1.869167
vt 0.985382 1.726585
vt 0.992218 1.720725
vt 0.991241 1.726585
vt 0.986358 1.719748
vt 0.664083 1.990265
vt 0.659200 1.997101
vt 0.659200 1.990265
vt 0.664083 1.997101
vt 0.679708 1.990265
vt 0.679708 1.997101
vt 0.983428 1.730491
vt 0.994171 1.745140
vt 0.991241 1.726585
vt 0.985382 1.726585
vt 0.983428 1.730491
vt 0.991241 1.726585
vt 0.994171 1.745140
vt 0.985382 1.726585
vt 0.986358 1.719748
vt 0.991241 1.726585
vt 0.992218 1.720725
vt 0.985382 1.726585
vt 0.664083 1.990265
vt 0.659200 1.997101
vt 0.659200 1.990265
vt 0.664083 1.997101
vt 0.679708 1.990265
vt 0.679708 1.997101
vt 0.983428 1.730491
vt 0.994171 1.745140
vt 0.991241 1.726585
vt 0.985382 1.726585
vt 0.983428 1.730491
vt 0.991241 1.726585
vt 0.994171 1.745140
vt 0.985382 1.726585
vt 0.683615 1.597674
vt 0.687521 1.649434
vt 0.687521 1.597674
vt 0.683615 1.649434
vt 0.679708 1.597674
vt 0.679708 1.649434
vt 0.690451 1.649434
vt 0.690451 1.597674
vt 0.694357 1.649434
vt 0.694357 1.597674
vt 0.698264 1.649434
vt 0.698264 1.597674
vt 0.655293 1.554704
vt 0.658223 1.552751
vt 0.657247 1.548845
vt 0.653340 1.548845
vt 0.652364 1.552751
vt 0.655293 1.554704
vt 0.653340 1.548845
vt 0.652364 1.552751
vt 0.657247 1.548845
vt 0.658223 1.552751
vt 0.546892 1.718772
vt 0.562517 1.700217
vt 0.546892 1.700217
vt 0.562517 1.718772
vt 0.546892 1.737327
vt 0.562517 1.737327
vt 0.546892 1.755883
vt 0.562517 1.755883
vt 0.546892 1.774438
vt 0.562517 1.774438
vt 0.546892 1.792993
vt 0.562517 1.792993
vt 0.546892 1.812525
vt 0.562517 1.812525
vt 0.546892 1.831080
vt 0.562517 1.831080
vt 0.546892 1.849635
vt 0.562517 1.849635
vt 0.546892 1.868191
vt 0.562517 1.868191
vt 0.546892 1.886746
vt 0.562517 1.886746
vt 0.546892 1.905301
vt 0.562517 1.905301
vt 0.546892 1.923856
vt 0.562517 1.923856
vt 0.546892 1.941435
vt 0.562517 1.941435
vt 0.546892 1.959990
vt 0.562517 1.959990
vt 0.546892 1.978545
vt 0.562517 1.978545
vt 0.546892 1.997101
vt 0.562517 1.997101
vt 0.847682 1.792016
vt 0.869167 1.741234
vt 0.860378 1.728538
vt 0.860378 1.783227
vt 0.872097 1.755883
vt 0.869167 1.770531
vt 0.833033 1.794946
vt 0.847682 1.719748
vt 0.817408 1.792016
vt 0.833033 1.716819
vt 0.804712 1.783227
vt 0.817408 1.719748
vt 0.796899 1.770531
vt 0.804712 1.728538
vt 0.792993 1.755883
vt 0.796899 1.741234
vt 0.630879 1.742210
vt 0.621113 1.736351
vt 0.630879 1.736351
vt 0.621113 1.742210
vt 0.621113 1.704123
vt 0.630879 1.733421
vt 0.621113 1.733421
vt 0.629902 1.703146
vt 0.630879 1.733421
vt 0.621113 1.704123
vt 0.629902 1.703146
vt 0.621113 1.733421
vt 0.630879 1.736351
vt 0.621113 1.736351
vt 0.639668 1.733421
vt 0.634785 1.737327
vt 0.630879 1.733421
vt 0.629902 1.703146
vt 0.630879 1.733421
vt 0.639668 1.733421
vt 0.634785 1.737327
vt 0.629902 1.703146
vt 0.598651 1.720725
vt 0.601581 1.786157
vt 0.601581 1.720725
vt 0.598651 1.786157
vt 0.604511 1.786157
vt 0.604511 1.720725
vt 0.608417 1.786157
vt 0.608417 1.720725
vt 0.611347 1.786157
vt 0.611347 1.720725
vt 0.615253 1.786157
vt 0.615253 1.720725
vt 0.655293 1.554704
vt 0.658223 1.552751
vt 0.657247 1.548845
vt 0.653340 1.548845
vt 0.652364 1.552751
vt 0.655293 1.554704
vt 0.653340 1.548845
vt 0.652364 1.552751
vt 0.657247 1.548845
vt 0.658223 1.552751
vt 0.630879 1.742210
vt 0.621113 1.736351
vt 0.630879 1.736351
vt 0.621113 1.742210
vt 0.630879 1.733421
vt 0.621113 1.704123
vt 0.629902 1.703146
vt 0.621113 1.733421
vt 0.630879 1.733421
vt 0.621113 1.704123
vt 0.629902 1.703146
vt 0.621113 1.733421
vt 0.630879 1.736351
vt 0.621113 1.736351
vt 0.639668 1.733421
vt 0.634785 1.737327
vt 0.630879 1.733421
vt 0.630879 1.733421
vt 0.639668 1.733421
vt 0.629902 1.703146
vt 0.630879 1.733421
vt 0.639668 1.733421
vt 0.634785 1.737327
vt 0.629902 1.703146
vt 0.862331 1.755883
vt 0.853542 1.776391
vt 0.859401 1.766625
vt 0.843776 1.783227
vt 0.833033 1.785180
vt 0.821314 1.783227
vt 0.812525 1.776391
vt 0.805689 1.766625
vt 0.803735 1.755883
vt 0.805689 1.745140
vt 0.812525 1.735374
vt 0.821314 1.728538
vt 0.833033 1.726585
vt 0.843776 1.728538
vt 0.853542 1.735374
vt 0.859401 1.745140
vt 0.602557 1.825221
vt 0.607440 1.812525
vt 0.602557 1.812525
vt 0.607440 1.825221
vt 0.602557 1.837916
vt 0.607440 1.837916
vt 0.602557 1.850612
vt 0.607440 1.850612
vt 0.602557 1.863308
vt 0.607440 1.863308
vt 0.602557 1.876003
vt 0.607440 1.876003
vt 0.602557 1.888699
vt 0.607440 1.888699
vt 0.602557 1.901395
vt 0.607440 1.901395
vt 0.602557 1.914090
vt 0.607440 1.914090
vt 0.602557 1.901395
vt 0.607440 1.901395
vt 0.602557 1.888699
vt 0.607440 1.888699
vt 0.602557 1.876003
vt 0.607440 1.876003
vt 0.602557 1.863308
vt 0.607440 1.863308
vt 0.602557 1.850612
vt 0.607440 1.850612
vt 0.602557 1.837916
vt 0.607440 1.837916
vt 0.602557 1.825221
vt 0.607440 1.825221
vt 0.525407 1.905301
vt 0.542009 1.886746
vt 0.525407 1.886746
vt 0.542009 1.905301
vt 0.525407 1.922880
vt 0.542009 1.922880
vt 0.525407 1.941435
vt 0.542009 1.941435
vt 0.525407 1.959990
vt 0.542009 1.959990
vt 0.525407 1.978545
vt 0.542009 1.978545
vt 0.525407 1.997101
vt 0.542009 1.997101
vt 0.542009 1.868191
vt 0.525407 1.868191
vt 0.542009 1.849635
vt 0.525407 1.849635
vt 0.542009 1.830103
vt 0.525407 1.830103
vt 0.542009 1.811548
vt 0.525407 1.811548
vt 0.542009 1.792016
vt 0.525407 1.792016
vt 0.542009 1.773461
vt 0.525407 1.773461
vt 0.542009 1.753929
vt 0.525407 1.753929
vt 0.542009 1.735374
vt 0.525407 1.735374
vt 0.542009 1.715842
vt 0.525407 1.715842
vt 0.542009 1.697287
vt 0.525407 1.697287
vt 0.731468 1.250008
vt 0.715842 1.252937
vt 0.715842 1.250008
vt 0.731468 1.252937
vt 0.737327 1.245125
vt 0.731468 1.252937
vt 0.731468 1.250008
vt 0.737327 1.252937
vt 0.687521 1.243171
vt 0.680685 1.252937
vt 0.680685 1.245125
vt 0.687521 1.252937
vt 0.703146 1.241218
vt 0.687521 1.252937
vt 0.687521 1.243171
vt 0.703146 1.252937
vt 0.709006 1.252937
vt 0.703146 1.241218
vt 0.709006 1.246101
vt 0.703146 1.252937
vt 0.715842 1.252937
vt 0.715842 1.250008
vt 0.731468 1.285165
vt 0.737327 1.288095
vt 0.744163 1.285165
vt 0.731468 1.268563
vt 0.744163 1.268563
vt 0.737327 1.265633
vt 0.610370 1.954131
vt 0.620136 1.961943
vt 0.610370 1.961943
vt 0.618183 1.954131
vt 0.610370 1.947294
vt 0.617206 1.947294
vt 0.618183 1.939482
vt 0.610370 1.939482
vt 0.620136 1.990265
vt 0.610370 1.997101
vt 0.610370 1.990265
vt 0.618183 1.997101
vt 0.622089 1.982452
vt 0.610370 1.982452
vt 0.623066 1.975616
vt 0.610370 1.975616
vt 0.623066 1.975616
vt 0.610370 1.961943
vt 0.620136 1.961943
vt 0.610370 1.975616
vt 0.648457 1.651387
vt 0.637715 1.651387
vt 0.640645 1.644551
vt 0.640645 1.659200
vt 0.648457 1.662130
vt 0.655293 1.659200
vt 0.658223 1.651387
vt 0.655293 1.644551
vt 0.593768 1.705100
vt 0.575213 1.713889
vt 0.593768 1.713889
vt 0.575213 1.705100
vt 0.593768 1.695334
vt 0.575213 1.695334
vt 0.593768 1.731468
vt 0.575213 1.731468
vt 0.575213 1.740257
vt 0.593768 1.740257
vt 0.575213 1.749046
vt 0.593768 1.749046
vt 0.575213 1.758812
vt 0.593768 1.758812
vt 0.575213 1.767601
vt 0.593768 1.767601
vt 0.575213 1.776391
vt 0.593768 1.776391
vt 0.575213 1.786157
vt 0.593768 1.786157
vt 0.631855 1.777367
vt 0.627949 1.763695
vt 0.620136 1.768578
vt 0.636738 1.763695
vt 0.643574 1.769555
vt 0.646504 1.777367
vt 0.643574 1.786157
vt 0.636738 1.792016
vt 0.627949 1.792016
vt 0.620136 1.786157
vt 0.537126 1.602557
vt 0.525407 1.621113
vt 0.537126 1.621113
vt 0.525407 1.603534
vt 0.537126 1.602557
vt 0.525407 1.564470
vt 0.525407 1.603534
vt 0.537126 1.564470
vt 0.566424 1.564470
vt 0.555681 1.602557
vt 0.566424 1.591815
vt 0.537126 1.564470
vt 0.537126 1.602557
vt 0.525407 1.637715
vt 0.537126 1.664083
vt 0.537126 1.636738
vt 0.525407 1.664083
vt 0.525407 1.693381
vt 0.537126 1.664083
vt 0.525407 1.664083
vt 0.537126 1.693381
vt 0.537126 1.621113
vt 0.525407 1.637715
vt 0.537126 1.636738
vt 0.525407 1.621113
vt 0.608417 1.632832
vt 0.610370 1.592792
vt 0.610370 1.633808
vt 0.608417 1.592792
vt 0.606464 1.633808
vt 0.606464 1.592792
vt 0.606464 1.555681
vt 0.608417 1.555681
vt 0.608417 1.554704
vt 0.610370 1.574236
vt 0.610370 1.556658
vt 0.612323 1.555681
vt 0.612323 1.592792
vt 0.614277 1.592792
vt 0.614277 1.555681
vt 0.612323 1.546892
vt 0.614277 1.546892
vt 0.610370 1.546892
vt 0.608417 1.546892
vt 0.606464 1.546892
vt 0.614277 1.633808
vt 0.612323 1.633808
vt 0.614277 1.643574
vt 0.612323 1.643574
vt 0.610370 1.643574
vt 0.610370 1.634785
vt 0.608417 1.643574
vt 0.608417 1.633808
vt 0.606464 1.643574
vt 0.608417 1.633808
vt 0.610370 1.574236
vt 0.608417 1.555681
vt 0.610370 1.633808
vt 0.610370 1.643574
vt 0.608417 1.643574
vt 0.606464 1.633808
vt 0.606464 1.643574
vt 0.606464 1.555681
vt 0.608417 1.546892
vt 0.606464 1.546892
vt 0.610370 1.546892
vt 0.612323 1.555681
vt 0.612323 1.546892
vt 0.614277 1.555681
vt 0.614277 1.546892
vt 0.614277 1.633808
vt 0.612323 1.633808
vt 0.612323 1.643574
vt 0.614277 1.643574
vt 0.619160 1.625996
vt 0.621113 1.580096
vt 0.619160 1.565447
vt 0.621113 1.625996
vt 0.621113 1.633808
vt 0.619160 1.633808
vt 0.618183 1.625996
vt 0.618183 1.633808
vt 0.618183 1.565447
vt 0.619160 1.558611
vt 0.618183 1.558611
vt 0.621113 1.558611
vt 0.622089 1.565447
vt 0.622089 1.558611
vt 0.624043 1.565447
vt 0.624043 1.558611
vt 0.624043 1.625996
vt 0.622089 1.625996
vt 0.622089 1.633808
vt 0.624043 1.633808
vt 0.708029 1.830103
vt 0.641621 1.860378
vt 0.708029 1.860378
vt 0.641621 1.830103
vt 0.641621 1.830103
vt 0.708029 1.860378
vt 0.708029 1.830103
vt 0.641621 1.860378
vt 0.641621 1.860378
vt 0.708029 1.876980
vt 0.708029 1.860378
vt 0.641621 1.876980
vt 0.641621 1.830103
vt 0.624043 1.860378
vt 0.641621 1.860378
vt 0.624043 1.830103
vt 0.641621 1.860378
vt 0.708029 1.876980
vt 0.708029 1.860378
vt 0.641621 1.876980
vt 0.641621 1.830103
vt 0.624043 1.860378
vt 0.641621 1.860378
vt 0.624043 1.830103
vt 0.575213 1.982452
vt 0.577166 1.997101
vt 0.575213 1.997101
vt 0.577166 1.982452
vt 0.575213 1.951201
vt 0.577166 1.951201
vt 0.575213 1.929716
vt 0.577166 1.929716
vt 0.575213 1.912137
vt 0.577166 1.912137
vt 0.575213 1.869167
vt 0.577166 1.869167
vt 0.575213 1.823267
vt 0.577166 1.823267
vt 0.577166 1.869167
vt 0.575213 1.869167
vt 0.573260 1.823267
vt 0.573260 1.869167
vt 0.575213 1.912137
vt 0.573260 1.912137
vt 0.575213 1.929716
vt 0.573260 1.929716
vt 0.575213 1.951201
vt 0.573260 1.951201
vt 0.575213 1.982452
vt 0.573260 1.982452
vt 0.575213 1.997101
vt 0.573260 1.997101
vt 0.577166 1.997101
vt 0.577166 1.982452
vt 0.578143 1.997101
vt 0.578143 1.982452
vt 0.580096 1.997101
vt 0.580096 1.982452
vt 0.578143 1.951201
vt 0.580096 1.951201
vt 0.578143 1.929716
vt 0.580096 1.929716
vt 0.578143 1.912137
vt 0.580096 1.912137
vt 0.578143 1.869167
vt 0.580096 1.869167
vt 0.578143 1.823267
vt 0.580096 1.823267
vt 0.580096 1.869167
vt 0.578143 1.869167
vt 0.580096 1.912137
vt 0.578143 1.912137
vt 0.580096 1.929716
vt 0.578143 1.929716
vt 0.580096 1.951201
vt 0.578143 1.951201
vt 0.580096 1.982452
vt 0.578143 1.982452
vt 0.580096 1.997101
vt 0.578143 1.997101
vt 0.577166 1.912137
vt 0.577166 1.929716
vt 0.577166 1.951201
vt 0.573260 1.982452
vt 0.573260 1.997101
vt 0.573260 1.951201
vt 0.573260 1.929716
vt 0.573260 1.912137
vt 0.573260 1.869167
vt 0.587909 1.913114
vt 0.586932 1.886746
vt 0.587909 1.886746
vt 0.586932 1.913114
vt 0.587909 1.935575
vt 0.586932 1.935575
vt 0.587909 1.954131
vt 0.586932 1.954131
vt 0.587909 1.997101
vt 0.586932 1.997101
vt 0.584979 1.954131
vt 0.584979 1.997101
vt 0.583026 1.954131
vt 0.583026 1.997101
vt 0.583026 1.935575
vt 0.584979 1.935575
vt 0.583026 1.913114
vt 0.584979 1.913114
vt 0.583026 1.886746
vt 0.584979 1.886746
vt 0.589862 1.913114
vt 0.589862 1.886746
vt 0.589862 1.935575
vt 0.589862 1.954131
vt 0.589862 1.997101
vt 0.596698 1.832057
vt 0.595721 1.861354
vt 0.596698 1.861354
vt 0.595721 1.832057
vt 0.594745 1.861354
vt 0.594745 1.832057
vt 0.592792 1.861354
vt 0.592792 1.832057
vt 0.598651 1.832057
vt 0.598651 1.861354
vt 0.594745 1.832057
vt 0.592792 1.861354
vt 0.594745 1.861354
vt 0.592792 1.832057
vt 0.595721 1.832057
vt 0.595721 1.861354
vt 0.596698 1.832057
vt 0.596698 1.861354
vt 0.598651 1.832057
vt 0.598651 1.861354
vt 0.594745 1.832057
vt 0.592792 1.861354
vt 0.594745 1.861354
vt 0.592792 1.832057
vt 0.595721 1.832057
vt 0.595721 1.861354
vt 0.596698 1.832057
vt 0.596698 1.861354
vt 0.598651 1.832057
vt 0.598651 1.861354
vt 0.596698 1.832057
vt 0.595721 1.861354
vt 0.596698 1.861354
vt 0.595721 1.832057
vt 0.594745 1.861354
vt 0.594745 1.832057
vt 0.592792 1.861354
vt 0.592792 1.832057
vt 0.598651 1.832057
vt 0.598651 1.861354
vt 0.598651 1.832057
vt 0.596698 1.861354
vt 0.598651 1.861354
vt 0.596698 1.832057
vt 0.595721 1.861354
vt 0.595721 1.832057
vt 0.594745 1.861354
vt 0.594745 1.832057
vt 0.592792 1.861354
vt 0.592792 1.832057
vt 0.596698 1.832057
vt 0.595721 1.861354
vt 0.596698 1.861354
vt 0.595721 1.832057
vt 0.594745 1.861354
vt 0.594745 1.832057
vt 0.592792 1.861354
vt 0.592792 1.832057
vt 0.598651 1.832057
vt 0.598651 1.861354
vt 0.594745 1.832057
vt 0.592792 1.861354
vt 0.594745 1.861354
vt 0.592792 1.832057
vt 0.595721 1.832057
vt 0.595721 1.861354
vt 0.596698 1.832057
vt 0.596698 1.861354
vt 0.598651 1.832057
vt 0.598651 1.861354
vt 0.598651 1.959990
vt 0.596698 1.997101
vt 0.598651 1.997101
vt 0.596698 1.959990
vt 0.598651 1.915067
vt 0.596698 1.915067
vt 0.596698 1.959990
vt 0.598651 1.959990
vt 0.596698 1.997101
vt 0.598651 1.997101
vt 0.595721 1.997101
vt 0.595721 1.959990
vt 0.593768 1.997101
vt 0.593768 1.959990
vt 0.592792 1.997101
vt 0.592792 1.959990
vt 0.593768 1.915067
vt 0.592792 1.915067
vt 0.592792 1.959990
vt 0.593768 1.959990
vt 0.592792 1.997101
vt 0.593768 1.997101
vt 0.595721 1.959990
vt 0.595721 1.997101
vt 0.595721 1.915067
vt 0.597674 1.912137
vt 0.598651 1.864284
vt 0.597674 1.864284
vt 0.598651 1.912137
vt 0.595721 1.912137
vt 0.595721 1.864284
vt 0.594745 1.912137
vt 0.594745 1.864284
vt 0.592792 1.912137
vt 0.592792 1.864284
vt 0.584979 1.827174
vt 0.584002 1.882839
vt 0.584979 1.882839
vt 0.584002 1.827174
vt 0.586932 1.827174
vt 0.586932 1.882839
vt 0.587909 1.827174
vt 0.587909 1.882839
vt 0.588885 1.827174
vt 0.589862 1.882839
vt 0.584979 1.827174
vt 0.584002 1.882839
vt 0.584979 1.882839
vt 0.584002 1.827174
vt 0.586932 1.827174
vt 0.586932 1.882839
vt 0.587909 1.827174
vt 0.587909 1.882839
vt 0.588885 1.827174
vt 0.589862 1.882839
vt 0.584979 1.827174
vt 0.584002 1.882839
vt 0.584979 1.882839
vt 0.584002 1.827174
vt 0.586932 1.827174
vt 0.586932 1.882839
vt 0.587909 1.827174
vt 0.587909 1.882839
vt 0.588885 1.827174
vt 0.589862 1.882839
vt 0.587909 1.827174
vt 0.586932 1.882839
vt 0.587909 1.882839
vt 0.586932 1.827174
vt 0.584979 1.882839
vt 0.584979 1.827174
vt 0.584002 1.882839
vt 0.584002 1.827174
vt 0.588885 1.827174
vt 0.589862 1.882839
vt 0.602557 1.997101
vt 0.601581 1.963897
vt 0.602557 1.963897
vt 0.601581 1.997101
vt 0.604511 1.997101
vt 0.604511 1.963897
vt 0.605487 1.997101
vt 0.605487 1.963897
vt 0.606464 1.997101
vt 0.606464 1.963897
vt 0.602557 1.997101
vt 0.601581 1.963897
vt 0.602557 1.963897
vt 0.601581 1.997101
vt 0.604511 1.997101
vt 0.604511 1.963897
vt 0.605487 1.997101
vt 0.605487 1.963897
vt 0.606464 1.997101
vt 0.606464 1.963897
vt 0.602557 1.997101
vt 0.601581 1.963897
vt 0.602557 1.963897
vt 0.601581 1.997101
vt 0.604511 1.997101
vt 0.604511 1.963897
vt 0.605487 1.997101
vt 0.605487 1.963897
vt 0.606464 1.997101
vt 0.606464 1.963897
vt 0.595721 1.832057
vt 0.594745 1.861354
vt 0.595721 1.861354
vt 0.594745 1.832057
vt 0.592792 1.861354
vt 0.592792 1.832057
vt 0.596698 1.832057
vt 0.596698 1.861354
vt 0.598651 1.832057
vt 0.598651 1.861354
vt 0.595721 1.832057
vt 0.594745 1.861354
vt 0.595721 1.861354
vt 0.594745 1.832057
vt 0.592792 1.861354
vt 0.592792 1.832057
vt 0.596698 1.832057
vt 0.596698 1.861354
vt 0.598651 1.832057
vt 0.598651 1.861354
vt 0.595721 1.832057
vt 0.594745 1.861354
vt 0.595721 1.861354
vt 0.594745 1.832057
vt 0.592792 1.861354
vt 0.592792 1.832057
vt 0.596698 1.832057
vt 0.596698 1.861354
vt 0.598651 1.832057
vt 0.598651 1.861354
vt 0.605487 1.917997
vt 0.606464 1.959990
vt 0.605487 1.959990
vt 0.606464 1.917997
vt 0.604511 1.917997
vt 0.604511 1.959990
vt 0.603534 1.917997
vt 0.603534 1.959990
vt 0.602557 1.917997
vt 0.602557 1.959990
vt 0.605487 1.917997
vt 0.606464 1.959990
vt 0.605487 1.959990
vt 0.606464 1.917997
vt 0.604511 1.917997
vt 0.604511 1.959990
vt 0.603534 1.917997
vt 0.603534 1.959990
vt 0.602557 1.917997
vt 0.602557 1.959990
vt 0.605487 1.917997
vt 0.606464 1.959990
vt 0.605487 1.959990
vt 0.606464 1.917997
vt 0.604511 1.917997
vt 0.604511 1.959990
vt 0.603534 1.917997
vt 0.603534 1.959990
vt 0.602557 1.917997
vt 0.602557 1.959990
vt 0.587909 1.913114
vt 0.586932 1.886746
vt 0.586932 1.913114
vt 0.587909 1.886746
vt 0.589862 1.913114
vt 0.589862 1.886746
vt 0.589862 1.935575
vt 0.587909 1.935575
vt 0.586932 1.935575
vt 0.584979 1.913114
vt 0.584979 1.935575
vt 0.583026 1.913114
vt 0.583026 1.935575
vt 0.584979 1.954131
vt 0.583026 1.954131
vt 0.584979 1.997101
vt 0.583026 1.997101
vt 0.586932 1.997101
vt 0.586932 1.954131
vt 0.587909 1.997101
vt 0.587909 1.954131
vt 0.589862 1.997101
vt 0.589862 1.954131
vt 0.583026 1.886746
vt 0.584979 1.886746
vt 0.594745 1.832057
vt 0.595721 1.861354
vt 0.595721 1.832057
vt 0.594745 1.861354
vt 0.592792 1.832057
vt 0.592792 1.861354
vt 0.596698 1.861354
vt 0.596698 1.832057
vt 0.598651 1.861354
vt 0.598651 1.832057
vt 0.596698 1.832057
vt 0.598651 1.861354
vt 0.598651 1.832057
vt 0.596698 1.861354
vt 0.595721 1.832057
vt 0.595721 1.861354
vt 0.594745 1.832057
vt 0.594745 1.861354
vt 0.592792 1.832057
vt 0.592792 1.861354
vt 0.596698 1.832057
vt 0.598651 1.861354
vt 0.598651 1.832057
vt 0.596698 1.861354
vt 0.595721 1.832057
vt 0.595721 1.861354
vt 0.594745 1.832057
vt 0.594745 1.861354
vt 0.592792 1.832057
vt 0.592792 1.861354
vt 0.594745 1.832057
vt 0.595721 1.861354
vt 0.595721 1.832057
vt 0.594745 1.861354
vt 0.592792 1.832057
vt 0.592792 1.861354
vt 0.596698 1.861354
vt 0.596698 1.832057
vt 0.598651 1.861354
vt 0.598651 1.832057
vt 0.594745 1.832057
vt 0.595721 1.861354
vt 0.595721 1.832057
vt 0.594745 1.861354
vt 0.592792 1.832057
vt 0.592792 1.861354
vt 0.596698 1.861354
vt 0.596698 1.832057
vt 0.598651 1.861354
vt 0.598651 1.832057
vt 0.594745 1.832057
vt 0.595721 1.861354
vt 0.595721 1.832057
vt 0.594745 1.861354
vt 0.592792 1.832057
vt 0.592792 1.861354
vt 0.596698 1.861354
vt 0.596698 1.832057
vt 0.598651 1.861354
vt 0.598651 1.832057
vt 0.594745 1.832057
vt 0.595721 1.861354
vt 0.595721 1.832057
vt 0.594745 1.861354
vt 0.592792 1.832057
vt 0.592792 1.861354
vt 0.596698 1.861354
vt 0.596698 1.832057
vt 0.598651 1.861354
vt 0.598651 1.832057
vt 0.594745 1.864284
vt 0.592792 1.912137
vt 0.592792 1.864284
vt 0.594745 1.912137
vt 0.595721 1.864284
vt 0.595721 1.912137
vt 0.597674 1.864284
vt 0.597674 1.912137
vt 0.598651 1.864284
vt 0.598651 1.912137
vt 0.587909 1.827174
vt 0.589862 1.882839
vt 0.588885 1.827174
vt 0.587909 1.882839
vt 0.586932 1.827174
vt 0.586932 1.882839
vt 0.584979 1.827174
vt 0.584979 1.882839
vt 0.584002 1.827174
vt 0.584002 1.882839
vt 0.587909 1.827174
vt 0.589862 1.882839
vt 0.588885 1.827174
vt 0.587909 1.882839
vt 0.586932 1.827174
vt 0.586932 1.882839
vt 0.584979 1.827174
vt 0.584979 1.882839
vt 0.584002 1.827174
vt 0.584002 1.882839
vt 0.587909 1.827174
vt 0.589862 1.882839
vt 0.588885 1.827174
vt 0.587909 1.882839
vt 0.586932 1.827174
vt 0.586932 1.882839
vt 0.584979 1.827174
vt 0.584979 1.882839
vt 0.584002 1.827174
vt 0.584002 1.882839
vt 0.584979 1.827174
vt 0.586932 1.882839
vt 0.586932 1.827174
vt 0.584979 1.882839
vt 0.584002 1.827174
vt 0.584002 1.882839
vt 0.587909 1.882839
vt 0.587909 1.827174
vt 0.589862 1.882839
vt 0.588885 1.827174
vt 0.605487 1.963897
vt 0.606464 1.997101
vt 0.606464 1.963897
vt 0.605487 1.997101
vt 0.604511 1.963897
vt 0.604511 1.997101
vt 0.602557 1.963897
vt 0.602557 1.997101
vt 0.601581 1.963897
vt 0.601581 1.997101
vt 0.605487 1.963897
vt 0.606464 1.997101
vt 0.606464 1.963897
vt 0.605487 1.997101
vt 0.604511 1.963897
vt 0.604511 1.997101
vt 0.602557 1.963897
vt 0.602557 1.997101
vt 0.601581 1.963897
vt 0.601581 1.997101
vt 0.605487 1.963897
vt 0.606464 1.997101
vt 0.606464 1.963897
vt 0.605487 1.997101
vt 0.604511 1.963897
vt 0.604511 1.997101
vt 0.602557 1.963897
vt 0.602557 1.997101
vt 0.601581 1.963897
vt 0.601581 1.997101
vt 0.595721 1.832057
vt 0.596698 1.861354
vt 0.596698 1.832057
vt 0.595721 1.861354
vt 0.594745 1.832057
vt 0.594745 1.861354
vt 0.592792 1.832057
vt 0.592792 1.861354
vt 0.598651 1.861354
vt 0.598651 1.832057
vt 0.595721 1.832057
vt 0.596698 1.861354
vt 0.596698 1.832057
vt 0.595721 1.861354
vt 0.594745 1.832057
vt 0.594745 1.861354
vt 0.592792 1.832057
vt 0.592792 1.861354
vt 0.598651 1.861354
vt 0.598651 1.832057
vt 0.595721 1.832057
vt 0.596698 1.861354
vt 0.596698 1.832057
vt 0.595721 1.861354
vt 0.594745 1.832057
vt 0.594745 1.861354
vt 0.592792 1.832057
vt 0.592792 1.861354
vt 0.598651 1.861354
vt 0.598651 1.832057
vt 0.605487 1.917997
vt 0.606464 1.959990
vt 0.606464 1.917997
vt 0.605487 1.959990
vt 0.604511 1.917997
vt 0.604511 1.959990
vt 0.603534 1.917997
vt 0.603534 1.959990
vt 0.602557 1.917997
vt 0.602557 1.959990
vt 0.605487 1.917997
vt 0.606464 1.959990
vt 0.606464 1.917997
vt 0.605487 1.959990
vt 0.604511 1.917997
vt 0.604511 1.959990
vt 0.603534 1.917997
vt 0.603534 1.959990
vt 0.602557 1.917997
vt 0.602557 1.959990
vt 0.605487 1.917997
vt 0.606464 1.959990
vt 0.606464 1.917997
vt 0.605487 1.959990
vt 0.604511 1.917997
vt 0.604511 1.959990
vt 0.603534 1.917997
vt 0.603534 1.959990
vt 0.602557 1.917997
vt 0.602557 1.959990
vt 0.677755 1.278329
vt 0.666036 1.286142
vt 0.672872 1.278329
vt 0.677755 1.291024
vt 0.703146 1.278329
vt 0.677755 1.273446
vt 0.703146 1.273446
vt 0.677755 1.278329
vt 0.703146 1.265633
vt 0.677755 1.265633
vt 0.703146 1.278329
vt 0.714866 1.287118
vt 0.703146 1.291024
vt 0.708029 1.278329
vt 0.677755 1.265633
vt 0.703146 1.278329
vt 0.677755 1.278329
vt 0.703146 1.265633
vt 0.703146 1.278329
vt 0.677755 1.291024
vt 0.677755 1.278329
vt 0.703146 1.291024
vt 0.627949 1.339854
vt 0.603534 1.334971
vt 0.603534 1.339854
vt 0.627949 1.334971
vt 0.603534 1.330088
vt 0.627949 1.330088
vt 0.603534 1.326182
vt 0.627949 1.326182
vt 0.603534 1.321299
vt 0.627949 1.321299
vt 0.603534 1.316416
vt 0.627949 1.316416
vt 0.603534 1.311533
vt 0.627949 1.311533
vt 0.630879 1.313486
vt 0.627949 1.321299
vt 0.627949 1.316416
vt 0.630879 1.323252
vt 0.635762 1.316416
vt 0.635762 1.321299
vt 0.627949 1.339854
vt 0.603534 1.334971
vt 0.603534 1.339854
vt 0.627949 1.334971
vt 0.603534 1.330088
vt 0.627949 1.330088
vt 0.603534 1.326182
vt 0.627949 1.326182
vt 0.603534 1.321299
vt 0.627949 1.321299
vt 0.603534 1.316416
vt 0.627949 1.316416
vt 0.603534 1.311533
vt 0.627949 1.311533
vt 0.630879 1.313486
vt 0.627949 1.321299
vt 0.627949 1.316416
vt 0.630879 1.323252
vt 0.635762 1.316416
vt 0.635762 1.321299
vt 0.677755 1.278329
vt 0.666036 1.286142
vt 0.672872 1.278329
vt 0.677755 1.291024
vt 0.703146 1.278329
vt 0.677755 1.273446
vt 0.703146 1.273446
vt 0.677755 1.278329
vt 0.703146 1.265633
vt 0.677755 1.265633
vt 0.703146 1.278329
vt 0.714866 1.287118
vt 0.703146 1.291024
vt 0.708029 1.278329
vt 0.677755 1.265633
vt 0.703146 1.278329
vt 0.677755 1.278329
vt 0.703146 1.265633
vt 0.703146 1.278329
vt 0.677755 1.291024
vt 0.677755 1.278329
vt 0.703146 1.291024
vt 0.627949 1.339854
vt 0.603534 1.334971
vt 0.603534 1.339854
vt 0.627949 1.334971
vt 0.603534 1.330088
vt 0.627949 1.330088
vt 0.603534 1.326182
vt 0.627949 1.326182
vt 0.603534 1.321299
vt 0.627949 1.321299
vt 0.603534 1.316416
vt 0.627949 1.316416
vt 0.603534 1.311533
vt 0.627949 1.311533
vt 0.630879 1.313486
vt 0.627949 1.321299
vt 0.627949 1.316416
vt 0.630879 1.323252
vt 0.635762 1.316416
vt 0.635762 1.321299
vt 0.627949 1.339854
vt 0.603534 1.334971
vt 0.603534 1.339854
vt 0.627949 1.334971
vt 0.603534 1.330088
vt 0.627949 1.330088
vt 0.603534 1.326182
vt 0.627949 1.326182
vt 0.603534 1.321299
vt 0.627949 1.321299
vt 0.603534 1.316416
vt 0.627949 1.316416
vt 0.603534 1.311533
vt 0.627949 1.311533
vt 0.630879 1.313486
vt 0.627949 1.321299
vt 0.627949 1.316416
vt 0.630879 1.323252
vt 0.635762 1.316416
vt 0.635762 1.321299
vt 0.556658 1.315439
vt 0.551775 1.326182
vt 0.551775 1.315439
vt 0.556658 1.326182
vt 0.563494 1.315439
vt 0.563494 1.326182
vt 0.569353 1.315439
vt 0.569353 1.326182
vt 0.574236 1.315439
vt 0.574236 1.326182
vt 0.580096 1.315439
vt 0.580096 1.326182
vt 0.586932 1.315439
vt 0.586932 1.326182
vt 0.591815 1.315439
vt 0.591815 1.326182
vt 0.545915 1.326182
vt 0.545915 1.315439
vt 0.539079 1.326182
vt 0.539079 1.315439
vt 0.535173 1.326182
vt 0.535173 1.315439
vt 0.528336 1.326182
vt 0.528336 1.315439
vt 0.522477 1.326182
vt 0.522477 1.315439
vt 0.586932 1.275399
vt 0.577166 1.281259
vt 0.581072 1.277352
vt 0.592792 1.277352
vt 0.575213 1.288095
vt 0.597674 1.281259
vt 0.577166 1.293954
vt 0.598651 1.288095
vt 0.581072 1.297861
vt 0.597674 1.293954
vt 0.586932 1.299814
vt 0.592792 1.297861
vt 0.538102 1.281259
vt 0.555681 1.291024
vt 0.553728 1.285165
vt 0.534196 1.285165
vt 0.553728 1.296884
vt 0.532243 1.291024
vt 0.549821 1.301767
vt 0.534196 1.296884
vt 0.543962 1.302744
vt 0.538102 1.301767
vt 0.543962 1.279305
vt 0.549821 1.281259
vt 0.654317 1.367199
vt 0.526383 1.372082
vt 0.654317 1.372082
vt 0.526383 1.367199
vt 0.654317 1.361339
vt 0.526383 1.361339
vt 0.654317 1.355480
vt 0.526383 1.355480
vt 0.654317 1.348643
vt 0.526383 1.348643
vt 0.526383 1.377941
vt 0.654317 1.377941
vt 0.526383 1.384777
vt 0.654317 1.384777
vt 0.526383 1.390637
vt 0.654317 1.390637
vt 0.526383 1.397473
vt 0.654317 1.397473
vt 0.526383 1.403333
vt 0.654317 1.403333
vt 0.542009 1.338878
vt 0.546892 1.333995
vt 0.546892 1.338878
vt 0.542009 1.333995
vt 0.535173 1.338878
vt 0.535173 1.333995
vt 0.528336 1.338878
vt 0.528336 1.333995
vt 0.522477 1.338878
vt 0.522477 1.333995
vt 0.516617 1.338878
vt 0.516617 1.333995
vt 0.554704 1.333995
vt 0.554704 1.338878
vt 0.561541 1.333995
vt 0.561541 1.338878
vt 0.566424 1.333995
vt 0.566424 1.338878
vt 0.573260 1.333995
vt 0.573260 1.338878
vt 0.580096 1.333995
vt 0.580096 1.338878
vt 0.584002 1.333995
vt 0.584002 1.338878
vt 0.589862 1.333995
vt 0.589862 1.338878
vt 0.577166 1.293954
vt 0.597674 1.293954
vt 0.575213 1.288095
vt 0.592792 1.297861
vt 0.581072 1.297861
vt 0.586932 1.299814
vt 0.577166 1.281259
vt 0.598651 1.288095
vt 0.581072 1.277352
vt 0.597674 1.281259
vt 0.586932 1.275399
vt 0.592792 1.277352
vt 0.555681 1.291024
vt 0.538102 1.281259
vt 0.534196 1.285165
vt 0.553728 1.285165
vt 0.543962 1.279305
vt 0.549821 1.281259
vt 0.553728 1.296884
vt 0.532243 1.291024
vt 0.549821 1.301767
vt 0.534196 1.296884
vt 0.543962 1.302744
vt 0.538102 1.301767
vt 0.625996 1.826197
vt 0.650410 1.795923
vt 0.625996 1.795923
vt 0.650410 1.826197
vt 0.686544 1.826197
vt 0.703146 1.795923
vt 0.703146 1.826197
vt 0.686544 1.795923
vt 0.681661 1.795923
vt 0.681661 1.826197
vt 0.708029 1.826197
vt 0.708029 1.795923
vt 0.650410 1.795923
vt 0.681661 1.771508
vt 0.649434 1.771508
vt 0.681661 1.795923
vt 0.684591 1.775414
vt 0.684591 1.792016
vt 0.650410 1.826197
vt 0.681661 1.795923
vt 0.650410 1.795923
vt 0.681661 1.826197
vt 0.649434 1.771508
vt 0.681661 1.795923
vt 0.650410 1.795923
vt 0.681661 1.771508
vt 0.684591 1.792016
vt 0.684591 1.775414
vt 0.650410 1.795923
vt 0.681661 1.826197
vt 0.650410 1.826197
vt 0.681661 1.795923
vt 0.632832 1.863308
vt 0.637715 1.880886
vt 0.637715 1.863308
vt 0.632832 1.880886
vt 0.628925 1.863308
vt 0.628925 1.880886
vt 0.624043 1.863308
vt 0.624043 1.880886
vt 0.619160 1.863308
vt 0.619160 1.880886
vt 0.624043 1.863308
vt 0.628925 1.880886
vt 0.628925 1.863308
vt 0.624043 1.880886
vt 0.632832 1.880886
vt 0.632832 1.863308
vt 0.637715 1.880886
vt 0.637715 1.863308
vt 0.628925 1.891629
vt 0.631855 1.883816
vt 0.631855 1.888699
vt 0.628925 1.880886
vt 0.624043 1.880886
vt 0.624043 1.891629
vt 0.621113 1.883816
vt 0.621113 1.888699
vt 0.621113 1.888699
vt 0.624043 1.880886
vt 0.621113 1.883816
vt 0.624043 1.891629
vt 0.628925 1.880886
vt 0.628925 1.891629
vt 0.631855 1.883816
vt 0.631855 1.888699
vt 0.608417 1.632832
vt 0.610370 1.592792
vt 0.608417 1.592792
vt 0.610370 1.633808
vt 0.608417 1.633808
vt 0.610370 1.634785
vt 0.608417 1.643574
vt 0.610370 1.643574
vt 0.612323 1.633808
vt 0.612323 1.643574
vt 0.614277 1.643574
vt 0.614277 1.633808
vt 0.612323 1.592792
vt 0.614277 1.592792
vt 0.612323 1.555681
vt 0.614277 1.555681
vt 0.612323 1.546892
vt 0.614277 1.546892
vt 0.610370 1.546892
vt 0.610370 1.574236
vt 0.608417 1.546892
vt 0.608417 1.554704
vt 0.606464 1.555681
vt 0.606464 1.546892
vt 0.608417 1.555681
vt 0.606464 1.592792
vt 0.606464 1.633808
vt 0.606464 1.643574
vt 0.610370 1.556658
vt 0.608417 1.633808
vt 0.610370 1.574236
vt 0.610370 1.633808
vt 0.608417 1.555681
vt 0.606464 1.633808
vt 0.606464 1.555681
vt 0.608417 1.546892
vt 0.606464 1.546892
vt 0.610370 1.546892
vt 0.612323 1.555681
vt 0.612323 1.546892
vt 0.614277 1.555681
vt 0.614277 1.546892
vt 0.614277 1.633808
vt 0.612323 1.633808
vt 0.612323 1.643574
vt 0.614277 1.643574
vt 0.610370 1.643574
vt 0.608417 1.643574
vt 0.606464 1.643574
vt 0.619160 1.625996
vt 0.621113 1.580096
vt 0.621113 1.625996
vt 0.619160 1.565447
vt 0.618183 1.625996
vt 0.618183 1.565447
vt 0.619160 1.558611
vt 0.618183 1.558611
vt 0.621113 1.558611
vt 0.622089 1.565447
vt 0.622089 1.558611
vt 0.624043 1.565447
vt 0.624043 1.558611
vt 0.624043 1.625996
vt 0.622089 1.625996
vt 0.622089 1.633808
vt 0.624043 1.633808
vt 0.621113 1.633808
vt 0.619160 1.633808
vt 0.618183 1.633808
vt 0.641621 1.830103
vt 0.708029 1.860378
vt 0.708029 1.830103
vt 0.641621 1.860378
vt 0.708029 1.830103
vt 0.641621 1.860378
vt 0.708029 1.860378
vt 0.641621 1.830103
vt 0.641621 1.860378
vt 0.708029 1.876980
vt 0.641621 1.876980
vt 0.708029 1.860378
vt 0.624043 1.830103
vt 0.641621 1.860378
vt 0.641621 1.830103
vt 0.624043 1.860378
vt 0.708029 1.860378
vt 0.641621 1.876980
vt 0.708029 1.876980
vt 0.641621 1.860378
vt 0.641621 1.860378
vt 0.624043 1.830103
vt 0.624043 1.860378
vt 0.641621 1.830103
vt 0.677755 1.278329
vt 0.666036 1.286142
vt 0.677755 1.291024
vt 0.672872 1.278329
vt 0.703146 1.278329
vt 0.677755 1.273446
vt 0.677755 1.278329
vt 0.703146 1.273446
vt 0.703146 1.265633
vt 0.677755 1.265633
vt 0.703146 1.278329
vt 0.714866 1.287118
vt 0.708029 1.278329
vt 0.703146 1.291024
vt 0.677755 1.265633
vt 0.703146 1.278329
vt 0.703146 1.265633
vt 0.677755 1.278329
vt 0.703146 1.278329
vt 0.677755 1.291024
vt 0.703146 1.291024
vt 0.677755 1.278329
vt 0.627949 1.339854
vt 0.603534 1.334971
vt 0.627949 1.334971
vt 0.603534 1.339854
vt 0.603534 1.330088
vt 0.627949 1.330088
vt 0.603534 1.326182
vt 0.627949 1.326182
vt 0.603534 1.321299
vt 0.627949 1.321299
vt 0.603534 1.316416
vt 0.627949 1.316416
vt 0.603534 1.311533
vt 0.627949 1.311533
vt 0.630879 1.313486
vt 0.627949 1.321299
vt 0.630879 1.323252
vt 0.627949 1.316416
vt 0.635762 1.316416
vt 0.635762 1.321299
vt 0.627949 1.339854
vt 0.603534 1.334971
vt 0.627949 1.334971
vt 0.603534 1.339854
vt 0.603534 1.330088
vt 0.627949 1.330088
vt 0.603534 1.326182
vt 0.627949 1.326182
vt 0.603534 1.321299
vt 0.627949 1.321299
vt 0.603534 1.316416
vt 0.627949 1.316416
vt 0.603534 1.311533
vt 0.627949 1.311533
vt 0.630879 1.313486
vt 0.627949 1.321299
vt 0.630879 1.323252
vt 0.627949 1.316416
vt 0.635762 1.316416
vt 0.635762 1.321299
vt 0.677755 1.278329
vt 0.666036 1.286142
vt 0.677755 1.291024
vt 0.672872 1.278329
vt 0.703146 1.278329
vt 0.677755 1.273446
vt 0.677755 1.278329
vt 0.703146 1.273446
vt 0.703146 1.265633
vt 0.677755 1.265633
vt 0.703146 1.278329
vt 0.714866 1.287118
vt 0.708029 1.278329
vt 0.703146 1.291024
vt 0.677755 1.265633
vt 0.703146 1.278329
vt 0.703146 1.265633
vt 0.677755 1.278329
vt 0.703146 1.278329
vt 0.677755 1.291024
vt 0.703146 1.291024
vt 0.677755 1.278329
vt 0.627949 1.339854
vt 0.603534 1.334971
vt 0.627949 1.334971
vt 0.603534 1.339854
vt 0.603534 1.330088
vt 0.627949 1.330088
vt 0.603534 1.326182
vt 0.627949 1.326182
vt 0.603534 1.321299
vt 0.627949 1.321299
vt 0.603534 1.316416
vt 0.627949 1.316416
vt 0.603534 1.311533
vt 0.627949 1.311533
vt 0.630879 1.313486
vt 0.627949 1.321299
vt 0.630879 1.323252
vt 0.627949 1.316416
vt 0.635762 1.316416
vt 0.635762 1.321299
vt 0.627949 1.339854
vt 0.603534 1.334971
vt 0.627949 1.334971
vt 0.603534 1.339854
vt 0.603534 1.330088
vt 0.627949 1.330088
vt 0.603534 1.326182
vt 0.627949 1.326182
vt 0.603534 1.321299
vt 0.627949 1.321299
vt 0.603534 1.316416
vt 0.627949 1.316416
vt 0.603534 1.311533
vt 0.627949 1.311533
vt 0.630879 1.313486
vt 0.627949 1.321299
vt 0.630879 1.323252
vt 0.627949 1.316416
vt 0.635762 1.316416
vt 0.635762 1.321299
vt 0.561541 1.559587
vt 0.575213 1.520524
vt 0.561541 1.519547
vt 0.575213 1.559587
vt 0.560564 1.416028
vt 0.575213 1.456069
vt 0.561541 1.456069
vt 0.576189 1.416028
vt 0.776391 1.455092
vt 0.772485 1.457045
vt 0.780297 1.458022
vt 0.780297 1.495132
vt 0.766625 1.493179
vt 0.785180 1.458022
vt 0.780297 1.495132
vt 0.780297 1.458022
vt 0.785180 1.495132
vt 0.780297 1.454115
vt 0.785180 1.454115
vt 0.785180 1.450209
vt 0.780297 1.450209
vt 0.772485 1.457045
vt 0.776391 1.455092
vt 0.780297 1.458022
vt 0.780297 1.495132
vt 0.766625 1.493179
vt 0.785180 1.458022
vt 0.780297 1.495132
vt 0.780297 1.458022
vt 0.785180 1.495132
vt 0.671896 1.394543
vt 0.680685 1.403333
vt 0.671896 1.403333
vt 0.680685 1.394543
vt 0.671896 1.388684
vt 0.680685 1.388684
vt 0.671896 1.380871
vt 0.680685 1.380871
vt 0.671896 1.375011
vt 0.680685 1.375011
vt 0.671896 1.366222
vt 0.680685 1.366222
vt 0.671896 1.360363
vt 0.680685 1.360363
vt 0.680685 1.409192
vt 0.671896 1.409192
vt 0.680685 1.417005
vt 0.671896 1.417005
vt 0.745140 1.560564
vt 0.758812 1.566424
vt 0.751000 1.566424
vt 0.764672 1.560564
vt 0.764672 1.552751
vt 0.758812 1.546892
vt 0.751000 1.546892
vt 0.745140 1.552751
vt 0.745140 1.560564
vt 0.758812 1.566424
vt 0.751000 1.566424
vt 0.764672 1.560564
vt 0.764672 1.552751
vt 0.758812 1.546892
vt 0.751000 1.546892
vt 0.745140 1.552751
vt 0.776391 1.455092
vt 0.772485 1.457045
vt 0.780297 1.458022
vt 0.780297 1.495132
vt 0.766625 1.493179
vt 0.785180 1.458022
vt 0.780297 1.495132
vt 0.780297 1.458022
vt 0.785180 1.495132
vt 0.780297 1.454115
vt 0.785180 1.454115
vt 0.785180 1.450209
vt 0.780297 1.450209
vt 0.772485 1.457045
vt 0.776391 1.455092
vt 0.780297 1.458022
vt 0.780297 1.495132
vt 0.766625 1.493179
vt 0.785180 1.458022
vt 0.780297 1.495132
vt 0.780297 1.458022
vt 0.785180 1.495132
vt 0.743187 1.606464
vt 0.737327 1.587909
vt 0.743187 1.587909
vt 0.737327 1.606464
vt 0.743187 1.587909
vt 0.767602 1.606464
vt 0.743187 1.606464
vt 0.767602 1.587909
vt 0.743187 1.606464
vt 0.737327 1.587909
vt 0.743187 1.587909
vt 0.737327 1.606464
vt 0.743187 1.587909
vt 0.767602 1.606464
vt 0.743187 1.606464
vt 0.767602 1.587909
vt 0.767602 1.582049
vt 0.743187 1.587909
vt 0.743187 1.582049
vt 0.767602 1.587909
vt 0.743187 1.587909
vt 0.767602 1.582049
vt 0.767602 1.587909
vt 0.743187 1.582049
vt 0.663106 1.120121
vt 0.667013 1.188482
vt 0.667013 1.120121
vt 0.664083 1.188482
vt 0.660176 1.120121
vt 0.660176 1.188482
vt 0.669942 1.188482
vt 0.669942 1.120121
vt 0.676778 1.120121
vt 0.679708 1.188482
vt 0.679708 1.120121
vt 0.675802 1.188482
vt 0.672872 1.120121
vt 0.672872 1.188482
vt 0.669942 1.120121
vt 0.669942 1.188482
vt 0.591815 1.157231
vt 0.586932 1.154302
vt 0.588885 1.157231
vt 0.588885 1.152348
vt 0.591815 1.152348
vt 0.593768 1.154302
vt 0.798853 1.446303
vt 0.813501 1.424818
vt 0.813501 1.446303
vt 0.799829 1.423841
vt 0.765648 1.409192
vt 0.787133 1.399426
vt 0.765648 1.400403
vt 0.782250 1.410169
vt 0.782250 1.437513
vt 0.786157 1.436537
vt 0.798853 1.446303
vt 0.813501 1.454115
vt 0.798853 1.454115
vt 0.813501 1.446303
vt 0.765648 1.408216
vt 0.787133 1.399426
vt 0.782250 1.410169
vt 0.765648 1.400403
vt 0.781274 1.437513
vt 0.786157 1.436537
vt 0.781274 1.437513
vt 0.766625 1.441420
vt 0.765648 1.437513
vt 0.781274 1.441420
vt 0.813501 1.454115
vt 0.798853 1.470717
vt 0.798853 1.454115
vt 0.814478 1.470717
vt 0.765648 1.436537
vt 0.782250 1.410169
vt 0.782250 1.436537
vt 0.765648 1.410169
vt 0.765648 1.437513
vt 0.782250 1.410169
vt 0.781274 1.437513
vt 0.765648 1.410169
vt 0.664083 1.245125
vt 0.666036 1.194342
vt 0.666036 1.245125
vt 0.664083 1.194342
vt 0.662130 1.245125
vt 0.662130 1.194342
vt 0.667989 1.194342
vt 0.667989 1.245125
vt 0.670919 1.194342
vt 0.670919 1.245125
vt 0.670919 1.245125
vt 0.667989 1.247078
vt 0.667989 1.245125
vt 0.670919 1.247078
vt 0.670919 1.245125
vt 0.667989 1.247078
vt 0.667989 1.245125
vt 0.670919 1.247078
vt 0.682638 1.333995
vt 0.687521 1.326182
vt 0.687521 1.333995
vt 0.682638 1.327158
vt 0.687521 1.333995
vt 0.689474 1.326182
vt 0.687521 1.326182
vt 0.689474 1.333995
vt 0.682638 1.333995
vt 0.687521 1.326182
vt 0.682638 1.327158
vt 0.687521 1.333995
vt 0.682638 1.333995
vt 0.681661 1.327158
vt 0.682638 1.327158
vt 0.681661 1.333995
vt 0.682638 1.333995
vt 0.687521 1.326182
vt 0.687521 1.333995
vt 0.682638 1.327158
vt 0.689474 1.333995
vt 0.687521 1.326182
vt 0.689474 1.326182
vt 0.687521 1.333995
vt 0.682638 1.333995
vt 0.687521 1.326182
vt 0.682638 1.327158
vt 0.687521 1.333995
vt 0.681661 1.333995
vt 0.682638 1.327158
vt 0.681661 1.327158
vt 0.682638 1.333995
vt 0.647481 1.194342
vt 0.649434 1.143559
vt 0.649434 1.194342
vt 0.647481 1.143559
vt 0.644551 1.194342
vt 0.644551 1.143559
vt 0.652364 1.143559
vt 0.652364 1.194342
vt 0.654317 1.143559
vt 0.654317 1.194342
vt 0.652364 1.196295
vt 0.649434 1.194342
vt 0.652364 1.194342
vt 0.649434 1.196295
vt 0.649434 1.194342
vt 0.652364 1.196295
vt 0.649434 1.196295
vt 0.652364 1.194342
vt 0.746117 1.320322
vt 0.737327 1.302744
vt 0.749046 1.312510
vt 0.733421 1.320322
vt 0.750023 1.311533
vt 0.737327 1.302744
vt 0.739280 1.300790
vt 0.749046 1.312510
vt 0.746117 1.322275
vt 0.737327 1.339854
vt 0.733421 1.322275
vt 0.749046 1.330088
vt 0.746117 1.320322
vt 0.733421 1.322275
vt 0.733421 1.320322
vt 0.746117 1.322275
vt 0.643574 1.237312
vt 0.654317 1.292978
vt 0.643574 1.292978
vt 0.654317 1.237312
vt 0.643574 1.292978
vt 0.632832 1.237312
vt 0.643574 1.237312
vt 0.632832 1.292978
vt 0.654317 1.237312
vt 0.643574 1.292978
vt 0.654317 1.292978
vt 0.643574 1.237312
vt 0.633808 1.237312
vt 0.643574 1.292978
vt 0.633808 1.292978
vt 0.643574 1.237312
vt 0.632832 1.237312
vt 0.643574 1.225593
vt 0.643574 1.237312
vt 0.632832 1.225593
vt 0.643574 1.292978
vt 0.632832 1.303720
vt 0.632832 1.292978
vt 0.643574 1.303720
vt 0.598651 1.259773
vt 0.600604 1.192389
vt 0.598651 1.192389
vt 0.600604 1.259773
vt 0.596698 1.259773
vt 0.598651 1.192389
vt 0.596698 1.192389
vt 0.598651 1.259773
vt 0.594745 1.259773
vt 0.596698 1.192389
vt 0.594745 1.192389
vt 0.596698 1.259773
vt 0.600604 1.259773
vt 0.602557 1.192389
vt 0.600604 1.192389
vt 0.602557 1.259773
vt 0.596698 1.259773
vt 0.598651 1.261727
vt 0.598651 1.259773
vt 0.596698 1.262703
vt 0.598651 1.192389
vt 0.596698 1.189459
vt 0.596698 1.192389
vt 0.598651 1.189459
vt 0.717795 1.319346
vt 0.707053 1.320322
vt 0.707053 1.319346
vt 0.717795 1.320322
vt 0.707053 1.309580
vt 0.717795 1.310556
vt 0.707053 1.310556
vt 0.717795 1.309580
vt 0.707053 1.319346
vt 0.717795 1.310556
vt 0.717795 1.319346
vt 0.707053 1.310556
vt 0.707053 1.319346
vt 0.717795 1.310556
vt 0.717795 1.319346
vt 0.707053 1.310556
vt 0.691427 1.314463
vt 0.680685 1.311533
vt 0.691427 1.311533
vt 0.680685 1.314463
vt 0.680685 1.308603
vt 0.691427 1.308603
vt 0.680685 1.306650
vt 0.691427 1.306650
vt 0.691427 1.311533
vt 0.694357 1.308603
vt 0.694357 1.311533
vt 0.691427 1.308603
vt 0.691427 1.311533
vt 0.694357 1.308603
vt 0.694357 1.311533
vt 0.691427 1.308603
vt 0.691427 1.311533
vt 0.680685 1.308603
vt 0.691427 1.308603
vt 0.680685 1.311533
vt 0.707053 1.319346
vt 0.717795 1.320322
vt 0.707053 1.320322
vt 0.717795 1.319346
vt 0.707053 1.310556
vt 0.717795 1.309580
vt 0.717795 1.310556
vt 0.707053 1.309580
vt 0.717795 1.319346
vt 0.707053 1.310556
vt 0.717795 1.310556
vt 0.707053 1.319346
vt 0.717795 1.319346
vt 0.707053 1.310556
vt 0.717795 1.310556
vt 0.707053 1.319346
vt 0.691427 1.308603
vt 0.680685 1.311533
vt 0.680685 1.308603
vt 0.691427 1.311533
vt 0.694357 1.308603
vt 0.691427 1.311533
vt 0.691427 1.308603
vt 0.694357 1.311533
vt 0.680685 1.311533
vt 0.691427 1.308603
vt 0.691427 1.311533
vt 0.680685 1.308603
vt 0.691427 1.305673
vt 0.680685 1.306650
vt 0.680685 1.314463
vt 0.691427 1.314463
vt 0.691427 1.311533
vt 0.694357 1.308603
vt 0.694357 1.311533
vt 0.691427 1.308603
vt 0.648457 1.610370
vt 0.665059 1.626972
vt 0.648457 1.626972
vt 0.665059 1.610370
vt 0.665059 1.626972
vt 0.674825 1.610370
vt 0.665059 1.610370
vt 0.674825 1.626972
vt 0.665059 1.626972
vt 0.648457 1.610370
vt 0.665059 1.610370
vt 0.648457 1.626972
vt 0.665059 1.610370
vt 0.674825 1.626972
vt 0.665059 1.626972
vt 0.674825 1.610370
vt 0.648457 1.636738
vt 0.665059 1.626972
vt 0.648457 1.626972
vt 0.665059 1.636738
vt 0.648457 1.626972
vt 0.665059 1.636738
vt 0.648457 1.636738
vt 0.665059 1.626972
vt 0.718772 1.339854
vt 0.727561 1.333995
vt 0.727561 1.339854
vt 0.718772 1.333995
vt 0.711936 1.333995
vt 0.711936 1.339854
vt 0.727561 1.333995
vt 0.729514 1.339854
vt 0.727561 1.339854
vt 0.729514 1.333995
vt 0.718772 1.333995
vt 0.711936 1.339854
vt 0.711936 1.333995
vt 0.718772 1.339854
vt 0.727561 1.339854
vt 0.727561 1.333995
vt 0.718772 1.332041
vt 0.727561 1.333995
vt 0.718772 1.333995
vt 0.727561 1.332041
vt 0.711936 1.333995
vt 0.711936 1.332041
vt 0.718772 1.333995
vt 0.727561 1.332041
vt 0.727561 1.333995
vt 0.718772 1.332041
vt 0.711936 1.332041
vt 0.711936 1.333995
vt 0.652364 1.121097
vt 0.631855 1.136723
vt 0.652364 1.136723
vt 0.631855 1.121097
vt 0.599628 1.136723
vt 0.631855 1.121097
vt 0.599628 1.121097
vt 0.631855 1.136723
vt 0.652364 1.121097
vt 0.631855 1.136723
vt 0.652364 1.136723
vt 0.631855 1.121097
vt 0.631855 1.121097
vt 0.599628 1.136723
vt 0.631855 1.136723
vt 0.599628 1.121097
vt 0.631855 1.157231
vt 0.599628 1.136723
vt 0.599628 1.157231
vt 0.631855 1.136723
vt 0.599628 1.157231
vt 0.631855 1.136723
vt 0.631855 1.157231
vt 0.599628 1.136723
vt 0.595721 1.175787
vt 0.603534 1.164068
vt 0.595721 1.164068
vt 0.603534 1.175787
vt 0.595721 1.175787
vt 0.602557 1.165044
vt 0.595721 1.165044
vt 0.603534 1.175787
vt 0.603534 1.181646
vt 0.595721 1.175787
vt 0.595721 1.181646
vt 0.603534 1.175787
vt 0.595721 1.175787
vt 0.603534 1.181646
vt 0.603534 1.175787
vt 0.595721 1.181646
vt 0.754906 1.348643
vt 0.751976 1.374035
vt 0.751976 1.348643
vt 0.754906 1.374035
vt 0.757836 1.348643
vt 0.757836 1.374035
vt 0.749046 1.374035
vt 0.749046 1.348643
vt 0.745140 1.374035
vt 0.745140 1.348643
vt 0.754906 1.345714
vt 0.751976 1.348643
vt 0.751976 1.345714
vt 0.754906 1.348643
vt 0.754906 1.345714
vt 0.751976 1.348643
vt 0.751976 1.345714
vt 0.754906 1.348643
vt 0.746117 1.320322
vt 0.737327 1.302744
vt 0.733421 1.320322
vt 0.749046 1.312510
vt 0.750023 1.311533
vt 0.737327 1.302744
vt 0.749046 1.312510
vt 0.739280 1.300790
vt 0.746117 1.322275
vt 0.737327 1.339854
vt 0.749046 1.330088
vt 0.733421 1.322275
vt 0.746117 1.320322
vt 0.733421 1.322275
vt 0.746117 1.322275
vt 0.733421 1.320322
vt 0.754906 1.348643
vt 0.751976 1.374035
vt 0.754906 1.374035
vt 0.751976 1.348643
vt 0.749046 1.374035
vt 0.749046 1.348643
vt 0.745140 1.374035
vt 0.745140 1.348643
vt 0.757836 1.348643
vt 0.757836 1.374035
vt 0.754906 1.345714
vt 0.751976 1.348643
vt 0.754906 1.348643
vt 0.751976 1.345714
vt 0.754906 1.345714
vt 0.751976 1.348643
vt 0.754906 1.348643
vt 0.751976 1.345714
vt 0.708029 1.220710
vt 0.706076 1.235359
vt 0.706076 1.219733
vt 0.708029 1.235359
vt 0.709006 1.219733
vt 0.706076 1.219733
vt 0.707053 1.218757
vt 0.708029 1.220710
vt 0.705100 1.234382
vt 0.708029 1.220710
vt 0.708029 1.235359
vt 0.706076 1.219733
vt 0.708029 1.235359
vt 0.706076 1.236335
vt 0.706076 1.235359
vt 0.708029 1.236335
vt 0.709983 1.220710
vt 0.708029 1.235359
vt 0.708029 1.220710
vt 0.709983 1.235359
vt 0.706076 1.219733
vt 0.704123 1.234382
vt 0.705100 1.219733
vt 0.706076 1.235359
vt 0.700217 1.381848
vt 0.698264 1.409192
vt 0.698264 1.381848
vt 0.700217 1.409192
vt 0.692404 1.381848
vt 0.690451 1.409192
vt 0.690451 1.381848
vt 0.692404 1.409192
vt 0.694357 1.381848
vt 0.692404 1.409192
vt 0.692404 1.381848
vt 0.694357 1.409192
vt 0.696310 1.381848
vt 0.694357 1.409192
vt 0.694357 1.381848
vt 0.696310 1.409192
vt 0.698264 1.381848
vt 0.696310 1.409192
vt 0.696310 1.381848
vt 0.698264 1.409192
vt 0.489273 1.140629
vt 0.487320 1.136723
vt 0.487320 1.140629
vt 0.489273 1.136723
vt 0.492203 1.141606
vt 0.492203 1.136723
vt 0.473647 1.140629
vt 0.470717 1.136723
vt 0.470717 1.140629
vt 0.473647 1.136723
vt 0.476577 1.140629
vt 0.476577 1.136723
vt 0.478530 1.140629
vt 0.476577 1.136723
vt 0.476577 1.140629
vt 0.478530 1.136723
vt 0.481460 1.140629
vt 0.481460 1.136723
vt 0.484390 1.140629
vt 0.481460 1.136723
vt 0.481460 1.140629
vt 0.484390 1.136723
vt 0.487320 1.140629
vt 0.487320 1.136723
vt 0.685568 1.125980
vt 0.689474 1.122074
vt 0.686544 1.123051
vt 0.691427 1.123051
vt 0.692404 1.125980
vt 0.691427 1.128910
vt 0.689474 1.129887
vt 0.686544 1.128910
vt 0.699240 1.125004
vt 0.697287 1.123051
vt 0.698264 1.125004
vt 0.699240 1.123051
vt 0.702170 1.124027
vt 0.701193 1.125004
vt 0.701193 1.125980
vt 0.703146 1.125980
vt 0.702170 1.128910
vt 0.701193 1.127934
vt 0.699240 1.127934
vt 0.699240 1.129887
vt 0.697287 1.128910
vt 0.698264 1.127934
vt 0.698264 1.125980
vt 0.696310 1.125980
vt 0.699240 1.125980
vt 0.699240 1.125004
vt 0.698264 1.125004
vt 0.701193 1.125004
vt 0.701193 1.125980
vt 0.701193 1.127934
vt 0.699240 1.127934
vt 0.698264 1.127934
vt 0.698264 1.125980
f 1/1/1 2/2/2 3/3/3
f 2/2/4 1/1/5 4/4/6
f 5/5/7 6/6/8 7/7/9
f 6/6/10 5/5/11 8/8/12
f 9/9/13 10/10/14 11/11/15
f 10/10/16 9/9/17 12/12/18
f 13/13/19 14/14/20 15/15/21
f 14/14/22 13/13/23 16/16/24
f 17/17/25 18/18/26 19/19/27
f 18/18/28 17/17/29 20/20/30
f 21/21/31 22/22/32 23/23/33
f 22/22/34 21/21/35 24/24/36
f 25/25/37 26/26/38 27/27/39
f 26/26/40 25/25/41 28/28/42
f 29/29/43 30/30/44 31/31/45
f 30/30/46 29/29/47 32/32/48
f 33/33/49 34/34/50 35/35/51
f 34/34/52 33/33/53 36/36/54
f 37/37/55 38/38/56 39/39/57
f 38/38/58 37/37/59 40/40/60
f 41/41/61 42/42/62 43/43/63
f 42/42/64 41/41/65 44/44/66
f 45/45/67 46/46/68 47/47/69
f 46/46/70 45/45/71 48/48/72
f 49/49/73 50/50/74 51/51/75
f 50/50/76 49/49/77 52/52/78
f 53/53/79 54/54/80 55/55/81
f 54/54/82 53/53/83 56/56/84
f 57/57/85 58/58/86 59/59/87
f 58/58/88 57/57/89 60/60/90
f 61/61/91 62/62/92 63/63/93
f 62/62/94 61/61/95 64/64/96
f 61/61/97 65/65/98 64/64/99
f 65/65/100 61/61/101 66/66/102
f 67/67/103 66/66/104 61/61/105
f 66/66/106 67/67/107 68/68/108
f 68/68/109 69/69/110 66/66/111
f 69/69/112 68/68/113 70/70/114
f 70/70/115 71/71/116 69/69/117
f 71/71/118 70/70/119 72/72/120
f 72/72/121 73/73/122 71/71/123
f 73/73/124 72/72/125 74/74/126
f 74/74/127 75/75/128 73/73/129
f 75/75/130 74/74/131 76/76/132
f 77/77/133 75/75/134 76/76/135
f 75/75/136 77/77/137 78/78/138
f 79/79/139 78/78/140 77/77/141
f 78/78/142 79/79/143 80/80/144
f 81/81/145 80/80/146 79/79/147
f 80/80/148 81/81/149 82/82/150
f 83/83/151 82/82/152 81/81/153
f 82/82/154 83/83/155 84/84/156
f 85/85/157 84/84/158 83/83/159
f 84/84/160 85/85/161 86/86/162
f 87/87/163 86/86/164 85/85/165
f 86/86/166 87/87/167 88/88/168
f 89/89/169 88/88/170 87/87/171
f 88/88/172 89/89/173 90/90/174
f 91/91/175 90/90/176 89/89/177
f 90/90/178 91/91/179 92/92/180
f 92/92/181 91/91/182 93/93/183
f 91/91/184 94/94/185 93/93/186
f 89/89/187 94/94/188 91/91/189
f 94/94/190 95/95/191 93/93/192
f 95/95/193 94/94/194 96/96/195
f 95/95/196 96/96/197 97/97/198
f 97/97/199 98/98/200 95/95/201
f 97/97/202 99/99/203 98/98/204
f 100/100/205 98/98/206 99/99/207
f 98/98/208 100/100/209 101/101/210
f 102/102/211 101/101/212 100/100/213
f 103/103/214 101/101/215 102/102/216
f 102/102/217 104/104/218 103/103/219
f 104/104/220 102/102/221 105/105/222
f 105/105/223 102/102/224 100/100/225
f 105/105/226 63/63/227 104/104/228
f 63/63/229 105/105/230 106/106/231
f 106/106/232 61/61/233 63/63/234
f 61/61/235 106/106/236 67/67/237
f 62/62/238 104/104/239 63/63/240
f 104/104/241 62/62/242 107/107/243
f 62/62/244 108/108/245 107/107/246
f 108/108/247 62/62/248 109/109/249
f 62/62/250 110/110/251 109/109/252
f 110/110/253 62/62/254 64/64/255
f 64/64/256 111/111/257 110/110/258
f 111/111/259 64/64/260 65/65/261
f 65/65/262 112/112/263 111/111/264
f 112/112/265 65/65/266 113/113/267
f 65/65/268 69/69/269 113/113/270
f 69/69/271 65/65/272 66/66/273
f 69/69/274 114/114/275 113/113/276
f 114/114/277 69/69/278 71/71/279
f 71/71/280 115/115/281 114/114/282
f 115/115/283 71/71/284 73/73/285
f 75/75/286 115/115/287 73/73/288
f 115/115/289 75/75/290 116/116/291
f 75/75/292 117/117/293 116/116/294
f 117/117/295 75/75/296 78/78/297
f 80/80/298 117/117/299 78/78/300
f 117/117/301 80/80/302 118/118/303
f 82/82/304 118/118/305 80/80/306
f 118/118/307 82/82/308 119/119/309
f 82/82/310 120/120/311 119/119/312
f 120/120/313 82/82/314 84/84/315
f 86/86/316 120/120/317 84/84/318
f 120/120/319 86/86/320 121/121/321
f 86/86/322 122/122/323 121/121/324
f 122/122/325 86/86/326 88/88/327
f 90/90/328 122/122/329 88/88/330
f 122/122/331 90/90/332 123/123/333
f 90/90/334 124/124/335 123/123/336
f 124/124/337 90/90/338 92/92/339
f 92/92/340 125/125/341 124/124/342
f 125/125/343 92/92/344 126/126/345
f 126/126/346 92/92/347 127/127/348
f 127/127/349 128/128/350 126/126/351
f 128/128/352 127/127/353 129/129/354
f 130/130/355 126/126/356 128/128/357
f 126/126/358 130/130/359 125/125/360
f 131/131/361 125/125/362 130/130/363
f 125/125/364 131/131/365 132/132/366
f 133/133/367 132/132/368 131/131/369
f 132/132/370 133/133/371 134/134/372
f 135/135/373 132/132/374 134/134/375
f 132/132/376 135/135/377 136/136/378
f 135/135/379 137/137/380 136/136/381
f 137/137/382 135/135/383 138/138/384
f 138/138/385 139/139/386 137/137/387
f 139/139/388 138/138/389 140/140/390
f 141/141/391 139/139/392 140/140/393
f 139/139/394 141/141/395 142/142/396
f 141/141/397 143/143/398 142/142/399
f 143/143/400 141/141/401 144/144/402
f 144/144/403 145/145/404 143/143/405
f 145/145/406 144/144/407 146/146/408
f 146/146/409 147/147/410 145/145/411
f 147/147/412 146/146/413 148/148/414
f 148/148/415 149/149/416 147/147/417
f 149/149/418 148/148/419 150/150/420
f 150/150/421 151/151/422 149/149/423
f 151/151/424 150/150/425 152/152/426
f 153/153/427 151/151/428 152/152/429
f 151/151/430 153/153/431 154/154/432
f 155/155/433 154/154/434 153/153/435
f 154/154/436 155/155/437 156/156/438
f 157/157/439 156/156/440 155/155/441
f 156/156/442 157/157/443 112/112/444
f 158/158/445 112/112/446 157/157/447
f 112/112/448 158/158/449 111/111/450
f 159/159/451 111/111/452 158/158/453
f 111/111/454 159/159/455 110/110/456
f 159/159/457 109/109/458 110/110/459
f 109/109/460 159/159/461 160/160/462
f 161/161/463 109/109/464 160/160/465
f 109/109/466 161/161/467 108/108/468
f 162/162/469 108/108/470 161/161/471
f 108/108/472 162/162/473 163/163/474
f 162/162/475 164/164/476 163/163/477
f 164/164/478 162/162/479 165/165/480
f 165/165/481 166/166/482 164/164/483
f 166/166/484 165/165/485 167/167/486
f 168/168/487 164/164/488 166/166/489
f 164/164/490 168/168/491 169/169/492
f 170/170/493 169/169/494 168/168/495
f 169/169/496 170/170/497 171/171/498
f 172/172/499 171/171/500 170/170/501
f 171/171/502 172/172/503 173/173/504
f 171/171/505 173/173/506 103/103/507
f 103/103/508 169/169/509 171/171/510
f 169/169/511 103/103/512 174/174/513
f 104/104/514 174/174/515 103/103/516
f 174/174/517 104/104/518 107/107/519
f 108/108/520 174/174/521 107/107/522
f 174/174/523 108/108/524 163/163/525
f 164/164/526 174/174/527 163/163/528
f 174/174/529 164/164/530 169/169/531
f 175/175/532 176/176/533 177/177/534
f 176/176/535 175/175/536 178/178/537
f 177/177/538 176/176/539 179/179/540
f 176/176/541 180/180/542 179/179/543
f 176/176/544 181/181/545 180/180/546
f 182/182/547 181/181/548 176/176/549
f 176/176/550 183/183/551 182/182/552
f 184/184/553 183/183/554 176/176/555
f 176/176/556 185/185/557 184/184/558
f 112/112/559 114/114/560 156/156/561
f 114/114/562 112/112/563 113/113/564
f 115/115/565 156/156/566 114/114/567
f 156/156/568 115/115/569 154/154/570
f 116/116/571 154/154/572 115/115/573
f 154/154/574 116/116/575 151/151/576
f 116/116/577 149/149/578 151/151/579
f 149/149/580 116/116/581 117/117/582
f 117/117/583 147/147/584 149/149/585
f 147/147/586 117/117/587 118/118/588
f 118/118/589 145/145/590 147/147/591
f 145/145/592 118/118/593 119/119/594
f 120/120/595 145/145/596 119/119/597
f 145/145/598 120/120/599 143/143/600
f 121/121/601 143/143/602 120/120/603
f 143/143/604 121/121/605 142/142/606
f 122/122/607 142/142/608 121/121/609
f 142/142/610 122/122/611 139/139/612
f 122/122/613 137/137/614 139/139/615
f 137/137/616 122/122/617 123/123/618
f 124/124/619 137/137/620 123/123/621
f 137/137/622 124/124/623 136/136/624
f 124/124/625 132/132/626 136/136/627
f 132/132/628 124/124/629 125/125/630
f 186/186/631 187/187/632 188/188/633
f 187/187/634 189/189/635 188/188/636
f 188/188/637 189/189/638 190/190/639
f 188/188/640 190/190/641 191/191/642
f 192/192/643 188/188/644 191/191/645
f 188/188/646 192/192/647 193/193/648
f 194/194/649 188/188/650 193/193/651
f 188/188/652 194/194/653 195/195/654
f 188/188/655 196/196/656 186/186/657
f 197/197/658 198/198/659 199/199/660
f 198/198/661 197/197/662 200/200/663
f 201/201/664 202/202/665 203/203/666
f 202/202/667 201/201/668 204/204/669
f 205/205/670 206/206/671 207/207/672
f 206/206/673 208/208/674 207/207/675
f 208/208/676 206/206/677 209/209/678
f 208/208/679 209/209/680 210/210/681
f 210/210/682 209/209/683 211/211/684
f 212/212/685 213/213/686 214/214/687
f 214/214/688 213/213/689 215/215/690
f 216/216/691 215/215/692 213/213/693
f 215/215/694 216/216/695 217/217/696
f 217/217/697 216/216/698 218/218/699
f 219/219/700 220/220/701 221/221/702
f 220/220/703 219/219/704 222/222/705
f 223/223/706 224/224/707 225/225/708
f 224/224/709 223/223/710 226/226/711
f 227/227/712 228/228/713 229/229/714
f 228/228/715 227/227/716 230/230/717
f 231/231/718 230/230/719 227/227/720
f 230/230/721 231/231/722 232/232/723
f 233/233/724 232/232/725 231/231/726
f 232/232/727 233/233/728 234/234/729
f 234/234/730 233/233/731 235/235/732
f 233/233/733 236/236/734 235/235/735
f 231/231/736 236/236/737 233/233/738
f 236/236/739 231/231/740 237/237/741
f 227/227/742 237/237/743 231/231/744
f 237/237/745 227/227/746 238/238/747
f 229/229/748 238/238/749 227/227/750
f 238/238/751 229/229/752 239/239/753
f 239/239/754 240/240/755 238/238/756
f 240/240/757 239/239/758 241/241/759
f 242/242/760 238/238/761 240/240/762
f 238/238/763 242/242/764 237/237/765
f 243/243/766 237/237/767 242/242/768
f 237/237/769 243/243/770 236/236/771
f 236/236/772 243/243/773 235/235/774
f 244/244/775 234/234/776 235/235/777
f 245/245/778 234/234/779 244/244/780
f 234/234/781 245/245/782 232/232/783
f 246/246/784 232/232/785 245/245/786
f 232/232/787 246/246/788 230/230/789
f 247/247/790 230/230/791 246/246/792
f 230/230/793 247/247/794 228/228/795
f 248/248/796 249/249/797 250/250/798
f 249/249/799 248/248/800 251/251/801
f 252/252/802 251/251/803 248/248/804
f 251/251/805 252/252/806 253/253/807
f 254/254/808 253/253/809 252/252/810
f 253/253/811 254/254/812 255/255/813
f 256/256/814 255/255/815 254/254/816
f 255/255/817 256/256/818 257/257/819
f 258/258/820 257/257/821 256/256/822
f 257/257/823 258/258/824 259/259/825
f 250/250/826 259/259/827 258/258/828
f 259/259/829 250/250/830 249/249/831
f 249/249/832 260/260/833 259/259/834
f 251/251/835 260/260/836 249/249/837
f 253/253/838 260/260/839 251/251/840
f 255/255/841 260/260/842 253/253/843
f 257/257/844 260/260/845 255/255/846
f 259/259/847 260/260/848 257/257/849
f 261/261/850 262/262/851 263/263/852
f 262/262/853 261/261/854 264/264/855
f 265/265/856 264/264/857 261/261/858
f 264/264/859 265/265/860 266/266/861
f 267/267/862 266/266/863 265/265/864
f 266/266/865 267/267/866 268/268/867
f 269/269/868 268/268/869 267/267/870
f 268/268/871 269/269/872 270/270/873
f 271/271/874 270/270/875 269/269/876
f 270/270/877 271/271/878 272/272/879
f 273/273/880 274/274/881 275/275/882
f 274/274/883 273/273/884 276/276/885
f 277/277/886 275/275/887 274/274/888
f 275/275/889 277/277/890 278/278/891
f 279/279/892 278/278/893 277/277/894
f 278/278/895 279/279/896 280/280/897
f 281/281/898 280/280/899 279/279/900
f 280/280/901 281/281/902 282/282/903
f 283/283/904 282/282/905 281/281/906
f 282/282/907 283/283/908 284/284/909
f 285/285/910 286/286/911 287/287/912
f 286/286/913 285/285/914 288/288/915
f 289/289/916 288/288/917 285/285/918
f 288/288/919 289/289/920 290/290/921
f 291/291/922 290/290/923 289/289/924
f 290/290/925 291/291/926 292/292/927
f 293/293/928 292/292/929 291/291/930
f 292/292/931 293/293/932 294/294/933
f 295/295/934 294/294/935 293/293/936
f 294/294/937 295/295/938 296/296/939
f 297/297/940 296/296/941 295/295/942
f 296/296/943 297/297/944 298/298/945
f 299/299/946 298/298/947 297/297/948
f 298/298/949 299/299/950 300/300/951
f 301/301/952 300/300/953 299/299/954
f 300/300/955 301/301/956 302/302/957
f 303/303/958 302/302/959 301/301/960
f 302/302/961 303/303/962 304/304/963
f 287/287/964 304/304/965 303/303/966
f 304/304/967 287/287/968 286/286/969
f 305/305/970 306/306/971 307/307/972
f 306/306/973 305/305/974 308/308/975
f 309/309/976 308/308/977 305/305/978
f 308/308/979 309/309/980 310/310/981
f 311/311/982 310/310/983 309/309/984
f 310/310/985 311/311/986 312/312/987
f 313/313/988 312/312/989 311/311/990
f 312/312/991 313/313/992 314/314/993
f 315/315/994 314/314/995 313/313/996
f 314/314/997 315/315/998 316/316/999
f 317/317/1000 316/316/1001 315/315/1002
f 316/316/1003 317/317/1004 318/318/1005
f 319/319/1006 318/318/1007 317/317/1008
f 318/318/1009 319/319/1010 320/320/1011
f 321/321/1012 320/320/1013 319/319/1014
f 320/320/1015 321/321/1016 322/322/1017
f 323/323/1018 322/322/1019 321/321/1020
f 322/322/1021 323/323/1022 324/324/1023
f 307/307/1024 324/324/1025 323/323/1026
f 324/324/1027 307/307/1028 306/306/1029
f 325/325/1030 326/326/1031 327/327/1032
f 326/326/1033 325/325/1034 328/328/1035
f 329/329/1036 328/328/1037 325/325/1038
f 328/328/1039 329/329/1040 330/330/1041
f 331/331/1042 330/330/1043 329/329/1044
f 330/330/1045 331/331/1046 332/332/1047
f 333/333/1048 332/332/1049 331/331/1050
f 332/332/1051 333/333/1052 334/334/1053
f 335/335/1054 334/334/1055 333/333/1056
f 334/334/1057 335/335/1058 336/336/1059
f 337/337/1060 338/338/1061 339/339/1062
f 338/338/1063 337/337/1064 340/340/1065
f 341/341/1066 339/339/1067 338/338/1068
f 339/339/1069 341/341/1070 342/342/1071
f 343/343/1072 342/342/1073 341/341/1074
f 342/342/1075 343/343/1076 344/344/1077
f 345/345/1078 344/344/1079 343/343/1080
f 344/344/1081 345/345/1082 346/346/1083
f 347/347/1084 346/346/1085 345/345/1086
f 346/346/1087 347/347/1088 348/348/1089
f 349/349/1090 350/350/1091 351/351/1092
f 352/352/1093 350/350/1094 349/349/1095
f 353/353/1096 350/350/1097 352/352/1098
f 354/354/1099 350/350/1100 353/353/1101
f 355/355/1102 350/350/1103 354/354/1104
f 356/356/1105 350/350/1106 355/355/1107
f 357/357/1108 350/350/1109 356/356/1110
f 358/358/1111 350/350/1112 357/357/1113
f 359/359/1114 350/350/1115 358/358/1116
f 351/351/1117 350/350/1118 359/359/1119
f 360/360/1120 361/361/1121 362/362/1122
f 361/361/1123 360/360/1124 363/363/1125
f 360/360/1126 364/364/1127 363/363/1128
f 365/365/1129 362/362/1130 361/361/1131
f 362/362/1132 365/365/1133 366/366/1134
f 367/367/1135 366/366/1136 365/365/1137
f 366/366/1138 367/367/1139 368/368/1140
f 369/369/1141 368/368/1142 367/367/1143
f 368/368/1144 369/369/1145 370/370/1146
f 370/370/1147 369/369/1148 371/371/1149
f 372/372/1150 373/373/1151 374/374/1152
f 373/373/1153 372/372/1154 375/375/1155
f 376/376/1156 374/374/1157 373/373/1158
f 377/377/1159 378/378/1160 379/379/1161
f 380/380/1162 379/379/1163 378/378/1164
f 381/381/1165 382/382/1166 383/383/1167
f 384/384/1168 383/383/1169 382/382/1170
f 385/385/1171 386/386/1172 387/387/1173
f 388/388/1174 389/389/1175 390/390/1176
f 391/391/1177 392/392/1178 393/393/1179
f 394/394/1180 395/395/1181 396/396/1182
f 397/397/1183 398/398/1184 399/399/1185
f 400/400/1186 401/401/1187 402/402/1188
f 401/401/1189 400/400/1190 403/403/1191
f 400/400/1192 404/404/1193 403/403/1194
f 405/405/1195 402/402/1196 401/401/1197
f 402/402/1198 405/405/1199 406/406/1200
f 407/407/1201 406/406/1202 405/405/1203
f 406/406/1204 407/407/1205 408/408/1206
f 409/409/1207 408/408/1208 407/407/1209
f 408/408/1210 409/409/1211 410/410/1212
f 410/410/1213 409/409/1214 411/411/1215
f 412/412/1216 413/413/1217 414/414/1218
f 413/413/1219 412/412/1220 415/415/1221
f 416/416/1222 414/414/1223 413/413/1224
f 414/414/1225 416/416/1226 417/417/1227
f 418/418/1228 417/417/1229 416/416/1230
f 417/417/1231 418/418/1232 419/419/1233
f 420/420/1234 421/421/1235 422/422/1236
f 421/421/1237 420/420/1238 423/423/1239
f 424/424/1240 422/422/1241 421/421/1242
f 422/422/1243 424/424/1244 425/425/1245
f 426/426/1246 425/425/1247 424/424/1248
f 425/425/1249 426/426/1250 427/427/1251
f 428/428/1252 429/429/1253 430/430/1254
f 428/428/1255 431/431/1256 429/429/1257
f 432/432/1258 431/431/1259 428/428/1260
f 429/429/1261 431/431/1262 433/433/1263
f 434/434/1264 435/435/1265 436/436/1266
f 435/435/1267 434/434/1268 437/437/1269
f 437/437/1270 438/438/1271 435/435/1272
f 438/438/1273 437/437/1274 439/439/1275
f 436/436/1276 440/440/1277 434/434/1278
f 440/440/1279 436/436/1280 441/441/1281
f 441/441/1282 442/442/1283 440/440/1284
f 442/442/1285 441/441/1286 443/443/1287
f 443/443/1288 444/444/1289 442/442/1290
f 444/444/1291 443/443/1292 445/445/1293
f 445/445/1294 446/446/1295 444/444/1296
f 446/446/1297 445/445/1298 447/447/1299
f 447/447/1300 448/448/1301 446/446/1302
f 448/448/1303 447/447/1304 449/449/1305
f 450/450/1306 451/451/1307 452/452/1308
f 451/451/1309 450/450/1310 453/453/1311
f 454/454/1312 453/453/1313 450/450/1314
f 453/453/1315 454/454/1316 455/455/1317
f 456/456/1318 455/455/1319 454/454/1320
f 455/455/1321 456/456/1322 457/457/1323
f 458/458/1324 457/457/1325 456/456/1326
f 457/457/1327 458/458/1328 459/459/1329
f 460/460/1330 459/459/1331 458/458/1332
f 459/459/1333 460/460/1334 461/461/1335
f 462/462/1336 461/461/1337 460/460/1338
f 461/461/1339 462/462/1340 463/463/1341
f 464/464/1342 463/463/1343 462/462/1344
f 463/463/1345 464/464/1346 465/465/1347
f 466/466/1348 465/465/1349 464/464/1350
f 465/465/1351 466/466/1352 467/467/1353
f 468/468/1354 467/467/1355 466/466/1356
f 467/467/1357 468/468/1358 469/469/1359
f 470/470/1360 469/469/1361 468/468/1362
f 469/469/1363 470/470/1364 471/471/1365
f 472/472/1366 471/471/1367 470/470/1368
f 471/471/1369 472/472/1370 473/473/1371
f 474/474/1372 473/473/1373 472/472/1374
f 473/473/1375 474/474/1376 475/475/1377
f 476/476/1378 475/475/1379 474/474/1380
f 475/475/1381 476/476/1382 477/477/1383
f 478/478/1384 477/477/1385 476/476/1386
f 477/477/1387 478/478/1388 479/479/1389
f 480/480/1390 479/479/1391 478/478/1392
f 479/479/1393 480/480/1394 481/481/1395
f 452/452/1396 481/481/1397 480/480/1398
f 481/481/1399 452/452/1400 451/451/1401
f 482/482/1402 452/452/1403 480/480/1404
f 482/482/1405 450/450/1406 452/452/1407
f 482/482/1408 454/454/1409 450/450/1410
f 482/482/1411 456/456/1412 454/454/1413
f 482/482/1414 458/458/1415 456/456/1416
f 482/482/1417 460/460/1418 458/458/1419
f 482/482/1420 462/462/1421 460/460/1422
f 482/482/1423 464/464/1424 462/462/1425
f 482/482/1426 466/466/1427 464/464/1428
f 482/482/1429 468/468/1430 466/466/1431
f 482/482/1432 470/470/1433 468/468/1434
f 482/482/1435 472/472/1436 470/470/1437
f 482/482/1438 474/474/1439 472/472/1440
f 482/482/1441 476/476/1442 474/474/1443
f 482/482/1444 478/478/1445 476/476/1446
f 482/482/1447 480/480/1448 478/478/1449
f 483/483/1450 484/484/1451 485/485/1452
f 484/484/1453 483/483/1454 486/486/1455
f 487/487/1456 488/488/1457 489/489/1458
f 488/488/1459 487/487/1460 490/490/1461
f 491/491/1462 490/490/1463 487/487/1464
f 490/490/1465 491/491/1466 492/492/1467
f 493/493/1468 494/494/1469 495/495/1470
f 493/493/1471 495/495/1472 496/496/1473
f 497/497/1474 498/498/1475 499/499/1476
f 497/497/1477 500/500/1478 498/498/1479
f 501/501/1480 502/502/1481 503/503/1482
f 502/502/1483 501/501/1484 504/504/1455
f 505/505/1485 506/506/1486 507/507/1487
f 506/506/1488 505/505/1489 508/508/1490
f 509/509/1491 508/508/1492 505/505/1493
f 508/508/1494 509/509/1495 510/510/1496
f 511/511/1468 512/512/1469 513/513/1470
f 511/511/1497 513/513/1498 514/514/1499
f 515/515/1474 516/516/1475 517/517/1476
f 515/515/1500 518/518/1501 516/516/1502
f 519/519/1503 520/520/1504 521/521/1505
f 520/520/1506 519/519/1507 522/522/1508
f 523/523/1509 522/522/1510 519/519/1511
f 522/522/1512 523/523/1513 524/524/1514
f 525/525/1515 521/521/1516 520/520/1517
f 521/521/1518 525/525/1519 526/526/1520
f 527/527/1521 526/526/1522 525/525/1523
f 526/526/1524 527/527/1525 528/528/1526
f 529/529/1527 528/528/1528 527/527/1529
f 528/528/1530 529/529/1531 530/530/1532
f 531/531/1533 532/532/1534 533/533/1535
f 531/531/1536 533/533/1537 534/534/1538
f 531/531/1539 534/534/1540 535/535/1541
f 536/536/1542 537/537/1543 538/538/1544
f 536/536/1545 539/539/1546 537/537/1547
f 536/536/1548 540/540/1549 539/539/1550
f 541/541/1551 542/542/1552 543/543/1553
f 542/542/1554 541/541/1555 544/544/1556
f 545/545/1557 544/544/1558 541/541/1559
f 544/544/1560 545/545/1561 546/546/1562
f 547/547/1563 546/546/1564 545/545/1565
f 546/546/1566 547/547/1567 548/548/1568
f 549/549/1569 548/548/1570 547/547/1571
f 548/548/1572 549/549/1573 550/550/1574
f 551/551/1575 550/550/1576 549/549/1577
f 550/550/1578 551/551/1579 552/552/1580
f 553/553/1581 552/552/1582 551/551/1583
f 552/552/1584 553/553/1585 554/554/1586
f 555/555/1587 554/554/1588 553/553/1589
f 554/554/1590 555/555/1591 556/556/1592
f 557/557/1593 556/556/1594 555/555/1595
f 556/556/1596 557/557/1597 558/558/1598
f 559/559/1599 558/558/1600 557/557/1601
f 558/558/1602 559/559/1603 560/560/1604
f 561/561/1605 560/560/1606 559/559/1607
f 560/560/1608 561/561/1609 562/562/1610
f 563/563/1611 562/562/1612 561/561/1613
f 562/562/1614 563/563/1615 564/564/1616
f 565/565/1617 564/564/1618 563/563/1619
f 564/564/1620 565/565/1621 566/566/1622
f 567/567/1623 566/566/1624 565/565/1625
f 566/566/1626 567/567/1627 568/568/1628
f 569/569/1629 568/568/1630 567/567/1631
f 568/568/1632 569/569/1633 570/570/1634
f 571/571/1635 570/570/1636 569/569/1637
f 570/570/1638 571/571/1639 572/572/1640
f 573/573/1641 572/572/1642 571/571/1643
f 572/572/1644 573/573/1645 574/574/1646
f 575/575/1647 576/576/1648 577/577/1649
f 576/576/1650 575/575/1651 578/578/1652
f 578/578/1653 579/579/1654 576/576/1655
f 579/579/1656 578/578/1657 580/580/1658
f 577/577/1659 581/581/1660 575/575/1661
f 581/581/1662 577/577/1663 582/582/1664
f 582/582/1665 583/583/1666 581/581/1667
f 583/583/1668 582/582/1669 584/584/1670
f 584/584/1671 585/585/1672 583/583/1673
f 585/585/1674 584/584/1675 586/586/1676
f 586/586/1677 587/587/1678 585/585/1679
f 587/587/1680 586/586/1681 588/588/1682
f 588/588/1683 589/589/1684 587/587/1685
f 589/589/1686 588/588/1687 590/590/1688
f 591/591/1689 592/592/1690 593/593/1691
f 592/592/1692 591/591/1693 594/594/1694
f 595/595/1695 596/596/1696 597/597/1697
f 596/596/1698 595/595/1699 598/598/1700
f 599/599/1701 600/600/1702 601/601/1703
f 600/600/1704 599/599/1705 602/602/1706
f 603/603/1707 602/602/1708 599/599/1709
f 602/602/1710 603/603/1711 604/604/1712
f 605/605/1713 606/606/1714 607/607/1715
f 605/605/1716 607/607/1717 608/608/1718
f 609/609/1719 610/610/1720 611/611/1721
f 609/609/1722 612/612/1723 610/610/1724
f 613/613/1725 614/614/1726 615/615/1727
f 614/614/1728 613/613/1729 616/616/1730
f 617/617/1731 615/615/1732 614/614/1733
f 615/615/1734 617/617/1735 618/618/1736
f 619/619/1737 618/618/1738 617/617/1739
f 618/618/1740 619/619/1741 620/620/1742
f 621/621/1743 620/620/1744 619/619/1745
f 620/620/1746 621/621/1747 622/622/1748
f 623/623/1749 622/622/1750 621/621/1751
f 622/622/1752 623/623/1753 624/624/1754
f 625/625/1755 626/626/1756 627/627/1757
f 625/625/1758 627/627/1759 628/628/1760
f 625/625/1761 628/628/1762 629/629/1763
f 630/630/1764 631/631/1765 632/632/1766
f 630/630/1767 633/633/1768 631/631/1769
f 630/630/1770 634/634/1771 633/633/1772
f 635/635/1773 636/636/1774 637/637/1775
f 636/636/1776 635/635/1777 638/638/1778
f 639/639/1779 640/640/1780 641/641/1781
f 640/640/1782 639/639/1783 642/642/1784
f 643/643/1785 644/644/1786 645/645/1787
f 644/644/1788 643/643/1789 646/646/1790
f 647/647/1791 646/646/1792 643/643/1793
f 646/646/1794 647/647/1795 648/648/1796
f 649/649/1797 650/650/1798 651/651/1799
f 652/652/1800 653/653/1801 654/654/1802
f 655/655/1719 656/656/1720 657/657/1721
f 655/655/1803 658/658/1804 656/656/1805
f 659/659/1806 660/660/1807 661/661/1808
f 659/659/1809 662/662/1810 660/660/1811
f 659/659/1812 663/663/1813 662/662/1814
f 659/659/1815 664/664/1816 663/663/1817
f 659/659/1818 665/665/1819 664/664/1820
f 659/659/1821 666/666/1822 665/665/1823
f 659/659/1824 667/667/1673 666/666/1825
f 659/659/1826 668/668/1827 667/667/1828
f 659/659/1829 669/669/1830 668/668/1831
f 659/659/1832 670/670/1833 669/669/1834
f 659/659/1835 671/671/1836 670/670/1837
f 659/659/1838 672/672/1839 671/671/1840
f 659/659/1841 673/673/1842 672/672/1843
f 659/659/1844 674/674/1845 673/673/1846
f 675/675/1847 676/676/1848 677/677/1849
f 676/676/1850 675/675/1851 678/678/1852
f 679/679/1853 678/678/1854 675/675/1855
f 678/678/1856 679/679/1857 680/680/1858
f 681/681/1859 680/680/1860 679/679/1861
f 680/680/1862 681/681/1863 682/682/1864
f 683/683/1865 682/682/1866 681/681/1867
f 682/682/1868 683/683/1869 684/684/1870
f 685/685/1871 684/684/1872 683/683/1873
f 684/684/1874 685/685/1875 686/686/1876
f 687/687/1877 686/686/1878 685/685/1879
f 686/686/1880 687/687/1881 688/688/1882
f 689/689/1883 688/688/1884 687/687/1885
f 688/688/1886 689/689/1887 690/690/1888
f 691/691/1889 690/690/1890 689/689/1891
f 690/690/1892 691/691/1893 692/692/1894
f 693/693/1895 692/692/1896 691/691/1897
f 692/692/1898 693/693/1899 694/694/1900
f 695/695/1901 694/694/1902 693/693/1903
f 694/694/1904 695/695/1905 696/696/1906
f 697/697/1907 696/696/1908 695/695/1909
f 696/696/1910 697/697/1911 698/698/1912
f 699/699/1913 698/698/1914 697/697/1915
f 698/698/1916 699/699/1917 700/700/1918
f 701/701/1919 700/700/1920 699/699/1921
f 700/700/1922 701/701/1923 702/702/1924
f 703/703/1925 702/702/1926 701/701/1927
f 702/702/1928 703/703/1929 704/704/1930
f 705/705/1931 704/704/1932 703/703/1933
f 704/704/1934 705/705/1935 706/706/1936
f 677/677/1937 706/706/1938 705/705/1939
f 706/706/1940 677/677/1941 676/676/1942
f 707/707/1943 708/708/1944 709/709/1945
f 708/708/1946 707/707/1947 710/710/1948
f 711/711/1949 710/710/1950 707/707/1951
f 710/710/1952 711/711/1953 712/712/1954
f 713/713/1955 712/712/1956 711/711/1957
f 712/712/1958 713/713/1959 714/714/1960
f 715/715/1961 714/714/1962 713/713/1963
f 714/714/1964 715/715/1965 716/716/1966
f 717/717/1967 716/716/1968 715/715/1969
f 716/716/1970 717/717/1971 718/718/1972
f 719/719/1973 718/718/1974 717/717/1975
f 718/718/1976 719/719/1977 720/720/1978
f 721/721/1979 709/709/1980 708/708/1981
f 709/709/1982 721/721/1983 722/722/1984
f 723/723/1985 722/722/1986 721/721/1987
f 722/722/1988 723/723/1989 724/724/1990
f 725/725/1991 724/724/1992 723/723/1993
f 724/724/1994 725/725/1995 726/726/1996
f 727/727/1997 726/726/1998 725/725/1999
f 726/726/2000 727/727/2001 728/728/2002
f 729/729/2003 728/728/2004 727/727/2005
f 728/728/2006 729/729/2007 730/730/2008
f 731/731/2009 730/730/2010 729/729/2011
f 730/730/2012 731/731/2013 732/732/2014
f 733/733/2015 732/732/2016 731/731/2017
f 732/732/2018 733/733/2019 734/734/2020
f 735/735/2021 734/734/2022 733/733/2023
f 734/734/2024 735/735/2025 736/736/2026
f 737/737/2027 736/736/2028 735/735/2029
f 736/736/2030 737/737/2031 738/738/2032
f 739/739/2033 738/738/2034 737/737/2035
f 738/738/2036 739/739/2037 740/740/2038
f 741/741/2039 742/742/2040 743/743/2041
f 742/742/2042 741/741/2043 744/744/2044
f 745/745/2045 746/746/2046 747/747/2047
f 746/746/2048 745/745/2049 748/748/2050
f 749/749/2051 750/750/2052 751/751/2053
f 750/750/2054 749/749/2055 752/752/2056
f 753/753/2057 754/754/2058 755/755/2059
f 754/754/2060 753/753/2061 756/756/2062
f 757/757/2063 758/758/2064 759/759/2065
f 758/758/2066 757/757/2067 760/760/2068
f 759/759/2069 761/761/2070 757/757/2071
f 761/761/2072 759/759/2073 762/762/2074
f 763/763/2075 764/764/2076 765/765/2077
f 765/765/2078 766/766/2079 763/763/2080
f 766/766/2081 765/765/2082 767/767/2083
f 766/766/2084 767/767/2085 768/768/2086
f 769/769/2087 770/770/2088 771/771/2089
f 770/770/2090 769/769/2091 772/772/2092
f 773/773/2093 772/772/2094 769/769/2095
f 772/772/2096 773/773/2097 774/774/2098
f 773/773/2099 775/775/2100 774/774/2101
f 775/775/2102 773/773/2103 776/776/2104
f 777/777/2105 778/778/2106 779/779/2107
f 778/778/2108 777/777/2109 780/780/2110
f 779/779/2111 781/781/2112 777/777/2113
f 781/781/2114 779/779/2115 782/782/2116
f 782/782/2117 783/783/2118 781/781/2119
f 783/783/2120 782/782/2121 784/784/2122
f 785/785/2123 786/786/2124 787/787/2125
f 786/786/2126 785/785/2127 788/788/2080
f 789/789/2128 790/790/2129 791/791/2130
f 789/789/2131 792/792/2132 790/790/2133
f 789/789/2134 793/793/2135 792/792/2136
f 789/789/2137 794/794/2138 793/793/2139
f 789/789/2140 795/795/2141 794/794/2142
f 789/789/2143 796/796/2144 795/795/2145
f 791/791/2146 796/796/2147 789/789/2148
f 797/797/2149 798/798/2150 799/799/2151
f 798/798/2152 797/797/2153 800/800/2154
f 801/801/2155 800/800/2156 797/797/2157
f 800/800/2158 801/801/2159 802/802/2160
f 798/798/2161 803/803/2162 799/799/2163
f 803/803/2164 798/798/2165 804/804/2166
f 805/805/2167 803/803/2168 804/804/2169
f 803/803/2170 805/805/2171 806/806/2172
f 807/807/2173 806/806/2174 805/805/2175
f 806/806/2176 807/807/2177 808/808/2178
f 809/809/2179 808/808/2180 807/807/2181
f 808/808/2182 809/809/2183 810/810/2184
f 811/811/2185 810/810/2186 809/809/2187
f 810/810/2188 811/811/2189 812/812/2190
f 813/813/2191 812/812/2192 811/811/2193
f 812/812/2194 813/813/2195 814/814/2196
f 815/815/2197 814/814/2198 813/813/2199
f 814/814/2200 815/815/2201 816/816/2202
f 817/817/2203 818/818/2204 819/819/2205
f 817/817/2206 820/820/2207 818/818/2208
f 817/817/2209 821/821/2210 820/820/2211
f 817/817/2212 822/822/2213 821/821/2214
f 817/817/2215 823/823/2216 822/822/2217
f 817/817/2218 824/824/2219 823/823/2220
f 817/817/2221 825/825/2222 824/824/2223
f 817/817/2224 826/826/2225 825/825/2226
f 819/819/1673 826/826/2227 817/817/2228
f 827/827/2229 828/828/2230 829/829/2231
f 828/828/2232 827/827/2233 830/830/2234
f 831/831/2235 832/832/2236 833/833/2237
f 832/832/2238 831/831/2239 834/834/2240
f 835/835/2241 836/836/2242 837/837/2243
f 838/838/2244 836/836/2245 835/835/2246
f 836/836/2247 838/838/2248 839/839/2249
f 840/840/2250 841/841/2251 842/842/2252
f 841/841/2253 840/840/2254 843/843/2255
f 844/844/2256 845/845/2257 846/846/2258
f 845/845/2259 844/844/2260 847/847/2261
f 848/848/2262 849/849/2263 850/850/2264
f 849/849/2265 848/848/2266 851/851/2267
f 852/852/2268 853/853/2269 854/854/2270
f 853/853/2271 852/852/2272 855/855/2273
f 856/856/2274 855/855/2275 852/852/2276
f 855/855/2277 856/856/2278 857/857/2279
f 858/858/2280 855/855/2281 857/857/2282
f 855/855/2283 858/858/2284 859/859/2285
f 860/860/2286 859/859/2287 858/858/2288
f 861/861/2289 859/859/2290 860/860/2291
f 859/859/2292 861/861/2293 862/862/2294
f 863/863/2295 862/862/2296 861/861/2297
f 863/863/2298 853/853/2299 862/862/2300
f 853/853/2301 863/863/2302 864/864/2303
f 863/863/2304 865/865/2305 864/864/2306
f 865/865/2307 863/863/2308 866/866/2309
f 867/867/2310 866/866/2311 863/863/2312
f 866/866/2313 867/867/2314 868/868/2315
f 863/863/2316 869/869/2317 867/867/2318
f 869/869/2319 863/863/2320 861/861/2321
f 861/861/2322 870/870/2323 869/869/2324
f 870/870/2325 861/861/2326 860/860/2327
f 858/858/2328 870/870/2329 860/860/2330
f 870/870/2331 858/858/2332 871/871/2333
f 872/872/2334 864/864/2335 865/865/2336
f 864/864/2337 872/872/2338 873/873/2339
f 874/874/2340 873/873/2341 872/872/2342
f 873/873/2343 874/874/2344 875/875/2345
f 876/876/2346 873/873/2347 875/875/2348
f 873/873/2349 876/876/2350 877/877/2351
f 878/878/2352 877/877/2353 876/876/2354
f 877/877/2355 878/878/2356 879/879/2357
f 878/878/2358 856/856/2359 879/879/2360
f 856/856/2361 878/878/2362 880/880/2363
f 852/852/2364 879/879/2365 856/856/2366
f 854/854/2367 879/879/2368 852/852/2369
f 879/879/2370 854/854/2371 877/877/2372
f 873/873/2373 877/877/2374 854/854/2375
f 853/853/2376 873/873/2377 854/854/2378
f 873/873/2379 853/853/2380 864/864/2381
f 855/855/2382 862/862/2383 853/853/2384
f 862/862/2385 855/855/2386 859/859/2387
f 881/881/2388 882/882/2389 883/883/2390
f 882/882/2391 881/881/2392 884/884/2393
f 881/881/2394 885/885/2395 884/884/2396
f 885/885/2397 881/881/2398 886/886/2399
f 887/887/2400 886/886/2401 881/881/2402
f 886/886/2403 887/887/2404 888/888/2405
f 883/883/2406 887/887/2407 881/881/2408
f 887/887/2409 883/883/2410 889/889/2411
f 890/890/2412 889/889/2413 883/883/2414
f 889/889/2415 890/890/2416 891/891/2417
f 883/883/2418 892/892/2419 890/890/2420
f 892/892/2421 883/883/2422 882/882/2423
f 893/893/2424 892/892/2425 882/882/2426
f 892/892/2427 893/893/2428 894/894/2429
f 895/895/2430 894/894/2431 893/893/2432
f 894/894/2433 895/895/2434 896/896/2435
f 893/893/2436 897/897/2437 895/895/2438
f 897/897/2439 893/893/2440 898/898/2441
f 882/882/2442 898/898/2443 893/893/2444
f 898/898/2445 882/882/2446 884/884/2447
f 885/885/2448 898/898/2449 884/884/2450
f 898/898/2451 885/885/2452 899/899/2453
f 899/899/2454 897/897/2455 898/898/2456
f 897/897/2457 899/899/2458 900/900/2459
f 901/901/2460 902/902/2461 903/903/2462
f 902/902/2463 901/901/2464 904/904/2465
f 901/901/2466 905/905/2467 904/904/2468
f 905/905/2469 901/901/2470 906/906/2471
f 907/907/2472 906/906/2473 901/901/2474
f 906/906/2475 907/907/2476 908/908/2477
f 903/903/2478 907/907/2479 901/901/2480
f 907/907/2481 903/903/2482 909/909/2483
f 910/910/2484 909/909/2485 903/903/2486
f 909/909/2487 910/910/2488 911/911/2489
f 903/903/2490 912/912/2491 910/910/2492
f 912/912/2493 903/903/2494 902/902/2495
f 913/913/2496 912/912/2497 902/902/2498
f 912/912/2499 913/913/2500 914/914/2501
f 915/915/2502 914/914/2503 913/913/2504
f 914/914/2505 915/915/2506 916/916/2507
f 913/913/2508 917/917/2509 915/915/2510
f 917/917/2511 913/913/2512 918/918/2513
f 902/902/2514 918/918/2515 913/913/2516
f 918/918/2517 902/902/2518 904/904/2519
f 905/905/2520 918/918/2521 904/904/2522
f 918/918/2523 905/905/2524 919/919/2525
f 919/919/2526 917/917/2527 918/918/2528
f 917/917/2529 919/919/2530 920/920/2531
f 921/921/2532 922/922/2533 923/923/2534
f 922/922/2535 921/921/2536 924/924/2537
f 925/925/2538 926/926/2539 927/927/2540
f 926/926/2541 925/925/2542 928/928/2543
f 929/929/2544 930/930/2545 931/931/2546
f 930/930/2547 929/929/2548 932/932/2549
f 933/933/2550 934/934/2551 935/935/2552
f 934/934/2553 933/933/2554 936/936/2555
f 937/937/2556 938/938/2557 939/939/2558
f 938/938/2559 937/937/2560 940/940/2561
f 941/941/2562 942/942/2563 943/943/2564
f 942/942/2565 941/941/2566 944/944/2567
f 945/945/2568 946/946/2569 947/947/2570
f 946/946/2571 945/945/2572 948/948/2573
f 949/949/2574 948/948/2575 945/945/2576
f 948/948/2577 949/949/2578 950/950/2579
f 951/951/2580 950/950/2581 949/949/2582
f 950/950/2583 951/951/2584 952/952/2585
f 953/953/2586 952/952/2587 951/951/2588
f 952/952/2589 953/953/2590 954/954/2591
f 955/955/2592 954/954/2593 953/953/2594
f 954/954/2595 955/955/2596 956/956/2597
f 957/957/2598 956/956/2599 955/955/2600
f 956/956/2601 957/957/2602 958/958/2603
f 957/957/2604 959/959/2605 958/958/2606
f 959/959/2607 957/957/2608 960/960/2609
f 961/961/2610 960/960/2611 957/957/2612
f 960/960/2613 961/961/2614 962/962/2615
f 962/962/2616 963/963/2617 960/960/2618
f 963/963/2619 962/962/2620 964/964/2621
f 964/964/2622 965/965/2623 963/963/2624
f 965/965/2625 964/964/2626 966/966/2627
f 966/966/2628 967/967/2629 965/965/2630
f 967/967/2631 966/966/2632 968/968/2633
f 968/968/2634 969/969/2635 967/967/2636
f 969/969/2637 968/968/2638 970/970/2639
f 970/970/2640 971/971/2641 969/969/2642
f 971/971/2643 970/970/2644 972/972/2645
f 973/973/2646 969/969/2647 971/971/2648
f 969/969/2649 973/973/2650 974/974/2651
f 975/975/2652 974/974/2653 973/973/2654
f 974/974/2655 975/975/2656 976/976/2657
f 977/977/2658 976/976/2659 975/975/2660
f 976/976/2661 977/977/2662 978/978/2663
f 978/978/2664 979/979/2665 976/976/2666
f 979/979/2667 978/978/2668 980/980/2669
f 980/980/2670 981/981/2671 979/979/2672
f 981/981/2673 980/980/2674 982/982/2675
f 982/982/2676 983/983/2677 981/981/2678
f 983/983/2679 982/982/2680 984/984/2681
f 984/984/2682 985/985/2683 983/983/2684
f 985/985/2685 984/984/2686 986/986/2687
f 986/986/2688 987/987/2689 985/985/2690
f 987/987/2691 986/986/2692 988/988/2693
f 989/989/2694 987/987/2695 988/988/2696
f 987/987/2697 989/989/2698 990/990/2699
f 991/991/2700 990/990/2701 989/989/2702
f 990/990/2703 991/991/2704 992/992/2705
f 993/993/2706 992/992/2707 991/991/2708
f 992/992/2709 993/993/2710 994/994/2711
f 995/995/2712 994/994/2713 993/993/2714
f 994/994/2715 995/995/2716 996/996/2717
f 997/997/2718 996/996/2719 995/995/2720
f 996/996/2721 997/997/2722 998/998/2723
f 999/999/2724 998/998/2725 997/997/2726
f 998/998/2727 999/999/2728 1000/1000/2729
f 1000/1000/2730 948/948/2731 998/998/2732
f 948/948/2733 1000/1000/2734 946/946/2735
f 950/950/2736 998/998/2737 948/948/2738
f 998/998/2739 950/950/2740 996/996/2741
f 952/952/2742 996/996/2743 950/950/2744
f 996/996/2745 952/952/2746 994/994/2747
f 954/954/2748 994/994/2749 952/952/2750
f 994/994/2751 954/954/2752 992/992/2753
f 956/956/2754 992/992/2755 954/954/2756
f 992/992/2757 956/956/2758 990/990/2759
f 958/958/2760 990/990/2761 956/956/2762
f 990/990/2763 958/958/2764 987/987/2765
f 958/958/2766 985/985/2767 987/987/2768
f 985/985/2769 958/958/2770 959/959/2771
f 959/959/2772 983/983/2773 985/985/2774
f 983/983/2775 959/959/2776 1001/1001/2777
f 960/960/2778 1001/1001/2779 959/959/2780
f 1001/1001/2781 960/960/2782 963/963/2783
f 963/963/2784 1002/1002/2785 1001/1001/2786
f 1002/1002/2787 963/963/2788 965/965/2789
f 965/965/2790 1003/1003/2791 1002/1002/2792
f 1003/1003/2793 965/965/2794 967/967/2795
f 967/967/2796 974/974/2797 1003/1003/2798
f 974/974/2799 967/967/2800 969/969/2801
f 976/976/2802 1003/1003/2803 974/974/2804
f 1003/1003/2805 976/976/2806 979/979/2807
f 979/979/2808 1002/1002/2809 1003/1003/2810
f 1002/1002/2811 979/979/2812 981/981/2813
f 981/981/2814 1001/1001/2815 1002/1002/2816
f 1001/1001/2817 981/981/2818 983/983/2819
f 1004/1004/2820 947/947/2821 1005/1005/2822
f 947/947/2823 1004/1004/2824 945/945/2825
f 1006/1006/2826 945/945/2827 1004/1004/2828
f 945/945/2829 1006/1006/2830 949/949/2831
f 1007/1007/2832 949/949/2833 1006/1006/2834
f 949/949/2835 1007/1007/2836 951/951/2837
f 1008/1008/2838 951/951/2839 1007/1007/2840
f 951/951/2841 1008/1008/2842 953/953/2843
f 1009/1009/2844 953/953/2845 1008/1008/2846
f 953/953/2847 1009/1009/2848 955/955/2849
f 961/961/2850 955/955/2851 1009/1009/2852
f 955/955/2853 961/961/2854 957/957/2855
f 1010/1010/2856 1011/1011/2857 1012/1012/2858
f 1011/1011/2859 1010/1010/2860 1013/1013/2861
f 1014/1014/2862 1013/1013/2863 1010/1010/2864
f 1013/1013/2865 1014/1014/2866 1015/1015/2867
f 1016/1016/2868 1015/1015/2869 1014/1014/2870
f 1015/1015/2871 1016/1016/2872 1017/1017/2873
f 1018/1018/2874 1017/1017/2875 1016/1016/2876
f 1017/1017/2877 1018/1018/2878 1019/1019/2879
f 1019/1019/2880 1020/1020/2881 1017/1017/2882
f 1020/1020/2883 1019/1019/2884 1021/1021/2885
f 1021/1021/2886 1022/1022/2887 1020/1020/2888
f 1022/1022/2889 1021/1021/2890 1023/1023/2891
f 1024/1024/2892 1020/1020/2893 1022/1022/2894
f 1020/1020/2895 1024/1024/2896 1025/1025/2897
f 1026/1026/2898 1025/1025/2899 1024/1024/2900
f 1025/1025/2901 1026/1026/2902 1027/1027/2903
f 1028/1028/2904 1027/1027/2905 1026/1026/2906
f 1027/1027/2907 1028/1028/2908 1029/1029/2909
f 1029/1029/2910 1013/1013/2911 1027/1027/2912
f 1013/1013/2913 1029/1029/2914 1011/1011/2915
f 1015/1015/2916 1027/1027/2917 1013/1013/2918
f 1027/1027/2919 1015/1015/2920 1025/1025/2921
f 1017/1017/2922 1025/1025/2923 1015/1015/2924
f 1025/1025/2925 1017/1017/2926 1020/1020/2927
f 1030/1030/2928 1012/1012/2929 1031/1031/2930
f 1012/1012/2931 1030/1030/2932 1010/1010/2933
f 1032/1032/2934 1010/1010/2935 1030/1030/2936
f 1010/1010/2937 1032/1032/2938 1014/1014/2939
f 1033/1033/2940 1014/1014/2941 1032/1032/2942
f 1014/1014/2943 1033/1033/2944 1016/1016/2945
f 1034/1034/2946 1016/1016/2947 1033/1033/2948
f 1016/1016/2949 1034/1034/2950 1018/1018/2951
f 1035/1035/2952 1036/1036/2953 1037/1037/2954
f 1036/1036/2955 1035/1035/2956 1038/1038/2957
f 1038/1038/2958 1039/1039/2959 1036/1036/2960
f 1039/1039/2961 1038/1038/2962 1040/1040/2963
f 1040/1040/2964 1041/1041/2965 1039/1039/2966
f 1041/1041/2967 1040/1040/2968 1042/1042/2969
f 1037/1037/2970 1043/1043/2971 1035/1035/2972
f 1043/1043/2973 1037/1037/2974 1044/1044/2975
f 1045/1045/2976 1046/1046/2977 1047/1047/2978
f 1046/1046/2979 1045/1045/2980 1048/1048/2981
f 1047/1047/2982 1049/1049/2983 1045/1045/2984
f 1049/1049/2985 1047/1047/2986 1050/1050/2987
f 1050/1050/2988 1051/1051/2989 1049/1049/2990
f 1051/1051/2991 1050/1050/2992 1052/1052/2993
f 1052/1052/2994 1053/1053/2995 1051/1051/2996
f 1053/1053/2997 1052/1052/2998 1054/1054/2999
f 1055/1055/3000 1056/1056/3001 1057/1057/3002
f 1056/1056/3003 1055/1055/3004 1058/1058/3005
f 1057/1057/3006 1059/1059/3007 1055/1055/3008
f 1059/1059/3009 1057/1057/3010 1060/1060/3011
f 1060/1060/3012 1061/1061/3013 1059/1059/3014
f 1061/1061/3015 1060/1060/3016 1062/1062/3017
f 1062/1062/3018 1063/1063/3019 1061/1061/3020
f 1063/1063/3021 1062/1062/3022 1064/1064/3023
f 1065/1065/3024 1066/1066/3025 1067/1067/3026
f 1066/1066/3027 1065/1065/3028 1068/1068/3029
f 1068/1068/3030 1069/1069/3031 1066/1066/3032
f 1069/1069/3033 1068/1068/3034 1070/1070/3035
f 1070/1070/3036 1071/1071/3037 1069/1069/3038
f 1071/1071/3039 1070/1070/3040 1072/1072/3041
f 1067/1067/3042 1073/1073/3043 1065/1065/3044
f 1073/1073/3045 1067/1067/3046 1074/1074/3047
f 1075/1075/3048 1076/1076/3049 1077/1077/3050
f 1076/1076/3051 1075/1075/3052 1078/1078/3053
f 1078/1078/3054 1079/1079/3055 1076/1076/3056
f 1079/1079/3057 1078/1078/3058 1080/1080/3059
f 1080/1080/3060 1081/1081/3061 1079/1079/3062
f 1081/1081/3063 1080/1080/3064 1082/1082/3065
f 1082/1082/3066 1083/1083/3067 1081/1081/3068
f 1083/1083/3069 1082/1082/3070 1084/1084/3071
f 1085/1085/3072 1086/1086/3073 1087/1087/3074
f 1086/1086/3075 1085/1085/3076 1088/1088/3077
f 1088/1088/3078 1089/1089/3079 1086/1086/3080
f 1089/1089/3081 1088/1088/3082 1090/1090/3083
f 1090/1090/3084 1091/1091/3085 1089/1089/3086
f 1091/1091/3087 1090/1090/3088 1092/1092/3089
f 1087/1087/3090 1093/1093/3091 1085/1085/3092
f 1093/1093/3093 1087/1087/3094 1094/1094/3095
f 1095/1095/3096 1096/1096/3097 1097/1097/3098
f 1096/1096/3099 1095/1095/3100 1098/1098/3101
f 1097/1097/3102 1099/1099/3103 1095/1095/3104
f 1099/1099/3105 1097/1097/3106 1100/1100/3107
f 1100/1100/3108 1101/1101/3109 1099/1099/3110
f 1101/1101/3111 1100/1100/3112 1102/1102/3113
f 1102/1102/3114 1103/1103/3115 1101/1101/3116
f 1103/1103/3117 1102/1102/3118 1104/1104/3119
f 1105/1105/3120 1106/1106/3121 1107/1107/3122
f 1106/1106/3123 1105/1105/3124 1108/1108/3125
f 1109/1109/3126 1108/1108/3127 1105/1105/3128
f 1108/1108/3129 1109/1109/3130 1110/1110/3131
f 1109/1109/3132 1111/1111/3133 1110/1110/3134
f 1111/1111/3135 1109/1109/3136 1112/1112/3137
f 1112/1112/3138 1113/1113/3139 1111/1111/3140
f 1113/1113/3141 1112/1112/3142 1114/1114/3143
f 1115/1115/3144 1111/1111/3145 1113/1113/3146
f 1111/1111/3147 1115/1115/3148 1116/1116/3149
f 1117/1117/3150 1116/1116/3151 1115/1115/3152
f 1116/1116/3153 1117/1117/3154 1118/1118/3155
f 1119/1119/3156 1118/1118/3157 1117/1117/3158
f 1118/1118/3159 1119/1119/3160 1120/1120/3161
f 1120/1120/3162 1121/1121/3163 1118/1118/3164
f 1121/1121/3165 1120/1120/3166 1122/1122/3167
f 1123/1123/3168 1121/1121/3169 1122/1122/3170
f 1121/1121/3171 1123/1123/3172 1124/1124/3173
f 1125/1125/3174 1124/1124/3175 1123/1123/3176
f 1124/1124/3177 1125/1125/3178 1126/1126/3179
f 1126/1126/3180 1127/1127/3181 1124/1124/3182
f 1127/1127/3183 1126/1126/3184 1128/1128/3185
f 1128/1128/3186 1108/1108/3187 1127/1127/3188
f 1108/1108/3189 1128/1128/3190 1106/1106/3191
f 1110/1110/3192 1127/1127/3193 1108/1108/3194
f 1127/1127/3195 1110/1110/3196 1129/1129/3197
f 1110/1110/3198 1116/1116/3199 1129/1129/3200
f 1116/1116/3201 1110/1110/3202 1111/1111/3203
f 1118/1118/3204 1129/1129/3205 1116/1116/3206
f 1129/1129/3207 1118/1118/3208 1121/1121/3209
f 1124/1124/3210 1129/1129/3211 1121/1121/3212
f 1129/1129/3213 1124/1124/3214 1127/1127/3215
f 1130/1130/3216 1131/1131/3217 1132/1132/3218
f 1131/1131/3219 1130/1130/3220 1133/1133/3221
f 1132/1132/3222 1134/1134/3223 1130/1130/3224
f 1134/1134/3225 1132/1132/3226 1135/1135/3227
f 1135/1135/3228 1136/1136/3229 1134/1134/3230
f 1136/1136/3231 1135/1135/3232 1137/1137/3233
f 1137/1137/3234 1138/1138/3235 1136/1136/3236
f 1138/1138/3237 1137/1137/3238 1139/1139/3239
f 1140/1140/3240 1141/1141/3241 1142/1142/3242
f 1141/1141/3243 1140/1140/3244 1143/1143/3245
f 1142/1142/3246 1144/1144/3247 1140/1140/3248
f 1144/1144/3249 1142/1142/3250 1145/1145/3251
f 1145/1145/3252 1146/1146/3253 1144/1144/3254
f 1146/1146/3255 1145/1145/3256 1147/1147/3257
f 1147/1147/3258 1148/1148/3259 1146/1146/3260
f 1148/1148/3261 1147/1147/3262 1149/1149/3263
f 1150/1150/3264 1151/1151/3265 1152/1152/3266
f 1151/1151/3267 1150/1150/3268 1153/1153/3269
f 1152/1152/3270 1154/1154/3271 1150/1150/3272
f 1154/1154/3273 1152/1152/3274 1155/1155/3275
f 1155/1155/3276 1156/1156/3277 1154/1154/3278
f 1156/1156/3279 1155/1155/3280 1157/1157/3281
f 1157/1157/3282 1158/1158/3283 1156/1156/3284
f 1158/1158/3285 1157/1157/3286 1159/1159/3287
f 1160/1160/3288 1161/1161/3289 1162/1162/3290
f 1161/1161/3291 1160/1160/3292 1163/1163/3293
f 1162/1162/3294 1164/1164/3295 1160/1160/3296
f 1164/1164/3297 1162/1162/3298 1165/1165/3299
f 1165/1165/3300 1166/1166/3301 1164/1164/3302
f 1166/1166/3303 1165/1165/3304 1167/1167/3305
f 1167/1167/3306 1168/1168/3307 1166/1166/3308
f 1168/1168/3309 1167/1167/3310 1169/1169/3311
f 1170/1170/3312 1171/1171/3313 1172/1172/3314
f 1171/1171/3315 1170/1170/3316 1173/1173/3317
f 1173/1173/3318 1174/1174/3319 1171/1171/3320
f 1174/1174/3321 1173/1173/3322 1175/1175/3323
f 1175/1175/3324 1176/1176/3325 1174/1174/3326
f 1176/1176/3327 1175/1175/3328 1177/1177/3329
f 1172/1172/3330 1178/1178/3331 1170/1170/3332
f 1178/1178/3333 1172/1172/3334 1179/1179/3335
f 1180/1180/3336 1181/1181/3337 1182/1182/3338
f 1181/1181/3339 1180/1180/3340 1183/1183/3341
f 1182/1182/3342 1184/1184/3343 1180/1180/3344
f 1184/1184/3345 1182/1182/3346 1185/1185/3347
f 1185/1185/3348 1186/1186/3349 1184/1184/3350
f 1186/1186/3351 1185/1185/3352 1187/1187/3353
f 1187/1187/3354 1188/1188/3355 1186/1186/3356
f 1188/1188/3357 1187/1187/3358 1189/1189/3359
f 1190/1190/3360 1191/1191/3361 1192/1192/3362
f 1191/1191/3363 1190/1190/3364 1193/1193/3365
f 1192/1192/3366 1194/1194/3367 1190/1190/3368
f 1194/1194/3369 1192/1192/3370 1195/1195/3371
f 1195/1195/3372 1196/1196/3373 1194/1194/3374
f 1196/1196/3375 1195/1195/3376 1197/1197/3377
f 1197/1197/3378 1198/1198/3379 1196/1196/3380
f 1198/1198/3381 1197/1197/3382 1199/1199/3383
f 1200/1200/3384 1201/1201/3385 1202/1202/3386
f 1201/1201/3387 1200/1200/3388 1203/1203/3389
f 1202/1202/3390 1204/1204/3391 1200/1200/3392
f 1204/1204/3393 1202/1202/3394 1205/1205/3395
f 1205/1205/3396 1206/1206/3397 1204/1204/3398
f 1206/1206/3399 1205/1205/3400 1207/1207/3401
f 1207/1207/3402 1208/1208/3403 1206/1206/3404
f 1208/1208/3405 1207/1207/3406 1209/1209/3407
f 1210/1210/3408 1211/1211/3409 1212/1212/3410
f 1211/1211/3411 1210/1210/3412 1213/1213/3413
f 1213/1213/3414 1214/1214/3415 1211/1211/3416
f 1214/1214/3417 1213/1213/3418 1215/1215/3419
f 1212/1212/3420 1216/1216/3421 1210/1210/3422
f 1216/1216/3423 1212/1212/3424 1217/1217/3425
f 1217/1217/3426 1218/1218/3427 1216/1216/3428
f 1218/1218/3429 1217/1217/3430 1219/1219/3431
f 1220/1220/3432 1221/1221/3433 1222/1222/3434
f 1221/1221/3435 1220/1220/3436 1223/1223/3437
f 1223/1223/3438 1224/1224/3439 1221/1221/3440
f 1224/1224/3441 1223/1223/3442 1225/1225/3443
f 1222/1222/3444 1226/1226/3445 1220/1220/3446
f 1226/1226/3447 1222/1222/3448 1227/1227/3449
f 1227/1227/3450 1228/1228/3451 1226/1226/3452
f 1228/1228/3453 1227/1227/3454 1229/1229/3455
f 1230/1230/3456 1231/1231/3457 1232/1232/3458
f 1231/1231/3459 1230/1230/3460 1233/1233/3461
f 1233/1233/3462 1234/1234/3463 1231/1231/3464
f 1234/1234/3465 1233/1233/3466 1235/1235/3467
f 1232/1232/3468 1236/1236/3469 1230/1230/3470
f 1236/1236/3471 1232/1232/3472 1237/1237/3473
f 1237/1237/3474 1238/1238/3475 1236/1236/3476
f 1238/1238/3477 1237/1237/3478 1239/1239/3479
f 1240/1240/3480 1241/1241/3481 1242/1242/3482
f 1241/1241/3483 1240/1240/3484 1243/1243/3485
f 1242/1242/3486 1244/1244/3487 1240/1240/3488
f 1244/1244/3489 1242/1242/3490 1245/1245/3491
f 1245/1245/3492 1246/1246/3493 1244/1244/3494
f 1246/1246/3495 1245/1245/3496 1247/1247/3497
f 1247/1247/3498 1248/1248/3499 1246/1246/3500
f 1248/1248/3501 1247/1247/3502 1249/1249/3503
f 1250/1250/3504 1251/1251/3505 1252/1252/3506
f 1251/1251/3507 1250/1250/3508 1253/1253/3509
f 1252/1252/3510 1254/1254/3511 1250/1250/3512
f 1254/1254/3513 1252/1252/3514 1255/1255/3515
f 1255/1255/3516 1256/1256/3517 1254/1254/3518
f 1256/1256/3519 1255/1255/3520 1257/1257/3521
f 1257/1257/3522 1258/1258/3523 1256/1256/3524
f 1258/1258/3525 1257/1257/3526 1259/1259/3527
f 1260/1260/3528 1261/1261/3529 1262/1262/3530
f 1261/1261/3531 1260/1260/3532 1263/1263/3533
f 1262/1262/3534 1264/1264/3535 1260/1260/3536
f 1264/1264/3537 1262/1262/3538 1265/1265/3539
f 1265/1265/3540 1266/1266/3541 1264/1264/3542
f 1266/1266/3543 1265/1265/3544 1267/1267/3545
f 1267/1267/3546 1268/1268/3547 1266/1266/3548
f 1268/1268/3549 1267/1267/3550 1269/1269/3551
f 1270/1270/3552 1271/1271/3553 1272/1272/3554
f 1271/1271/3555 1270/1270/3556 1273/1273/3557
f 1274/1274/3558 1273/1273/3559 1270/1270/3560
f 1273/1273/3561 1274/1274/3562 1275/1275/3563
f 1270/1270/3564 1276/1276/3565 1274/1274/3566
f 1276/1276/3567 1270/1270/3568 1277/1277/3569
f 1272/1272/3570 1277/1277/3571 1270/1270/3572
f 1277/1277/3573 1272/1272/3574 1278/1278/3575
f 1279/1279/3576 1278/1278/3577 1272/1272/3578
f 1278/1278/3579 1279/1279/3580 1280/1280/3581
f 1281/1281/3582 1280/1280/3583 1279/1279/3584
f 1280/1280/3585 1281/1281/3586 1282/1282/3587
f 1282/1282/3588 1283/1283/3589 1280/1280/3590
f 1283/1283/3591 1282/1282/3592 1284/1284/3593
f 1284/1284/3594 1285/1285/3595 1283/1283/3596
f 1285/1285/3597 1284/1284/3598 1286/1286/3599
f 1287/1287/3600 1283/1283/3601 1285/1285/3602
f 1283/1283/3603 1287/1287/3604 1288/1288/3605
f 1289/1289/3606 1288/1288/3607 1287/1287/3608
f 1288/1288/3609 1289/1289/3610 1290/1290/3611
f 1291/1291/3612 1290/1290/3613 1289/1289/3614
f 1290/1290/3615 1291/1291/3616 1292/1292/3617
f 1292/1292/3618 1277/1277/3619 1290/1290/3620
f 1277/1277/3621 1292/1292/3622 1276/1276/3623
f 1278/1278/3624 1290/1290/3625 1277/1277/3626
f 1290/1290/3627 1278/1278/3628 1288/1288/3629
f 1280/1280/3630 1288/1288/3631 1278/1278/3632
f 1288/1288/3633 1280/1280/3634 1283/1283/3635
f 1279/1279/3636 1293/1293/3637 1281/1281/3638
f 1293/1293/3639 1279/1279/3640 1294/1294/3641
f 1272/1272/3642 1294/1294/3643 1279/1279/3644
f 1294/1294/3645 1272/1272/3646 1271/1271/3647
f 1295/1295/3648 1296/1296/3649 1297/1297/3650
f 1296/1296/3651 1295/1295/3652 1298/1298/3653
f 1299/1299/3654 1298/1298/3655 1295/1295/3656
f 1298/1298/3657 1299/1299/3658 1300/1300/3659
f 1301/1301/3660 1297/1297/3661 1296/1296/3662
f 1297/1297/3663 1301/1301/3664 1302/1302/3665
f 1303/1303/3666 1302/1302/3667 1301/1301/3668
f 1302/1302/3669 1303/1303/3670 1304/1304/3671
f 1305/1305/3672 1306/1306/3673 1307/1307/3674
f 1306/1306/3675 1305/1305/3676 1308/1308/3677
f 1309/1309/3678 1308/1308/3679 1305/1305/3680
f 1308/1308/3681 1309/1309/3682 1310/1310/3683
f 1311/1311/3684 1310/1310/3685 1309/1309/3686
f 1310/1310/3687 1311/1311/3688 1312/1312/3689
f 1313/1313/3690 1312/1312/3691 1311/1311/3692
f 1312/1312/3693 1313/1313/3694 1314/1314/3695
f 1315/1315/3696 1316/1316/3697 1317/1317/3698
f 1316/1316/3699 1315/1315/3700 1318/1318/3701
f 1319/1319/3702 1318/1318/3703 1315/1315/3704
f 1318/1318/3705 1319/1319/3706 1320/1320/3707
f 1321/1321/3708 1320/1320/3709 1319/1319/3710
f 1320/1320/3711 1321/1321/3712 1322/1322/3713
f 1323/1323/3714 1322/1322/3715 1321/1321/3716
f 1322/1322/3717 1323/1323/3718 1324/1324/3719
f 1325/1325/3720 1326/1326/3721 1327/1327/3722
f 1326/1326/3723 1325/1325/3724 1328/1328/3725
f 1329/1329/3726 1328/1328/3727 1325/1325/3728
f 1328/1328/3729 1329/1329/3730 1330/1330/3731
f 1331/1331/3732 1327/1327/3733 1326/1326/3734
f 1327/1327/3735 1331/1331/3736 1332/1332/3737
f 1333/1333/3738 1332/1332/3739 1331/1331/3740
f 1332/1332/3741 1333/1333/3742 1334/1334/3743
f 1335/1335/3744 1336/1336/3745 1337/1337/3746
f 1336/1336/3747 1335/1335/3748 1338/1338/3749
f 1339/1339/3750 1338/1338/3751 1335/1335/3752
f 1338/1338/3753 1339/1339/3754 1340/1340/3755
f 1341/1341/3756 1337/1337/3757 1336/1336/3758
f 1337/1337/3759 1341/1341/3760 1342/1342/3761
f 1343/1343/3762 1342/1342/3763 1341/1341/3764
f 1342/1342/3765 1343/1343/3766 1344/1344/3767
f 1345/1345/3768 1346/1346/3769 1347/1347/3770
f 1346/1346/3771 1345/1345/3772 1348/1348/3773
f 1349/1349/3774 1348/1348/3775 1345/1345/3776
f 1348/1348/3777 1349/1349/3778 1350/1350/3779
f 1351/1351/3780 1347/1347/3781 1346/1346/3782
f 1347/1347/3783 1351/1351/3784 1352/1352/3785
f 1353/1353/3786 1352/1352/3787 1351/1351/3788
f 1352/1352/3789 1353/1353/3790 1354/1354/3791
f 1355/1355/3792 1356/1356/3793 1357/1357/3794
f 1356/1356/3795 1355/1355/3796 1358/1358/3797
f 1359/1359/3798 1358/1358/3799 1355/1355/3800
f 1358/1358/3801 1359/1359/3802 1360/1360/3803
f 1361/1361/3804 1357/1357/3805 1356/1356/3806
f 1357/1357/3807 1361/1361/3808 1362/1362/3809
f 1363/1363/3810 1362/1362/3811 1361/1361/3812
f 1362/1362/3813 1363/1363/3814 1364/1364/3815
f 1365/1365/3816 1366/1366/3817 1367/1367/3818
f 1366/1366/3819 1365/1365/3820 1368/1368/3821
f 1369/1369/3822 1368/1368/3823 1365/1365/3824
f 1368/1368/3825 1369/1369/3826 1370/1370/3827
f 1371/1371/3828 1370/1370/3829 1369/1369/3830
f 1370/1370/3831 1371/1371/3832 1372/1372/3833
f 1373/1373/3834 1372/1372/3835 1371/1371/3836
f 1372/1372/3837 1373/1373/3838 1374/1374/3839
f 1375/1375/3840 1376/1376/3841 1377/1377/3842
f 1376/1376/3843 1375/1375/3844 1378/1378/3845
f 1379/1379/3846 1378/1378/3847 1375/1375/3848
f 1378/1378/3849 1379/1379/3850 1380/1380/3851
f 1381/1381/3852 1380/1380/3853 1379/1379/3854
f 1380/1380/3855 1381/1381/3856 1382/1382/3857
f 1383/1383/3858 1382/1382/3859 1381/1381/3860
f 1382/1382/3861 1383/1383/3862 1384/1384/3863
f 1385/1385/3864 1386/1386/3865 1387/1387/3866
f 1386/1386/3867 1385/1385/3868 1388/1388/3869
f 1389/1389/3870 1388/1388/3871 1385/1385/3872
f 1388/1388/3873 1389/1389/3874 1390/1390/3875
f 1391/1391/3876 1390/1390/3877 1389/1389/3878
f 1390/1390/3879 1391/1391/3880 1392/1392/3881
f 1393/1393/3882 1392/1392/3883 1391/1391/3884
f 1392/1392/3885 1393/1393/3886 1394/1394/3887
f 1395/1395/3888 1396/1396/3889 1397/1397/3890
f 1396/1396/3891 1395/1395/3892 1398/1398/3893
f 1399/1399/3894 1398/1398/3895 1395/1395/3896
f 1398/1398/3897 1399/1399/3898 1400/1400/3899
f 1401/1401/3900 1400/1400/3901 1399/1399/3902
f 1400/1400/3903 1401/1401/3904 1402/1402/3905
f 1403/1403/3906 1402/1402/3907 1401/1401/3908
f 1402/1402/3909 1403/1403/3910 1404/1404/3911
f 1405/1405/3912 1406/1406/3913 1407/1407/3914
f 1406/1406/3915 1405/1405/3916 1408/1408/3917
f 1409/1409/3918 1408/1408/3919 1405/1405/3920
f 1408/1408/3921 1409/1409/3922 1410/1410/3923
f 1411/1411/3924 1407/1407/3925 1406/1406/3926
f 1407/1407/3927 1411/1411/3928 1412/1412/3929
f 1413/1413/3930 1412/1412/3931 1411/1411/3932
f 1412/1412/3933 1413/1413/3934 1414/1414/3935
f 1415/1415/3936 1416/1416/3937 1417/1417/3938
f 1416/1416/3939 1415/1415/3940 1418/1418/3941
f 1419/1419/3942 1418/1418/3943 1415/1415/3944
f 1418/1418/3945 1419/1419/3946 1420/1420/3947
f 1421/1421/3948 1420/1420/3949 1419/1419/3950
f 1420/1420/3951 1421/1421/3952 1422/1422/3953
f 1423/1423/3954 1422/1422/3955 1421/1421/3956
f 1422/1422/3957 1423/1423/3958 1424/1424/3959
f 1425/1425/3960 1426/1426/3961 1427/1427/3962
f 1426/1426/3963 1425/1425/3964 1428/1428/3965
f 1429/1429/3966 1428/1428/3967 1425/1425/3968
f 1428/1428/3969 1429/1429/3970 1430/1430/3971
f 1431/1431/3972 1430/1430/3973 1429/1429/3974
f 1430/1430/3975 1431/1431/3976 1432/1432/3977
f 1433/1433/3978 1432/1432/3979 1431/1431/3980
f 1432/1432/3981 1433/1433/3982 1434/1434/3983
f 1435/1435/3984 1436/1436/3985 1437/1437/3986
f 1436/1436/3987 1435/1435/3988 1438/1438/3989
f 1439/1439/3990 1438/1438/3991 1435/1435/3992
f 1438/1438/3993 1439/1439/3994 1440/1440/3995
f 1441/1441/3996 1440/1440/3997 1439/1439/3998
f 1440/1440/3999 1441/1441/4000 1442/1442/4001
f 1443/1443/4002 1442/1442/4003 1441/1441/4004
f 1442/1442/4005 1443/1443/4006 1444/1444/4007
f 1445/1445/4008 1446/1446/4009 1447/1447/4010
f 1446/1446/4011 1445/1445/4012 1448/1448/4013
f 1449/1449/4014 1448/1448/4015 1445/1445/4016
f 1448/1448/4017 1449/1449/4018 1450/1450/4019
f 1451/1451/4020 1450/1450/4021 1449/1449/4022
f 1450/1450/4023 1451/1451/4024 1452/1452/4025
f 1453/1453/4026 1447/1447/4027 1446/1446/4028
f 1447/1447/4029 1453/1453/4030 1454/1454/4031
f 1455/1455/4032 1456/1456/4033 1457/1457/4034
f 1456/1456/4035 1455/1455/4036 1458/1458/4037
f 1459/1459/4038 1458/1458/4039 1455/1455/4040
f 1458/1458/4041 1459/1459/4042 1460/1460/4043
f 1461/1461/4044 1460/1460/4045 1459/1459/4046
f 1460/1460/4047 1461/1461/4048 1462/1462/4049
f 1463/1463/4050 1457/1457/4051 1456/1456/4052
f 1457/1457/4053 1463/1463/4054 1464/1464/4055
f 1465/1465/4056 1466/1466/4057 1467/1467/4058
f 1466/1466/4059 1465/1465/4060 1468/1468/4061
f 1469/1469/4062 1468/1468/4063 1465/1465/4064
f 1468/1468/4065 1469/1469/4066 1470/1470/4067
f 1471/1471/4068 1470/1470/4069 1469/1469/4070
f 1470/1470/4071 1471/1471/4072 1472/1472/4073
f 1473/1473/4074 1467/1467/4075 1466/1466/4076
f 1467/1467/4077 1473/1473/4078 1474/1474/4079
f 1475/1475/4080 1476/1476/4081 1477/1477/4082
f 1476/1476/4083 1475/1475/4084 1478/1478/4085
f 1479/1479/4086 1478/1478/4087 1475/1475/4088
f 1478/1478/4089 1479/1479/4090 1480/1480/4091
f 1481/1481/4092 1480/1480/4093 1479/1479/4094
f 1480/1480/4095 1481/1481/4096 1482/1482/4097
f 1483/1483/4098 1482/1482/4099 1481/1481/4100
f 1482/1482/4101 1483/1483/4102 1484/1484/4103
f 1485/1485/4104 1486/1486/4105 1487/1487/4106
f 1486/1486/4107 1485/1485/4108 1488/1488/4109
f 1489/1489/4110 1488/1488/4111 1485/1485/4112
f 1488/1488/4113 1489/1489/4114 1490/1490/4115
f 1491/1491/4116 1490/1490/4117 1489/1489/4118
f 1490/1490/4119 1491/1491/4120 1492/1492/4121
f 1493/1493/4122 1492/1492/4123 1491/1491/4124
f 1492/1492/4125 1493/1493/4126 1494/1494/4127
f 1495/1495/4128 1496/1496/4129 1497/1497/4130
f 1496/1496/4131 1495/1495/4132 1498/1498/4133
f 1499/1499/4134 1498/1498/4135 1495/1495/4136
f 1498/1498/4137 1499/1499/4138 1500/1500/4139
f 1501/1501/4140 1500/1500/4141 1499/1499/4142
f 1500/1500/4143 1501/1501/4144 1502/1502/4145
f 1503/1503/4146 1502/1502/4147 1501/1501/4148
f 1502/1502/4149 1503/1503/4150 1504/1504/4151
f 1505/1505/4152 1506/1506/4153 1507/1507/4154
f 1506/1506/4155 1505/1505/4156 1508/1508/4157
f 1509/1509/4158 1510/1510/4159 1511/1511/4160
f 1510/1510/4161 1509/1509/4162 1512/1512/4163
f 1510/1510/4164 1513/1513/4165 1511/1511/4166
f 1513/1513/4167 1510/1510/4168 1514/1514/4169
f 1515/1515/4170 1516/1516/4171 1517/1517/4172
f 1516/1516/4173 1515/1515/4174 1518/1518/4175
f 1519/1519/4176 1520/1520/4177 1521/1521/4178
f 1520/1520/4179 1519/1519/4180 1522/1522/4181
f 1523/1523/4182 1524/1524/4183 1525/1525/4184
f 1524/1524/4185 1523/1523/4186 1526/1526/4187
f 1527/1527/4188 1528/1528/4189 1529/1529/4190
f 1528/1528/4191 1527/1527/4192 1530/1530/4193
f 1530/1530/4194 1531/1531/4195 1528/1528/4196
f 1531/1531/4197 1530/1530/4198 1532/1532/4199
f 1532/1532/4200 1533/1533/4201 1531/1531/4202
f 1533/1533/4203 1532/1532/4204 1534/1534/4205
f 1534/1534/4206 1535/1535/4207 1533/1533/4208
f 1535/1535/4209 1534/1534/4210 1536/1536/4211
f 1536/1536/4212 1537/1537/4213 1535/1535/4214
f 1537/1537/4215 1536/1536/4216 1538/1538/4217
f 1538/1538/4218 1539/1539/4219 1537/1537/4220
f 1539/1539/4221 1538/1538/4222 1540/1540/4223
f 1541/1541/4224 1542/1542/4225 1543/1543/4226
f 1542/1542/4227 1541/1541/4228 1544/1544/4229
f 1545/1545/4230 1544/1544/4231 1541/1541/4232
f 1544/1544/4233 1545/1545/4234 1546/1546/4235
f 1547/1547/4236 1548/1548/4237 1549/1549/4238
f 1548/1548/4239 1547/1547/4240 1550/1550/4241
f 1550/1550/4242 1551/1551/4243 1548/1548/4244
f 1551/1551/4245 1550/1550/4246 1552/1552/4247
f 1552/1552/4248 1553/1553/4249 1551/1551/4250
f 1553/1553/4251 1552/1552/4252 1554/1554/4253
f 1554/1554/4254 1555/1555/4255 1553/1553/4256
f 1555/1555/4257 1554/1554/4258 1556/1556/4259
f 1556/1556/4260 1557/1557/4261 1555/1555/4262
f 1557/1557/4263 1556/1556/4264 1558/1558/4265
f 1558/1558/4266 1559/1559/4267 1557/1557/4268
f 1559/1559/4269 1558/1558/4270 1560/1560/4271
f 1561/1561/4272 1562/1562/4273 1563/1563/4274
f 1562/1562/4275 1561/1561/4276 1564/1564/4277
f 1565/1565/4278 1564/1564/4279 1561/1561/4280
f 1564/1564/4281 1565/1565/4282 1566/1566/4283
f 1567/1567/4284 1568/1568/4285 1569/1569/4286
f 1568/1568/4287 1567/1567/4288 1570/1570/4289
f 1571/1571/4290 1572/1572/4291 1573/1573/4292
f 1572/1572/4293 1571/1571/4294 1574/1574/4295
f 1572/1572/4296 1575/1575/4297 1573/1573/4298
f 1575/1575/4299 1572/1572/4300 1576/1576/4301
f 1577/1577/4302 1578/1578/4303 1579/1579/4304
f 1578/1578/4305 1577/1577/4306 1580/1580/4307
f 1581/1581/4308 1582/1582/4309 1583/1583/4310
f 1582/1582/4311 1581/1581/4312 1584/1584/4313
f 1585/1585/4314 1586/1586/4315 1587/1587/4316
f 1586/1586/4317 1585/1585/4318 1588/1588/4319
f 1589/1589/4320 1590/1590/4321 1591/1591/4322
f 1590/1590/4323 1589/1589/4324 1592/1592/4325
f 1592/1592/4326 1593/1593/4327 1590/1590/4328
f 1593/1593/4329 1592/1592/4330 1594/1594/4331
f 1594/1594/4332 1595/1595/4333 1593/1593/4334
f 1595/1595/4335 1594/1594/4336 1596/1596/4337
f 1596/1596/4338 1597/1597/4339 1595/1595/4340
f 1597/1597/4341 1596/1596/4342 1598/1598/4343
f 1598/1598/4344 1599/1599/4345 1597/1597/4346
f 1599/1599/4347 1598/1598/4348 1600/1600/4349
f 1600/1600/4350 1601/1601/4351 1599/1599/4352
f 1601/1601/4353 1600/1600/4354 1602/1602/4355
f 1603/1603/4356 1604/1604/4357 1605/1605/4358
f 1604/1604/4359 1603/1603/4360 1606/1606/4361
f 1607/1607/4362 1606/1606/4363 1603/1603/4364
f 1606/1606/4365 1607/1607/4366 1608/1608/4367
f 1609/1609/4368 1610/1610/4369 1611/1611/4370
f 1610/1610/4371 1609/1609/4372 1612/1612/4373
f 1612/1612/4374 1613/1613/4375 1610/1610/4376
f 1613/1613/4377 1612/1612/4378 1614/1614/4379
f 1614/1614/4380 1615/1615/4381 1613/1613/4382
f 1615/1615/4383 1614/1614/4384 1616/1616/4385
f 1616/1616/4386 1617/1617/4387 1615/1615/4388
f 1617/1617/4389 1616/1616/4390 1618/1618/4391
f 1618/1618/4392 1619/1619/4393 1617/1617/4394
f 1619/1619/4395 1618/1618/4396 1620/1620/4397
f 1620/1620/4398 1621/1621/4399 1619/1619/4400
f 1621/1621/4401 1620/1620/4402 1622/1622/4403
f 1623/1623/4404 1624/1624/4405 1625/1625/4406
f 1624/1624/4407 1623/1623/4408 1626/1626/4409
f 1627/1627/4410 1626/1626/4411 1623/1623/4412
f 1626/1626/4413 1627/1627/4414 1628/1628/4415
f 1629/1629/4416 1630/1630/4417 1631/1631/4418
f 1630/1630/4419 1629/1629/4420 1632/1632/4421
f 1633/1633/4422 1632/1632/4423 1629/1629/4424
f 1632/1632/4425 1633/1633/4426 1634/1634/4427
f 1635/1635/4428 1634/1634/4429 1633/1633/4430
f 1634/1634/4431 1635/1635/4432 1636/1636/4433
f 1637/1637/4434 1636/1636/4435 1635/1635/4436
f 1636/1636/4437 1637/1637/4438 1638/1638/4439
f 1639/1639/4440 1638/1638/4441 1637/1637/4442
f 1638/1638/4443 1639/1639/4444 1640/1640/4445
f 1641/1641/4446 1640/1640/4447 1639/1639/4448
f 1640/1640/4449 1641/1641/4450 1642/1642/4451
f 1643/1643/4452 1642/1642/4453 1641/1641/4454
f 1642/1642/4455 1643/1643/4456 1644/1644/4457
f 1645/1645/4458 1631/1631/4459 1630/1630/4460
f 1631/1631/4461 1645/1645/4462 1646/1646/4463
f 1647/1647/4464 1646/1646/4465 1645/1645/4466
f 1646/1646/4467 1647/1647/4468 1648/1648/4469
f 1649/1649/4470 1648/1648/4471 1647/1647/4472
f 1648/1648/4473 1649/1649/4474 1650/1650/4475
f 1651/1651/4476 1650/1650/4477 1649/1649/4478
f 1650/1650/4479 1651/1651/4480 1652/1652/4481
f 1653/1653/4482 1652/1652/4483 1651/1651/4484
f 1652/1652/4485 1653/1653/4486 1654/1654/4487
f 1655/1655/4488 1656/1656/4489 1657/1657/4490
f 1656/1656/4491 1655/1655/4492 1658/1658/4493
f 1658/1658/4494 1659/1659/4495 1656/1656/4496
f 1659/1659/4497 1658/1658/4498 1660/1660/4499
f 1660/1660/4500 1661/1661/4501 1659/1659/4502
f 1661/1661/4503 1660/1660/4504 1662/1662/4505
f 1662/1662/4506 1663/1663/4507 1661/1661/4508
f 1663/1663/4509 1662/1662/4510 1664/1664/4511
f 1664/1664/4512 1665/1665/4513 1663/1663/4514
f 1665/1665/4515 1664/1664/4516 1666/1666/4517
f 1667/1667/4518 1668/1668/4519 1669/1669/4520
f 1668/1668/4521 1667/1667/4522 1670/1670/4523
f 1670/1670/4524 1671/1671/4525 1668/1668/4526
f 1671/1671/4527 1670/1670/4528 1672/1672/4529
f 1672/1672/4530 1673/1673/4531 1671/1671/4532
f 1673/1673/4533 1672/1672/4534 1674/1674/4535
f 1674/1674/4536 1675/1675/4537 1673/1673/4538
f 1675/1675/4539 1674/1674/4540 1676/1676/4541
f 1669/1669/4542 1677/1677/4543 1667/1667/4544
f 1677/1677/4545 1669/1669/4546 1678/1678/4547
f 1679/1679/4548 1680/1680/4549 1681/1681/4550
f 1680/1680/4551 1679/1679/4552 1682/1682/4553
f 1683/1683/4554 1682/1682/4555 1679/1679/4556
f 1682/1682/4557 1683/1683/4558 1684/1684/4559
f 1685/1685/4560 1684/1684/4561 1683/1683/4562
f 1684/1684/4563 1685/1685/4564 1686/1686/4565
f 1687/1687/4566 1686/1686/4567 1685/1685/4568
f 1686/1686/4569 1687/1687/4570 1688/1688/4571
f 1689/1689/4572 1681/1681/4573 1680/1680/4574
f 1681/1681/4575 1689/1689/4576 1690/1690/4577
f 1691/1691/4578 1690/1690/4579 1689/1689/4580
f 1690/1690/4581 1691/1691/4582 1692/1692/4583
f 1693/1693/4584 1692/1692/4585 1691/1691/4586
f 1692/1692/4587 1693/1693/4588 1694/1694/4589
f 1695/1695/4590 1694/1694/4591 1693/1693/4592
f 1694/1694/4593 1695/1695/4594 1696/1696/4595
f 1697/1697/4596 1696/1696/4597 1695/1695/4598
f 1696/1696/4599 1697/1697/4600 1698/1698/4601
f 1699/1699/4602 1700/1700/4603 1701/1701/4604
f 1700/1700/4605 1699/1699/4606 1702/1702/4607
f 1703/1703/4608 1702/1702/4609 1699/1699/4610
f 1702/1702/4611 1703/1703/4612 1704/1704/4613
f 1705/1705/4614 1704/1704/4615 1703/1703/4616
f 1704/1704/4617 1705/1705/4618 1706/1706/4619
f 1707/1707/4620 1706/1706/4621 1705/1705/4622
f 1706/1706/4623 1707/1707/4624 1708/1708/4625
f 1709/1709/4626 1708/1708/4627 1707/1707/4628
f 1708/1708/4629 1709/1709/4630 1710/1710/4631
f 1711/1711/4632 1701/1701/4633 1700/1700/4634
f 1701/1701/4635 1711/1711/4636 1712/1712/4637
f 1713/1713/4638 1712/1712/4639 1711/1711/4640
f 1712/1712/4641 1713/1713/4642 1714/1714/4643
f 1715/1715/4644 1714/1714/4645 1713/1713/4646
f 1714/1714/4647 1715/1715/4648 1716/1716/4649
f 1717/1717/4650 1716/1716/4651 1715/1715/4652
f 1716/1716/4653 1717/1717/4654 1718/1718/4655
f 1719/1719/4656 1718/1718/4657 1717/1717/4658
f 1718/1718/4659 1719/1719/4660 1720/1720/4661
f 1721/1721/4662 1720/1720/4663 1719/1719/4664
f 1720/1720/4665 1721/1721/4666 1722/1722/4667
f 1723/1723/4668 1722/1722/4669 1721/1721/4670
f 1722/1722/4671 1723/1723/4672 1724/1724/4673
f 1725/1725/4674 1726/1726/4675 1727/1727/4676
f 1726/1726/4677 1725/1725/4678 1728/1728/4679
f 1729/1729/4680 1728/1728/4681 1725/1725/4682
f 1728/1728/4683 1729/1729/4684 1730/1730/4685
f 1726/1726/4686 1731/1731/4687 1727/1727/4688
f 1731/1731/4689 1726/1726/4690 1732/1732/4691
f 1732/1732/4692 1733/1733/4693 1731/1731/4694
f 1733/1733/4695 1732/1732/4696 1734/1734/4697
f 1734/1734/4698 1735/1735/4699 1733/1733/4700
f 1735/1735/4701 1734/1734/4702 1736/1736/4703
f 1737/1737/4704 1738/1738/4705 1739/1739/4706
f 1738/1738/4707 1737/1737/4708 1740/1740/4709
f 1740/1740/4710 1741/1741/4711 1738/1738/4712
f 1741/1741/4713 1740/1740/4714 1742/1742/4715
f 1739/1739/4716 1743/1743/4717 1737/1737/4718
f 1743/1743/4719 1739/1739/4720 1744/1744/4721
f 1744/1744/4722 1745/1745/4723 1743/1743/4724
f 1745/1745/4725 1744/1744/4726 1746/1746/4727
f 1746/1746/4728 1747/1747/4729 1745/1745/4730
f 1747/1747/4731 1746/1746/4732 1748/1748/4733
f 1749/1749/4734 1750/1750/4735 1751/1751/4736
f 1750/1750/4737 1749/1749/4738 1752/1752/4739
f 1753/1753/4740 1754/1754/4741 1755/1755/4742
f 1754/1754/4743 1753/1753/4744 1756/1756/4745
f 1753/1753/4746 1757/1757/4747 1756/1756/4748
f 1757/1757/4749 1753/1753/4750 1758/1758/4751
f 1754/1754/4752 1759/1759/4753 1755/1755/4754
f 1759/1759/4755 1754/1754/4756 1760/1760/4757
f 1761/1761/4758 1762/1762/4759 1763/1763/4760
f 1762/1762/4761 1761/1761/4762 1764/1764/4763
f 1764/1764/4764 1765/1765/4765 1762/1762/4766
f 1765/1765/4767 1764/1764/4768 1766/1766/4769
f 1767/1767/4770 1768/1768/4771 1769/1769/4772
f 1768/1768/4773 1767/1767/4774 1770/1770/4775
f 1771/1771/4776 1772/1772/4777 1773/1773/4778
f 1772/1772/4779 1771/1771/4780 1774/1774/4781
f 1774/1774/4782 1775/1775/4783 1772/1772/4784
f 1775/1775/4785 1774/1774/4786 1776/1776/4787
f 1777/1777/4788 1778/1778/4789 1779/1779/4790
f 1778/1778/4791 1777/1777/4792 1780/1780/4793
f 1781/1781/4794 1782/1782/4795 1783/1783/4796
f 1782/1782/4797 1781/1781/4798 1784/1784/4799
f 1785/1785/4800 1784/1784/4801 1781/1781/4802
f 1784/1784/4803 1785/1785/4804 1786/1786/4805
f 1787/1787/4806 1786/1786/4807 1785/1785/4808
f 1786/1786/4809 1787/1787/4810 1788/1788/4811
f 1789/1789/4812 1788/1788/4813 1787/1787/4814
f 1788/1788/4815 1789/1789/4816 1790/1790/4817
f 1791/1791/4818 1792/1792/4819 1793/1793/4820
f 1792/1792/4821 1791/1791/4822 1794/1794/4823
f 1795/1795/4824 1793/1793/4825 1792/1792/4826
f 1793/1793/4827 1795/1795/4828 1796/1796/4829
f 1797/1797/4830 1796/1796/4831 1795/1795/4832
f 1796/1796/4833 1797/1797/4834 1798/1798/4835
f 1799/1799/4836 1800/1800/4837 1801/1801/4838
f 1800/1800/4839 1799/1799/4840 1802/1802/4841
f 1799/1799/4842 1803/1803/4843 1802/1802/4844
f 1803/1803/4845 1799/1799/4846 1804/1804/4847
f 1804/1804/4848 1805/1805/4849 1803/1803/4850
f 1805/1805/4851 1804/1804/4852 1806/1806/4853
f 1807/1807/4854 1808/1808/4855 1809/1809/4856
f 1808/1808/4857 1807/1807/4858 1810/1810/4859
f 1810/1810/4860 1811/1811/4861 1808/1808/4862
f 1811/1811/4863 1810/1810/4864 1812/1812/4865
f 1812/1812/4866 1813/1813/4867 1811/1811/4868
f 1813/1813/4869 1812/1812/4870 1814/1814/4871
f 1815/1815/4872 1816/1816/4873 1817/1817/4874
f 1816/1816/4875 1815/1815/4876 1818/1818/4877
f 1819/1819/4878 1818/1818/4879 1815/1815/4880
f 1818/1818/4881 1819/1819/4882 1820/1820/4883
f 1821/1821/4884 1820/1820/4885 1819/1819/4886
f 1820/1820/4887 1821/1821/4888 1822/1822/4889
f 1822/1822/4890 1823/1823/4891 1820/1820/4892
f 1823/1823/4893 1822/1822/4894 1824/1824/4895
f 1825/1825/4896 1823/1823/4897 1824/1824/4898
f 1823/1823/4899 1825/1825/4900 1826/1826/4901
f 1826/1826/4902 1827/1827/4903 1823/1823/4904
f 1827/1827/4905 1826/1826/4906 1828/1828/4907
f 1828/1828/4908 1829/1829/4909 1827/1827/4910
f 1829/1829/4911 1828/1828/4912 1830/1830/4913
f 1830/1830/4914 1831/1831/4915 1829/1829/4916
f 1831/1831/4917 1830/1830/4918 1832/1832/4919
f 1833/1833/4920 1829/1829/4921 1831/1831/4922
f 1829/1829/4923 1833/1833/4924 1834/1834/4925
f 1835/1835/4926 1834/1834/4927 1833/1833/4928
f 1834/1834/4929 1835/1835/4930 1836/1836/4931
f 1835/1835/4932 1837/1837/4933 1836/1836/4934
f 1837/1837/4935 1835/1835/4936 1838/1838/4937
f 1836/1836/4938 1837/1837/4939 1839/1839/4940
f 1837/1837/4941 1817/1817/4942 1839/1839/4943
f 1817/1817/4944 1837/1837/4945 1840/1840/4946
f 1841/1841/4947 1817/1817/4948 1840/1840/4949
f 1817/1817/4950 1841/1841/4951 1815/1815/4952
f 1815/1815/4953 1841/1841/4954 1819/1819/4955
f 1841/1841/4956 1821/1821/4957 1819/1819/4958
f 1821/1821/4959 1841/1841/4960 1842/1842/4961
f 1817/1817/4962 1843/1843/4963 1839/1839/4964
f 1843/1843/4965 1817/1817/4966 1816/1816/4967
f 1816/1816/4968 1829/1829/4969 1843/1843/4970
f 1829/1829/4971 1816/1816/4972 1827/1827/4973
f 1816/1816/4974 1823/1823/4975 1827/1827/4976
f 1823/1823/4977 1816/1816/4978 1818/1818/4979
f 1823/1823/4980 1818/1818/4981 1820/1820/4982
f 1829/1829/4983 1834/1834/4984 1843/1843/4985
f 1834/1834/4986 1839/1839/4987 1843/1843/4988
f 1839/1839/4989 1834/1834/4990 1836/1836/4991
f 1844/1844/4992 1845/1845/4993 1846/1846/4994
f 1845/1845/4995 1844/1844/4996 1847/1847/4997
f 1848/1848/4998 1847/1847/4999 1844/1844/5000
f 1847/1847/5001 1848/1848/5002 1849/1849/5003
f 1849/1849/5004 1850/1850/5005 1847/1847/5006
f 1850/1850/5007 1849/1849/5008 1851/1851/5009
f 1852/1852/5010 1847/1847/5011 1850/1850/5012
f 1847/1847/5013 1852/1852/5014 1845/1845/5015
f 1852/1852/5016 1853/1853/5017 1845/1845/5018
f 1853/1853/5019 1852/1852/5020 1854/1854/5021
f 1854/1854/5022 1855/1855/5023 1853/1853/5024
f 1855/1855/5025 1854/1854/5026 1856/1856/5027
f 1857/1857/5028 1853/1853/5029 1855/1855/5030
f 1853/1853/5031 1857/1857/5032 1858/1858/5033
f 1857/1857/5034 1859/1859/5035 1858/1858/5036
f 1859/1859/5037 1857/1857/5038 1860/1860/5039
f 1861/1861/5040 1858/1858/5041 1859/1859/5042
f 1858/1858/5043 1861/1861/5044 1846/1846/5045
f 1861/1861/5046 1844/1844/5047 1846/1846/5048
f 1844/1844/5049 1861/1861/5050 1862/1862/5051
f 1862/1862/5052 1848/1848/5053 1844/1844/5054
f 1848/1848/5055 1862/1862/5056 1863/1863/5057
f 1845/1845/5058 1858/1858/5059 1846/1846/5060
f 1858/1858/5061 1845/1845/5062 1853/1853/5063
f 1864/1864/5064 1865/1865/5065 1866/1866/5066
f 1865/1865/5067 1864/1864/5068 1867/1867/5069
f 1868/1868/5070 1867/1867/5071 1864/1864/5072
f 1867/1867/5073 1868/1868/5074 1869/1869/5075
f 1869/1869/5076 1870/1870/5077 1867/1867/5078
f 1870/1870/5079 1869/1869/5080 1871/1871/5081
f 1872/1872/5082 1867/1867/5083 1870/1870/5084
f 1867/1867/5085 1872/1872/5086 1865/1865/5087
f 1872/1872/5088 1873/1873/5089 1865/1865/5090
f 1873/1873/5091 1872/1872/5092 1874/1874/5093
f 1874/1874/5094 1875/1875/5095 1873/1873/5096
f 1875/1875/5097 1874/1874/5098 1876/1876/5099
f 1877/1877/5100 1873/1873/5101 1875/1875/5102
f 1873/1873/5103 1877/1877/5104 1878/1878/5105
f 1877/1877/5106 1879/1879/5107 1878/1878/5108
f 1879/1879/5109 1877/1877/5110 1880/1880/5111
f 1881/1881/5112 1878/1878/5113 1879/1879/5114
f 1878/1878/5115 1881/1881/5116 1866/1866/5117
f 1881/1881/5118 1864/1864/5119 1866/1866/5120
f 1864/1864/5121 1881/1881/5122 1882/1882/5123
f 1882/1882/5124 1868/1868/5125 1864/1864/5126
f 1868/1868/5127 1882/1882/5128 1883/1883/5129
f 1865/1865/5130 1878/1878/5131 1866/1866/5132
f 1878/1878/5133 1865/1865/5134 1873/1873/5135
f 1884/1884/5136 1885/1885/5137 1886/1886/5138
f 1885/1885/5139 1884/1884/5140 1887/1887/5141
f 1888/1888/5142 1889/1889/5143 1890/1890/5144
f 1889/1889/5145 1888/1888/5146 1891/1891/5147
f 1892/1892/5148 1893/1893/5149 1894/1894/5150
f 1893/1893/5151 1892/1892/5152 1895/1895/5153
f 1896/1896/5154 1897/1897/5155 1898/1898/5156
f 1897/1897/5157 1896/1896/5158 1899/1899/5159
f 1900/1900/5160 1901/1901/5161 1902/1902/5162
f 1901/1901/5163 1900/1900/5164 1903/1903/5165
f 1904/1904/5166 1905/1905/5167 1906/1906/5168
f 1905/1905/5169 1904/1904/5170 1907/1907/5171
f 1908/1908/5172 1909/1909/5173 1910/1910/5174
f 1909/1909/5175 1908/1908/5176 1911/1911/5177
f 1912/1912/5178 1913/1913/5179 1914/1914/5180
f 1913/1913/5181 1912/1912/5182 1915/1915/5183
f 1916/1916/5184 1913/1913/5185 1915/1915/5186
f 1913/1913/5187 1916/1916/5188 1917/1917/5189
f 1918/1918/5190 1919/1919/5191 1920/1920/5192
f 1919/1919/5193 1918/1918/5194 1921/1921/5195
f 1922/1922/5196 1923/1923/5197 1924/1924/5198
f 1923/1923/5199 1922/1922/5200 1925/1925/5201
f 1926/1926/5202 1927/1927/5203 1928/1928/5204
f 1927/1927/5205 1926/1926/5206 1929/1929/5207
f 1930/1930/5208 1931/1931/5209 1932/1932/5210
f 1931/1931/5211 1930/1930/5212 1933/1933/5213
f 1934/1934/5214 1932/1932/5215 1931/1931/5216
f 1932/1932/5217 1934/1934/5218 1935/1935/5219
f 1936/1936/5220 1935/1935/5221 1934/1934/5222
f 1935/1935/5223 1936/1936/5224 1937/1937/5225
f 1938/1938/5226 1937/1937/5227 1936/1936/5228
f 1937/1937/5229 1938/1938/5230 1939/1939/5231
f 1940/1940/5232 1939/1939/5233 1938/1938/5234
f 1939/1939/5235 1940/1940/5236 1941/1941/5237
f 1942/1942/5238 1941/1941/5239 1940/1940/5240
f 1941/1941/5241 1942/1942/5242 1943/1943/5243
f 1944/1944/5244 1945/1945/5245 1946/1946/5246
f 1945/1945/5247 1944/1944/5248 1947/1947/5249
f 1946/1946/5250 1948/1948/5251 1944/1944/5252
f 1948/1948/5253 1946/1946/5254 1949/1949/5255
f 1950/1950/5256 1951/1951/5257 1952/1952/5258
f 1951/1951/5259 1950/1950/5260 1953/1953/5261
f 1954/1954/5262 1952/1952/5263 1951/1951/5264
f 1952/1952/5265 1954/1954/5266 1955/1955/5267
f 1956/1956/5268 1955/1955/5269 1954/1954/5270
f 1955/1955/5271 1956/1956/5272 1957/1957/5273
f 1958/1958/5274 1957/1957/5275 1956/1956/5276
f 1957/1957/5277 1958/1958/5278 1959/1959/5279
f 1960/1960/5280 1959/1959/5281 1958/1958/5282
f 1959/1959/5283 1960/1960/5284 1961/1961/5285
f 1962/1962/5286 1961/1961/5287 1960/1960/5288
f 1961/1961/5289 1962/1962/5290 1963/1963/5291
f 1964/1964/5292 1965/1965/5293 1966/1966/5294
f 1965/1965/5295 1964/1964/5296 1967/1967/5297
f 1966/1966/5298 1968/1968/5299 1964/1964/5300
f 1968/1968/5301 1966/1966/5302 1969/1969/5303
f 1970/1970/5304 1971/1971/5305 1972/1972/5306
f 1971/1971/5307 1970/1970/5308 1973/1973/5309
f 1974/1974/5310 1975/1975/5311 1976/1976/5312
f 1975/1975/5313 1974/1974/5314 1977/1977/5315
f 1978/1978/5316 1975/1975/5317 1977/1977/5318
f 1975/1975/5319 1978/1978/5320 1979/1979/5321
f 1980/1980/5322 1981/1981/5323 1982/1982/5324
f 1981/1981/5325 1980/1980/5326 1983/1983/5327
f 1984/1984/5328 1985/1985/5329 1986/1986/5330
f 1985/1985/5331 1984/1984/5332 1987/1987/5333
f 1988/1988/5334 1989/1989/5335 1990/1990/5336
f 1989/1989/5337 1988/1988/5338 1991/1991/5339
f 1992/1992/5340 1993/1993/5341 1994/1994/5342
f 1993/1993/5343 1992/1992/5344 1995/1995/5345
f 1996/1996/5346 1994/1994/5347 1993/1993/5348
f 1994/1994/5349 1996/1996/5350 1997/1997/5351
f 1998/1998/5352 1997/1997/5353 1996/1996/5354
f 1997/1997/5355 1998/1998/5356 1999/1999/5357
f 2000/2000/5358 1999/1999/5359 1998/1998/5360
f 1999/1999/5361 2000/2000/5362 2001/2001/5363
f 2002/2002/5364 2001/2001/5365 2000/2000/5366
f 2001/2001/5367 2002/2002/5368 2003/2003/5369
f 2004/2004/5370 2003/2003/5371 2002/2002/5372
f 2003/2003/5373 2004/2004/5374 2005/2005/5375
f 2006/2006/5376 2007/2007/5377 2008/2008/5378
f 2007/2007/5379 2006/2006/5380 2009/2009/5381
f 2008/2008/5382 2010/2010/5383 2006/2006/5384
f 2010/2010/5385 2008/2008/5386 2011/2011/5387
f 2012/2012/5388 2013/2013/5389 2014/2014/5390
f 2013/2013/5391 2012/2012/5392 2015/2015/5393
f 2016/2016/5394 2014/2014/5395 2013/2013/5396
f 2014/2014/5397 2016/2016/5398 2017/2017/5399
f 2018/2018/5400 2017/2017/5401 2016/2016/5402
f 2017/2017/5403 2018/2018/5404 2019/2019/5405
f 2020/2020/5406 2019/2019/5407 2018/2018/5408
f 2019/2019/5409 2020/2020/5410 2021/2021/5411
f 2022/2022/5412 2021/2021/5413 2020/2020/5414
f 2021/2021/5415 2022/2022/5416 2023/2023/5417
f 2024/2024/5418 2023/2023/5419 2022/2022/5420
f 2023/2023/5421 2024/2024/5422 2025/2025/5423
f 2026/2026/5424 2027/2027/5425 2028/2028/5426
f 2027/2027/5427 2026/2026/5428 2029/2029/5429
f 2028/2028/5430 2030/2030/5431 2026/2026/5432
f 2030/2030/5433 2028/2028/5434 2031/2031/5435
f 2032/2032/5436 2033/2033/5437 2034/2034/5438
f 2033/2033/5439 2032/2032/5440 2035/2035/5441
f 2036/2036/5442 2037/2037/5443 2038/2038/5444
f 2037/2037/5445 2036/2036/5446 2039/2039/5447
f 2040/2040/5448 2041/2041/5449 2042/2042/5450
f 2041/2041/5451 2043/2043/5452 2042/2042/5453
f 2043/2043/5454 2041/2041/5455 2044/2044/5456
f 2045/2045/5457 2046/2046/5458 2047/2047/5459
f 2046/2046/5460 2045/2045/5461 2048/2048/5462
f 2049/2049/5463 2045/2045/5464 2047/2047/5465
f 2045/2045/5466 2049/2049/5467 2050/2050/5468
f 2049/2049/5469 2051/2051/5470 2050/2050/5471
f 2051/2051/5472 2049/2049/5473 2052/2052/5474
f 2053/2053/5475 2054/2054/5476 2055/2055/5477
f 2056/2056/5478 2053/2053/5479 2055/2055/5480
f 2053/2053/5481 2056/2056/5482 2057/2057/5483
f 2058/2058/5484 2059/2059/5485 2060/2060/2080
f 2059/2059/5486 2058/2058/5487 2061/2061/5488
f 2062/2062/5489 2063/2063/5490 2064/2064/5491
f 2063/2063/5492 2062/2062/5493 2065/2065/5494
f 2066/2066/5495 2065/2065/5496 2062/2062/5497
f 2065/2065/5498 2066/2066/5499 2067/2067/5500
f 2068/2068/5501 2067/2067/5502 2066/2066/5503
f 2067/2067/5504 2068/2068/5505 2069/2069/5506
f 2070/2070/5507 2069/2069/5508 2068/2068/5509
f 2069/2069/5510 2070/2070/5511 2071/2071/5512
f 2072/2072/5513 2071/2071/5514 2070/2070/5515
f 2071/2071/5516 2072/2072/5517 2073/2073/5518
f 2074/2074/5519 2073/2073/5520 2072/2072/5521
f 2073/2073/5522 2074/2074/5523 2075/2075/5524
f 2076/2076/5525 2064/2064/5526 2063/2063/5527
f 2064/2064/5528 2076/2076/5529 2077/2077/5530
f 2078/2078/5531 2077/2077/5532 2076/2076/5533
f 2077/2077/5534 2078/2078/5535 2079/2079/5536
f 2080/2080/5537 2081/2081/5538 2082/2082/5539
f 2080/2080/5540 2083/2083/5541 2081/2081/5542
f 2080/2080/5543 2084/2084/5544 2083/2083/2044
f 2080/2080/5545 2085/2085/5546 2084/2084/5547
f 2080/2080/5548 2086/2086/5549 2085/2085/5550
f 2080/2080/5551 2087/2087/5552 2086/2086/5553
f 2088/2088/5554 2089/2089/5555 2090/2090/5556
f 2088/2088/5557 2091/2091/5558 2089/2089/5559
f 2088/2088/5560 2092/2092/5561 2091/2091/5562
f 2088/2088/5563 2093/2093/5564 2092/2092/5565
f 2088/2088/5566 2094/2094/5567 2093/2093/5568
f 2088/2088/5569 2095/2095/5570 2094/2094/5571
f 2096/2096/5448 2097/2097/5449 2098/2098/5450
f 2097/2097/5572 2099/2099/5573 2098/2098/5574
f 2099/2099/5454 2097/2097/5455 2100/2100/5456
f 2101/2101/5575 2102/2102/5576 2103/2103/5577
f 2102/2102/5578 2101/2101/5579 2104/2104/5580
f 2105/2105/5581 2101/2101/5582 2103/2103/5583
f 2101/2101/5584 2105/2105/5585 2106/2106/5586
f 2105/2105/5587 2107/2107/5588 2106/2106/5589
f 2107/2107/5590 2105/2105/5591 2108/2108/5592
f 2109/2109/5475 2110/2110/5476 2111/2111/5477
f 2112/2112/5593 2109/2109/5594 2111/2111/5595
f 2109/2109/5481 2112/2112/5482 2113/2113/5483
f 2114/2114/5596 2115/2115/5597 2116/2116/2080
f 2115/2115/5598 2114/2114/5599 2117/2117/2083
f 2118/2118/5600 2119/2119/5601 2120/2120/5562
f 2119/2119/5602 2118/2118/5603 2121/2121/5604
f 2122/2122/5605 2123/2123/5606 2124/2124/5607
f 2123/2123/5608 2122/2122/5609 2125/2125/5610
f 2126/2126/5611 2127/2127/5612 2128/2128/2044
f 2127/2127/5613 2126/2126/5614 2129/2129/5615
f 2130/2130/5616 2131/2131/5617 2132/2132/5618
f 2131/2131/5619 2130/2130/5620 2133/2133/5621
f 2134/2134/5622 2135/2135/5623 2136/2136/2080
f 2135/2135/5624 2134/2134/5625 2137/2137/2083
f 2138/2138/5626 2139/2139/5627 2140/2140/5628
f 2139/2139/5629 2138/2138/5630 2141/2141/5631
f 2142/2142/5632 2143/2143/5633 2144/2144/5634
f 2143/2143/5635 2142/2142/5636 2145/2145/5637
f 2146/2146/5638 2145/2145/5639 2142/2142/5640
f 2145/2145/5641 2146/2146/5642 2147/2147/5643
f 2148/2148/5644 2144/2144/5645 2143/2143/5646
f 2144/2144/5647 2148/2148/5648 2149/2149/5649
f 2150/2150/5650 2151/2151/5651 2152/2152/5652
f 2151/2151/5653 2150/2150/5654 2153/2153/5655
f 2154/2154/5656 2153/2153/5657 2150/2150/5658
f 2153/2153/5659 2154/2154/5660 2155/2155/5661
f 2156/2156/5662 2155/2155/5663 2154/2154/5664
f 2155/2155/5665 2156/2156/5666 2157/2157/5667
f 2158/2158/5668 2159/2159/5669 2160/2160/5670
f 2158/2158/5671 2161/2161/5672 2159/2159/5673
f 2158/2158/5674 2162/2162/5675 2161/2161/5676
f 2158/2158/5677 2163/2163/5678 2162/2162/5679
f 2164/2164/5680 2165/2165/5681 2166/2166/5682
f 2165/2165/5683 2164/2164/5684 2167/2167/5685
f 2168/2168/5686 2169/2169/5687 2170/2170/5688
f 2169/2169/5689 2168/2168/5690 2171/2171/5691
f 2172/2172/5692 2169/2169/5693 2171/2171/5694
f 2169/2169/5695 2172/2172/5696 2173/2173/5697
f 2174/2174/5698 2175/2175/5699 2176/2176/5607
f 2175/2175/5700 2174/2174/5701 2177/2177/5702
f 2178/2178/5703 2179/2179/5704 2180/2180/5705
f 2179/2179/5706 2178/2178/5707 2181/2181/5708
f 2179/2179/5709 2182/2182/5710 2180/2180/5711
f 2182/2182/5712 2179/2179/5713 2183/2183/5714
f 2184/2184/5715 2185/2185/5716 2186/2186/2080
f 2185/2185/5717 2184/2184/5718 2187/2187/2083
f 2188/2188/5719 2189/2189/5720 2190/2190/5721
f 2189/2189/5722 2188/2188/5723 2191/2191/5724
f 2192/2192/5725 2193/2193/5726 2194/2194/5727
f 2193/2193/5728 2192/2192/5729 2195/2195/5730
f 2196/2196/5731 2197/2197/5732 2198/2198/5733
f 2197/2197/5734 2196/2196/5735 2199/2199/5736
f 2200/2200/5737 2201/2201/5738 2202/2202/5739
f 2201/2201/5740 2200/2200/5741 2203/2203/5742
f 2204/2204/5743 2203/2203/5744 2200/2200/5745
f 2203/2203/5746 2204/2204/5747 2205/2205/5748
f 2206/2206/5749 2202/2202/5750 2201/2201/5751
f 2202/2202/5752 2206/2206/5753 2207/2207/5754
f 2208/2208/5755 2207/2207/5756 2206/2206/5757
f 2207/2207/5758 2208/2208/5759 2209/2209/5760
f 2210/2210/5761 2211/2211/5762 2212/2212/5763
f 2211/2211/5764 2210/2210/5765 2213/2213/5766
f 2214/2214/5767 2215/2215/5768 2216/2216/5769
f 2215/2215/5770 2214/2214/5771 2217/2217/5772
f 2218/2218/5773 2219/2219/5774 2220/2220/5562
f 2219/2219/5775 2218/2218/5776 2221/2221/5777
f 2222/2222/5778 2223/2223/5779 2224/2224/5780
f 2223/2223/5781 2222/2222/5782 2225/2225/5783
f 2226/2226/5784 2227/2227/5785 2228/2228/5786
f 2227/2227/5787 2226/2226/5788 2229/2229/2041
f 2230/2230/5789 2231/2231/5790 2232/2232/5791
f 2231/2231/5792 2230/2230/5793 2233/2233/5794
f 2234/2234/5773 2235/2235/5774 2236/2236/5562
f 2235/2235/5795 2234/2234/5796 2237/2237/5797
f 2238/2238/5798 2239/2239/5799 2240/2240/5780
f 2239/2239/5800 2238/2238/5801 2241/2241/5802
f 2242/2242/5803 2243/2243/5804 2244/2244/5805
f 2243/2243/5787 2242/2242/5788 2245/2245/2041
f 2246/2246/5806 2247/2247/5807 2248/2248/5808
f 2247/2247/5809 2246/2246/5810 2249/2249/5811
f 2250/2250/5812 2251/2251/5813 2252/2252/5814
f 2251/2251/5815 2250/2250/5816 2253/2253/5817
f 2254/2254/5818 2253/2253/5819 2250/2250/5820
f 2253/2253/5821 2254/2254/5822 2255/2255/5823
f 2256/2256/5824 2252/2252/5825 2251/2251/5826
f 2252/2252/5827 2256/2256/5828 2257/2257/5829
f 2258/2258/5830 2257/2257/5831 2256/2256/5832
f 2257/2257/5833 2258/2258/5834 2259/2259/5835
f 2260/2260/5836 2261/2261/5837 2262/2262/5838
f 2261/2261/5839 2260/2260/5840 2263/2263/5841
f 2264/2264/5842 2265/2265/5843 2266/2266/5844
f 2265/2265/5845 2264/2264/5846 2267/2267/5847
f 2268/2268/5848 2269/2269/5849 2270/2270/5850
f 2269/2269/5851 2268/2268/5852 2271/2271/5853
f 2272/2272/5854 2273/2273/5855 2274/2274/5856
f 2273/2273/5857 2272/2272/5858 2275/2275/5859
f 2276/2276/5860 2277/2277/5861 2278/2278/5862
f 2277/2277/5863 2276/2276/5864 2279/2279/5865
f 2280/2280/5866 2281/2281/5867 2282/2282/5868
f 2281/2281/5869 2280/2280/5870 2283/2283/5871
f 2284/2284/5872 2285/2285/5873 2286/2286/5562
f 2285/2285/5874 2284/2284/5875 2287/2287/5604
f 2288/2288/5876 2289/2289/5877 2290/2290/5607
f 2289/2289/5878 2288/2288/5879 2291/2291/5610
f 2292/2292/5880 2293/2293/5881 2294/2294/2044
f 2293/2293/5882 2292/2292/5883 2295/2295/5615
f 2296/2296/5884 2297/2297/5885 2298/2298/5618
f 2297/2297/5886 2296/2296/5887 2299/2299/5621
f 2300/2300/5888 2301/2301/5889 2302/2302/2080
f 2301/2301/5890 2300/2300/5891 2303/2303/2083
f 2304/2304/5892 2305/2305/5893 2306/2306/5628
f 2305/2305/5894 2304/2304/5895 2307/2307/5631
f 2308/2308/5896 2309/2309/5897 2310/2310/5562
f 2309/2309/5898 2308/2308/5899 2311/2311/5604
f 2312/2312/5900 2313/2313/5901 2314/2314/5610
f 2313/2313/5902 2312/2312/5903 2315/2315/5607
f 2316/2316/5904 2317/2317/5905 2318/2318/2044
f 2317/2317/5906 2316/2316/5907 2319/2319/5615
f 2320/2320/5908 2321/2321/5909 2322/2322/5618
f 2321/2321/5910 2320/2320/5911 2323/2323/5621
f 2324/2324/5912 2325/2325/5913 2326/2326/2080
f 2325/2325/5914 2324/2324/5915 2327/2327/2083
f 2328/2328/5916 2329/2329/5917 2330/2330/5628
f 2329/2329/5918 2328/2328/5919 2331/2331/5631
f 2332/2332/5920 2333/2333/5921 2334/2334/5922
f 2333/2333/5923 2332/2332/5924 2335/2335/5925
f 2336/2336/5926 2337/2337/5927 2338/2338/5928
f 2337/2337/5929 2336/2336/5930 2339/2339/5931
f 2340/2340/5932 2341/2341/5933 2342/2342/5934
f 2341/2341/5935 2340/2340/5936 2343/2343/5937
f 2344/2344/5938 2345/2345/5939 2346/2346/5940
f 2345/2345/5941 2344/2344/5942 2347/2347/5943
f 2348/2348/5944 2349/2349/5945 2350/2350/5946
f 2349/2349/5947 2348/2348/5948 2351/2351/5949
f 2352/2352/5950 2350/2350/5951 2349/2349/5952
f 2350/2350/5953 2352/2352/5954 2353/2353/5955
f 2354/2354/5956 2353/2353/5957 2352/2352/5958
f 2353/2353/5959 2354/2354/5960 2355/2355/5961
f 2356/2356/5962 2357/2357/5963 2358/2358/5964
f 2357/2357/5965 2356/2356/5966 2359/2359/5967
f 2360/2360/5968 2361/2361/5969 2362/2362/5970
f 2361/2361/5971 2360/2360/5972 2363/2363/5973
f 2364/2364/5974 2365/2365/5975 2366/2366/5976
f 2365/2365/5977 2364/2364/5978 2367/2367/5979
f 2368/2368/5980 2369/2369/5981 2370/2370/5982
f 2369/2369/5983 2368/2368/5984 2371/2371/5985
f 2372/2372/5986 2373/2373/5987 2374/2374/5988
f 2373/2373/5989 2372/2372/5990 2375/2375/5991
f 2376/2376/5992 2377/2377/5993 2378/2378/5994
f 2377/2377/5995 2376/2376/5996 2379/2379/5997
f 2380/2380/5998 2381/2381/5999 2382/2382/6000
f 2381/2381/6001 2380/2380/6002 2383/2383/6003
f 2384/2384/6004 2385/2385/6005 2386/2386/6006
f 2385/2385/6007 2384/2384/6008 2387/2387/6009
f 2388/2388/6010 2389/2389/6011 2390/2390/6012
f 2389/2389/6013 2388/2388/6014 2391/2391/6015
f 2392/2392/6016 2393/2393/6017 2394/2394/6018
f 2393/2393/6019 2392/2392/6020 2395/2395/6021
f 2395/2395/6022 2396/2396/6023 2393/2393/6024
f 2396/2396/6025 2395/2395/6026 2397/2397/6027
f 2394/2394/6028 2398/2398/6029 2392/2392/6030
f 2398/2398/6031 2394/2394/6032 2399/2399/6033
f 2400/2400/6034 2401/2401/6035 2402/2402/6036
f 2401/2401/6037 2400/2400/6038 2403/2403/6039
f 2404/2404/6040 2405/2405/6041 2406/2406/6042
f 2405/2405/6043 2404/2404/6044 2407/2407/5604
f 2408/2408/6045 2409/2409/6046 2410/2410/5607
f 2409/2409/6047 2408/2408/6048 2411/2411/5702
f 2412/2412/6049 2413/2413/6050 2414/2414/5483
f 2413/2413/6051 2412/2412/6052 2415/2415/5615
f 2416/2416/6053 2417/2417/6054 2418/2418/5618
f 2417/2417/6055 2416/2416/6056 2419/2419/6057
f 2420/2420/6058 2421/2421/6059 2422/2422/2080
f 2421/2421/6060 2420/2420/6061 2423/2423/2083
f 2424/2424/6062 2425/2425/6063 2426/2426/5628
f 2425/2425/6064 2424/2424/6065 2427/2427/5631
f 2428/2428/6066 2429/2429/6067 2430/2430/6068
f 2429/2429/6069 2428/2428/6070 2431/2431/6071
f 2428/2428/6072 2432/2432/6073 2431/2431/6074
f 2432/2432/6075 2428/2428/6076 2433/2433/6077
f 2434/2434/6078 2435/2435/6079 2436/2436/5607
f 2435/2435/6080 2434/2434/6081 2437/2437/5610
f 2438/2438/6082 2439/2439/6083 2440/2440/6084
f 2439/2439/6085 2438/2438/6086 2441/2441/6087
f 2438/2438/6088 2442/2442/6089 2441/2441/6090
f 2442/2442/6091 2438/2438/6092 2443/2443/6093
f 2444/2444/6094 2445/2445/6095 2446/2446/6096
f 2445/2445/6097 2444/2444/6098 2447/2447/6099
f 2448/2448/6100 2444/2444/6101 2446/2446/6102
f 2444/2444/6103 2448/2448/6104 2449/2449/6105
f 2450/2450/6106 2451/2451/6107 2452/2452/6108
f 2451/2451/6109 2450/2450/6110 2453/2453/6111
f 2450/2450/6112 2454/2454/6113 2453/2453/6114
f 2454/2454/6115 2450/2450/6116 2455/2455/6117
f 2456/2456/6118 2457/2457/6119 2458/2458/5562
f 2457/2457/6120 2456/2456/6121 2459/2459/5604
f 2460/2460/6122 2461/2461/6123 2462/2462/5607
f 2461/2461/6124 2460/2460/6125 2463/2463/5610
f 2464/2464/6126 2465/2465/6127 2466/2466/2044
f 2465/2465/6128 2464/2464/6129 2467/2467/5615
f 2468/2468/6130 2469/2469/6131 2470/2470/5618
f 2469/2469/6132 2468/2468/6133 2471/2471/5621
f 2472/2472/6134 2473/2473/6135 2474/2474/2080
f 2473/2473/6136 2472/2472/6137 2475/2475/2083
f 2476/2476/6138 2477/2477/6139 2478/2478/5628
f 2477/2477/6140 2476/2476/6141 2479/2479/5631
f 2480/2480/6142 2481/2481/6143 2482/2482/5607
f 2481/2481/6144 2480/2480/6145 2483/2483/5610
f 2484/2484/6146 2485/2485/6147 2486/2486/5618
f 2485/2485/6148 2484/2484/6149 2487/2487/5621
f 2488/2488/6150 2489/2489/6151 2490/2490/2080
f 2489/2489/6152 2488/2488/6153 2491/2491/2083
f 2492/2492/6154 2493/2493/6155 2494/2494/5628
f 2493/2493/6156 2492/2492/6157 2495/2495/5631
f 2496/2496/6158 2497/2497/6159 2498/2498/6160
f 2497/2497/6161 2496/2496/6162 2499/2499/6163
f 2500/2500/6164 2499/2499/6165 2496/2496/6166
f 2499/2499/6167 2500/2500/6168 2501/2501/6169
f 2502/2502/6170 2498/2498/6171 2497/2497/6172
f 2498/2498/6173 2502/2502/6174 2503/2503/6175
f 2504/2504/6176 2503/2503/6177 2502/2502/6178
f 2503/2503/6179 2504/2504/6180 2505/2505/6181
f 2506/2506/6182 2507/2507/6113 2508/2508/6183
f 2507/2507/6184 2506/2506/6185 2509/2509/6186
f 2510/2510/6187 2511/2511/6188 2512/2512/6189
f 2511/2511/6190 2510/2510/6191 2513/2513/6192
f 2514/2514/6193 2515/2515/6194 2516/2516/6195
f 2515/2515/6196 2514/2514/6197 2517/2517/6198
f 2518/2518/6199 2519/2519/6200 2520/2520/6201
f 2519/2519/6202 2518/2518/6203 2521/2521/6204
f 2522/2522/6205 2523/2523/6206 2524/2524/6207
f 2523/2523/5851 2522/2522/5852 2525/2525/5853
f 2526/2526/6208 2527/2527/6209 2528/2528/6210
f 2527/2527/6211 2526/2526/6212 2529/2529/6213
f 2530/2530/6214 2531/2531/6215 2532/2532/6216
f 2531/2531/6217 2530/2530/6218 2533/2533/6219
f 2533/2533/6220 2534/2534/6221 2531/2531/6222
f 2534/2534/6223 2533/2533/6224 2535/2535/6225
f 2535/2535/6226 2536/2536/6227 2534/2534/6228
f 2536/2536/6229 2535/2535/6230 2537/2537/6231
f 2532/2532/6232 2538/2538/6233 2530/2530/6234
f 2538/2538/6235 2532/2532/6236 2539/2539/6237
f 2540/2540/6238 2541/2541/6239 2542/2542/6240
f 2541/2541/6241 2540/2540/6242 2543/2543/6243
f 2544/2544/6244 2545/2545/6245 2546/2546/6246
f 2545/2545/6247 2544/2544/6248 2547/2547/6249
f 2548/2548/6250 2549/2549/6251 2550/2550/6252
f 2549/2549/6253 2548/2548/6254 2551/2551/6255
f 2552/2552/6256 2553/2553/6257 2554/2554/5610
f 2553/2553/6258 2552/2552/6259 2555/2555/6260
f 2556/2556/6261 2557/2557/6262 2558/2558/6263
f 2557/2557/6264 2556/2556/6265 2559/2559/6266
f 2560/2560/6267 2561/2561/6268 2562/2562/5618
f 2561/2561/6269 2560/2560/6270 2563/2563/5621
f 2564/2564/6271 2565/2565/6272 2566/2566/6273
f 2565/2565/6274 2564/2564/6275 2567/2567/6276
f 2568/2568/6277 2569/2569/6278 2570/2570/6279
f 2569/2569/6280 2568/2568/6281 2571/2571/6282
f 2572/2572/6283 2573/2573/6284 2574/2574/6285
f 2573/2573/6286 2572/2572/6287 2575/2575/6288
f 2576/2576/6289 2577/2577/6290 2578/2578/5618
f 2577/2577/6291 2576/2576/6292 2579/2579/6293
f 2580/2580/6294 2581/2581/6295 2582/2582/6296
f 2581/2581/6297 2580/2580/6298 2583/2583/6299
f 2584/2584/6300 2585/2585/6301 2586/2586/6302
f 2585/2585/6303 2584/2584/6304 2587/2587/6305
f 2588/2588/6306 2589/2589/6307 2590/2590/6308
f 2589/2589/6309 2588/2588/6310 2591/2591/6311
f 2592/2592/6312 2593/2593/6313 2594/2594/6314
f 2593/2593/6315 2592/2592/6316 2595/2595/6317
f 2596/2596/6318 2595/2595/6319 2592/2592/6320
f 2595/2595/6321 2596/2596/6322 2597/2597/6323
f 2598/2598/6324 2599/2599/6325 2600/2600/6326
f 2599/2599/6327 2598/2598/6328 2601/2601/6329
f 2602/2602/6330 2601/2601/6331 2598/2598/6332
f 2601/2601/6333 2602/2602/6334 2603/2603/6335
f 2604/2604/6336 2605/2605/6337 2606/2606/6338
f 2605/2605/6339 2604/2604/6340 2607/2607/6341
f 2608/2608/6342 2607/2607/6343 2604/2604/6344
f 2607/2607/6345 2608/2608/6346 2609/2609/6347
f 2610/2610/6348 2611/2611/6349 2612/2612/6350
f 2611/2611/6351 2610/2610/6352 2613/2613/6353
f 2614/2614/6354 2613/2613/6355 2610/2610/6356
f 2613/2613/6357 2614/2614/6358 2615/2615/6359
f 2616/2616/6360 2617/2617/6361 2618/2618/6362
f 2616/2616/6363 2619/2619/6364 2617/2617/6365
f 2616/2616/6366 2620/2620/6367 2619/2619/6368
f 2616/2616/6369 2621/2621/6370 2620/2620/6371
f 2616/2616/6372 2622/2622/6373 2621/2621/6374
f 2616/2616/6375 2623/2623/6376 2622/2622/6377
f 2624/2624/6378 2625/2625/6379 2626/2626/6380
f 2625/2625/6381 2624/2624/6382 2627/2627/6383
f 2624/2624/6384 2628/2628/6385 2627/2627/6386
f 2628/2628/6387 2624/2624/6388 2629/2629/6389
f 2630/2630/6390 2628/2628/6391 2629/2629/6392
f 2628/2628/6393 2630/2630/6394 2631/2631/6395
f 2630/2630/6396 2632/2632/6397 2631/2631/6398
f 2632/2632/6399 2630/2630/6400 2633/2633/6401
f 2634/2634/6402 2632/2632/6403 2633/2633/6404
f 2632/2632/6405 2634/2634/6406 2635/2635/6407
f 2634/2634/6408 2636/2636/6409 2635/2635/6410
f 2636/2636/6411 2634/2634/6412 2637/2637/6413
f 2638/2638/6414 2636/2636/6415 2637/2637/6416
f 2636/2636/6417 2638/2638/6418 2639/2639/6419
f 2638/2638/6420 2625/2625/6421 2639/2639/6422
f 2625/2625/6423 2638/2638/6424 2626/2626/6425
f 2640/2640/6426 2641/2641/6427 2642/2642/6428
f 2640/2640/6429 2643/2643/6430 2641/2641/6431
f 2640/2640/6432 2644/2644/6433 2643/2643/6434
f 2640/2640/6435 2645/2645/6436 2644/2644/6437
f 2640/2640/6438 2646/2646/6439 2645/2645/6440
f 2640/2640/6441 2647/2647/6442 2646/2646/6443
f 2640/2640/6444 2648/2648/6445 2647/2647/6446
f 2640/2640/6447 2642/2642/6448 2648/2648/6449
