# Exported by split_tank_mesh.py
o ztz88a_tracks
usemtl mat_60
v 315.1616 170.9960 102.9174
v 299.4039 170.9960 108.2342
v 303.2068 170.9960 114.7328
v 308.3748 170.9960 99.0771
v 319.2764 170.9960 87.0362
v 311.4952 170.9960 87.0689
v 314.9860 170.9960 71.0822
v 308.2383 170.9960 74.9952
v 304.2209 170.9960 60.3650
v 299.4429 170.9960 66.2346
v 220.4208 170.9960 4.9571
v 217.3394 170.9960 11.9467
v 200.7042 170.9960 -0.0178
v 199.7681 170.9960 7.5137
v 287.2346 170.9960 119.1404
v 287.3127 170.9960 111.6090
v 315.1616 107.4655 102.9174
v 303.2068 170.9960 114.7328
v 303.2068 107.4759 114.7328
v 315.1616 170.9960 102.9174
v 319.2764 107.4655 87.0362
v 319.2764 170.9960 87.0362
v 314.9860 107.4655 71.0822
v 314.9860 170.9960 71.0822
v 304.2209 107.4655 60.3650
v 304.2209 170.9960 60.3650
v 220.4208 107.4655 4.9571
v 220.4208 170.9960 4.9571
v 200.7042 107.4655 -0.0178
v 200.7042 170.9960 -0.0178
v 287.2346 170.9960 119.1404
v 287.2346 107.4759 119.1404
v 308.3748 107.4655 99.0771
v 303.2068 107.4759 114.7328
v 299.4039 107.4550 108.2342
v 315.1616 107.4655 102.9174
v 311.4952 107.4655 87.0689
v 319.2764 107.4655 87.0362
v 308.2383 107.4655 74.9952
v 314.9860 107.4655 71.0822
v 299.4429 107.4655 66.2346
v 304.2209 107.4655 60.3650
v 217.3394 107.4655 11.9467
v 220.4208 107.4655 4.9571
v 199.7681 107.4655 7.5137
v 200.7042 107.4655 -0.0178
v 287.3127 107.4550 111.6090
v 287.2346 107.4759 119.1404
v 308.3748 170.9960 99.0771
v 299.4039 107.4550 108.2342
v 299.4039 170.9960 108.2342
v 308.3748 107.4655 99.0771
v 311.4952 170.9960 87.0689
v 311.4952 107.4655 87.0689
v 308.2383 170.9960 74.9952
v 308.2383 107.4655 74.9952
v 299.4429 170.9960 66.2346
v 299.4429 107.4655 66.2346
v 217.3394 170.9960 11.9467
v 217.3394 107.4655 11.9467
v 199.7681 170.9960 7.5137
v 199.7681 107.4655 7.5137
v 287.3127 107.4550 111.6090
v 287.3127 170.9960 111.6090
v 107.5821 170.9960 -0.0105
v 199.7681 170.9960 7.5137
v 200.7042 170.9960 -0.0178
v 107.5821 170.9960 7.5209
v 18.9064 170.9960 0.0004
v 18.9064 170.9960 7.5319
v 107.5821 107.4655 -0.0105
v 200.7042 170.9960 -0.0178
v 200.7042 107.4655 -0.0178
v 107.5821 170.9960 -0.0105
v 18.9064 107.4655 0.0004
v 18.9064 170.9960 0.0004
v 107.5821 107.4655 7.5209
v 200.7042 107.4655 -0.0178
v 199.7681 107.4655 7.5137
v 107.5821 107.4655 -0.0105
v 18.9064 107.4655 7.5319
v 18.9064 107.4655 0.0004
v 107.5821 170.9960 7.5209
v 199.7681 107.4655 7.5137
v 199.7681 170.9960 7.5137
v 107.5821 107.4655 7.5209
v 18.9064 170.9960 7.5319
v 18.9064 107.4655 7.5319
v -55.9423 170.9960 -0.0069
v 18.9064 170.9960 7.5319
v 18.9064 170.9960 0.0004
v -55.9423 170.9960 7.5246
v -130.7325 170.9960 -0.0215
v -130.7325 170.9960 7.5100
v -55.9423 107.4655 -0.0069
v 18.9064 170.9960 0.0004
v 18.9064 107.4655 0.0004
v -55.9423 170.9960 -0.0069
v -130.7325 107.4655 -0.0215
v -130.7325 170.9960 -0.0215
v -55.9423 107.4655 7.5246
v 18.9064 107.4655 0.0004
v 18.9064 107.4655 7.5319
v -55.9423 107.4655 -0.0069
v -130.7325 107.4655 7.5100
v -130.7325 107.4655 -0.0215
v -55.9423 170.9960 7.5246
v 18.9064 107.4655 7.5319
v 18.9064 170.9960 7.5319
v -55.9423 107.4655 7.5246
v -130.7325 170.9960 7.5100
v -130.7325 107.4655 7.5100
v -208.2335 170.9960 0.0840
v -130.7325 170.9960 7.5100
v -130.7325 170.9960 -0.0215
v -207.3364 170.9960 7.6155
v -227.6575 170.9960 4.6771
v -224.8102 170.9960 11.7467
v -303.6179 170.9960 49.5060
v -298.9569 170.9960 55.5028
v -208.2335 107.4655 0.0840
v -130.7325 170.9960 -0.0215
v -130.7325 107.4655 -0.0215
v -208.2335 170.9960 0.0840
v -227.6575 107.4655 4.6771
v -227.6575 170.9960 4.6771
v -303.6179 107.4655 49.5060
v -303.6179 170.9960 49.5060
v -207.3364 107.4655 7.6155
v -130.7325 107.4655 -0.0215
v -130.7325 107.4655 7.5100
v -208.2335 107.4655 0.0840
v -224.8102 107.4655 11.7467
v -227.6575 107.4655 4.6771
v -298.9569 107.4655 55.5028
v -303.6179 107.4655 49.5060
v -207.3364 170.9960 7.6155
v -130.7325 107.4655 7.5100
v -130.7325 170.9960 7.5100
v -207.3364 107.4655 7.6155
v -224.8102 170.9960 11.7467
v -224.8102 107.4655 11.7467
v -298.9569 170.9960 55.5028
v -298.9569 107.4655 55.5028
v -315.1826 170.9960 61.1578
v -298.9569 170.9960 55.5028
v -303.6179 170.9960 49.5060
v -308.4349 170.9960 65.0490
v -319.7460 170.9960 78.0937
v -311.9257 170.9960 78.0391
v -314.9095 170.9960 95.1131
v -308.2008 170.9960 91.1492
v -302.4673 170.9960 107.3323
v -297.9818 170.9960 101.2627
v -286.1051 170.9960 104.6302
v -288.2308 170.9960 111.4017
v -205.3862 170.9960 105.6230
v -205.4057 170.9960 113.1545
v -315.1826 107.4655 61.1578
v -303.6179 170.9960 49.5060
v -303.6179 107.4655 49.5060
v -315.1826 170.9960 61.1578
v -319.7460 107.4655 78.0937
v -319.7460 170.9960 78.0937
v -314.9095 107.4655 95.1131
v -314.9095 170.9960 95.1131
v -302.4673 107.4759 107.3323
v -302.4673 170.9960 107.3323
v -289.2449 107.4759 111.4708
v -288.2308 170.9960 111.4017
v -205.4057 107.4759 113.1545
v -205.4057 170.9960 113.1545
v -308.4349 107.4655 65.0490
v -303.6179 107.4655 49.5060
v -298.9569 107.4655 55.5028
v -315.1826 107.4655 61.1578
v -311.9257 107.4655 78.0391
v -319.7460 107.4655 78.0937
v -308.2008 107.4655 91.1492
v -314.9095 107.4655 95.1131
v -297.9818 107.4550 101.2627
v -302.4673 107.4759 107.3323
v -289.2449 107.4759 111.4708
v -286.1051 107.4550 104.6302
v -205.4057 107.4759 113.1545
v -205.3862 107.4550 105.6230
v -308.4349 170.9960 65.0490
v -298.9569 107.4655 55.5028
v -298.9569 170.9960 55.5028
v -308.4349 107.4655 65.0490
v -311.9257 170.9960 78.0391
v -311.9257 107.4655 78.0391
v -308.2008 170.9960 91.1492
v -308.2008 107.4655 91.1492
v -297.9818 170.9960 101.2627
v -297.9818 107.4550 101.2627
v -286.1051 170.9960 104.6302
v -286.1051 107.4550 104.6302
v -205.3862 170.9960 105.6230
v -205.3862 107.4550 105.6230
v 311.5342 145.8218 87.0725
v 297.9998 140.7076 93.3494
v 308.4724 145.8218 99.0298
v 299.2479 140.7076 87.1416
v 308.3358 145.8218 75.0061
v 297.6682 140.7076 81.0830
v 299.5404 145.8218 66.1909
v 293.3778 140.7076 76.7772
v 217.3784 145.8218 11.9322
v 211.9374 140.7076 24.2059
v 199.8071 145.8218 7.4046
v 198.1299 140.7076 20.6529
v 299.2479 140.7076 87.1416
v 308.4724 135.5830 99.0298
v 297.9998 140.7076 93.3494
v 311.5342 135.5830 87.0725
v 297.6682 140.7076 81.0830
v 308.3358 135.5830 75.0061
v 293.3778 140.7076 76.7772
v 299.5404 135.5830 66.1909
v 211.9374 140.7076 24.2059
v 217.3784 135.5830 11.9322
v 198.1299 140.7076 20.6529
v 199.8071 135.5830 7.4046
v 107.6601 145.8218 7.4882
v 198.1299 140.7076 20.6529
v 199.8071 145.8218 7.4046
v 107.6601 140.7076 20.7329
v 18.9649 145.8218 7.4518
v 18.9649 140.7076 20.6965
v 107.6601 140.7076 20.7329
v 199.8071 135.5830 7.4046
v 198.1299 140.7076 20.6529
v 107.6601 135.5830 7.4882
v 18.9649 140.7076 20.6965
v 18.9649 135.5830 7.4518
v -55.9423 145.8218 7.4882
v 18.9649 140.7076 20.6965
v 18.9649 145.8218 7.4518
v -55.9423 140.7076 20.7329
v -130.6935 145.8218 7.4773
v -130.6935 140.7076 20.7220
v -55.9423 140.7076 20.7329
v 18.9649 135.5830 7.4518
v 18.9649 140.7076 20.6965
v -55.9423 135.5830 7.4882
v -130.6935 140.7076 20.7220
v -130.6935 135.5830 7.4773
v -207.3169 145.8218 7.5864
v -130.6935 140.7076 20.7220
v -130.6935 145.8218 7.4773
v -205.7763 140.7076 20.8274
v -224.7517 145.8218 11.6958
v -219.7592 140.7076 24.1295
v -298.9569 145.8218 55.4483
v -290.7661 140.7076 65.9982
v -205.7763 140.7076 20.8274
v -130.6935 135.5830 7.4773
v -130.6935 140.7076 20.7220
v -207.3169 135.5830 7.5864
v -219.7592 140.7076 24.1295
v -224.7517 135.5830 11.6958
v -290.7661 140.7076 65.9982
v -298.9569 135.5830 55.4483
v -308.4934 145.8218 65.0345
v -290.7661 140.7076 65.9982
v -298.9569 145.8218 55.4483
v -296.6166 140.7076 71.8859
v -312.0037 145.8218 78.0355
v -298.2548 140.7076 77.9518
v -308.2593 145.8218 91.2038
v -295.9926 140.7076 84.8396
v -297.9818 145.8218 101.3100
v -290.3955 140.7076 89.9273
v -296.6166 140.7076 71.8859
v -298.9569 135.5830 55.4483
v -290.7661 140.7076 65.9982
v -308.4934 135.5830 65.0345
v -298.2548 140.7076 77.9518
v -312.0037 135.5830 78.0355
v -295.9926 140.7076 84.8396
v -308.2593 135.5830 91.2038
v -290.3955 140.7076 89.9273
v -297.9818 135.5830 101.3100
v 299.4624 145.8218 108.2596
v 297.9998 140.7076 93.3494
v 293.0657 140.7076 97.5061
v 297.9998 140.7076 93.3494
v 299.4624 145.8218 108.2596
v 308.4724 145.8218 99.0298
v 308.4724 135.5830 99.0298
v 293.0657 140.7076 97.5061
v 297.9998 140.7076 93.3494
v 293.0657 140.7076 97.5061
v 308.4724 135.5830 99.0298
v 299.4624 135.5830 108.2596
v 293.0657 140.7076 97.5061
v 287.3517 145.8218 111.6599
v 299.4624 145.8218 108.2596
v 287.3517 145.8218 111.6599
v 293.0657 140.7076 97.5061
v 287.4102 140.7076 99.1571
v 299.4624 135.5830 108.2596
v 287.4102 140.7076 99.1571
v 293.0657 140.7076 97.5061
v 287.4102 140.7076 99.1571
v 299.4624 135.5830 108.2596
v 287.3517 135.5830 111.6599
v 287.3127 170.9960 111.6090
v 199.5536 170.9960 117.1076
v 287.2346 170.9960 119.1404
v 199.6316 170.9960 109.5724
v 106.9775 170.9960 114.9328
v 106.9775 170.9960 107.4014
v 287.2346 107.4759 119.1404
v 199.6316 107.4550 109.5724
v 287.3127 107.4550 111.6090
v 199.5536 107.4759 117.1076
v 106.9775 107.4550 107.4014
v 106.9775 107.4759 114.9328
v 287.4102 140.7076 99.1571
v 199.6511 145.8218 109.6270
v 287.3517 145.8218 111.6599
v 199.7096 140.7076 97.1206
v 107.0750 145.8218 107.4523
v 107.0750 140.7076 94.9459
v 287.3517 135.5830 111.6599
v 199.7096 140.7076 97.1206
v 287.4102 140.7076 99.1571
v 199.6511 135.5830 109.6270
v 107.0750 140.7076 94.9459
v 107.0750 135.5830 107.4523
v 106.9775 170.9960 107.4014
v 19.1990 170.9960 113.4746
v 106.9775 170.9960 114.9328
v 19.1990 170.9960 105.9431
v -55.7668 170.9960 113.1291
v -55.7668 170.9960 105.5976
v 106.9775 107.4759 114.9328
v 19.1990 107.4550 105.9431
v 106.9775 107.4550 107.4014
v 19.1990 107.4759 113.4746
v -55.7668 107.4550 105.5976
v -55.7668 107.4759 113.1291
v 107.0750 140.7076 94.9459
v 19.2965 145.8218 105.9940
v 107.0750 145.8218 107.4523
v 19.2965 140.7076 93.4912
v -55.6693 145.8218 105.6485
v -55.6693 140.7076 93.1457
v 107.0750 135.5830 107.4523
v 19.2965 140.7076 93.4912
v 107.0750 140.7076 94.9459
v 19.2965 135.5830 105.9940
v -55.6693 140.7076 93.1457
v -55.6693 135.5830 105.6485
v -55.7668 170.9960 105.5976
v -130.4400 170.9960 113.1291
v -55.7668 170.9960 113.1291
v -130.4400 170.9960 105.5976
v -205.4057 170.9960 113.1545
v -205.3862 170.9960 105.6230
v -55.7668 107.4759 113.1291
v -130.4400 107.4550 105.5976
v -55.7668 107.4550 105.5976
v -130.4400 107.4759 113.1291
v -205.3862 107.4550 105.6230
v -205.4057 107.4759 113.1545
v -55.6693 140.7076 93.1457
v -130.3425 145.8218 105.6485
v -55.6693 145.8218 105.6485
v -130.3425 140.7076 93.1457
v -205.3082 145.8218 105.6667
v -55.6693 135.5830 105.6485
v -130.3425 140.7076 93.1457
v -55.6693 140.7076 93.1457
v -130.3425 135.5830 105.6485
v -205.3082 145.8218 105.6667
v -130.3425 140.7076 93.1457
v -205.2887 140.7076 92.7930
v -130.3425 135.5830 105.6485
v -205.2887 140.7076 92.7930
v -130.3425 140.7076 93.1457
v -205.2887 140.7076 92.7930
v -130.3425 135.5830 105.6485
v -205.3082 135.5830 105.6667
v -297.9818 145.8218 101.3100
v -280.5665 140.7076 92.6366
v -290.3955 140.7076 89.9273
v -280.5665 140.7076 92.6366
v -297.9818 145.8218 101.3100
v -286.0856 145.8218 104.6775
v -290.3955 140.7076 89.9273
v -286.0856 135.5830 104.6775
v -297.9818 135.5830 101.3100
v -286.0856 135.5830 104.6775
v -290.3955 140.7076 89.9273
v -280.5665 140.7076 92.6366
v -286.0856 145.8218 104.6775
v -205.2887 140.7076 92.7930
v -280.5665 140.7076 92.6366
v -205.2887 140.7076 92.7930
v -286.0856 145.8218 104.6775
v -205.3082 145.8218 105.6667
v -280.5665 140.7076 92.6366
v -205.3082 135.5830 105.6667
v -286.0856 135.5830 104.6775
v -205.3082 135.5830 105.6667
v -280.5665 140.7076 92.6366
v -205.2887 140.7076 92.7930
v 287.3127 170.9960 111.6090
v 199.6316 107.4550 109.5724
v 199.6316 170.9960 109.5724
v 287.3127 107.4550 111.6090
v 106.9775 107.4550 107.4014
v 106.9775 170.9960 107.4014
v 106.9775 170.9960 107.4014
v 19.1990 107.4550 105.9431
v 19.1990 170.9960 105.9431
v 106.9775 107.4550 107.4014
v -55.7668 107.4550 105.5976
v -55.7668 170.9960 105.5976
v -55.7668 170.9960 105.5976
v -130.4400 107.4550 105.5976
v -130.4400 170.9960 105.5976
v -55.7668 107.4550 105.5976
v -205.3862 107.4550 105.6230
v -205.3862 170.9960 105.6230
v 199.5536 170.9960 117.1076
v 287.2346 107.4759 119.1404
v 287.2346 170.9960 119.1404
v 199.5536 107.4759 117.1076
v 106.9775 170.9960 114.9328
v 106.9775 107.4759 114.9328
v 19.1990 170.9960 113.4746
v 106.9775 107.4759 114.9328
v 106.9775 170.9960 114.9328
v 19.1990 107.4759 113.4746
v -55.7668 170.9960 113.1291
v -55.7668 107.4759 113.1291
v -130.4400 170.9960 113.1291
v -55.7668 107.4759 113.1291
v -55.7668 170.9960 113.1291
v -130.4400 107.4759 113.1291
v -205.4057 170.9960 113.1545
v -205.4057 107.4759 113.1545
v 315.1616 -170.9961 102.9174
v 299.4039 -170.9961 108.2342
v 308.3748 -170.9961 99.0771
v 303.2068 -170.9961 114.7328
v 287.2346 -170.9961 119.1404
v 287.3127 -170.9961 111.6090
v 319.2764 -170.9961 87.0362
v 311.4952 -170.9961 87.0689
v 314.9860 -170.9961 71.0822
v 308.2383 -170.9961 74.9952
v 304.2209 -170.9961 60.3650
v 299.4429 -170.9961 66.2346
v 220.4208 -170.9961 4.9571
v 217.3394 -170.9961 11.9467
v 200.7042 -170.9961 -0.0178
v 199.7681 -170.9961 7.5137
v 315.1616 -107.4655 102.9174
v 303.2068 -170.9961 114.7328
v 315.1616 -170.9961 102.9174
v 303.2068 -107.4760 114.7328
v 287.2346 -170.9961 119.1404
v 287.2346 -107.4760 119.1404
v 319.2764 -107.4655 87.0362
v 319.2764 -170.9961 87.0362
v 314.9860 -107.4655 71.0822
v 314.9860 -170.9961 71.0822
v 304.2209 -107.4655 60.3650
v 304.2209 -170.9961 60.3650
v 220.4208 -107.4655 4.9571
v 220.4208 -170.9961 4.9571
v 200.7042 -107.4655 -0.0178
v 200.7042 -170.9961 -0.0178
v 308.3748 -107.4655 99.0771
v 303.2068 -107.4760 114.7328
v 315.1616 -107.4655 102.9174
v 299.4039 -107.4551 108.2342
v 287.3127 -107.4551 111.6090
v 287.2346 -107.4760 119.1404
v 311.4952 -107.4655 87.0689
v 319.2764 -107.4655 87.0362
v 308.2383 -107.4655 74.9952
v 314.9860 -107.4655 71.0822
v 299.4429 -107.4655 66.2346
v 304.2209 -107.4655 60.3650
v 217.3394 -107.4655 11.9467
v 220.4208 -107.4655 4.9571
v 199.7681 -107.4655 7.5137
v 200.7042 -107.4655 -0.0178
v 308.3748 -170.9961 99.0771
v 299.4039 -107.4551 108.2342
v 308.3748 -107.4655 99.0771
v 299.4039 -170.9961 108.2342
v 287.3127 -107.4551 111.6090
v 287.3127 -170.9961 111.6090
v 311.4952 -170.9961 87.0689
v 311.4952 -107.4655 87.0689
v 308.2383 -170.9961 74.9952
v 308.2383 -107.4655 74.9952
v 299.4429 -170.9961 66.2346
v 299.4429 -107.4655 66.2346
v 217.3394 -170.9961 11.9467
v 217.3394 -107.4655 11.9467
v 199.7681 -170.9961 7.5137
v 199.7681 -107.4655 7.5137
v 107.5821 -170.9961 -0.0105
v 199.7681 -170.9961 7.5137
v 107.5821 -170.9961 7.5209
v 200.7042 -170.9961 -0.0178
v 18.9064 -170.9961 0.0004
v 18.9064 -170.9961 7.5319
v 107.5821 -107.4655 -0.0105
v 200.7042 -170.9961 -0.0178
v 107.5821 -170.9961 -0.0105
v 200.7042 -107.4655 -0.0178
v 18.9064 -107.4655 0.0004
v 18.9064 -170.9961 0.0004
v 107.5821 -107.4655 7.5209
v 200.7042 -107.4655 -0.0178
v 107.5821 -107.4655 -0.0105
v 199.7681 -107.4655 7.5137
v 18.9064 -107.4655 7.5319
v 18.9064 -107.4655 0.0004
v 107.5821 -170.9961 7.5209
v 199.7681 -107.4655 7.5137
v 107.5821 -107.4655 7.5209
v 199.7681 -170.9961 7.5137
v 18.9064 -170.9961 7.5319
v 18.9064 -107.4655 7.5319
v -55.9423 -170.9961 -0.0069
v 18.9064 -170.9961 7.5319
v -55.9423 -170.9961 7.5246
v 18.9064 -170.9961 0.0004
v -130.7325 -170.9961 -0.0215
v -130.7325 -170.9961 7.5100
v -55.9423 -107.4655 -0.0069
v 18.9064 -170.9961 0.0004
v -55.9423 -170.9961 -0.0069
v 18.9064 -107.4655 0.0004
v -130.7325 -107.4655 -0.0215
v -130.7325 -170.9961 -0.0215
v -55.9423 -107.4655 7.5246
v 18.9064 -107.4655 0.0004
v -55.9423 -107.4655 -0.0069
v 18.9064 -107.4655 7.5319
v -130.7325 -107.4655 7.5100
v -130.7325 -107.4655 -0.0215
v -55.9423 -170.9961 7.5246
v 18.9064 -107.4655 7.5319
v -55.9423 -107.4655 7.5246
v 18.9064 -170.9961 7.5319
v -130.7325 -170.9961 7.5100
v -130.7325 -107.4655 7.5100
v -208.2335 -170.9961 0.0840
v -130.7325 -170.9961 7.5100
v -207.3364 -170.9961 7.6155
v -130.7325 -170.9961 -0.0215
v -227.6575 -170.9961 4.6771
v -224.8102 -170.9961 11.7467
v -303.6179 -170.9961 49.5060
v -298.9569 -170.9961 55.5028
v -208.2335 -107.4655 0.0840
v -130.7325 -170.9961 -0.0215
v -208.2335 -170.9961 0.0840
v -130.7325 -107.4655 -0.0215
v -227.6575 -107.4655 4.6771
v -227.6575 -170.9961 4.6771
v -303.6179 -107.4655 49.5060
v -303.6179 -170.9961 49.5060
v -207.3364 -107.4655 7.6155
v -130.7325 -107.4655 -0.0215
v -208.2335 -107.4655 0.0840
v -130.7325 -107.4655 7.5100
v -224.8102 -107.4655 11.7467
v -227.6575 -107.4655 4.6771
v -298.9569 -107.4655 55.5028
v -303.6179 -107.4655 49.5060
v -207.3364 -170.9961 7.6155
v -130.7325 -107.4655 7.5100
v -207.3364 -107.4655 7.6155
v -130.7325 -170.9961 7.5100
v -224.8102 -170.9961 11.7467
v -224.8102 -107.4655 11.7467
v -298.9569 -170.9961 55.5028
v -298.9569 -107.4655 55.5028
v -315.1826 -170.9961 61.1578
v -298.9569 -170.9961 55.5028
v -308.4349 -170.9961 65.0490
v -303.6179 -170.9961 49.5060
v -319.7460 -170.9961 78.0937
v -311.9257 -170.9961 78.0391
v -314.9095 -170.9961 95.1131
v -308.2008 -170.9961 91.1492
v -302.4673 -170.9961 107.3359
v -297.9818 -170.9961 101.2627
v -286.1051 -170.9961 104.6302
v -288.2308 -170.9961 111.4017
v -205.3862 -170.9961 105.6230
v -205.4057 -170.9961 113.1545
v -315.1826 -107.4655 61.1578
v -303.6179 -170.9961 49.5060
v -315.1826 -170.9961 61.1578
v -303.6179 -107.4655 49.5060
v -319.7460 -107.4655 78.0937
v -319.7460 -170.9961 78.0937
v -314.9095 -107.4655 95.1131
v -314.9095 -170.9961 95.1131
v -302.4673 -107.4760 107.3323
v -302.4673 -170.9961 107.3359
v -289.2449 -107.4760 111.4708
v -288.2308 -170.9961 111.4017
v -205.4057 -107.4760 113.1545
v -205.4057 -170.9961 113.1545
v -308.4349 -107.4655 65.0490
v -303.6179 -107.4655 49.5060
v -315.1826 -107.4655 61.1578
v -298.9569 -107.4655 55.5028
v -311.9257 -107.4655 78.0391
v -319.7460 -107.4655 78.0937
v -308.2008 -107.4655 91.1492
v -314.9095 -107.4655 95.1131
v -297.9818 -107.4551 101.2627
v -302.4673 -107.4760 107.3323
v -289.2449 -107.4760 111.4708
v -286.1051 -107.4551 104.6302
v -205.4057 -107.4760 113.1545
v -205.3862 -107.4551 105.6230
v -308.4349 -170.9961 65.0490
v -298.9569 -107.4655 55.5028
v -308.4349 -107.4655 65.0490
v -298.9569 -170.9961 55.5028
v -311.9257 -170.9961 78.0391
v -311.9257 -107.4655 78.0391
v -308.2008 -170.9961 91.1492
v -308.2008 -107.4655 91.1492
v -297.9818 -170.9961 101.2627
v -297.9818 -107.4551 101.2627
v -286.1051 -170.9961 104.6302
v -286.1051 -107.4551 104.6302
v -205.3862 -170.9961 105.6230
v -205.3862 -107.4551 105.6230
v 311.5342 -145.8218 87.0725
v 297.9998 -140.7076 93.3494
v 299.2479 -140.7076 87.1416
v 308.4724 -145.8218 99.0298
v 308.3358 -145.8218 75.0061
v 297.6682 -140.7076 81.0830
v 299.5404 -145.8218 66.1909
v 293.3778 -140.7076 76.7772
v 217.3784 -145.8218 11.9322
v 211.9374 -140.7076 24.2059
v 199.8071 -145.8218 7.4046
v 198.1299 -140.7076 20.6529
v 299.2479 -140.7076 87.1416
v 308.4724 -135.5830 99.0298
v 311.5342 -135.5830 87.0725
v 297.9998 -140.7076 93.3494
v 297.6682 -140.7076 81.0830
v 308.3358 -135.5830 75.0061
v 293.3778 -140.7076 76.7772
v 299.5404 -135.5830 66.1909
v 211.9374 -140.7076 24.2059
v 217.3784 -135.5830 11.9322
v 198.1299 -140.7076 20.6529
v 199.8071 -135.5830 7.4046
v 107.6601 -145.8218 7.4882
v 198.1299 -140.7076 20.6529
v 107.6601 -140.7076 20.7329
v 199.8071 -145.8218 7.4046
v 18.9649 -145.8218 7.4518
v 18.9649 -140.7076 20.6965
v 107.6601 -140.7076 20.7329
v 199.8071 -135.5830 7.4046
v 107.6601 -135.5830 7.4882
v 198.1299 -140.7076 20.6529
v 18.9649 -140.7076 20.6965
v 18.9649 -135.5830 7.4518
v -55.9423 -145.8218 7.4882
v 18.9649 -140.7076 20.6965
v -55.9423 -140.7076 20.7329
v 18.9649 -145.8218 7.4518
v -130.6935 -145.8218 7.4773
v -130.6935 -140.7076 20.7220
v -55.9423 -140.7076 20.7329
v 18.9649 -135.5830 7.4518
v -55.9423 -135.5830 7.4882
v 18.9649 -140.7076 20.6965
v -130.6935 -140.7076 20.7220
v -130.6935 -135.5830 7.4773
v -207.3169 -145.8218 7.5864
v -130.6935 -140.7076 20.7220
v -205.7763 -140.7076 20.8274
v -130.6935 -145.8218 7.4773
v -224.7517 -145.8218 11.6958
v -219.7592 -140.7076 24.1295
v -298.9569 -145.8218 55.4483
v -290.7661 -140.7076 65.9982
v -205.7763 -140.7076 20.8274
v -130.6935 -135.5830 7.4773
v -207.3169 -135.5830 7.5864
v -130.6935 -140.7076 20.7220
v -219.7592 -140.7076 24.1295
v -224.7517 -135.5830 11.6958
v -290.7661 -140.7076 65.9982
v -298.9569 -135.5830 55.4483
v -308.4934 -145.8218 65.0345
v -290.7661 -140.7076 65.9982
v -296.6166 -140.7076 71.8859
v -298.9569 -145.8218 55.4483
v -312.0037 -145.8218 78.0355
v -298.2548 -140.7076 77.9518
v -308.2593 -145.8218 91.2038
v -295.9926 -140.7076 84.8396
v -297.9818 -145.8218 101.3100
v -290.3955 -140.7076 89.9273
v -296.6166 -140.7076 71.8859
v -298.9569 -135.5830 55.4483
v -308.4934 -135.5830 65.0345
v -290.7661 -140.7076 65.9982
v -298.2548 -140.7076 77.9518
v -312.0037 -135.5830 78.0355
v -295.9926 -140.7076 84.8396
v -308.2593 -135.5830 91.2038
v -290.3955 -140.7076 89.9273
v -297.9818 -135.5830 101.3100
v 299.4624 -145.8218 108.2596
v 297.9998 -140.7076 93.3494
v 308.4724 -145.8218 99.0298
v 297.9998 -140.7076 93.3494
v 299.4624 -145.8218 108.2596
v 293.0657 -140.7076 97.5061
v 308.4724 -135.5830 99.0298
v 293.0657 -140.7076 97.5061
v 299.4624 -135.5830 108.2596
v 293.0657 -140.7076 97.5061
v 308.4724 -135.5830 99.0298
v 297.9998 -140.7076 93.3494
v 293.0657 -140.7076 97.5061
v 287.3517 -145.8218 111.6599
v 287.4102 -140.7076 99.1571
v 287.3517 -145.8218 111.6599
v 293.0657 -140.7076 97.5061
v 299.4624 -145.8218 108.2596
v 299.4624 -135.5830 108.2596
v 287.4102 -140.7076 99.1571
v 287.3517 -135.5830 111.6599
v 287.4102 -140.7076 99.1571
v 299.4624 -135.5830 108.2596
v 293.0657 -140.7076 97.5061
v 287.3127 -170.9961 111.6090
v 199.5536 -170.9961 117.1076
v 199.6316 -170.9961 109.5724
v 287.2346 -170.9961 119.1404
v 106.9775 -170.9961 114.9328
v 106.9775 -170.9961 107.4014
v 287.2346 -107.4760 119.1404
v 199.6316 -107.4551 109.5724
v 199.5536 -107.4760 117.1076
v 287.3127 -107.4551 111.6090
v 106.9775 -107.4551 107.4014
v 106.9775 -107.4760 114.9328
v 287.4102 -140.7076 99.1571
v 199.6511 -145.8218 109.6270
v 199.7096 -140.7076 97.1206
v 287.3517 -145.8218 111.6599
v 107.0750 -145.8218 107.4523
v 107.0750 -140.7076 94.9459
v 287.3517 -135.5830 111.6599
v 199.7096 -140.7076 97.1206
v 199.6511 -135.5830 109.6270
v 287.4102 -140.7076 99.1571
v 107.0750 -140.7076 94.9459
v 107.0750 -135.5830 107.4523
v 106.9775 -170.9961 107.4014
v 19.1990 -170.9961 113.4746
v 19.1990 -170.9961 105.9431
v 106.9775 -170.9961 114.9328
v -55.7668 -170.9961 113.1291
v -55.7668 -170.9961 105.5976
v 106.9775 -107.4760 114.9328
v 19.1990 -107.4551 105.9431
v 19.1990 -107.4760 113.4746
v 106.9775 -107.4551 107.4014
v -55.7668 -107.4551 105.5976
v -55.7668 -107.4760 113.1291
v 107.0750 -140.7076 94.9459
v 19.2965 -145.8218 105.9940
v 19.2965 -140.7076 93.4912
v 107.0750 -145.8218 107.4523
v -55.6693 -145.8218 105.6485
v -55.6693 -140.7076 93.1457
v 107.0750 -135.5830 107.4523
v 19.2965 -140.7076 93.4912
v 19.2965 -135.5830 105.9940
v 107.0750 -140.7076 94.9459
v -55.6693 -140.7076 93.1457
v -55.6693 -135.5830 105.6485
v -55.7668 -170.9961 105.5976
v -130.4400 -170.9961 113.1291
v -130.4400 -170.9961 105.5976
v -55.7668 -170.9961 113.1291
v -205.4057 -170.9961 113.1545
v -205.3862 -170.9961 105.6230
v -55.7668 -107.4760 113.1291
v -130.4400 -107.4551 105.5976
v -130.4400 -107.4760 113.1291
v -55.7668 -107.4551 105.5976
v -205.3862 -107.4551 105.6230
v -205.4057 -107.4760 113.1545
v -55.6693 -140.7076 93.1457
v -130.3425 -145.8218 105.6485
v -130.3425 -140.7076 93.1457
v -55.6693 -145.8218 105.6485
v -205.3082 -145.8218 105.6667
v -55.6693 -135.5830 105.6485
v -130.3425 -140.7076 93.1457
v -130.3425 -135.5830 105.6485
v -55.6693 -140.7076 93.1457
v -130.3425 -140.7076 93.1457
v -205.3082 -145.8218 105.6667
v -205.2887 -140.7076 92.7930
v -130.3425 -135.5830 105.6485
v -205.2887 -140.7076 92.7930
v -205.3082 -135.5830 105.6667
v -205.2887 -140.7076 92.7930
v -130.3425 -135.5830 105.6485
v -130.3425 -140.7076 93.1457
v -297.9818 -145.8218 101.3100
v -280.5665 -140.7076 92.6366
v -286.0856 -145.8218 104.6775
v -280.5665 -140.7076 92.6366
v -297.9818 -145.8218 101.3100
v -290.3955 -140.7076 89.9273
v -290.3955 -140.7076 89.9273
v -286.0856 -135.5830 104.6775
v -280.5665 -140.7076 92.6366
v -286.0856 -135.5830 104.6775
v -290.3955 -140.7076 89.9273
v -297.9818 -135.5830 101.3100
v -286.0856 -145.8218 104.6775
v -205.2887 -140.7076 92.7930
v -205.3082 -145.8218 105.6667
v -205.2887 -140.7076 92.7930
v -286.0856 -145.8218 104.6775
v -280.5665 -140.7076 92.6366
v -280.5665 -140.7076 92.6366
v -205.3082 -135.5830 105.6667
v -205.2887 -140.7076 92.7930
v -205.3082 -135.5830 105.6667
v -280.5665 -140.7076 92.6366
v -286.0856 -135.5830 104.6775
v 287.3127 -170.9961 111.6090
v 199.6316 -107.4551 109.5724
v 287.3127 -107.4551 111.6090
v 199.6316 -170.9961 109.5724
v 106.9775 -107.4551 107.4014
v 106.9775 -170.9961 107.4014
v 106.9775 -170.9961 107.4014
v 19.1990 -107.4551 105.9431
v 106.9775 -107.4551 107.4014
v 19.1990 -170.9961 105.9431
v -55.7668 -107.4551 105.5976
v -55.7668 -170.9961 105.5976
v -55.7668 -170.9961 105.5976
v -130.4400 -107.4551 105.5976
v -55.7668 -107.4551 105.5976
v -130.4400 -170.9961 105.5976
v -205.3862 -107.4551 105.6230
v -205.3862 -170.9961 105.6230
v 199.5536 -170.9961 117.1076
v 287.2346 -107.4760 119.1404
v 199.5536 -107.4760 117.1076
v 287.2346 -170.9961 119.1404
v 106.9775 -170.9961 114.9328
v 106.9775 -107.4760 114.9328
v 19.1990 -170.9961 113.4746
v 106.9775 -107.4760 114.9328
v 19.1990 -107.4760 113.4746
v 106.9775 -170.9961 114.9328
v -55.7668 -170.9961 113.1291
v -55.7668 -107.4760 113.1291
v -130.4400 -170.9961 113.1291
v -55.7668 -107.4760 113.1291
v -130.4400 -107.4760 113.1291
v -55.7668 -170.9961 113.1291
v -205.4057 -170.9961 113.1545
v -205.4057 -107.4760 113.1545
vn 0.4093 0.8154 0.4093
vn 0.4093 0.8154 0.4093
vn 0.4093 0.8154 0.4093
vn 0.4094 0.8154 0.4093
vn 0.4094 0.8154 0.4093
vn 0.4093 0.8154 0.4093
vn 0.4094 0.8154 0.4093
vn 0.4094 0.8154 0.4093
vn 0.4093 0.8154 0.4093
vn 0.4093 0.8154 0.4093
vn 0.4093 0.8154 0.4094
vn 0.4093 0.8154 0.4093
vn 0.4093 0.8154 0.4093
vn 0.4093 0.8154 0.4094
vn 0.4093 0.8154 0.4093
vn 0.4093 0.8154 0.4093
vn 0.4093 0.8154 0.4093
vn 0.4093 0.8154 0.4093
vn 0.4072 0.8175 0.4072
vn 0.4093 0.8154 0.4093
vn 0.4093 0.8154 0.4093
vn 0.4094 0.8154 0.4093
vn 0.4072 0.8175 0.4072
vn 0.4080 0.8175 0.4064
vn 0.4072 0.8175 0.4072
vn 0.4072 0.8175 0.4072
vn 0.4072 0.8175 0.4072
vn 0.4072 0.8175 0.4072
vn 0.4072 0.8175 0.4072
vn 0.4072 0.8175 0.4072
vn 0.4093 0.8154 0.4093
vn 0.4072 0.8175 0.4072
vn 0.4072 0.8175 0.4072
vn 0.4072 0.8175 0.4072
vn 0.4093 0.8154 0.4093
vn 0.4094 0.8154 0.4093
vn 0.4093 0.8154 0.4093
vn 0.4093 0.8154 0.4093
vn 0.4093 0.8154 0.4093
vn 0.4093 0.8154 0.4094
vn 0.4093 0.8154 0.4093
vn 0.4094 0.8154 0.4093
vn 0.7192 0.3868 0.5772
vn 0.5792 0.3861 0.7179
vn 0.5792 0.3861 0.7179
vn 0.5792 0.3861 0.7180
vn 0.7192 0.3868 0.5772
vn 0.7192 0.3868 0.5772
vn 0.8165 0.4098 0.4066
vn 0.7192 0.3868 0.5772
vn 0.7192 0.3868 0.5772
vn 0.7192 0.3868 0.5772
vn 0.8165 0.4098 0.4066
vn 0.8165 0.4098 0.4066
vn 0.8591 0.4585 0.2275
vn 0.8165 0.4099 0.4066
vn 0.8165 0.4098 0.4067
vn 0.8165 0.4098 0.4067
vn 0.8591 0.4584 0.2275
vn 0.8591 0.4585 0.2274
vn 0.8479 0.5177 0.1142
vn 0.8591 0.4585 0.2274
vn 0.8591 0.4585 0.2274
vn 0.8592 0.4584 0.2274
vn 0.8479 0.5177 0.1142
vn 0.8479 0.5177 0.1141
vn 0.8126 0.5810 0.0454
vn 0.8479 0.5177 0.1141
vn 0.8479 0.5177 0.1141
vn 0.8479 0.5177 0.1141
vn 0.8126 0.5810 0.0454
vn 0.8126 0.5811 0.0453
vn 0.7451 0.6669 0.0000
vn 0.8125 0.5811 0.0454
vn 0.8126 0.5811 0.0454
vn 0.8126 0.5811 0.0454
vn 0.7452 0.6669 0.0000
vn 0.7451 0.6670 -0.0000
vn 0.4481 0.4011 0.7990
vn 0.5792 0.3861 0.7179
vn 0.5792 0.3861 0.7179
vn 0.5792 0.3861 0.7180
vn 0.4481 0.4011 0.7990
vn 0.4481 0.4011 0.7990
vn 0.7070 0.0000 0.7072
vn 0.7071 0.0000 0.7071
vn 0.7071 0.0000 0.7071
vn 0.7071 -0.0000 0.7071
vn 0.7071 -0.0000 0.7071
vn 0.7043 -0.0000 0.7099
vn 0.7071 0.0000 0.7071
vn 0.7043 0.0000 0.7099
vn 0.7071 0.0000 0.7071
vn 0.7044 0.0000 0.7098
vn 0.7071 0.0000 0.7072
vn 0.7071 0.0000 0.7071
vn 0.7071 0.0000 0.7071
vn 0.7070 0.0000 0.7072
vn 0.7071 0.0000 0.7071
vn 0.7070 0.0000 0.7072
vn 0.7071 0.0000 0.7071
vn 0.7071 0.0000 0.7072
vn 0.7071 -0.0000 0.7071
vn 0.7071 -0.0000 0.7071
vn 0.7072 -0.0000 0.7071
vn 0.7071 0.0000 0.7071
vn 0.7071 0.0000 0.7071
vn 0.7087 0.0000 0.7055
vn 0.7071 0.0000 0.7071
vn 0.7071 0.0000 0.7071
vn 0.7072 0.0000 0.7070
vn 0.7072 -0.0000 0.7070
vn 0.7071 -0.0000 0.7071
vn 0.7071 0.0000 0.7071
vn 0.7071 0.0000 0.7071
vn 0.7071 0.0000 0.7071
vn 0.7071 0.0000 0.7071
vn 0.7070 -0.0000 0.7072
vn 0.7071 -0.0000 0.7071
vn 0.7071 -0.0000 0.7071
vn 0.7071 0.0000 0.7071
vn 0.7071 0.0000 0.7071
vn 0.7071 0.0000 0.7072
vn 0.7071 0.0000 0.7071
vn 0.7071 0.0000 0.7071
vn 0.7072 0.0000 0.7070
vn 0.1109 0.8861 0.4500
vn 0.4328 0.8936 0.1188
vn 0.4329 0.8936 0.1187
vn 0.4329 0.8936 0.1187
vn 0.1109 0.8861 0.4500
vn 0.1111 0.8889 0.4445
vn -0.0000 0.7071 0.7072
vn 0.1112 0.8889 0.4444
vn 0.1107 0.8861 0.4501
vn 0.1112 0.8889 0.4445
vn -0.0000 0.7071 0.7071
vn -0.0000 0.7071 0.7071
vn 0.0735 0.5532 0.8298
vn 0.0000 0.7071 0.7071
vn 0.0000 0.7072 0.7071
vn 0.0000 0.7071 0.7072
vn 0.0735 0.5531 0.8298
vn 0.0735 0.5532 0.8298
vn 0.1775 0.4834 0.8572
vn 0.0735 0.5531 0.8298
vn 0.0734 0.5533 0.8298
vn 0.0735 0.5532 0.8298
vn 0.1774 0.4834 0.8572
vn 0.1775 0.4834 0.8572
vn 0.2651 0.4465 0.8546
vn 0.1775 0.4834 0.8572
vn 0.1775 0.4834 0.8572
vn 0.1775 0.4834 0.8572
vn 0.2651 0.4465 0.8546
vn 0.2651 0.4465 0.8546
vn 0.3654 0.4176 0.8319
vn 0.2652 0.4465 0.8546
vn 0.2651 0.4465 0.8546
vn 0.2652 0.4465 0.8546
vn 0.3655 0.4176 0.8319
vn 0.3654 0.4176 0.8319
vn 0.6585 0.7526 -0.0001
vn 0.4328 0.8936 0.1188
vn 0.4329 0.8936 0.1187
vn 0.4328 0.8936 0.1188
vn 0.6586 0.7525 -0.0001
vn 0.6585 0.7526 -0.0001
vn 0.4093 0.8154 0.4094
vn 0.4093 0.8154 0.4093
vn 0.4093 0.8154 0.4093
vn 0.4093 0.8154 0.4093
vn 0.4093 0.8154 0.4093
vn 0.4093 0.8154 0.4093
vn 0.4093 0.8154 0.4094
vn 0.4094 0.8154 0.4093
vn 0.4093 0.8154 0.4093
vn 0.4093 0.8154 0.4093
vn 0.4094 0.8154 0.4093
vn 0.4093 0.8154 0.4093
vn 0.7043 0.7099 -0.0001
vn 0.7452 0.6669 -0.0001
vn 0.7450 0.6670 -0.0001
vn 0.7452 0.6669 -0.0001
vn 0.7044 0.7098 -0.0001
vn 0.7043 0.7099 -0.0001
vn 0.7044 0.7098 0.0001
vn 0.7043 0.7099 0.0001
vn 0.7043 0.7099 0.0001
vn 0.7043 0.7099 0.0001
vn 0.7044 0.7099 0.0001
vn 0.7043 0.7099 0.0001
vn 0.7071 0.0000 0.7071
vn 0.7071 0.0000 0.7071
vn 0.7070 0.0000 0.7072
vn 0.7071 0.0000 0.7071
vn 0.7071 0.0000 0.7071
vn 0.7071 0.0000 0.7071
vn 0.7071 0.0000 0.7072
vn 0.7071 0.0000 0.7071
vn 0.7071 0.0000 0.7071
vn 0.7071 0.0000 0.7071
vn 0.7071 0.0000 0.7071
vn 0.7071 0.0000 0.7071
vn 0.4094 0.4093 0.8154
vn 0.3655 0.4176 0.8319
vn 0.3654 0.4176 0.8319
vn 0.3654 0.4176 0.8319
vn 0.4093 0.4093 0.8154
vn 0.4093 0.4093 0.8154
vn 0.4093 0.4093 0.8154
vn 0.4093 0.4093 0.8154
vn 0.4093 0.4094 0.8154
vn 0.4093 0.4093 0.8154
vn 0.4093 0.4093 0.8154
vn 0.4093 0.4093 0.8154
vn 0.4093 0.8154 0.4094
vn 0.4093 0.8154 0.4093
vn 0.4093 0.8154 0.4093
vn 0.4093 0.8154 0.4094
vn 0.4093 0.8154 0.4093
vn 0.4093 0.8154 0.4094
vn 0.4093 0.8154 0.4094
vn 0.4093 0.8154 0.4093
vn 0.4093 0.8154 0.4094
vn 0.4093 0.8154 0.4093
vn 0.4094 0.8154 0.4093
vn 0.4093 0.8154 0.4093
vn 0.7071 0.7071 0.0000
vn 0.7044 0.7098 0.0000
vn 0.7043 0.7099 0.0000
vn 0.7044 0.7098 0.0000
vn 0.7071 0.7071 0.0000
vn 0.7071 0.7071 0.0000
vn 0.7043 0.7099 -0.0000
vn 0.7072 0.7070 -0.0000
vn 0.7071 0.7071 -0.0000
vn 0.7072 0.7070 -0.0000
vn 0.7044 0.7098 -0.0000
vn 0.7043 0.7099 -0.0000
vn 0.7071 0.0000 0.7071
vn 0.7072 0.0000 0.7071
vn 0.7071 0.0000 0.7071
vn 0.7071 0.0000 0.7071
vn 0.7071 0.0000 0.7071
vn 0.7071 0.0000 0.7071
vn 0.7070 0.0000 0.7072
vn 0.7072 0.0000 0.7071
vn 0.7071 0.0000 0.7071
vn 0.7071 0.0000 0.7071
vn 0.7071 0.0000 0.7071
vn 0.7071 0.0000 0.7071
vn 0.4066 0.4099 0.8165
vn 0.4093 0.4093 0.8154
vn 0.4093 0.4093 0.8154
vn 0.4093 0.4093 0.8154
vn 0.4067 0.4098 0.8165
vn 0.4066 0.4099 0.8165
vn 0.4093 0.4094 0.8154
vn 0.4067 0.4098 0.8165
vn 0.4066 0.4099 0.8165
vn 0.4067 0.4098 0.8165
vn 0.4094 0.4093 0.8154
vn 0.4093 0.4093 0.8154
vn 0.4093 0.8154 0.4093
vn 0.4093 0.8154 0.4093
vn 0.4093 0.8154 0.4094
vn 0.4093 0.8154 0.4093
vn 0.4093 0.8154 0.4093
vn 0.4093 0.8154 0.4093
vn 0.4099 0.8165 0.4067
vn 0.4093 0.8154 0.4093
vn 0.4093 0.8154 0.4094
vn 0.4093 0.8154 0.4094
vn 0.4099 0.8165 0.4067
vn 0.4099 0.8165 0.4067
vn 0.4099 0.8165 0.4067
vn 0.4099 0.8165 0.4067
vn 0.4099 0.8165 0.4067
vn 0.4099 0.8165 0.4066
vn 0.4099 0.8165 0.4067
vn 0.4099 0.8165 0.4067
vn 0.6618 0.7497 -0.0000
vn 0.7044 0.7098 0.0000
vn 0.7043 0.7099 0.0000
vn 0.7043 0.7099 0.0000
vn 0.6619 0.7496 -0.0000
vn 0.6618 0.7497 -0.0000
vn 0.5290 0.8465 0.0595
vn 0.6619 0.7496 -0.0000
vn 0.6618 0.7497 -0.0000
vn 0.6618 0.7497 -0.0000
vn 0.5291 0.8465 0.0595
vn 0.5291 0.8465 0.0595
vn 0.3536 0.9164 0.1877
vn 0.5291 0.8465 0.0595
vn 0.5291 0.8465 0.0595
vn 0.5291 0.8465 0.0595
vn 0.3536 0.9164 0.1877
vn 0.3536 0.9164 0.1876
vn 0.7071 0.0000 0.7071
vn 0.7072 0.0000 0.7070
vn 0.7070 0.0000 0.7072
vn 0.7071 0.0000 0.7071
vn 0.7071 0.0000 0.7071
vn 0.7071 0.0000 0.7072
vn 0.7071 0.0000 0.7071
vn 0.7072 0.0000 0.7070
vn 0.7071 0.0000 0.7071
vn 0.7071 0.0000 0.7071
vn 0.7070 0.0000 0.7072
vn 0.7071 0.0000 0.7071
vn 0.7071 -0.0000 0.7071
vn 0.7071 0.0000 0.7071
vn 0.7071 -0.0000 0.7071
vn 0.7071 -0.0000 0.7071
vn 0.7071 -0.0000 0.7071
vn 0.7071 -0.0000 0.7071
vn 0.4455 0.4017 0.8001
vn 0.4094 0.4093 0.8154
vn 0.4093 0.4093 0.8154
vn 0.4093 0.4094 0.8154
vn 0.4456 0.4016 0.8001
vn 0.4456 0.4017 0.8001
vn 0.5337 0.3904 0.7502
vn 0.4456 0.4016 0.8001
vn 0.4456 0.4016 0.8001
vn 0.4456 0.4016 0.8001
vn 0.5337 0.3903 0.7502
vn 0.5337 0.3904 0.7502
vn 0.6176 0.3837 0.6865
vn 0.5337 0.3903 0.7502
vn 0.5337 0.3903 0.7502
vn 0.5337 0.3903 0.7502
vn 0.6176 0.3837 0.6866
vn 0.6176 0.3837 0.6865
vn 0.4093 0.8154 0.4093
vn 0.4099 0.8165 0.4067
vn 0.4099 0.8165 0.4067
vn 0.4099 0.8165 0.4067
vn 0.4094 0.8154 0.4093
vn 0.4093 0.8154 0.4093
vn 0.4094 0.8154 0.4093
vn 0.4094 0.8154 0.4093
vn 0.4093 0.8154 0.4093
vn 0.4094 0.8154 0.4093
vn 0.4093 0.8154 0.4094
vn 0.4093 0.8154 0.4093
vn 0.4094 0.8154 0.4093
vn 0.4093 0.8154 0.4093
vn 0.4093 0.8154 0.4093
vn 0.4093 0.8154 0.4093
vn 0.4093 0.8154 0.4093
vn 0.4093 0.8154 0.4093
vn 0.4093 0.8154 0.4094
vn 0.4093 0.8154 0.4093
vn 0.4130 0.8154 0.4056
vn 0.4093 0.8154 0.4093
vn 0.4093 0.8154 0.4093
vn 0.4093 0.8154 0.4093
vn 0.4094 0.8154 0.4093
vn 0.4093 0.8154 0.4093
vn 0.4093 0.8154 0.4093
vn 0.4093 0.8154 0.4093
vn 0.4093 0.8154 0.4093
vn 0.4093 0.8154 0.4093
vn 0.4093 0.8154 0.4094
vn 0.4093 0.8154 0.4093
vn 0.4093 0.8154 0.4093
vn 0.4093 0.8154 0.4093
vn 0.4093 0.8154 0.4093
vn 0.4093 0.8154 0.4093
vn 0.1187 0.8867 0.4468
vn 0.3536 0.9164 0.1877
vn 0.3536 0.9164 0.1876
vn 0.3536 0.9164 0.1876
vn 0.1187 0.8867 0.4468
vn 0.1187 0.8867 0.4468
vn -0.0001 0.7072 0.7071
vn 0.1187 0.8867 0.4468
vn 0.1187 0.8867 0.4469
vn 0.1187 0.8867 0.4468
vn -0.0001 0.7071 0.7071
vn -0.0001 0.7072 0.7070
vn 0.0733 0.5512 0.8311
vn 0.0000 0.7071 0.7071
vn 0.0000 0.7071 0.7071
vn 0.0000 0.7071 0.7071
vn 0.0732 0.5513 0.8311
vn 0.0732 0.5513 0.8311
vn 0.2243 0.4631 0.8575
vn 0.0732 0.5512 0.8312
vn 0.0732 0.5512 0.8311
vn 0.0732 0.5512 0.8311
vn 0.2243 0.4631 0.8575
vn 0.2270 0.4613 0.8577
vn 0.3521 0.4212 0.8358
vn 0.2271 0.4613 0.8577
vn 0.2243 0.4631 0.8574
vn 0.2271 0.4613 0.8577
vn 0.3521 0.4212 0.8358
vn 0.3579 0.4202 0.8339
vn 0.4040 0.4104 0.8175
vn 0.3578 0.4202 0.8339
vn 0.3521 0.4213 0.8358
vn 0.3579 0.4202 0.8339
vn 0.4040 0.4104 0.8175
vn 0.4039 0.4104 0.8175
vn 0.7071 -0.0000 0.7072
vn 0.7071 0.0000 0.7071
vn 0.7071 -0.0000 0.7071
vn 0.7071 0.0000 0.7071
vn 0.7071 -0.0000 0.7071
vn 0.7071 -0.0000 0.7071
vn 0.7071 0.0000 0.7071
vn 0.7071 -0.0000 0.7071
vn 0.7071 0.0000 0.7071
vn 0.7072 0.0000 0.7070
vn 0.7071 0.0000 0.7072
vn 0.7071 0.0000 0.7071
vn 0.7071 0.0000 0.7071
vn 0.7071 0.0000 0.7071
vn 0.7071 0.0000 0.7071
vn 0.7071 0.0000 0.7071
vn 0.7072 0.0000 0.7071
vn 0.7071 0.0000 0.7071
vn 0.7044 -0.0000 0.7098
vn 0.7071 -0.0000 0.7071
vn 0.7108 -0.0000 0.7034
vn 0.7071 0.0000 0.7071
vn 0.7044 0.0000 0.7098
vn 0.7043 0.0000 0.7099
vn 0.7043 0.0000 0.7099
vn 0.7043 0.0000 0.7099
vn 0.7044 0.0000 0.7098
vn 0.7043 -0.0000 0.7099
vn 0.7043 -0.0000 0.7099
vn 0.7043 -0.0000 0.7099
vn 0.7043 -0.0000 0.7099
vn 0.7043 -0.0000 0.7099
vn 0.7043 -0.0000 0.7099
vn 0.7043 -0.0000 0.7099
vn 0.7043 0.0000 0.7099
vn 0.7043 0.0000 0.7099
vn 0.7192 0.3868 0.5772
vn 0.6176 0.3837 0.6865
vn 0.6176 0.3837 0.6865
vn 0.6176 0.3837 0.6866
vn 0.7192 0.3868 0.5772
vn 0.7192 0.3868 0.5772
vn 0.8165 0.4098 0.4067
vn 0.7192 0.3868 0.5772
vn 0.7192 0.3868 0.5771
vn 0.7192 0.3868 0.5772
vn 0.8165 0.4098 0.4066
vn 0.8165 0.4098 0.4066
vn 0.8584 0.4617 0.2237
vn 0.8165 0.4098 0.4067
vn 0.8165 0.4099 0.4067
vn 0.8165 0.4098 0.4067
vn 0.8584 0.4617 0.2237
vn 0.8584 0.4617 0.2237
vn 0.8298 0.5531 0.0735
vn 0.8584 0.4617 0.2236
vn 0.8584 0.4617 0.2236
vn 0.8584 0.4616 0.2236
vn 0.8298 0.5532 0.0735
vn 0.8298 0.5532 0.0735
vn 0.7519 0.6592 0.0051
vn 0.8298 0.5532 0.0735
vn 0.8298 0.5532 0.0735
vn 0.8298 0.5532 0.0735
vn 0.7519 0.6592 0.0051
vn 0.7519 0.6593 0.0051
vn 0.7071 0.7071 0.0000
vn 0.7520 0.6592 0.0052
vn 0.7519 0.6592 0.0052
vn 0.7519 0.6592 0.0052
vn 0.7071 0.7071 0.0000
vn 0.7071 0.7071 0.0000
vn 0.2716 0.8530 0.4457
vn 0.2766 0.8686 0.4113
vn 0.2736 0.8707 0.4088
vn 0.2766 0.8686 0.4112
vn 0.2716 0.8530 0.4457
vn 0.2703 0.8526 0.4472
vn 0.2821 0.8162 0.5043
vn 0.2704 0.8526 0.4471
vn 0.2716 0.8530 0.4457
vn 0.2704 0.8526 0.4471
vn 0.2821 0.8162 0.5043
vn 0.2821 0.8162 0.5043
vn 0.3086 0.7875 0.5336
vn 0.2820 0.8161 0.5043
vn 0.2821 0.8162 0.5043
vn 0.2820 0.8162 0.5043
vn 0.3086 0.7874 0.5336
vn 0.3086 0.7875 0.5336
vn 0.3422 0.7755 0.5306
vn 0.3086 0.7874 0.5336
vn 0.3086 0.7875 0.5336
vn 0.3086 0.7875 0.5336
vn 0.3423 0.7755 0.5306
vn 0.3422 0.7755 0.5306
vn 0.3750 0.7593 0.5318
vn 0.3422 0.7755 0.5305
vn 0.3422 0.7755 0.5306
vn 0.3422 0.7755 0.5306
vn 0.3750 0.7593 0.5318
vn 0.3750 0.7593 0.5318
vn 0.5193 0.0666 0.8520
vn 0.5565 0.0714 0.8277
vn 0.5431 0.0787 0.8360
vn 0.5566 0.0714 0.8277
vn 0.5192 0.0666 0.8521
vn 0.5195 0.0600 0.8524
vn 0.4874 0.0516 0.8717
vn 0.5194 0.0600 0.8524
vn 0.5192 0.0666 0.8521
vn 0.5194 0.0599 0.8524
vn 0.4874 0.0516 0.8716
vn 0.4873 0.0516 0.8717
vn 0.5000 0.0521 0.8644
vn 0.4875 0.0516 0.8716
vn 0.4875 0.0516 0.8716
vn 0.4874 0.0516 0.8716
vn 0.4999 0.0521 0.8645
vn 0.5039 0.0520 0.8622
vn 0.5416 0.0398 0.8397
vn 0.5039 0.0520 0.8622
vn 0.5000 0.0521 0.8644
vn 0.5038 0.0520 0.8623
vn 0.5416 0.0398 0.8397
vn 0.5416 0.0398 0.8397
vn 0.5759 0.0377 0.8166
vn 0.5416 0.0397 0.8397
vn 0.5415 0.0397 0.8397
vn 0.5415 0.0398 0.8397
vn 0.5760 0.0377 0.8166
vn 0.5759 0.0378 0.8167
vn 0.3901 0.7527 0.5303
vn 0.3750 0.7593 0.5318
vn 0.3750 0.7593 0.5318
vn 0.3750 0.7593 0.5318
vn 0.3901 0.7528 0.5303
vn 0.3901 0.7528 0.5302
vn 0.3901 0.7528 0.5303
vn 0.3901 0.7527 0.5303
vn 0.3901 0.7528 0.5303
vn 0.3901 0.7528 0.5303
vn 0.3901 0.7528 0.5303
vn 0.3901 0.7527 0.5303
vn 0.5922 0.0370 0.8050
vn 0.5759 0.0377 0.8167
vn 0.5759 0.0377 0.8167
vn 0.5759 0.0377 0.8166
vn 0.5922 0.0370 0.8049
vn 0.5921 0.0370 0.8050
vn 0.5921 0.0370 0.8050
vn 0.5922 0.0370 0.8049
vn 0.5921 0.0370 0.8050
vn 0.5921 0.0370 0.8050
vn 0.5922 0.0370 0.8050
vn 0.5922 0.0370 0.8050
vn 0.3901 0.7528 0.5302
vn 0.3901 0.7528 0.5303
vn 0.3901 0.7528 0.5303
vn 0.3901 0.7528 0.5303
vn 0.3901 0.7528 0.5303
vn 0.3901 0.7528 0.5303
vn 0.3901 0.7528 0.5303
vn 0.3901 0.7528 0.5303
vn 0.3901 0.7528 0.5303
vn 0.3901 0.7528 0.5303
vn 0.3901 0.7528 0.5303
vn 0.3901 0.7528 0.5303
vn 0.5922 0.0370 0.8049
vn 0.5922 0.0370 0.8049
vn 0.5922 0.0370 0.8050
vn 0.5922 0.0370 0.8049
vn 0.5922 0.0370 0.8050
vn 0.5921 0.0370 0.8050
vn 0.5922 0.0370 0.8049
vn 0.5922 0.0370 0.8050
vn 0.5921 0.0370 0.8050
vn 0.5922 0.0370 0.8049
vn 0.5921 0.0370 0.8050
vn 0.5921 0.0370 0.8050
vn 0.4035 0.7494 0.5249
vn 0.3901 0.7527 0.5303
vn 0.3901 0.7528 0.5303
vn 0.3901 0.7527 0.5303
vn 0.4035 0.7494 0.5249
vn 0.4035 0.7494 0.5249
vn 0.4353 0.7416 0.5104
vn 0.4035 0.7495 0.5249
vn 0.4035 0.7495 0.5249
vn 0.4035 0.7494 0.5249
vn 0.4353 0.7416 0.5104
vn 0.4353 0.7416 0.5104
vn 0.4656 0.7373 0.4895
vn 0.4353 0.7416 0.5104
vn 0.4353 0.7416 0.5104
vn 0.4353 0.7416 0.5104
vn 0.4656 0.7373 0.4895
vn 0.4656 0.7373 0.4895
vn 0.6091 0.0366 0.7923
vn 0.5922 0.0370 0.8049
vn 0.5921 0.0370 0.8050
vn 0.5922 0.0370 0.8049
vn 0.6091 0.0366 0.7923
vn 0.6091 0.0366 0.7923
vn 0.6485 0.0358 0.7604
vn 0.6091 0.0366 0.7922
vn 0.6091 0.0366 0.7922
vn 0.6091 0.0366 0.7922
vn 0.6485 0.0357 0.7604
vn 0.6486 0.0357 0.7603
vn 0.6888 0.0353 0.7241
vn 0.6485 0.0358 0.7604
vn 0.6486 0.0358 0.7603
vn 0.6485 0.0358 0.7604
vn 0.6888 0.0353 0.7241
vn 0.6888 0.0353 0.7241
vn 0.4981 0.7412 0.4501
vn 0.4656 0.7373 0.4895
vn 0.4656 0.7373 0.4895
vn 0.4656 0.7373 0.4895
vn 0.4981 0.7412 0.4500
vn 0.4981 0.7412 0.4501
vn 0.5265 0.7561 0.3887
vn 0.4981 0.7412 0.4501
vn 0.4981 0.7412 0.4501
vn 0.4981 0.7412 0.4501
vn 0.5265 0.7561 0.3887
vn 0.5253 0.7574 0.3878
vn 0.5260 0.7827 0.3327
vn 0.5253 0.7574 0.3879
vn 0.5265 0.7561 0.3888
vn 0.5252 0.7574 0.3879
vn 0.5260 0.7827 0.3327
vn 0.5212 0.7882 0.3273
vn 0.5155 0.8008 0.3048
vn 0.5212 0.7882 0.3274
vn 0.5260 0.7827 0.3327
vn 0.5212 0.7881 0.3274
vn 0.5155 0.8008 0.3048
vn 0.5132 0.8021 0.3053
vn 0.7415 0.0357 0.6700
vn 0.6887 0.0353 0.7242
vn 0.6888 0.0353 0.7241
vn 0.6888 0.0353 0.7241
vn 0.7415 0.0357 0.6700
vn 0.7415 0.0357 0.6700
vn 0.8061 0.0375 0.5906
vn 0.7415 0.0357 0.6700
vn 0.7415 0.0357 0.6700
vn 0.7415 0.0357 0.6700
vn 0.8061 0.0375 0.5906
vn 0.8040 0.0327 0.5937
vn 0.8476 0.0411 0.5290
vn 0.8040 0.0327 0.5937
vn 0.8062 0.0375 0.5905
vn 0.8041 0.0327 0.5937
vn 0.8476 0.0411 0.5291
vn 0.8446 0.0357 0.5342
vn 0.8600 0.0433 0.5085
vn 0.8446 0.0356 0.5342
vn 0.8475 0.0411 0.5291
vn 0.8446 0.0356 0.5343
vn 0.8600 0.0433 0.5084
vn 0.8576 0.0432 0.5125
vn 0.3441 0.8818 0.3226
vn 0.3441 0.8818 0.3226
vn 0.3441 0.8818 0.3227
vn 0.3267 0.8855 0.3303
vn 0.3267 0.8855 0.3303
vn 0.3267 0.8855 0.3302
vn 0.7276 0.0860 0.6806
vn 0.7275 0.0860 0.6807
vn 0.7276 0.0860 0.6806
vn 0.7012 0.0762 0.7089
vn 0.7013 0.0762 0.7088
vn 0.7012 0.0762 0.7089
vn 0.4049 0.8702 0.2807
vn 0.4050 0.8702 0.2806
vn 0.4049 0.8702 0.2806
vn 0.4020 0.8715 0.2810
vn 0.4020 0.8714 0.2810
vn 0.4020 0.8714 0.2810
vn 0.8164 0.0717 0.5730
vn 0.8164 0.0717 0.5730
vn 0.8164 0.0717 0.5729
vn 0.8198 0.0719 0.5681
vn 0.8198 0.0719 0.5681
vn 0.8198 0.0719 0.5681
vn 0.4093 0.8154 0.4094
vn 0.4093 0.8154 0.4093
vn 0.4093 0.8154 0.4093
vn 0.4093 0.8154 0.4094
vn 0.4093 0.8154 0.4093
vn 0.4093 0.8154 0.4093
vn 0.4093 0.8154 0.4093
vn 0.4093 0.8154 0.4094
vn 0.4093 0.8154 0.4093
vn 0.4093 0.8154 0.4093
vn 0.4093 0.8154 0.4093
vn 0.4093 0.8154 0.4093
vn 0.7043 0.0000 0.7100
vn 0.7043 0.0000 0.7099
vn 0.7043 0.0000 0.7099
vn 0.7043 0.0000 0.7099
vn 0.7043 0.0000 0.7099
vn 0.7043 0.0000 0.7099
vn 0.7043 0.0000 0.7099
vn 0.7042 0.0000 0.7100
vn 0.7044 0.0000 0.7098
vn 0.7043 0.0000 0.7099
vn 0.7043 0.0000 0.7099
vn 0.7043 0.0000 0.7099
vn 0.4467 0.8518 0.2735
vn 0.4466 0.8518 0.2736
vn 0.4467 0.8518 0.2736
vn 0.4467 0.8518 0.2736
vn 0.4467 0.8518 0.2736
vn 0.4467 0.8518 0.2736
vn 0.4467 0.8518 0.2736
vn 0.4467 0.8518 0.2736
vn 0.4467 0.8518 0.2736
vn 0.4467 0.8518 0.2736
vn 0.4467 0.8518 0.2736
vn 0.4467 0.8518 0.2736
vn 0.8513 0.0594 0.5213
vn 0.8513 0.0594 0.5213
vn 0.8513 0.0594 0.5214
vn 0.8513 0.0594 0.5213
vn 0.8513 0.0594 0.5213
vn 0.8513 0.0594 0.5214
vn 0.8513 0.0594 0.5213
vn 0.8513 0.0594 0.5213
vn 0.8512 0.0593 0.5214
vn 0.8513 0.0594 0.5213
vn 0.8513 0.0594 0.5213
vn 0.8513 0.0593 0.5213
vn 0.4093 0.8154 0.4093
vn 0.4093 0.8154 0.4094
vn 0.4093 0.8154 0.4093
vn 0.4093 0.8154 0.4093
vn 0.4093 0.8154 0.4094
vn 0.4093 0.8154 0.4093
vn 0.4093 0.8154 0.4093
vn 0.4093 0.8154 0.4093
vn 0.4094 0.8154 0.4093
vn 0.4093 0.8154 0.4093
vn 0.4093 0.8154 0.4094
vn 0.4094 0.8154 0.4093
vn 0.7043 0.0000 0.7099
vn 0.7043 0.0000 0.7099
vn 0.7043 0.0000 0.7099
vn 0.7043 0.0000 0.7099
vn 0.7043 0.0000 0.7099
vn 0.7043 0.0000 0.7099
vn 0.7043 -0.0000 0.7099
vn 0.7042 -0.0000 0.7100
vn 0.7044 -0.0000 0.7098
vn 0.7043 -0.0000 0.7099
vn 0.7043 -0.0000 0.7099
vn 0.7044 -0.0000 0.7098
vn 0.4439 0.8531 0.2740
vn 0.4439 0.8531 0.2740
vn 0.4440 0.8531 0.2740
vn 0.4440 0.8531 0.2740
vn 0.4439 0.8531 0.2740
vn 0.4440 0.8531 0.2740
vn 0.4439 0.8531 0.2740
vn 0.4439 0.8532 0.2740
vn 0.4439 0.8531 0.2740
vn 0.4439 0.8531 0.2740
vn 0.4439 0.8531 0.2740
vn 0.4439 0.8531 0.2740
vn 0.8495 0.0598 0.5243
vn 0.8495 0.0598 0.5242
vn 0.8494 0.0597 0.5243
vn 0.8495 0.0597 0.5243
vn 0.8494 0.0597 0.5243
vn 0.8495 0.0597 0.5242
vn 0.8494 0.0598 0.5243
vn 0.8495 0.0598 0.5242
vn 0.8494 0.0598 0.5243
vn 0.8495 0.0598 0.5243
vn 0.8495 0.0598 0.5243
vn 0.8494 0.0597 0.5243
vn 0.4093 0.8154 0.4093
vn 0.4093 0.8154 0.4094
vn 0.4094 0.8154 0.4093
vn 0.4093 0.8154 0.4094
vn 0.4093 0.8154 0.4093
vn 0.4093 0.8154 0.4093
vn 0.4093 0.8154 0.4093
vn 0.4093 0.8154 0.4093
vn 0.4094 0.8154 0.4093
vn 0.4093 0.8154 0.4093
vn 0.4093 0.8154 0.4094
vn 0.4093 0.8154 0.4093
vn 0.7071 -0.0000 0.7071
vn 0.7071 -0.0000 0.7071
vn 0.7071 -0.0000 0.7071
vn 0.7071 -0.0000 0.7071
vn 0.7071 -0.0000 0.7072
vn 0.7071 -0.0000 0.7071
vn 0.7071 -0.0000 0.7072
vn 0.7070 -0.0000 0.7072
vn 0.7071 -0.0000 0.7071
vn 0.7071 -0.0000 0.7071
vn 0.7071 -0.0000 0.7071
vn 0.7071 -0.0000 0.7071
vn 0.4412 0.8544 0.2744
vn 0.4412 0.8544 0.2744
vn 0.4411 0.8545 0.2744
vn 0.4412 0.8544 0.2744
vn 0.4411 0.8545 0.2744
vn 0.4411 0.8544 0.2744
vn 0.4412 0.8544 0.2744
vn 0.4411 0.8545 0.2745
vn 0.4411 0.8545 0.2744
vn 0.8476 0.0601 0.5272
vn 0.8476 0.0601 0.5272
vn 0.8476 0.0601 0.5272
vn 0.8476 0.0601 0.5272
vn 0.8476 0.0601 0.5272
vn 0.8475 0.0601 0.5273
vn 0.4435 0.8523 0.2772
vn 0.4435 0.8523 0.2772
vn 0.4435 0.8523 0.2772
vn 0.8495 0.0598 0.5242
vn 0.8494 0.0598 0.5243
vn 0.8494 0.0598 0.5243
vn 0.8446 0.0599 0.5320
vn 0.8446 0.0599 0.5321
vn 0.8446 0.0599 0.5321
vn 0.4737 0.8358 0.2776
vn 0.4737 0.8358 0.2776
vn 0.4737 0.8358 0.2775
vn 0.4733 0.8350 0.2806
vn 0.4733 0.8350 0.2806
vn 0.4733 0.8350 0.2806
vn 0.8619 0.0493 0.5047
vn 0.8619 0.0493 0.5047
vn 0.8618 0.0492 0.5049
vn 0.8592 0.0491 0.5093
vn 0.8592 0.0491 0.5093
vn 0.8592 0.0491 0.5093
vn 0.4461 0.8538 0.2683
vn 0.4461 0.8538 0.2684
vn 0.4461 0.8538 0.2684
vn 0.4435 0.8523 0.2772
vn 0.4435 0.8523 0.2772
vn 0.4435 0.8523 0.2772
vn 0.8521 0.0666 0.5192
vn 0.8521 0.0666 0.5191
vn 0.8521 0.0666 0.5191
vn 0.8465 0.0595 0.5291
vn 0.8465 0.0595 0.5291
vn 0.8465 0.0595 0.5291
vn 0.6585 0.7526 -0.0000
vn 0.7126 0.7016 0.0000
vn 0.7125 0.7017 0.0000
vn 0.7126 0.7015 0.0000
vn 0.6585 0.7526 -0.0000
vn 0.6585 0.7526 -0.0000
vn 0.7126 0.7015 0.0000
vn 0.7126 0.7016 0.0000
vn 0.7126 0.7016 0.0000
vn 0.7126 0.7016 0.0000
vn 0.7126 0.7016 0.0000
vn 0.7125 0.7017 0.0000
vn 0.7126 0.7016 -0.0000
vn 0.7099 0.7043 -0.0000
vn 0.7098 0.7044 -0.0000
vn 0.7099 0.7043 -0.0000
vn 0.7125 0.7016 -0.0000
vn 0.7125 0.7017 -0.0000
vn 0.7071 0.7071 -0.0000
vn 0.7099 0.7043 0.0000
vn 0.7098 0.7044 0.0000
vn 0.7099 0.7043 0.0000
vn 0.7071 0.7071 -0.0000
vn 0.7070 0.7072 -0.0000
vn 0.7072 0.7071 0.0000
vn 0.7044 0.7098 0.0000
vn 0.7043 0.7099 0.0000
vn 0.7043 0.7099 0.0000
vn 0.7072 0.7071 0.0000
vn 0.7071 0.7071 0.0000
vn 0.7072 0.7070 0.0000
vn 0.7043 0.7099 0.0000
vn 0.7043 0.7099 0.0000
vn 0.7043 0.7099 0.0000
vn 0.7071 0.7071 0.0000
vn 0.7071 0.7071 0.0000
vn 0.4013 0.4109 0.8186
vn 0.4481 0.4011 0.7990
vn 0.4481 0.4011 0.7990
vn 0.4481 0.4011 0.7990
vn 0.4013 0.4109 0.8186
vn 0.4013 0.4110 0.8186
vn 0.4013 0.4109 0.8186
vn 0.4013 0.4109 0.8186
vn 0.4013 0.4109 0.8186
vn 0.4013 0.4109 0.8186
vn 0.4013 0.4109 0.8186
vn 0.4013 0.4109 0.8186
vn 0.4039 0.4104 0.8175
vn 0.4013 0.4109 0.8186
vn 0.4013 0.4110 0.8186
vn 0.4013 0.4110 0.8186
vn 0.4040 0.4104 0.8176
vn 0.4040 0.4104 0.8175
vn 0.4066 0.4099 0.8165
vn 0.4040 0.4104 0.8175
vn 0.4040 0.4104 0.8175
vn 0.4040 0.4104 0.8175
vn 0.4067 0.4098 0.8165
vn 0.4066 0.4099 0.8165
vn 0.4093 0.4093 0.8154
vn 0.4067 0.4099 0.8165
vn 0.4067 0.4099 0.8165
vn 0.4067 0.4099 0.8165
vn 0.4093 0.4093 0.8154
vn 0.4093 0.4093 0.8154
vn 0.4040 0.4104 0.8175
vn 0.4094 0.4093 0.8154
vn 0.4093 0.4093 0.8154
vn 0.4093 0.4093 0.8154
vn 0.4040 0.4104 0.8175
vn 0.4040 0.4104 0.8175
vn 0.7043 -0.0000 0.7099
vn 0.7071 -0.0000 0.7072
vn 0.7044 -0.0000 0.7098
vn 0.7071 0.0000 0.7071
vn 0.7044 0.0000 0.7099
vn 0.7070 0.0000 0.7072
vn 0.7071 0.0000 0.7071
vn 0.7071 -0.0000 0.7071
vn 0.7071 0.0000 0.7071
vn 0.7071 0.0000 0.7071
vn 0.7071 0.0000 0.7071
vn 0.7071 0.0000 0.7071
vn 0.7044 0.0000 0.7098
vn 0.7043 0.0000 0.7099
vn 0.7043 0.0000 0.7099
vn 0.7044 0.0000 0.7098
vn 0.7043 0.0000 0.7099
vn 0.7071 0.0000 0.7071
vn 0.7072 0.0000 0.7071
vn 0.7071 0.0000 0.7071
vn 0.7043 0.0000 0.7099
vn 0.7071 0.0000 0.7072
vn 0.7071 -0.0000 0.7071
vn 0.7071 -0.0000 0.7071
vn 0.7071 0.0000 0.7071
vn 0.7071 0.0000 0.7071
vn 0.7071 -0.0000 0.7071
vn 0.7072 0.0000 0.7071
vn 0.7071 0.0000 0.7071
vn 0.7072 0.0000 0.7071
vn 0.7071 0.0000 0.7071
vn 0.7071 0.0000 0.7071
vn 0.7071 0.0000 0.7071
vn 0.7072 0.0000 0.7070
vn 0.7071 0.0000 0.7071
vn 0.7071 0.0000 0.7071
vn 0.7071 0.0000 0.7071
vn 0.7071 0.0000 0.7071
vn 0.7071 0.0000 0.7071
vn 0.7071 0.0000 0.7072
vn 0.7071 0.0000 0.7071
vn 0.7192 0.3868 0.5772
vn 0.5792 0.3861 0.7180
vn 0.7192 0.3868 0.5772
vn 0.5792 0.3861 0.7179
vn 0.7192 0.3868 0.5772
vn 0.5792 0.3861 0.7179
vn 0.5792 0.3861 0.7179
vn 0.4481 0.4011 0.7990
vn 0.5792 0.3861 0.7179
vn 0.4480 0.4011 0.7990
vn 0.5792 0.3862 0.7180
vn 0.4481 0.4011 0.7990
vn 0.7192 0.3868 0.5772
vn 0.8165 0.4098 0.4066
vn 0.7192 0.3868 0.5772
vn 0.8165 0.4098 0.4067
vn 0.7192 0.3868 0.5772
vn 0.8165 0.4098 0.4066
vn 0.8165 0.4099 0.4066
vn 0.8577 0.4613 0.2270
vn 0.8165 0.4099 0.4067
vn 0.8577 0.4613 0.2271
vn 0.8165 0.4098 0.4067
vn 0.8577 0.4613 0.2271
vn 0.8577 0.4612 0.2270
vn 0.8461 0.5207 0.1139
vn 0.8577 0.4613 0.2270
vn 0.8461 0.5208 0.1138
vn 0.8577 0.4613 0.2270
vn 0.8479 0.5177 0.1142
vn 0.8479 0.5177 0.1141
vn 0.8147 0.5781 0.0455
vn 0.8461 0.5207 0.1138
vn 0.8148 0.5780 0.0455
vn 0.8479 0.5177 0.1141
vn 0.8147 0.5780 0.0455
vn 0.8147 0.5781 0.0455
vn 0.7476 0.6641 0.0000
vn 0.8148 0.5780 0.0456
vn 0.7477 0.6640 0.0000
vn 0.8147 0.5780 0.0455
vn 0.7477 0.6640 0.0000
vn 0.4093 0.8154 0.4093
vn 0.4093 0.8154 0.4093
vn 0.4067 0.8165 0.4099
vn 0.4093 0.8154 0.4094
vn 0.4093 0.8154 0.4093
vn 0.4093 0.8154 0.4094
vn 0.4093 0.8154 0.4093
vn 0.4093 0.8154 0.4094
vn 0.4093 0.8154 0.4093
vn 0.4093 0.8154 0.4094
vn 0.4094 0.8154 0.4093
vn 0.4094 0.8154 0.4093
vn 0.4067 0.8165 0.4098
vn 0.4093 0.8154 0.4093
vn 0.4094 0.8154 0.4093
vn 0.4093 0.8154 0.4093
vn 0.4067 0.8165 0.4098
vn 0.4093 0.8154 0.4094
vn 0.4093 0.8154 0.4093
vn 0.4072 0.8175 0.4072
vn 0.4093 0.8154 0.4093
vn 0.4072 0.8175 0.4072
vn 0.4094 0.8154 0.4093
vn 0.4072 0.8175 0.4072
vn 0.4072 0.8175 0.4072
vn 0.4080 0.8175 0.4064
vn 0.4072 0.8175 0.4072
vn 0.4072 0.8175 0.4072
vn 0.4072 0.8175 0.4072
vn 0.4072 0.8175 0.4072
vn 0.4072 0.8175 0.4072
vn 0.4067 0.8165 0.4098
vn 0.4072 0.8175 0.4072
vn 0.4067 0.8165 0.4098
vn 0.4072 0.8175 0.4072
vn 0.4067 0.8165 0.4099
vn 0.4067 0.8165 0.4099
vn 0.4066 0.8165 0.4099
vn 0.4067 0.8165 0.4099
vn 0.4067 0.8165 0.4099
vn 0.4067 0.8165 0.4099
vn 0.4067 0.8165 0.4099
vn 0.1115 0.8846 0.4528
vn 0.4356 0.8922 0.1195
vn 0.1118 0.8874 0.4472
vn 0.4356 0.8922 0.1195
vn 0.1115 0.8846 0.4528
vn 0.4356 0.8922 0.1195
vn 0.4356 0.8922 0.1194
vn 0.6614 0.7501 0.0000
vn 0.4356 0.8922 0.1194
vn 0.6614 0.7501 0.0000
vn 0.4356 0.8922 0.1194
vn 0.6615 0.7500 -0.0000
vn 0.1118 0.8875 0.4471
vn -0.0000 0.7071 0.7071
vn 0.1115 0.8846 0.4528
vn -0.0000 0.7071 0.7071
vn 0.1118 0.8874 0.4472
vn -0.0000 0.7070 0.7072
vn 0.0000 0.7071 0.7072
vn 0.0735 0.5532 0.8298
vn 0.0000 0.7071 0.7071
vn 0.0735 0.5531 0.8299
vn 0.0000 0.7071 0.7071
vn 0.0735 0.5532 0.8298
vn 0.0735 0.5532 0.8298
vn 0.1775 0.4834 0.8572
vn 0.0735 0.5532 0.8298
vn 0.1775 0.4833 0.8573
vn 0.0735 0.5532 0.8298
vn 0.1775 0.4834 0.8572
vn 0.1775 0.4834 0.8572
vn 0.2651 0.4465 0.8546
vn 0.1775 0.4833 0.8572
vn 0.2649 0.4468 0.8545
vn 0.1775 0.4834 0.8572
vn 0.2651 0.4465 0.8546
vn 0.2651 0.4465 0.8546
vn 0.3654 0.4176 0.8319
vn 0.2652 0.4465 0.8546
vn 0.3654 0.4176 0.8319
vn 0.2651 0.4465 0.8546
vn 0.3655 0.4176 0.8319
vn 0.7071 0.0000 0.7071
vn 0.7070 0.0000 0.7072
vn 0.7072 0.0000 0.7070
vn 0.7071 0.0000 0.7071
vn 0.7070 0.0000 0.7072
vn 0.7071 0.0000 0.7071
vn 0.7070 0.0000 0.7072
vn 0.7071 0.0000 0.7071
vn 0.7071 0.0000 0.7071
vn 0.7071 0.0000 0.7071
vn 0.7071 0.0000 0.7071
vn 0.7071 0.0000 0.7071
vn 0.7071 0.7071 -0.0001
vn 0.7477 0.6640 -0.0001
vn 0.7071 0.7071 -0.0001
vn 0.7477 0.6640 -0.0001
vn 0.7070 0.7072 -0.0001
vn 0.7477 0.6640 -0.0001
vn 0.7070 0.7072 0.0001
vn 0.7071 0.7071 0.0001
vn 0.7072 0.7071 0.0001
vn 0.7071 0.7072 0.0001
vn 0.7070 0.7072 0.0001
vn 0.7071 0.7071 0.0001
vn 0.4067 0.8165 0.4099
vn 0.4067 0.8165 0.4099
vn 0.4067 0.8165 0.4099
vn 0.4067 0.8165 0.4099
vn 0.4066 0.8165 0.4099
vn 0.4067 0.8165 0.4099
vn 0.4066 0.8165 0.4099
vn 0.4067 0.8165 0.4099
vn 0.4067 0.8165 0.4099
vn 0.4067 0.8165 0.4099
vn 0.4066 0.8165 0.4099
vn 0.4067 0.8165 0.4099
vn 0.4094 0.4093 0.8154
vn 0.3654 0.4176 0.8319
vn 0.4094 0.4093 0.8154
vn 0.3655 0.4176 0.8319
vn 0.4093 0.4093 0.8154
vn 0.3654 0.4176 0.8319
vn 0.4093 0.4093 0.8154
vn 0.4093 0.4093 0.8154
vn 0.4094 0.4093 0.8154
vn 0.4093 0.4093 0.8154
vn 0.4093 0.4093 0.8154
vn 0.4093 0.4093 0.8154
vn 0.7071 0.0000 0.7071
vn 0.7071 0.0000 0.7072
vn 0.7072 0.0000 0.7070
vn 0.7071 0.0000 0.7071
vn 0.7070 0.0000 0.7072
vn 0.7072 0.0000 0.7070
vn 0.7070 0.0000 0.7072
vn 0.7072 0.0000 0.7070
vn 0.7071 0.0000 0.7071
vn 0.7071 0.0000 0.7071
vn 0.7071 0.0000 0.7071
vn 0.7098 0.7044 0.0000
vn 0.7071 0.7071 0.0000
vn 0.7099 0.7043 0.0000
vn 0.7071 0.7071 0.0000
vn 0.7098 0.7044 0.0000
vn 0.7072 0.7071 0.0000
vn 0.7098 0.7044 -0.0000
vn 0.7071 0.7071 -0.0000
vn 0.7099 0.7043 -0.0000
vn 0.7071 0.7071 -0.0000
vn 0.7098 0.7044 -0.0000
vn 0.7071 0.7071 -0.0000
vn 0.4066 0.8165 0.4099
vn 0.4067 0.8165 0.4099
vn 0.4067 0.8165 0.4098
vn 0.4066 0.8165 0.4099
vn 0.4066 0.8165 0.4099
vn 0.4067 0.8165 0.4098
vn 0.4066 0.8165 0.4099
vn 0.4067 0.8165 0.4099
vn 0.4067 0.8165 0.4099
vn 0.4067 0.8165 0.4099
vn 0.4066 0.8165 0.4099
vn 0.4067 0.8165 0.4098
vn 0.4067 0.4099 0.8165
vn 0.4093 0.4093 0.8154
vn 0.4067 0.4098 0.8165
vn 0.4093 0.4093 0.8154
vn 0.4066 0.4099 0.8165
vn 0.4093 0.4093 0.8154
vn 0.4066 0.4099 0.8165
vn 0.4093 0.4094 0.8154
vn 0.4067 0.4098 0.8165
vn 0.4093 0.4093 0.8154
vn 0.4067 0.4098 0.8165
vn 0.7071 0.0000 0.7071
vn 0.7071 0.0000 0.7071
vn 0.7072 0.0000 0.7071
vn 0.7071 0.0000 0.7071
vn 0.7071 0.0000 0.7071
vn 0.7071 0.0000 0.7071
vn 0.7071 0.0000 0.7071
vn 0.7099 0.0000 0.7043
vn 0.7071 0.0000 0.7071
vn 0.7099 -0.0000 0.7043
vn 0.7071 -0.0000 0.7072
vn 0.7099 -0.0000 0.7043
vn 0.7099 0.0000 0.7043
vn 0.7099 0.0000 0.7043
vn 0.7099 0.0000 0.7043
vn 0.7099 -0.0000 0.7043
vn 0.7099 -0.0000 0.7043
vn 0.7098 -0.0000 0.7044
vn 0.6647 0.7471 -0.0000
vn 0.7071 0.7071 0.0000
vn 0.6648 0.7471 -0.0000
vn 0.7071 0.7072 0.0000
vn 0.6647 0.7471 -0.0000
vn 0.7072 0.7071 0.0000
vn 0.6647 0.7471 0.0000
vn 0.5320 0.8446 0.0598
vn 0.6648 0.7470 0.0000
vn 0.5320 0.8446 0.0598
vn 0.6647 0.7471 0.0000
vn 0.5320 0.8446 0.0598
vn 0.5321 0.8445 0.0599
vn 0.3536 0.9164 0.1876
vn 0.5321 0.8446 0.0600
vn 0.3536 0.9164 0.1877
vn 0.5321 0.8445 0.0599
vn 0.3512 0.9176 0.1864
vn 0.4066 0.8165 0.4099
vn 0.4067 0.8165 0.4099
vn 0.4067 0.8165 0.4099
vn 0.4066 0.8165 0.4099
vn 0.4067 0.8165 0.4099
vn 0.4067 0.8165 0.4098
vn 0.4067 0.8165 0.4099
vn 0.4067 0.8165 0.4099
vn 0.4067 0.8165 0.4098
vn 0.4067 0.8165 0.4099
vn 0.4067 0.8165 0.4099
vn 0.4067 0.8165 0.4099
vn 0.4067 0.8165 0.4099
vn 0.4067 0.8165 0.4098
vn 0.4067 0.8165 0.4099
vn 0.4066 0.8165 0.4099
vn 0.4067 0.8165 0.4099
vn 0.4067 0.8165 0.4099
vn 0.4456 0.4016 0.8001
vn 0.4093 0.4094 0.8154
vn 0.4456 0.4016 0.8001
vn 0.4093 0.4093 0.8154
vn 0.4455 0.4017 0.8001
vn 0.4094 0.4093 0.8154
vn 0.4455 0.4016 0.8001
vn 0.5337 0.3904 0.7502
vn 0.4455 0.4016 0.8001
vn 0.5337 0.3904 0.7502
vn 0.4455 0.4016 0.8001
vn 0.5337 0.3903 0.7502
vn 0.5337 0.3903 0.7502
vn 0.6176 0.3837 0.6866
vn 0.5337 0.3903 0.7502
vn 0.6176 0.3837 0.6866
vn 0.5337 0.3903 0.7502
vn 0.6176 0.3837 0.6866
vn 0.7071 0.0000 0.7071
vn 0.7099 0.0000 0.7043
vn 0.7071 0.0000 0.7071
vn 0.7099 -0.0000 0.7043
vn 0.7071 -0.0000 0.7071
vn 0.7098 0.0000 0.7044
vn 0.7072 -0.0000 0.7071
vn 0.7071 -0.0000 0.7071
vn 0.7071 0.0000 0.7071
vn 0.7071 0.0000 0.7071
vn 0.7071 0.0000 0.7072
vn 0.7071 0.0000 0.7071
vn 0.7071 0.0000 0.7071
vn 0.7070 0.0000 0.7072
vn 0.7071 0.0000 0.7071
vn 0.7071 0.0000 0.7071
vn 0.7071 0.0000 0.7071
vn 0.7071 0.0000 0.7071
vn 0.7071 0.0000 0.7071
vn 0.7071 0.0000 0.7071
vn 0.7071 0.0000 0.7071
vn 0.7071 -0.0000 0.7071
vn 0.7108 0.0000 0.7034
vn 0.7071 -0.0000 0.7071
vn 0.7071 -0.0000 0.7071
vn 0.7072 -0.0000 0.7070
vn 0.7071 -0.0000 0.7071
vn 0.7070 0.0000 0.7072
vn 0.7070 0.0000 0.7072
vn 0.7071 0.0000 0.7071
vn 0.7071 0.0000 0.7071
vn 0.7071 0.0000 0.7071
vn 0.7071 0.0000 0.7071
vn 0.7071 -0.0000 0.7071
vn 0.7072 -0.0000 0.7071
vn 0.7071 -0.0000 0.7071
vn 0.1181 0.8882 0.4441
vn 0.3513 0.9175 0.1864
vn 0.1181 0.8882 0.4441
vn 0.3512 0.9176 0.1865
vn 0.1180 0.8881 0.4442
vn 0.3536 0.9164 0.1877
vn 0.1180 0.8882 0.4441
vn -0.0001 0.7071 0.7071
vn 0.1180 0.8882 0.4440
vn -0.0001 0.7072 0.7070
vn 0.1180 0.8882 0.4441
vn -0.0001 0.7071 0.7072
vn 0.0000 0.7071 0.7072
vn 0.0732 0.5513 0.8311
vn 0.0000 0.7071 0.7071
vn 0.0733 0.5512 0.8312
vn 0.0000 0.7071 0.7071
vn 0.0732 0.5512 0.8311
vn 0.0732 0.5512 0.8311
vn 0.2243 0.4631 0.8575
vn 0.0732 0.5512 0.8312
vn 0.2243 0.4631 0.8575
vn 0.0732 0.5513 0.8311
vn 0.2274 0.4584 0.8592
vn 0.2275 0.4584 0.8591
vn 0.3526 0.4185 0.8370
vn 0.2243 0.4631 0.8574
vn 0.3526 0.4185 0.8370
vn 0.2274 0.4585 0.8591
vn 0.3583 0.4176 0.8350
vn 0.3584 0.4175 0.8350
vn 0.4045 0.4077 0.8186
vn 0.3526 0.4185 0.8370
vn 0.4045 0.4077 0.8186
vn 0.3583 0.4175 0.8350
vn 0.4040 0.4104 0.8175
vn 0.4067 0.8165 0.4099
vn 0.4067 0.8165 0.4098
vn 0.4067 0.8165 0.4099
vn 0.4066 0.8165 0.4099
vn 0.4066 0.8165 0.4099
vn 0.4066 0.8165 0.4099
vn 0.4067 0.8165 0.4099
vn 0.4093 0.8154 0.4093
vn 0.4067 0.8165 0.4099
vn 0.4094 0.8154 0.4093
vn 0.4066 0.8165 0.4099
vn 0.4093 0.8154 0.4093
vn 0.4093 0.8154 0.4093
vn 0.4072 0.8175 0.4072
vn 0.4093 0.8154 0.4093
vn 0.4072 0.8175 0.4072
vn 0.4093 0.8154 0.4094
vn 0.4072 0.8175 0.4072
vn 0.4072 0.8176 0.4072
vn 0.4067 0.8165 0.4099
vn 0.4072 0.8176 0.4072
vn 0.4067 0.8165 0.4098
vn 0.4093 0.8176 0.4051
vn 0.4067 0.8165 0.4099
vn 0.4067 0.8165 0.4099
vn 0.4067 0.8165 0.4098
vn 0.4067 0.8165 0.4098
vn 0.4067 0.8165 0.4099
vn 0.4066 0.8165 0.4099
vn 0.4067 0.8165 0.4098
vn 0.4066 0.8165 0.4099
vn 0.4067 0.8165 0.4099
vn 0.4066 0.8165 0.4099
vn 0.4067 0.8165 0.4098
vn 0.4067 0.8165 0.4098
vn 0.4066 0.8165 0.4099
vn 0.7192 0.3868 0.5772
vn 0.6176 0.3837 0.6865
vn 0.7192 0.3868 0.5772
vn 0.6176 0.3837 0.6866
vn 0.7192 0.3868 0.5772
vn 0.6176 0.3837 0.6865
vn 0.7192 0.3868 0.5772
vn 0.8165 0.4098 0.4067
vn 0.7192 0.3868 0.5772
vn 0.8165 0.4098 0.4067
vn 0.7192 0.3868 0.5772
vn 0.8165 0.4099 0.4066
vn 0.8165 0.4099 0.4066
vn 0.8598 0.4588 0.2240
vn 0.8165 0.4099 0.4067
vn 0.8598 0.4588 0.2240
vn 0.8165 0.4099 0.4066
vn 0.8598 0.4588 0.2240
vn 0.8598 0.4589 0.2240
vn 0.8318 0.5502 0.0737
vn 0.8598 0.4588 0.2240
vn 0.8318 0.5502 0.0736
vn 0.8598 0.4589 0.2240
vn 0.8318 0.5502 0.0737
vn 0.8317 0.5503 0.0737
vn 0.7545 0.6563 0.0052
vn 0.8318 0.5502 0.0737
vn 0.7545 0.6563 0.0052
vn 0.8318 0.5502 0.0737
vn 0.7545 0.6563 0.0052
vn 0.7545 0.6563 0.0052
vn 0.7098 0.7044 0.0000
vn 0.7545 0.6563 0.0052
vn 0.7098 0.7044 0.0000
vn 0.7545 0.6563 0.0052
vn 0.7099 0.7043 0.0000
vn 0.5192 0.0666 0.8520
vn 0.5567 0.0713 0.8277
vn 0.5165 0.0596 0.8542
vn 0.5566 0.0714 0.8277
vn 0.5193 0.0666 0.8520
vn 0.5549 0.0721 0.8288
vn 0.5164 0.0596 0.8543
vn 0.4874 0.0516 0.8716
vn 0.5192 0.0665 0.8520
vn 0.4874 0.0515 0.8717
vn 0.5165 0.0596 0.8542
vn 0.4874 0.0515 0.8716
vn 0.4874 0.0517 0.8716
vn 0.5000 0.0521 0.8645
vn 0.4875 0.0516 0.8716
vn 0.4999 0.0521 0.8645
vn 0.4874 0.0517 0.8716
vn 0.4999 0.0521 0.8645
vn 0.4999 0.0521 0.8645
vn 0.5416 0.0398 0.8397
vn 0.4999 0.0521 0.8645
vn 0.5416 0.0398 0.8397
vn 0.5000 0.0521 0.8644
vn 0.5415 0.0398 0.8397
vn 0.5416 0.0397 0.8397
vn 0.5759 0.0378 0.8167
vn 0.5416 0.0397 0.8397
vn 0.5758 0.0378 0.8167
vn 0.5416 0.0397 0.8397
vn 0.5759 0.0377 0.8166
vn 0.2716 0.8530 0.4457
vn 0.2765 0.8686 0.4112
vn 0.2708 0.8540 0.4443
vn 0.2766 0.8686 0.4112
vn 0.2716 0.8530 0.4457
vn 0.2704 0.8681 0.4162
vn 0.2708 0.8539 0.4444
vn 0.2821 0.8162 0.5043
vn 0.2716 0.8530 0.4457
vn 0.2820 0.8161 0.5043
vn 0.2708 0.8539 0.4443
vn 0.2821 0.8162 0.5043
vn 0.2820 0.8162 0.5043
vn 0.3086 0.7874 0.5336
vn 0.2820 0.8162 0.5043
vn 0.3086 0.7875 0.5336
vn 0.2820 0.8161 0.5044
vn 0.3115 0.7867 0.5330
vn 0.3115 0.7867 0.5330
vn 0.3422 0.7755 0.5306
vn 0.3086 0.7874 0.5336
vn 0.3423 0.7755 0.5306
vn 0.3115 0.7867 0.5330
vn 0.3423 0.7755 0.5305
vn 0.3422 0.7755 0.5306
vn 0.3750 0.7593 0.5318
vn 0.3422 0.7755 0.5306
vn 0.3750 0.7593 0.5318
vn 0.3422 0.7755 0.5305
vn 0.3750 0.7593 0.5318
vn 0.5921 0.0370 0.8050
vn 0.5759 0.0378 0.8167
vn 0.5921 0.0370 0.8050
vn 0.5759 0.0378 0.8167
vn 0.5922 0.0370 0.8049
vn 0.5759 0.0378 0.8166
vn 0.5922 0.0370 0.8050
vn 0.5922 0.0370 0.8050
vn 0.5921 0.0370 0.8050
vn 0.5921 0.0370 0.8050
vn 0.5922 0.0370 0.8050
vn 0.5922 0.0370 0.8049
vn 0.3901 0.7527 0.5303
vn 0.3750 0.7593 0.5318
vn 0.3901 0.7528 0.5303
vn 0.3750 0.7593 0.5318
vn 0.3901 0.7527 0.5303
vn 0.3750 0.7593 0.5318
vn 0.3901 0.7527 0.5303
vn 0.3901 0.7527 0.5303
vn 0.3901 0.7528 0.5303
vn 0.3901 0.7528 0.5303
vn 0.3901 0.7527 0.5303
vn 0.3901 0.7527 0.5303
vn 0.5921 0.0370 0.8050
vn 0.5921 0.0370 0.8050
vn 0.5922 0.0370 0.8049
vn 0.5921 0.0370 0.8050
vn 0.5922 0.0370 0.8050
vn 0.5922 0.0370 0.8050
vn 0.5921 0.0370 0.8050
vn 0.5921 0.0370 0.8050
vn 0.5922 0.0370 0.8050
vn 0.5921 0.0370 0.8050
vn 0.5921 0.0370 0.8050
vn 0.5921 0.0370 0.8050
vn 0.3901 0.7527 0.5303
vn 0.3901 0.7528 0.5303
vn 0.3901 0.7528 0.5303
vn 0.3901 0.7528 0.5303
vn 0.3901 0.7528 0.5303
vn 0.3901 0.7528 0.5303
vn 0.3901 0.7527 0.5303
vn 0.3901 0.7528 0.5303
vn 0.3901 0.7527 0.5303
vn 0.3901 0.7528 0.5303
vn 0.3901 0.7528 0.5303
vn 0.3901 0.7528 0.5303
vn 0.6091 0.0366 0.7923
vn 0.5921 0.0370 0.8050
vn 0.6090 0.0366 0.7923
vn 0.5922 0.0370 0.8050
vn 0.6090 0.0366 0.7923
vn 0.5922 0.0370 0.8049
vn 0.6091 0.0366 0.7922
vn 0.6486 0.0357 0.7603
vn 0.6091 0.0366 0.7923
vn 0.6486 0.0358 0.7603
vn 0.6091 0.0366 0.7922
vn 0.6485 0.0358 0.7603
vn 0.6486 0.0357 0.7603
vn 0.6888 0.0353 0.7241
vn 0.6485 0.0357 0.7603
vn 0.6888 0.0353 0.7241
vn 0.6486 0.0358 0.7603
vn 0.6888 0.0353 0.7241
vn 0.4035 0.7494 0.5249
vn 0.3901 0.7528 0.5303
vn 0.4035 0.7494 0.5249
vn 0.3901 0.7528 0.5303
vn 0.4035 0.7494 0.5249
vn 0.3901 0.7527 0.5303
vn 0.4035 0.7494 0.5249
vn 0.4353 0.7416 0.5104
vn 0.4035 0.7494 0.5249
vn 0.4353 0.7416 0.5104
vn 0.4035 0.7495 0.5249
vn 0.4354 0.7416 0.5104
vn 0.4353 0.7416 0.5104
vn 0.4656 0.7373 0.4895
vn 0.4353 0.7416 0.5104
vn 0.4656 0.7373 0.4895
vn 0.4353 0.7416 0.5104
vn 0.4656 0.7373 0.4895
vn 0.7415 0.0357 0.6700
vn 0.6888 0.0353 0.7241
vn 0.7415 0.0357 0.6700
vn 0.6888 0.0353 0.7241
vn 0.7414 0.0357 0.6701
vn 0.6887 0.0353 0.7241
vn 0.7415 0.0357 0.6700
vn 0.8039 0.0374 0.5936
vn 0.7415 0.0357 0.6700
vn 0.8039 0.0373 0.5936
vn 0.7415 0.0357 0.6700
vn 0.8040 0.0327 0.5937
vn 0.8040 0.0327 0.5937
vn 0.8444 0.0407 0.5341
vn 0.8039 0.0374 0.5936
vn 0.8444 0.0407 0.5342
vn 0.8041 0.0328 0.5936
vn 0.8463 0.0361 0.5315
vn 0.8463 0.0361 0.5315
vn 0.8600 0.0433 0.5085
vn 0.8444 0.0407 0.5341
vn 0.8600 0.0433 0.5084
vn 0.8463 0.0361 0.5315
vn 0.8586 0.0435 0.5108
vn 0.4981 0.7412 0.4501
vn 0.4656 0.7373 0.4895
vn 0.4981 0.7412 0.4501
vn 0.4656 0.7373 0.4895
vn 0.4981 0.7412 0.4501
vn 0.4656 0.7373 0.4895
vn 0.4981 0.7411 0.4501
vn 0.5271 0.7570 0.3861
vn 0.4981 0.7412 0.4501
vn 0.5271 0.7570 0.3861
vn 0.4981 0.7412 0.4501
vn 0.5252 0.7574 0.3878
vn 0.5253 0.7574 0.3879
vn 0.5248 0.7857 0.3276
vn 0.5271 0.7570 0.3862
vn 0.5248 0.7857 0.3276
vn 0.5253 0.7574 0.3879
vn 0.5247 0.7839 0.3319
vn 0.5247 0.7839 0.3319
vn 0.5155 0.8008 0.3048
vn 0.5248 0.7856 0.3277
vn 0.5155 0.8008 0.3048
vn 0.5248 0.7839 0.3319
vn 0.5150 0.8001 0.3078
vn 0.7006 0.0857 0.7084
vn 0.7006 0.0857 0.7084
vn 0.7006 0.0857 0.7084
vn 0.7278 0.0682 0.6824
vn 0.7278 0.0682 0.6823
vn 0.7278 0.0682 0.6824
vn 0.3313 0.8821 0.3348
vn 0.3312 0.8821 0.3349
vn 0.3313 0.8821 0.3349
vn 0.3379 0.8865 0.3161
vn 0.3379 0.8865 0.3161
vn 0.3379 0.8865 0.3161
vn 0.8174 0.0724 0.5714
vn 0.8174 0.0724 0.5714
vn 0.8174 0.0724 0.5715
vn 0.8198 0.0719 0.5682
vn 0.8198 0.0719 0.5681
vn 0.8198 0.0719 0.5681
vn 0.4049 0.8702 0.2806
vn 0.4050 0.8702 0.2806
vn 0.4049 0.8702 0.2806
vn 0.4045 0.8693 0.2839
vn 0.4045 0.8693 0.2839
vn 0.4046 0.8693 0.2839
vn 0.7071 0.0000 0.7071
vn 0.7071 0.0000 0.7071
vn 0.7071 0.0000 0.7071
vn 0.7071 0.0000 0.7071
vn 0.7071 0.0000 0.7071
vn 0.7071 0.0000 0.7071
vn 0.7070 -0.0000 0.7072
vn 0.7072 0.0000 0.7070
vn 0.7071 -0.0000 0.7071
vn 0.7071 0.0000 0.7071
vn 0.7072 0.0000 0.7070
vn 0.7071 0.0000 0.7071
vn 0.4067 0.8165 0.4099
vn 0.4067 0.8165 0.4099
vn 0.4067 0.8165 0.4099
vn 0.4067 0.8165 0.4099
vn 0.4067 0.8165 0.4099
vn 0.4067 0.8165 0.4099
vn 0.4067 0.8165 0.4099
vn 0.4067 0.8165 0.4098
vn 0.4067 0.8165 0.4099
vn 0.4066 0.8165 0.4099
vn 0.4067 0.8165 0.4099
vn 0.4067 0.8165 0.4099
vn 0.8513 0.0594 0.5214
vn 0.8513 0.0595 0.5213
vn 0.8513 0.0594 0.5213
vn 0.8513 0.0594 0.5213
vn 0.8513 0.0594 0.5213
vn 0.8513 0.0594 0.5213
vn 0.8512 0.0594 0.5214
vn 0.8513 0.0594 0.5214
vn 0.8513 0.0594 0.5213
vn 0.8512 0.0593 0.5214
vn 0.8513 0.0593 0.5214
vn 0.8513 0.0594 0.5213
vn 0.4467 0.8518 0.2736
vn 0.4467 0.8518 0.2736
vn 0.4467 0.8518 0.2736
vn 0.4466 0.8518 0.2736
vn 0.4468 0.8518 0.2736
vn 0.4467 0.8518 0.2736
vn 0.4467 0.8518 0.2736
vn 0.4467 0.8518 0.2736
vn 0.4467 0.8518 0.2736
vn 0.4467 0.8518 0.2736
vn 0.4467 0.8518 0.2736
vn 0.4467 0.8518 0.2736
vn 0.7071 0.0000 0.7071
vn 0.7071 0.0000 0.7071
vn 0.7071 0.0000 0.7071
vn 0.7071 0.0000 0.7071
vn 0.7072 0.0000 0.7070
vn 0.7071 0.0000 0.7071
vn 0.7071 0.0000 0.7071
vn 0.7071 0.0000 0.7071
vn 0.7071 0.0000 0.7072
vn 0.7071 0.0000 0.7071
vn 0.7072 0.0000 0.7070
vn 0.7071 0.0000 0.7071
vn 0.4066 0.8165 0.4099
vn 0.4067 0.8165 0.4098
vn 0.4066 0.8165 0.4099
vn 0.4066 0.8165 0.4099
vn 0.4066 0.8165 0.4099
vn 0.4067 0.8165 0.4098
vn 0.4066 0.8165 0.4099
vn 0.4067 0.8165 0.4098
vn 0.4066 0.8165 0.4099
vn 0.4067 0.8165 0.4099
vn 0.4067 0.8165 0.4099
vn 0.4066 0.8165 0.4099
vn 0.8495 0.0598 0.5243
vn 0.8494 0.0598 0.5243
vn 0.8494 0.0598 0.5243
vn 0.8494 0.0597 0.5243
vn 0.8495 0.0597 0.5243
vn 0.8495 0.0597 0.5243
vn 0.8494 0.0598 0.5243
vn 0.8494 0.0598 0.5243
vn 0.8495 0.0598 0.5242
vn 0.8494 0.0598 0.5243
vn 0.8495 0.0598 0.5243
vn 0.8494 0.0598 0.5243
vn 0.4439 0.8531 0.2740
vn 0.4439 0.8531 0.2740
vn 0.4439 0.8532 0.2740
vn 0.4439 0.8532 0.2741
vn 0.4440 0.8531 0.2740
vn 0.4439 0.8531 0.2740
vn 0.4440 0.8531 0.2740
vn 0.4439 0.8531 0.2740
vn 0.4439 0.8531 0.2740
vn 0.4439 0.8531 0.2740
vn 0.4440 0.8531 0.2740
vn 0.4439 0.8531 0.2740
vn 0.7070 0.0000 0.7072
vn 0.7071 0.0000 0.7071
vn 0.7071 0.0000 0.7071
vn 0.7071 0.0000 0.7072
vn 0.7071 0.0000 0.7071
vn 0.7071 0.0000 0.7072
vn 0.7071 0.0000 0.7071
vn 0.7072 0.0000 0.7070
vn 0.7071 0.0000 0.7071
vn 0.7071 -0.0000 0.7071
vn 0.7072 -0.0000 0.7070
vn 0.7071 -0.0000 0.7071
vn 0.4093 0.8154 0.4093
vn 0.4093 0.8154 0.4093
vn 0.4093 0.8154 0.4093
vn 0.4093 0.8154 0.4093
vn 0.4094 0.8154 0.4093
vn 0.4093 0.8154 0.4093
vn 0.4093 0.8154 0.4094
vn 0.4093 0.8154 0.4093
vn 0.4093 0.8154 0.4093
vn 0.4093 0.8154 0.4094
vn 0.4093 0.8154 0.4093
vn 0.4093 0.8154 0.4093
vn 0.8475 0.0601 0.5273
vn 0.8476 0.0601 0.5273
vn 0.8476 0.0601 0.5273
vn 0.8476 0.0601 0.5273
vn 0.8476 0.0602 0.5272
vn 0.8476 0.0601 0.5273
vn 0.8476 0.0601 0.5273
vn 0.8476 0.0601 0.5273
vn 0.8476 0.0601 0.5273
vn 0.4411 0.8545 0.2745
vn 0.4412 0.8544 0.2744
vn 0.4412 0.8544 0.2744
vn 0.4411 0.8545 0.2745
vn 0.4412 0.8544 0.2744
vn 0.4411 0.8544 0.2744
vn 0.8465 0.0595 0.5290
vn 0.8465 0.0595 0.5291
vn 0.8465 0.0595 0.5290
vn 0.4407 0.8536 0.2776
vn 0.4407 0.8536 0.2776
vn 0.4407 0.8536 0.2776
vn 0.4439 0.8531 0.2741
vn 0.4440 0.8531 0.2740
vn 0.4439 0.8531 0.2741
vn 0.8592 0.0491 0.5093
vn 0.8592 0.0491 0.5093
vn 0.8591 0.0491 0.5094
vn 0.8618 0.0492 0.5048
vn 0.8618 0.0492 0.5049
vn 0.8619 0.0492 0.5047
vn 0.4733 0.8350 0.2806
vn 0.4733 0.8350 0.2806
vn 0.4733 0.8350 0.2807
vn 0.4737 0.8358 0.2775
vn 0.4737 0.8358 0.2776
vn 0.4738 0.8358 0.2775
vn 0.8465 0.0595 0.5291
vn 0.8465 0.0595 0.5290
vn 0.8465 0.0595 0.5291
vn 0.8550 0.0668 0.5143
vn 0.8550 0.0668 0.5142
vn 0.8550 0.0668 0.5143
vn 0.4435 0.8523 0.2772
vn 0.4435 0.8523 0.2772
vn 0.4435 0.8523 0.2772
vn 0.4456 0.8530 0.2716
vn 0.4457 0.8530 0.2716
vn 0.4456 0.8530 0.2716
vn 0.6614 0.7500 0.0000
vn 0.7153 0.6988 0.0000
vn 0.6615 0.7500 0.0000
vn 0.7153 0.6988 0.0000
vn 0.6614 0.7501 0.0000
vn 0.7153 0.6988 0.0000
vn 0.7154 0.6988 0.0000
vn 0.7153 0.6989 0.0000
vn 0.7153 0.6988 0.0000
vn 0.7153 0.6989 0.0000
vn 0.7153 0.6988 0.0000
vn 0.7153 0.6988 0.0000
vn 0.7153 0.6989 -0.0000
vn 0.7126 0.7016 -0.0000
vn 0.7153 0.6988 -0.0000
vn 0.7126 0.7016 -0.0000
vn 0.7152 0.6989 -0.0000
vn 0.7126 0.7015 -0.0000
vn 0.7126 0.7016 0.0000
vn 0.7099 0.7043 0.0000
vn 0.7126 0.7015 0.0000
vn 0.7098 0.7044 0.0000
vn 0.7126 0.7015 0.0000
vn 0.7099 0.7043 0.0000
vn 0.7099 0.7043 0.0000
vn 0.7071 0.7072 0.0000
vn 0.7099 0.7043 0.0000
vn 0.7071 0.7071 0.0000
vn 0.7099 0.7043 0.0000
vn 0.7071 0.7071 0.0000
vn 0.7071 0.7071 0.0000
vn 0.7099 0.7043 0.0000
vn 0.7072 0.7071 0.0000
vn 0.7099 0.7043 0.0000
vn 0.7070 0.7072 0.0000
vn 0.7099 0.7043 0.0000
vn 0.4013 0.4109 0.8186
vn 0.4481 0.4011 0.7990
vn 0.4013 0.4109 0.8186
vn 0.4481 0.4011 0.7990
vn 0.4013 0.4109 0.8186
vn 0.4481 0.4010 0.7990
vn 0.4013 0.4109 0.8186
vn 0.4013 0.4109 0.8186
vn 0.4013 0.4109 0.8186
vn 0.4013 0.4109 0.8186
vn 0.4012 0.4110 0.8186
vn 0.4013 0.4109 0.8186
vn 0.4040 0.4104 0.8176
vn 0.4012 0.4110 0.8186
vn 0.4040 0.4104 0.8176
vn 0.4013 0.4109 0.8186
vn 0.4039 0.4104 0.8175
vn 0.4013 0.4109 0.8186
vn 0.4040 0.4104 0.8175
vn 0.4066 0.4098 0.8165
vn 0.4040 0.4104 0.8175
vn 0.4067 0.4098 0.8165
vn 0.4039 0.4104 0.8175
vn 0.4067 0.4098 0.8165
vn 0.4093 0.4093 0.8154
vn 0.4066 0.4099 0.8165
vn 0.4093 0.4093 0.8154
vn 0.4067 0.4098 0.8165
vn 0.4093 0.4093 0.8154
vn 0.4067 0.4099 0.8165
vn 0.4093 0.4093 0.8154
vn 0.4040 0.4104 0.8175
vn 0.4093 0.4093 0.8154
vn 0.4040 0.4104 0.8175
vn 0.4093 0.4094 0.8154
vn 0.4045 0.4077 0.8186
vt 0.591815 1.839869
vt 0.552751 1.922880
vt 0.591815 1.922880
vt 0.552751 1.839869
vt 0.591815 1.758812
vt 0.552751 1.758812
vt 0.591815 1.676779
vt 0.552751 1.676779
vt 0.591815 1.600604
vt 0.552751 1.600604
vt 0.591815 1.099612
vt 0.552751 1.099612
vt 0.591815 1.000000
vt 0.552751 1.000000
vt 0.591815 2.000031
vt 0.552751 2.000031
vt 0.927763 1.839869
vt 0.591815 1.922880
vt 0.927763 1.922880
vt 0.591815 1.839869
vt 0.927763 1.758812
vt 0.591815 1.758812
vt 0.927763 1.676779
vt 0.591815 1.676779
vt 0.927763 1.600604
vt 0.591815 1.600604
vt 0.927763 1.099612
vt 0.591815 1.099612
vt 0.927763 1.000000
vt 0.591815 1.000000
vt 0.591815 2.000031
vt 0.927763 2.000031
vt 0.591815 1.839869
vt 0.552751 1.922880
vt 0.591815 1.922880
vt 0.552751 1.839869
vt 0.591815 1.758812
vt 0.552751 1.758812
vt 0.591815 1.676779
vt 0.552751 1.676779
vt 0.591815 1.600604
vt 0.552751 1.600604
vt 0.591815 1.099612
vt 0.552751 1.099612
vt 0.591815 1.000000
vt 0.552751 1.000000
vt 0.591815 2.000031
vt 0.552751 2.000031
vt 0.552751 1.839869
vt 0.216803 1.922880
vt 0.552751 1.922880
vt 0.216803 1.839869
vt 0.552751 1.758812
vt 0.216803 1.758812
vt 0.552751 1.676779
vt 0.216803 1.676779
vt 0.552751 1.600604
vt 0.216803 1.600604
vt 0.552751 1.099612
vt 0.216803 1.099612
vt 0.552751 1.000000
vt 0.216803 1.000000
vt 0.216803 2.000031
vt 0.552751 2.000031
vt 0.591815 1.489273
vt 0.552751 2.000031
vt 0.591815 2.000031
vt 0.552751 1.489273
vt 0.591815 1.000000
vt 0.552751 1.000000
vt 0.927763 1.489273
vt 0.591815 2.000031
vt 0.927763 2.000031
vt 0.591815 1.489273
vt 0.927763 1.000000
vt 0.591815 1.000000
vt 0.591815 1.489273
vt 0.552751 2.000031
vt 0.591815 2.000031
vt 0.552751 1.489273
vt 0.591815 1.000000
vt 0.552751 1.000000
vt 0.552751 1.489273
vt 0.216803 2.000031
vt 0.552751 2.000031
vt 0.216803 1.489273
vt 0.552751 1.000000
vt 0.216803 1.000000
vt 0.591815 1.499039
vt 0.552751 2.000031
vt 0.591815 2.000031
vt 0.552751 1.499039
vt 0.591815 1.000000
vt 0.552751 1.000000
vt 0.927763 1.499039
vt 0.591815 2.000031
vt 0.927763 2.000031
vt 0.591815 1.499039
vt 0.927763 1.000000
vt 0.591815 1.000000
vt 0.591815 1.499039
vt 0.552751 2.000031
vt 0.591815 2.000031
vt 0.552751 1.499039
vt 0.591815 1.000000
vt 0.552751 1.000000
vt 0.552751 1.499039
vt 0.216803 2.000031
vt 0.552751 2.000031
vt 0.216803 1.499039
vt 0.552751 1.000000
vt 0.216803 1.000000
vt 0.591815 1.584002
vt 0.552751 2.000031
vt 0.591815 2.000031
vt 0.552751 1.584002
vt 0.591815 1.479507
vt 0.552751 1.479507
vt 0.591815 1.000000
vt 0.552751 1.000000
vt 0.927763 1.584002
vt 0.591815 2.000031
vt 0.927763 2.000031
vt 0.591815 1.584002
vt 0.927763 1.479507
vt 0.591815 1.479507
vt 0.927763 1.000000
vt 0.591815 1.000000
vt 0.591815 1.584002
vt 0.552751 2.000031
vt 0.591815 2.000031
vt 0.552751 1.584002
vt 0.591815 1.479507
vt 0.552751 1.479507
vt 0.591815 1.000000
vt 0.552751 1.000000
vt 0.552751 1.584002
vt 0.216803 2.000031
vt 0.552751 2.000031
vt 0.216803 1.584002
vt 0.552751 1.479507
vt 0.216803 1.479507
vt 0.552751 1.000000
vt 0.216803 1.000000
vt 0.591815 1.901395
vt 0.552751 2.000031
vt 0.591815 2.000031
vt 0.552751 1.901395
vt 0.591815 1.802759
vt 0.552751 1.802759
vt 0.591815 1.701193
vt 0.552751 1.701193
vt 0.591815 1.591815
vt 0.552751 1.591815
vt 0.552751 1.503922
vt 0.591815 1.503922
vt 0.552751 1.000000
vt 0.591815 1.000000
vt 0.927763 1.901395
vt 0.591815 2.000031
vt 0.927763 2.000031
vt 0.591815 1.901395
vt 0.927763 1.802759
vt 0.591815 1.802759
vt 0.927763 1.701193
vt 0.591815 1.701193
vt 0.927763 1.591815
vt 0.591815 1.591815
vt 0.927763 1.503922
vt 0.591815 1.503922
vt 0.927763 1.000000
vt 0.591815 1.000000
vt 0.591815 1.901395
vt 0.552751 2.000031
vt 0.591815 2.000031
vt 0.552751 1.901395
vt 0.591815 1.802759
vt 0.552751 1.802759
vt 0.591815 1.701193
vt 0.552751 1.701193
vt 0.591815 1.591815
vt 0.552751 1.591815
vt 0.552751 1.503922
vt 0.591815 1.503922
vt 0.552751 1.000000
vt 0.591815 1.000000
vt 0.552751 1.901395
vt 0.216803 2.000031
vt 0.552751 2.000031
vt 0.216803 1.901395
vt 0.552751 1.802759
vt 0.216803 1.802759
vt 0.552751 1.701193
vt 0.216803 1.701193
vt 0.552751 1.591815
vt 0.216803 1.591815
vt 0.552751 1.503922
vt 0.216803 1.503922
vt 0.552751 1.000000
vt 0.216803 1.000000
vt 0.120121 1.750023
vt 0.039064 1.831080
vt 0.120121 1.831080
vt 0.039064 1.750023
vt 0.120121 1.667989
vt 0.039064 1.667989
vt 0.120121 1.592792
vt 0.039064 1.592792
vt 0.120121 1.090823
vt 0.039064 1.090823
vt 0.120121 1.000000
vt 0.039064 1.000000
vt 0.039064 1.750023
vt 0.120121 1.831080
vt 0.039064 1.831080
vt 0.120121 1.750023
vt 0.039064 1.667989
vt 0.120121 1.667989
vt 0.039064 1.592792
vt 0.120121 1.592792
vt 0.039064 1.090823
vt 0.120121 1.090823
vt 0.039064 1.000000
vt 0.120121 1.000000
vt 0.120121 1.479507
vt 0.039064 2.000031
vt 0.120121 2.000031
vt 0.039064 1.479507
vt 0.120121 1.000000
vt 0.039064 1.000000
vt 0.039064 1.479507
vt 0.120121 2.000031
vt 0.039064 2.000031
vt 0.120121 1.479507
vt 0.039064 1.000000
vt 0.120121 1.000000
vt 0.120121 1.488296
vt 0.039064 2.000031
vt 0.120121 2.000031
vt 0.039064 1.488296
vt 0.120121 1.000000
vt 0.039064 1.000000
vt 0.039064 1.488296
vt 0.120121 2.000031
vt 0.039064 2.000031
vt 0.120121 1.488296
vt 0.039064 1.000000
vt 0.120121 1.000000
vt 0.120121 1.574236
vt 0.039064 2.000031
vt 0.120121 2.000031
vt 0.039064 1.574236
vt 0.120121 1.469741
vt 0.039064 1.469741
vt 0.120121 1.000000
vt 0.039064 1.000000
vt 0.039064 1.574236
vt 0.120121 2.000031
vt 0.039064 2.000031
vt 0.120121 1.574236
vt 0.039064 1.469741
vt 0.120121 1.469741
vt 0.039064 1.000000
vt 0.120121 1.000000
vt 0.120121 1.900418
vt 0.039064 2.000031
vt 0.120121 2.000031
vt 0.039064 1.899441
vt 0.120121 1.792993
vt 0.039064 1.792993
vt 0.120121 1.690451
vt 0.039064 1.690451
vt 0.120121 1.581072
vt 0.039064 1.581072
vt 0.039064 1.899441
vt 0.120121 2.000031
vt 0.039064 2.000031
vt 0.120121 1.900418
vt 0.039064 1.792993
vt 0.120121 1.792993
vt 0.039064 1.690451
vt 0.120121 1.690451
vt 0.039064 1.581072
vt 0.120121 1.581072
vt 0.120121 1.914090
vt 0.039064 1.831080
vt 0.039064 1.914090
vt 0.039064 1.831080
vt 0.120121 1.914090
vt 0.120121 1.831080
vt 0.120121 1.831080
vt 0.039064 1.914090
vt 0.039064 1.831080
vt 0.039064 1.914090
vt 0.120121 1.831080
vt 0.120121 1.914090
vt 0.039064 1.914090
vt 0.120121 2.000031
vt 0.120121 1.914090
vt 0.120121 2.000031
vt 0.039064 1.914090
vt 0.039064 2.000031
vt 0.120121 1.914090
vt 0.039064 2.000031
vt 0.039064 1.914090
vt 0.039064 2.000031
vt 0.120121 1.914090
vt 0.120121 2.000031
vt 0.552751 1.000000
vt 0.591815 1.487320
vt 0.591815 1.000000
vt 0.552751 1.487320
vt 0.591815 2.000031
vt 0.552751 2.000031
vt 0.552751 1.000000
vt 0.591815 1.487320
vt 0.591815 1.000000
vt 0.552751 1.487320
vt 0.591815 2.000031
vt 0.552751 2.000031
vt 0.039064 1.000000
vt 0.120121 1.476577
vt 0.120121 1.000000
vt 0.039064 1.476577
vt 0.120121 2.000031
vt 0.039064 2.000031
vt 0.120121 1.000000
vt 0.039064 1.476577
vt 0.039064 1.000000
vt 0.120121 1.476577
vt 0.039064 2.000031
vt 0.120121 2.000031
vt 0.552751 1.000000
vt 0.591815 1.539079
vt 0.591815 1.000000
vt 0.552751 1.539079
vt 0.591815 2.000031
vt 0.552751 2.000031
vt 0.552751 1.000000
vt 0.591815 1.539079
vt 0.591815 1.000000
vt 0.552751 1.539079
vt 0.591815 2.000031
vt 0.552751 2.000031
vt 0.039064 1.000000
vt 0.120121 1.528337
vt 0.120121 1.000000
vt 0.039064 1.528337
vt 0.120121 2.000031
vt 0.039064 2.000031
vt 0.120121 1.000000
vt 0.039064 1.528337
vt 0.039064 1.000000
vt 0.120121 1.528337
vt 0.039064 2.000031
vt 0.120121 2.000031
vt 0.552751 1.000000
vt 0.591815 1.499039
vt 0.591815 1.000000
vt 0.552751 1.499039
vt 0.591815 2.000031
vt 0.552751 2.000031
vt 0.552751 1.000000
vt 0.591815 1.499039
vt 0.591815 1.000000
vt 0.552751 1.499039
vt 0.591815 2.000031
vt 0.552751 2.000031
vt 0.039064 1.000000
vt 0.120121 1.488296
vt 0.120121 1.000000
vt 0.039064 1.488296
vt 0.120121 2.000031
vt 0.120121 1.000000
vt 0.039064 1.488296
vt 0.039064 1.000000
vt 0.120121 1.488296
vt 0.120121 2.000031
vt 0.039064 1.488296
vt 0.039064 2.000031
vt 0.120121 1.488296
vt 0.039064 2.000031
vt 0.039064 1.488296
vt 0.039064 2.000031
vt 0.120121 1.488296
vt 0.120121 2.000031
vt 0.120121 1.581072
vt 0.039064 1.492203
vt 0.039064 1.581072
vt 0.039064 1.492203
vt 0.120121 1.581072
vt 0.120121 1.492203
vt 0.039064 1.581072
vt 0.120121 1.492203
vt 0.120121 1.581072
vt 0.120121 1.492203
vt 0.039064 1.581072
vt 0.039064 1.492203
vt 0.120121 1.492203
vt 0.039064 1.000000
vt 0.039064 1.492203
vt 0.039064 1.000000
vt 0.120121 1.492203
vt 0.120121 1.000000
vt 0.039064 1.492203
vt 0.120121 1.000000
vt 0.120121 1.492203
vt 0.120121 1.000000
vt 0.039064 1.492203
vt 0.039064 1.000000
vt 0.552751 1.000000
vt 0.216803 1.487320
vt 0.552751 1.487320
vt 0.216803 1.000000
vt 0.216803 2.000031
vt 0.552751 2.000031
vt 0.552751 1.000000
vt 0.216803 1.539079
vt 0.552751 1.539079
vt 0.216803 1.000000
vt 0.216803 2.000031
vt 0.552751 2.000031
vt 0.552751 1.000000
vt 0.216803 1.499039
vt 0.552751 1.499039
vt 0.216803 1.000000
vt 0.216803 2.000031
vt 0.552751 2.000031
vt 0.591815 1.487320
vt 0.927763 1.000000
vt 0.591815 1.000000
vt 0.927763 1.487320
vt 0.591815 2.000031
vt 0.927763 2.000031
vt 0.591815 1.539079
vt 0.927763 1.000000
vt 0.591815 1.000000
vt 0.927763 1.539079
vt 0.591815 2.000031
vt 0.927763 2.000031
vt 0.591815 1.499039
vt 0.927763 1.000000
vt 0.591815 1.000000
vt 0.927763 1.499039
vt 0.591815 2.000031
vt 0.927763 2.000031
vt 0.591815 1.839869
vt 0.552751 1.922880
vt 0.552751 1.839869
vt 0.591815 1.922880
vt 0.591815 2.000031
vt 0.552751 2.000031
vt 0.591815 1.758812
vt 0.552751 1.758812
vt 0.591815 1.676779
vt 0.552751 1.676779
vt 0.591815 1.600604
vt 0.552751 1.600604
vt 0.591815 1.099612
vt 0.552751 1.099612
vt 0.591815 1.000000
vt 0.552751 1.000000
vt 0.927763 1.839869
vt 0.591815 1.922880
vt 0.591815 1.839869
vt 0.927763 1.922880
vt 0.591815 2.000031
vt 0.927763 2.000031
vt 0.927763 1.758812
vt 0.591815 1.758812
vt 0.927763 1.676779
vt 0.591815 1.676779
vt 0.927763 1.600604
vt 0.591815 1.600604
vt 0.927763 1.099612
vt 0.591815 1.099612
vt 0.927763 1.000000
vt 0.591815 1.000000
vt 0.591815 1.839869
vt 0.552751 1.922880
vt 0.552751 1.839869
vt 0.591815 1.922880
vt 0.591815 2.000031
vt 0.552751 2.000031
vt 0.591815 1.758812
vt 0.552751 1.758812
vt 0.591815 1.676779
vt 0.552751 1.676779
vt 0.591815 1.600604
vt 0.552751 1.600604
vt 0.591815 1.099612
vt 0.552751 1.099612
vt 0.591815 1.000000
vt 0.552751 1.000000
vt 0.552751 1.839869
vt 0.216803 1.922880
vt 0.216803 1.839869
vt 0.552751 1.922880
vt 0.216803 2.000031
vt 0.552751 2.000031
vt 0.552751 1.758812
vt 0.216803 1.758812
vt 0.552751 1.676779
vt 0.216803 1.676779
vt 0.552751 1.600604
vt 0.216803 1.600604
vt 0.552751 1.099612
vt 0.216803 1.099612
vt 0.552751 1.000000
vt 0.216803 1.000000
vt 0.591815 1.489273
vt 0.552751 2.000031
vt 0.552751 1.489273
vt 0.591815 2.000031
vt 0.591815 1.000000
vt 0.552751 1.000000
vt 0.927763 1.489273
vt 0.591815 2.000031
vt 0.591815 1.489273
vt 0.927763 2.000031
vt 0.927763 1.000000
vt 0.591815 1.000000
vt 0.591815 1.489273
vt 0.552751 2.000031
vt 0.552751 1.489273
vt 0.591815 2.000031
vt 0.591815 1.000000
vt 0.552751 1.000000
vt 0.552751 1.489273
vt 0.216803 2.000031
vt 0.216803 1.489273
vt 0.552751 2.000031
vt 0.552751 1.000000
vt 0.216803 1.000000
vt 0.591815 1.499039
vt 0.552751 2.000031
vt 0.552751 1.499039
vt 0.591815 2.000031
vt 0.591815 1.000000
vt 0.552751 1.000000
vt 0.927763 1.499039
vt 0.591815 2.000031
vt 0.591815 1.499039
vt 0.927763 2.000031
vt 0.927763 1.000000
vt 0.591815 1.000000
vt 0.591815 1.499039
vt 0.552751 2.000031
vt 0.552751 1.499039
vt 0.591815 2.000031
vt 0.591815 1.000000
vt 0.552751 1.000000
vt 0.552751 1.499039
vt 0.216803 2.000031
vt 0.216803 1.499039
vt 0.552751 2.000031
vt 0.552751 1.000000
vt 0.216803 1.000000
vt 0.591815 1.584002
vt 0.552751 2.000031
vt 0.552751 1.584002
vt 0.591815 2.000031
vt 0.591815 1.479507
vt 0.552751 1.479507
vt 0.591815 1.000000
vt 0.552751 1.000000
vt 0.927763 1.584002
vt 0.591815 2.000031
vt 0.591815 1.584002
vt 0.927763 2.000031
vt 0.927763 1.479507
vt 0.591815 1.479507
vt 0.927763 1.000000
vt 0.591815 1.000000
vt 0.591815 1.584002
vt 0.552751 2.000031
vt 0.552751 1.584002
vt 0.591815 2.000031
vt 0.591815 1.479507
vt 0.552751 1.479507
vt 0.591815 1.000000
vt 0.552751 1.000000
vt 0.552751 1.584002
vt 0.216803 2.000031
vt 0.216803 1.584002
vt 0.552751 2.000031
vt 0.552751 1.479507
vt 0.216803 1.479507
vt 0.552751 1.000000
vt 0.216803 1.000000
vt 0.591815 1.901395
vt 0.552751 2.000031
vt 0.552751 1.901395
vt 0.591815 2.000031
vt 0.591815 1.802759
vt 0.552751 1.802759
vt 0.591815 1.701193
vt 0.552751 1.701193
vt 0.591815 1.591815
vt 0.552751 1.591815
vt 0.552751 1.503922
vt 0.591815 1.503922
vt 0.552751 1.000000
vt 0.591815 1.000000
vt 0.927763 1.901395
vt 0.591815 2.000031
vt 0.591815 1.901395
vt 0.927763 2.000031
vt 0.927763 1.802759
vt 0.591815 1.802759
vt 0.927763 1.701193
vt 0.591815 1.701193
vt 0.927763 1.591815
vt 0.591815 1.591815
vt 0.927763 1.503922
vt 0.591815 1.503922
vt 0.927763 1.000000
vt 0.591815 1.000000
vt 0.591815 1.901395
vt 0.552751 2.000031
vt 0.552751 1.901395
vt 0.591815 2.000031
vt 0.591815 1.802759
vt 0.552751 1.802759
vt 0.591815 1.701193
vt 0.552751 1.701193
vt 0.591815 1.591815
vt 0.552751 1.591815
vt 0.552751 1.503922
vt 0.591815 1.503922
vt 0.552751 1.000000
vt 0.591815 1.000000
vt 0.552751 1.901395
vt 0.216803 2.000031
vt 0.216803 1.901395
vt 0.552751 2.000031
vt 0.552751 1.802759
vt 0.216803 1.802759
vt 0.552751 1.701193
vt 0.216803 1.701193
vt 0.552751 1.591815
vt 0.216803 1.591815
vt 0.552751 1.503922
vt 0.216803 1.503922
vt 0.552751 1.000000
vt 0.216803 1.000000
vt 0.120121 1.750023
vt 0.039064 1.831080
vt 0.039064 1.750023
vt 0.120121 1.831080
vt 0.120121 1.667989
vt 0.039064 1.667989
vt 0.120121 1.592792
vt 0.039064 1.592792
vt 0.120121 1.090823
vt 0.039064 1.090823
vt 0.120121 1.000000
vt 0.039064 1.000000
vt 0.039064 1.750023
vt 0.120121 1.831080
vt 0.120121 1.750023
vt 0.039064 1.831080
vt 0.039064 1.667989
vt 0.120121 1.667989
vt 0.039064 1.592792
vt 0.120121 1.592792
vt 0.039064 1.090823
vt 0.120121 1.090823
vt 0.039064 1.000000
vt 0.120121 1.000000
vt 0.120121 1.479507
vt 0.039064 2.000031
vt 0.039064 1.479507
vt 0.120121 2.000031
vt 0.120121 1.000000
vt 0.039064 1.000000
vt 0.039064 1.479507
vt 0.120121 2.000031
vt 0.120121 1.479507
vt 0.039064 2.000031
vt 0.039064 1.000000
vt 0.120121 1.000000
vt 0.120121 1.488296
vt 0.039064 2.000031
vt 0.039064 1.488296
vt 0.120121 2.000031
vt 0.120121 1.000000
vt 0.039064 1.000000
vt 0.039064 1.488296
vt 0.120121 2.000031
vt 0.120121 1.488296
vt 0.039064 2.000031
vt 0.039064 1.000000
vt 0.120121 1.000000
vt 0.120121 1.574236
vt 0.039064 2.000031
vt 0.039064 1.574236
vt 0.120121 2.000031
vt 0.120121 1.469741
vt 0.039064 1.469741
vt 0.120121 1.000000
vt 0.039064 1.000000
vt 0.039064 1.574236
vt 0.120121 2.000031
vt 0.120121 1.574236
vt 0.039064 2.000031
vt 0.039064 1.469741
vt 0.120121 1.469741
vt 0.039064 1.000000
vt 0.120121 1.000000
vt 0.120121 1.900418
vt 0.039064 2.000031
vt 0.039064 1.899441
vt 0.120121 2.000031
vt 0.120121 1.792993
vt 0.039064 1.792993
vt 0.120121 1.690451
vt 0.039064 1.690451
vt 0.120121 1.581072
vt 0.039064 1.581072
vt 0.039064 1.899441
vt 0.120121 2.000031
vt 0.120121 1.900418
vt 0.039064 2.000031
vt 0.039064 1.792993
vt 0.120121 1.792993
vt 0.039064 1.690451
vt 0.120121 1.690451
vt 0.039064 1.581072
vt 0.120121 1.581072
vt 0.120121 1.914090
vt 0.039064 1.831080
vt 0.120121 1.831080
vt 0.039064 1.831080
vt 0.120121 1.914090
vt 0.039064 1.914090
vt 0.120121 1.831080
vt 0.039064 1.914090
vt 0.120121 1.914090
vt 0.039064 1.914090
vt 0.120121 1.831080
vt 0.039064 1.831080
vt 0.039064 1.914090
vt 0.120121 2.000031
vt 0.039064 2.000031
vt 0.120121 2.000031
vt 0.039064 1.914090
vt 0.120121 1.914090
vt 0.120121 1.914090
vt 0.039064 2.000031
vt 0.120121 2.000031
vt 0.039064 2.000031
vt 0.120121 1.914090
vt 0.039064 1.914090
vt 0.552751 1.000000
vt 0.591815 1.487320
vt 0.552751 1.487320
vt 0.591815 1.000000
vt 0.591815 2.000031
vt 0.552751 2.000031
vt 0.552751 1.000000
vt 0.591815 1.487320
vt 0.552751 1.487320
vt 0.591815 1.000000
vt 0.591815 2.000031
vt 0.552751 2.000031
vt 0.039064 1.000000
vt 0.120121 1.476577
vt 0.039064 1.476577
vt 0.120121 1.000000
vt 0.120121 2.000031
vt 0.039064 2.000031
vt 0.120121 1.000000
vt 0.039064 1.476577
vt 0.120121 1.476577
vt 0.039064 1.000000
vt 0.039064 2.000031
vt 0.120121 2.000031
vt 0.552751 1.000000
vt 0.591815 1.539079
vt 0.552751 1.539079
vt 0.591815 1.000000
vt 0.591815 2.000031
vt 0.552751 2.000031
vt 0.552751 1.000000
vt 0.591815 1.539079
vt 0.552751 1.539079
vt 0.591815 1.000000
vt 0.591815 2.000031
vt 0.552751 2.000031
vt 0.039064 1.000000
vt 0.120121 1.528337
vt 0.039064 1.528337
vt 0.120121 1.000000
vt 0.120121 2.000031
vt 0.039064 2.000031
vt 0.120121 1.000000
vt 0.039064 1.528337
vt 0.120121 1.528337
vt 0.039064 1.000000
vt 0.039064 2.000031
vt 0.120121 2.000031
vt 0.552751 1.000000
vt 0.591815 1.499039
vt 0.552751 1.499039
vt 0.591815 1.000000
vt 0.591815 2.000031
vt 0.552751 2.000031
vt 0.552751 1.000000
vt 0.591815 1.499039
vt 0.552751 1.499039
vt 0.591815 1.000000
vt 0.591815 2.000031
vt 0.552751 2.000031
vt 0.039064 1.000000
vt 0.120121 1.488296
vt 0.039064 1.488296
vt 0.120121 1.000000
vt 0.120121 2.000031
vt 0.120121 1.000000
vt 0.039064 1.488296
vt 0.120121 1.488296
vt 0.039064 1.000000
vt 0.039064 1.488296
vt 0.120121 2.000031
vt 0.039064 2.000031
vt 0.120121 1.488296
vt 0.039064 2.000031
vt 0.120121 2.000031
vt 0.039064 2.000031
vt 0.120121 1.488296
vt 0.039064 1.488296
vt 0.120121 1.581072
vt 0.039064 1.492203
vt 0.120121 1.492203
vt 0.039064 1.492203
vt 0.120121 1.581072
vt 0.039064 1.581072
vt 0.039064 1.581072
vt 0.120121 1.492203
vt 0.039064 1.492203
vt 0.120121 1.492203
vt 0.039064 1.581072
vt 0.120121 1.581072
vt 0.120121 1.492203
vt 0.039064 1.000000
vt 0.120121 1.000000
vt 0.039064 1.000000
vt 0.120121 1.492203
vt 0.039064 1.492203
vt 0.039064 1.492203
vt 0.120121 1.000000
vt 0.039064 1.000000
vt 0.120121 1.000000
vt 0.039064 1.492203
vt 0.120121 1.492203
vt 0.552751 1.000000
vt 0.216803 1.487320
vt 0.216803 1.000000
vt 0.552751 1.487320
vt 0.216803 2.000031
vt 0.552751 2.000031
vt 0.552751 1.000000
vt 0.216803 1.539079
vt 0.216803 1.000000
vt 0.552751 1.539079
vt 0.216803 2.000031
vt 0.552751 2.000031
vt 0.552751 1.000000
vt 0.216803 1.499039
vt 0.216803 1.000000
vt 0.552751 1.499039
vt 0.216803 2.000031
vt 0.552751 2.000031
vt 0.591815 1.487320
vt 0.927763 1.000000
vt 0.927763 1.487320
vt 0.591815 1.000000
vt 0.591815 2.000031
vt 0.927763 2.000031
vt 0.591815 1.539079
vt 0.927763 1.000000
vt 0.927763 1.539079
vt 0.591815 1.000000
vt 0.591815 2.000031
vt 0.927763 2.000031
vt 0.591815 1.499039
vt 0.927763 1.000000
vt 0.927763 1.499039
vt 0.591815 1.000000
vt 0.591815 2.000031
vt 0.927763 2.000031
f 1/1/1 2/2/2 3/3/3
f 2/2/4 1/1/5 4/4/6
f 5/5/7 4/4/8 1/1/9
f 4/4/10 5/5/11 6/6/12
f 7/7/13 6/6/14 5/5/15
f 6/6/16 7/7/17 8/8/18
f 9/9/19 8/8/20 7/7/21
f 8/8/22 9/9/23 10/10/24
f 11/11/25 10/10/26 9/9/27
f 10/10/28 11/11/29 12/12/30
f 13/13/31 12/12/32 11/11/33
f 12/12/34 13/13/35 14/14/36
f 2/2/37 15/15/38 3/3/39
f 15/15/40 2/2/41 16/16/42
f 17/17/43 18/18/44 19/19/45
f 18/18/46 17/17/47 20/20/48
f 21/21/49 20/20/50 17/17/51
f 20/20/52 21/21/53 22/22/54
f 23/23/55 22/22/56 21/21/57
f 22/22/58 23/23/59 24/24/60
f 25/25/61 24/24/62 23/23/63
f 24/24/64 25/25/65 26/26/66
f 27/27/67 26/26/68 25/25/69
f 26/26/70 27/27/71 28/28/72
f 29/29/73 28/28/74 27/27/75
f 28/28/76 29/29/77 30/30/78
f 31/31/79 19/19/80 18/18/81
f 19/19/82 31/31/83 32/32/84
f 33/33/85 34/34/86 35/35/87
f 34/34/88 33/33/89 36/36/90
f 37/37/91 36/36/92 33/33/93
f 36/36/94 37/37/95 38/38/96
f 39/39/97 38/38/98 37/37/99
f 38/38/100 39/39/101 40/40/102
f 41/41/103 40/40/104 39/39/105
f 40/40/106 41/41/107 42/42/108
f 43/43/109 42/42/110 41/41/111
f 42/42/112 43/43/113 44/44/114
f 45/45/115 44/44/116 43/43/117
f 44/44/118 45/45/119 46/46/120
f 34/34/121 47/47/122 35/35/123
f 47/47/124 34/34/125 48/48/126
f 49/49/127 50/50/128 51/51/129
f 50/50/130 49/49/131 52/52/132
f 53/53/133 52/52/134 49/49/135
f 52/52/136 53/53/137 54/54/138
f 55/55/139 54/54/140 53/53/141
f 54/54/142 55/55/143 56/56/144
f 57/57/145 56/56/146 55/55/147
f 56/56/148 57/57/149 58/58/150
f 59/59/151 58/58/152 57/57/153
f 58/58/154 59/59/155 60/60/156
f 61/61/157 60/60/158 59/59/159
f 60/60/160 61/61/161 62/62/162
f 63/63/163 51/51/164 50/50/165
f 51/51/166 63/63/167 64/64/168
f 65/65/169 66/66/170 67/67/171
f 66/66/172 65/65/173 68/68/174
f 69/69/175 68/68/176 65/65/177
f 68/68/178 69/69/179 70/70/180
f 71/71/181 72/72/182 73/73/183
f 72/72/184 71/71/185 74/74/186
f 75/75/187 74/74/188 71/71/189
f 74/74/190 75/75/191 76/76/192
f 77/77/193 78/78/194 79/79/195
f 78/78/196 77/77/197 80/80/198
f 81/81/199 80/80/200 77/77/201
f 80/80/202 81/81/203 82/82/204
f 83/83/205 84/84/206 85/85/207
f 84/84/208 83/83/209 86/86/210
f 87/87/211 86/86/212 83/83/213
f 86/86/214 87/87/215 88/88/216
f 89/89/217 90/90/218 91/91/219
f 90/90/220 89/89/221 92/92/222
f 93/93/223 92/92/224 89/89/225
f 92/92/226 93/93/227 94/94/228
f 95/95/229 96/96/230 97/97/231
f 96/96/232 95/95/233 98/98/234
f 99/99/235 98/98/236 95/95/237
f 98/98/238 99/99/239 100/100/240
f 101/101/241 102/102/242 103/103/243
f 102/102/244 101/101/245 104/104/246
f 105/105/247 104/104/248 101/101/249
f 104/104/250 105/105/251 106/106/252
f 107/107/253 108/108/254 109/109/255
f 108/108/256 107/107/257 110/110/258
f 111/111/259 110/110/260 107/107/261
f 110/110/262 111/111/263 112/112/264
f 113/113/265 114/114/266 115/115/267
f 114/114/268 113/113/269 116/116/270
f 117/117/271 116/116/272 113/113/273
f 116/116/274 117/117/275 118/118/276
f 119/119/277 118/118/278 117/117/279
f 118/118/280 119/119/281 120/120/282
f 121/121/283 122/122/284 123/123/285
f 122/122/286 121/121/287 124/124/288
f 125/125/289 124/124/290 121/121/291
f 124/124/292 125/125/293 126/126/294
f 127/127/295 126/126/296 125/125/297
f 126/126/298 127/127/299 128/128/300
f 129/129/301 130/130/302 131/131/303
f 130/130/304 129/129/305 132/132/306
f 133/133/307 132/132/308 129/129/309
f 132/132/310 133/133/311 134/134/312
f 135/135/313 134/134/314 133/133/315
f 134/134/316 135/135/317 136/136/318
f 137/137/319 138/138/320 139/139/321
f 138/138/322 137/137/323 140/140/324
f 141/141/325 140/140/326 137/137/327
f 140/140/328 141/141/329 142/142/330
f 143/143/331 142/142/332 141/141/333
f 142/142/334 143/143/335 144/144/336
f 145/145/337 146/146/338 147/147/339
f 146/146/340 145/145/341 148/148/342
f 149/149/343 148/148/344 145/145/345
f 148/148/346 149/149/347 150/150/348
f 151/151/349 150/150/350 149/149/351
f 150/150/352 151/151/353 152/152/354
f 153/153/355 152/152/356 151/151/357
f 152/152/358 153/153/359 154/154/360
f 153/153/361 155/155/362 154/154/363
f 155/155/364 153/153/365 156/156/366
f 156/156/367 157/157/368 155/155/369
f 157/157/370 156/156/371 158/158/372
f 159/159/373 160/160/374 161/161/375
f 160/160/376 159/159/377 162/162/378
f 163/163/379 162/162/380 159/159/381
f 162/162/382 163/163/383 164/164/384
f 165/165/385 164/164/386 163/163/387
f 164/164/388 165/165/389 166/166/390
f 167/167/391 166/166/392 165/165/393
f 166/166/394 167/167/395 168/168/396
f 169/169/397 168/168/398 167/167/399
f 168/168/400 169/169/401 170/170/402
f 171/171/403 170/170/404 169/169/405
f 170/170/406 171/171/407 172/172/408
f 173/173/409 174/174/410 175/175/411
f 174/174/412 173/173/413 176/176/414
f 177/177/415 176/176/416 173/173/417
f 176/176/418 177/177/419 178/178/420
f 179/179/421 178/178/422 177/177/423
f 178/178/424 179/179/425 180/180/426
f 181/181/427 180/180/428 179/179/429
f 180/180/430 181/181/431 182/182/432
f 181/181/433 183/183/434 182/182/435
f 183/183/436 181/181/437 184/184/438
f 184/184/439 185/185/440 183/183/441
f 185/185/442 184/184/443 186/186/444
f 187/187/445 188/188/446 189/189/447
f 188/188/448 187/187/449 190/190/450
f 191/191/451 190/190/452 187/187/453
f 190/190/454 191/191/455 192/192/456
f 193/193/457 192/192/458 191/191/459
f 192/192/460 193/193/461 194/194/462
f 195/195/463 194/194/464 193/193/465
f 194/194/466 195/195/467 196/196/468
f 197/197/469 196/196/470 195/195/471
f 196/196/472 197/197/473 198/198/474
f 199/199/475 198/198/476 197/197/477
f 198/198/478 199/199/479 200/200/480
f 201/201/481 202/202/482 203/203/483
f 202/202/484 201/201/485 204/204/486
f 205/205/487 204/204/488 201/201/489
f 204/204/490 205/205/491 206/206/492
f 207/207/493 206/206/494 205/205/495
f 206/206/496 207/207/497 208/208/498
f 209/209/499 208/208/500 207/207/501
f 208/208/502 209/209/503 210/210/504
f 211/211/505 210/210/506 209/209/507
f 210/210/508 211/211/509 212/212/510
f 213/213/511 214/214/512 215/215/513
f 214/214/514 213/213/515 216/216/516
f 217/217/517 216/216/518 213/213/519
f 216/216/520 217/217/521 218/218/522
f 219/219/523 218/218/524 217/217/525
f 218/218/526 219/219/527 220/220/528
f 221/221/529 220/220/530 219/219/531
f 220/220/532 221/221/533 222/222/534
f 223/223/535 222/222/536 221/221/537
f 222/222/538 223/223/539 224/224/540
f 225/225/541 226/226/542 227/227/543
f 226/226/544 225/225/545 228/228/546
f 229/229/547 228/228/548 225/225/549
f 228/228/550 229/229/551 230/230/552
f 231/231/553 232/232/554 233/233/555
f 232/232/556 231/231/557 234/234/558
f 235/235/559 234/234/560 231/231/561
f 234/234/562 235/235/563 236/236/564
f 237/237/565 238/238/566 239/239/567
f 238/238/568 237/237/569 240/240/570
f 241/241/571 240/240/572 237/237/573
f 240/240/574 241/241/575 242/242/576
f 243/243/577 244/244/578 245/245/579
f 244/244/580 243/243/581 246/246/582
f 247/247/583 246/246/584 243/243/585
f 246/246/586 247/247/587 248/248/588
f 249/249/589 250/250/590 251/251/591
f 250/250/592 249/249/593 252/252/594
f 253/253/595 252/252/596 249/249/597
f 252/252/598 253/253/599 254/254/600
f 255/255/601 254/254/602 253/253/603
f 254/254/604 255/255/605 256/256/606
f 257/257/607 258/258/608 259/259/609
f 258/258/610 257/257/611 260/260/612
f 261/261/613 260/260/614 257/257/615
f 260/260/616 261/261/617 262/262/618
f 263/263/619 262/262/620 261/261/621
f 262/262/622 263/263/623 264/264/624
f 265/265/625 266/266/626 267/267/627
f 266/266/628 265/265/629 268/268/630
f 269/269/631 268/268/632 265/265/633
f 268/268/634 269/269/635 270/270/636
f 271/271/637 270/270/638 269/269/639
f 270/270/640 271/271/641 272/272/642
f 273/273/643 272/272/644 271/271/645
f 272/272/646 273/273/647 274/274/648
f 275/275/649 276/276/650 277/277/651
f 276/276/652 275/275/653 278/278/654
f 279/279/655 278/278/656 275/275/657
f 278/278/658 279/279/659 280/280/660
f 281/281/661 280/280/662 279/279/663
f 280/280/664 281/281/665 282/282/666
f 283/283/667 282/282/668 281/281/669
f 282/282/670 283/283/671 284/284/672
f 285/285/673 286/286/674 287/287/675
f 288/288/676 289/289/677 290/290/678
f 291/291/679 292/292/680 293/293/681
f 294/294/682 295/295/683 296/296/684
f 297/297/685 298/298/686 299/299/687
f 300/300/688 301/301/689 302/302/690
f 303/303/691 304/304/692 305/305/693
f 306/306/694 307/307/695 308/308/696
f 309/309/697 310/310/698 311/311/699
f 310/310/700 309/309/701 312/312/702
f 312/312/703 313/313/704 310/310/705
f 313/313/706 312/312/707 314/314/708
f 315/315/709 316/316/710 317/317/711
f 316/316/712 315/315/713 318/318/714
f 318/318/715 319/319/716 316/316/717
f 319/319/718 318/318/719 320/320/720
f 321/321/721 322/322/722 323/323/723
f 322/322/724 321/321/725 324/324/726
f 324/324/727 325/325/728 322/322/729
f 325/325/730 324/324/731 326/326/732
f 327/327/733 328/328/734 329/329/735
f 328/328/736 327/327/737 330/330/738
f 330/330/739 331/331/740 328/328/741
f 331/331/742 330/330/743 332/332/744
f 333/333/745 334/334/746 335/335/747
f 334/334/748 333/333/749 336/336/750
f 336/336/751 337/337/752 334/334/753
f 337/337/754 336/336/755 338/338/756
f 339/339/757 340/340/758 341/341/759
f 340/340/760 339/339/761 342/342/762
f 342/342/763 343/343/764 340/340/765
f 343/343/766 342/342/767 344/344/768
f 345/345/769 346/346/770 347/347/771
f 346/346/772 345/345/773 348/348/774
f 348/348/775 349/349/776 346/346/777
f 349/349/778 348/348/779 350/350/780
f 351/351/781 352/352/782 353/353/783
f 352/352/784 351/351/785 354/354/786
f 354/354/787 355/355/788 352/352/789
f 355/355/790 354/354/791 356/356/792
f 357/357/793 358/358/794 359/359/795
f 358/358/796 357/357/797 360/360/798
f 360/360/799 361/361/800 358/358/801
f 361/361/802 360/360/803 362/362/804
f 363/363/805 364/364/806 365/365/807
f 364/364/808 363/363/809 366/366/810
f 366/366/811 367/367/812 364/364/813
f 367/367/814 366/366/815 368/368/816
f 369/369/817 370/370/818 371/371/819
f 370/370/820 369/369/821 372/372/822
f 372/372/823 373/373/824 370/370/825
f 374/374/826 375/375/827 376/376/828
f 375/375/829 374/374/830 377/377/831
f 378/378/832 379/379/833 380/380/834
f 381/381/835 382/382/836 383/383/837
f 384/384/838 385/385/839 386/386/840
f 387/387/841 388/388/842 389/389/843
f 390/390/844 391/391/845 392/392/846
f 393/393/847 394/394/848 395/395/849
f 396/396/850 397/397/851 398/398/852
f 399/399/853 400/400/854 401/401/855
f 402/402/856 403/403/857 404/404/858
f 405/405/859 406/406/860 407/407/861
f 408/408/862 409/409/863 410/410/864
f 411/411/865 412/412/866 413/413/867
f 412/412/868 411/411/869 414/414/870
f 415/415/871 413/413/872 412/412/873
f 413/413/874 415/415/875 416/416/876
f 417/417/877 418/418/878 419/419/879
f 418/418/880 417/417/881 420/420/882
f 421/421/883 419/419/884 418/418/885
f 419/419/886 421/421/887 422/422/888
f 423/423/889 424/424/890 425/425/891
f 424/424/892 423/423/893 426/426/894
f 427/427/895 425/425/896 424/424/897
f 425/425/898 427/427/899 428/428/900
f 429/429/901 430/430/902 431/431/903
f 430/430/904 429/429/905 432/432/906
f 433/433/907 432/432/908 429/429/909
f 432/432/910 433/433/911 434/434/912
f 435/435/913 436/436/914 437/437/915
f 436/436/916 435/435/917 438/438/918
f 439/439/919 438/438/920 435/435/921
f 438/438/922 439/439/923 440/440/924
f 441/441/925 442/442/926 443/443/927
f 442/442/928 441/441/929 444/444/930
f 445/445/931 444/444/932 441/441/933
f 444/444/934 445/445/935 446/446/936
f 447/447/937 448/448/938 449/449/939
f 448/448/940 447/447/941 450/450/942
f 451/451/943 448/448/944 450/450/945
f 448/448/946 451/451/947 452/452/948
f 449/449/949 453/453/950 447/447/951
f 453/453/952 449/449/953 454/454/954
f 454/454/955 455/455/956 453/453/957
f 455/455/958 454/454/959 456/456/960
f 456/456/961 457/457/108 455/455/962
f 457/457/963 456/456/964 458/458/965
f 458/458/966 459/459/967 457/457/968
f 459/459/969 458/458/970 460/460/971
f 460/460/972 461/461/973 459/459/974
f 461/461/975 460/460/976 462/462/977
f 463/463/978 464/464/979 465/465/980
f 464/464/981 463/463/982 466/466/983
f 466/466/984 467/467/985 464/464/986
f 467/467/987 466/466/988 468/468/989
f 465/465/990 469/469/991 463/463/992
f 469/469/993 465/465/994 470/470/995
f 470/470/996 471/471/997 469/469/998
f 471/471/999 470/470/1000 472/472/1001
f 472/472/1002 473/473/1003 471/471/1004
f 473/473/1005 472/472/1006 474/474/1007
f 474/474/1008 475/475/1009 473/473/1010
f 475/475/1011 474/474/1012 476/476/1013
f 476/476/1014 477/477/1015 475/475/1016
f 477/477/1017 476/476/1018 478/478/1019
f 479/479/1020 480/480/1021 481/481/1022
f 480/480/1023 479/479/1024 482/482/1025
f 483/483/1026 480/480/1027 482/482/1028
f 480/480/1029 483/483/1030 484/484/1031
f 481/481/1032 485/485/1033 479/479/1034
f 485/485/1035 481/481/1036 486/486/1037
f 486/486/1038 487/487/1039 485/485/1040
f 487/487/1041 486/486/1042 488/488/1043
f 488/488/1044 489/489/1045 487/487/1046
f 489/489/1047 488/488/1048 490/490/1049
f 490/490/1050 491/491/1051 489/489/1052
f 491/491/1053 490/490/1054 492/492/1055
f 492/492/1056 493/493/1057 491/491/1058
f 493/493/1059 492/492/1060 494/494/1061
f 495/495/1062 496/496/1063 497/497/1064
f 496/496/1065 495/495/1066 498/498/1067
f 498/498/1068 499/499/1069 496/496/1070
f 499/499/1071 498/498/1072 500/500/1073
f 497/497/1074 501/501/1075 495/495/1076
f 501/501/1077 497/497/1078 502/502/1079
f 502/502/1080 503/503/1081 501/501/1082
f 503/503/1083 502/502/1084 504/504/1085
f 504/504/1086 505/505/1087 503/503/1088
f 505/505/1089 504/504/1090 506/506/1091
f 506/506/1092 507/507/1093 505/505/1094
f 507/507/1095 506/506/1096 508/508/1097
f 508/508/1098 509/509/1099 507/507/1100
f 509/509/1101 508/508/1102 510/510/1103
f 511/511/1104 512/512/1105 513/513/1106
f 512/512/1107 511/511/1108 514/514/1109
f 513/513/1110 515/515/1111 511/511/1112
f 515/515/1113 513/513/1114 516/516/1115
f 517/517/1116 518/518/1117 519/519/1118
f 518/518/1119 517/517/1120 520/520/1121
f 519/519/1122 521/521/1123 517/517/1124
f 521/521/1125 519/519/1126 522/522/1127
f 523/523/1128 524/524/1129 525/525/1130
f 524/524/1131 523/523/1132 526/526/1133
f 525/525/1134 527/527/1135 523/523/1136
f 527/527/1137 525/525/1138 528/528/1139
f 529/529/1140 530/530/1141 531/531/1142
f 530/530/1143 529/529/1144 532/532/1145
f 531/531/1146 533/533/1147 529/529/1148
f 533/533/1149 531/531/1150 534/534/1151
f 535/535/1152 536/536/1153 537/537/1154
f 536/536/1155 535/535/1156 538/538/1157
f 537/537/420 539/539/1158 535/535/1159
f 539/539/1160 537/537/1161 540/540/1162
f 541/541/1163 542/542/1164 543/543/1165
f 542/542/1166 541/541/1167 544/544/1168
f 543/543/1169 545/545/1170 541/541/1171
f 545/545/1172 543/543/1173 546/546/1174
f 547/547/1175 548/548/1176 549/549/1177
f 548/548/1178 547/547/1179 550/550/1180
f 549/549/1181 551/551/1182 547/547/1183
f 551/551/1184 549/549/1185 552/552/1186
f 553/553/1187 554/554/1188 555/555/1189
f 554/554/1190 553/553/1191 556/556/1192
f 555/555/1193 557/557/1194 553/553/1195
f 557/557/1196 555/555/1197 558/558/264
f 559/559/1198 560/560/1199 561/561/1200
f 560/560/1201 559/559/1202 562/562/1203
f 561/561/1204 563/563/1205 559/559/1206
f 563/563/1207 561/561/1208 564/564/1209
f 564/564/1210 565/565/1211 563/563/1212
f 565/565/1213 564/564/1214 566/566/1215
f 567/567/1216 568/568/1217 569/569/1218
f 568/568/1219 567/567/1220 570/570/1221
f 569/569/1222 571/571/1223 567/567/1224
f 571/571/1225 569/569/1226 572/572/1227
f 572/572/1228 573/573/1229 571/571/1230
f 573/573/1231 572/572/1232 574/574/1233
f 575/575/1234 576/576/1235 577/577/1236
f 576/576/1237 575/575/1238 578/578/1239
f 577/577/1240 579/579/1241 575/575/1242
f 579/579/1243 577/577/1244 580/580/1245
f 580/580/1246 581/581/1247 579/579/1248
f 581/581/1249 580/580/1250 582/582/1251
f 583/583/1252 584/584/1253 585/585/1254
f 584/584/1255 583/583/1256 586/586/1257
f 585/585/1258 587/587/1259 583/583/1260
f 587/587/1261 585/585/1262 588/588/1263
f 588/588/1264 589/589/1265 587/587/1266
f 589/589/1267 588/588/1268 590/590/1269
f 591/591/1270 592/592/1271 593/593/1272
f 592/592/1273 591/591/1274 594/594/1275
f 593/593/1276 595/595/1277 591/591/1278
f 595/595/1279 593/593/1280 596/596/1281
f 596/596/1282 597/597/1283 595/595/1284
f 597/597/1285 596/596/1286 598/598/1287
f 598/598/1288 599/599/1289 597/597/1290
f 599/599/1291 598/598/1292 600/600/1293
f 601/601/1294 599/599/1295 600/600/1296
f 599/599/1297 601/601/1298 602/602/1299
f 603/603/1300 602/602/1301 601/601/1302
f 602/602/1303 603/603/1304 604/604/1305
f 605/605/1306 606/606/1307 607/607/1308
f 606/606/1309 605/605/1310 608/608/1311
f 607/607/1312 609/609/1313 605/605/1314
f 609/609/1315 607/607/1316 610/610/1317
f 610/610/1318 611/611/1319 609/609/1320
f 611/611/1321 610/610/1322 612/612/1323
f 612/612/1324 613/613/1325 611/611/1326
f 613/613/1327 612/612/1328 614/614/1329
f 614/614/1330 615/615/1331 613/613/1332
f 615/615/1333 614/614/1334 616/616/1335
f 616/616/1336 617/617/1337 615/615/1338
f 617/617/1339 616/616/1340 618/618/1341
f 619/619/1342 620/620/1343 621/621/1344
f 620/620/1345 619/619/1346 622/622/1347
f 621/621/1348 623/623/1349 619/619/1350
f 623/623/1351 621/621/1352 624/624/1353
f 624/624/1354 625/625/1355 623/623/1356
f 625/625/1357 624/624/1358 626/626/1359
f 626/626/1360 627/627/1361 625/625/1362
f 627/627/1363 626/626/1364 628/628/1365
f 629/629/1366 627/627/1367 628/628/1368
f 627/627/1369 629/629/1370 630/630/1371
f 631/631/1372 630/630/1373 629/629/1374
f 630/630/1375 631/631/1376 632/632/1377
f 633/633/1378 634/634/1379 635/635/1380
f 634/634/1381 633/633/1382 636/636/1383
f 635/635/1384 637/637/1385 633/633/1386
f 637/637/1387 635/635/1388 638/638/1389
f 638/638/1390 639/639/1391 637/637/1392
f 639/639/1393 638/638/1394 640/640/1395
f 640/640/1396 641/641/1397 639/639/1398
f 641/641/1399 640/640/1400 642/642/1401
f 642/642/1402 643/643/1403 641/641/1404
f 643/643/1405 642/642/1406 644/644/1407
f 644/644/1408 645/645/1409 643/643/1410
f 645/645/1411 644/644/1412 646/646/1413
f 647/647/1414 648/648/1415 649/649/1416
f 648/648/1417 647/647/1418 650/650/1419
f 649/649/1420 651/651/1421 647/647/1422
f 651/651/1423 649/649/1424 652/652/1425
f 652/652/1426 653/653/1427 651/651/1428
f 653/653/1429 652/652/1430 654/654/1431
f 654/654/1432 655/655/1433 653/653/1434
f 655/655/1435 654/654/1436 656/656/1437
f 656/656/1438 657/657/1439 655/655/1440
f 657/657/1441 656/656/1442 658/658/1443
f 659/659/1444 660/660/1445 661/661/1446
f 660/660/1447 659/659/1448 662/662/1449
f 661/661/1450 663/663/1451 659/659/1452
f 663/663/1453 661/661/1454 664/664/1455
f 664/664/1456 665/665/1457 663/663/1458
f 665/665/1459 664/664/1460 666/666/1461
f 666/666/1462 667/667/1463 665/665/1464
f 667/667/1465 666/666/1466 668/668/1467
f 668/668/1468 669/669/1469 667/667/1470
f 669/669/1471 668/668/1472 670/670/1473
f 671/671/1474 672/672/1475 673/673/1476
f 672/672/1477 671/671/1478 674/674/1479
f 673/673/1480 675/675/1481 671/671/1482
f 675/675/1483 673/673/1484 676/676/1485
f 677/677/1486 678/678/1487 679/679/1488
f 678/678/1489 677/677/1490 680/680/1491
f 679/679/1492 681/681/1493 677/677/1494
f 681/681/1495 679/679/1496 682/682/1497
f 683/683/1498 684/684/1499 685/685/1500
f 684/684/1501 683/683/1502 686/686/1503
f 685/685/1504 687/687/1505 683/683/1506
f 687/687/1507 685/685/1508 688/688/1509
f 689/689/1510 690/690/1511 691/691/1512
f 690/690/1513 689/689/1514 692/692/1515
f 691/691/1516 693/693/1517 689/689/1518
f 693/693/1519 691/691/1520 694/694/1521
f 695/695/1522 696/696/1523 697/697/1524
f 696/696/1525 695/695/1526 698/698/1527
f 697/697/1528 699/699/1529 695/695/1530
f 699/699/1531 697/697/1532 700/700/1533
f 700/700/1534 701/701/1535 699/699/1536
f 701/701/1537 700/700/1538 702/702/1539
f 703/703/1540 704/704/1541 705/705/1542
f 704/704/1543 703/703/1544 706/706/1545
f 705/705/1546 707/707/1547 703/703/1548
f 707/707/1549 705/705/1550 708/708/1551
f 708/708/1552 709/709/1553 707/707/1554
f 709/709/1555 708/708/1556 710/710/1557
f 711/711/1558 712/712/1559 713/713/1560
f 712/712/1561 711/711/1562 714/714/1563
f 713/713/1564 715/715/1565 711/711/1566
f 715/715/1567 713/713/1568 716/716/1569
f 716/716/1570 717/717/1571 715/715/1572
f 717/717/1573 716/716/1574 718/718/1575
f 718/718/1576 719/719/1577 717/717/1578
f 719/719/1579 718/718/1580 720/720/1581
f 721/721/1582 722/722/1583 723/723/1584
f 722/722/1585 721/721/1586 724/724/1587
f 723/723/1588 725/725/1589 721/721/1590
f 725/725/1591 723/723/1592 726/726/1593
f 726/726/1594 727/727/1595 725/725/1596
f 727/727/1597 726/726/1598 728/728/1599
f 728/728/1600 729/729/1601 727/727/1602
f 729/729/1603 728/728/1604 730/730/1605
f 731/731/1606 732/732/1607 733/733/1608
f 734/734/1609 735/735/1610 736/736/1611
f 737/737/1612 738/738/1613 739/739/1614
f 740/740/1615 741/741/1616 742/742/1617
f 743/743/1618 744/744/1619 745/745/1620
f 746/746/1621 747/747/1622 748/748/1623
f 749/749/1624 750/750/1625 751/751/1626
f 752/752/1627 753/753/1628 754/754/1629
f 755/755/1630 756/756/1631 757/757/1632
f 756/756/1633 755/755/1634 758/758/1635
f 759/759/1636 757/757/1637 756/756/1638
f 757/757/1639 759/759/1640 760/760/1641
f 761/761/1642 762/762/1643 763/763/1644
f 762/762/1645 761/761/1646 764/764/1647
f 765/765/1648 763/763/1649 762/762/1650
f 763/763/1651 765/765/1652 766/766/1653
f 767/767/1654 768/768/1655 769/769/1656
f 768/768/1657 767/767/1658 770/770/1659
f 771/771/1660 769/769/1661 768/768/1662
f 769/769/1663 771/771/1664 772/772/1665
f 773/773/1666 774/774/1667 775/775/1668
f 774/774/1669 773/773/1670 776/776/1671
f 777/777/1672 775/775/1673 774/774/1674
f 775/775/1675 777/777/1676 778/778/1677
f 779/779/1678 780/780/1679 781/781/1680
f 780/780/1681 779/779/1682 782/782/1683
f 783/783/1684 781/781/1685 780/780/1686
f 781/781/1687 783/783/1688 784/784/1689
f 785/785/1690 786/786/1691 787/787/1692
f 786/786/1693 785/785/1694 788/788/1695
f 789/789/1696 787/787/1697 786/786/1698
f 787/787/1699 789/789/1700 790/790/1701
f 791/791/1702 792/792/1703 793/793/1704
f 792/792/1705 791/791/1706 794/794/1707
f 795/795/1708 793/793/1709 792/792/1710
f 793/793/1711 795/795/1712 796/796/1713
f 797/797/1714 798/798/1715 799/799/1716
f 798/798/1717 797/797/1718 800/800/1719
f 801/801/1720 799/799/1721 798/798/1722
f 799/799/1723 801/801/1724 802/802/1725
f 803/803/1726 804/804/1727 805/805/1728
f 804/804/1729 803/803/1730 806/806/1731
f 807/807/1732 805/805/1733 804/804/1734
f 805/805/1735 807/807/1736 808/808/1737
f 809/809/1738 810/810/1739 811/811/1740
f 810/810/1741 809/809/1742 812/812/1743
f 813/813/1744 811/811/1745 810/810/1746
f 811/811/1747 813/813/1748 814/814/1749
f 815/815/1750 816/816/1751 817/817/1752
f 816/816/1753 815/815/1754 818/818/1755
f 819/819/1756 817/817/1757 816/816/1758
f 820/820/1759 821/821/1760 822/822/1761
f 821/821/1762 820/820/1763 823/823/1764
f 824/824/1765 825/825/1766 826/826/1767
f 827/827/1768 828/828/1769 829/829/1770
f 830/830/1771 831/831/1772 832/832/1773
f 833/833/1774 834/834/1775 835/835/1776
f 836/836/1777 837/837/1778 838/838/1779
f 839/839/1780 840/840/1781 841/841/1782
f 842/842/1783 843/843/1784 844/844/1785
f 845/845/1786 846/846/1787 847/847/1788
f 848/848/1789 849/849/1790 850/850/1791
f 851/851/1792 852/852/1793 853/853/1794
f 854/854/1795 855/855/1796 856/856/1797
f 857/857/1798 858/858/1799 859/859/1800
f 858/858/1801 857/857/1802 860/860/1803
f 860/860/1804 861/861/1805 858/858/1806
f 861/861/1807 860/860/1808 862/862/1809
f 863/863/1810 864/864/1811 865/865/1812
f 864/864/1813 863/863/1814 866/866/1815
f 866/866/1816 867/867/1817 864/864/1818
f 867/867/1819 866/866/1820 868/868/1821
f 869/869/1822 870/870/1823 871/871/1824
f 870/870/1825 869/869/1826 872/872/1827
f 872/872/1828 873/873/1829 870/870/1830
f 873/873/1831 872/872/1832 874/874/1833
f 875/875/1834 876/876/1835 877/877/1836
f 876/876/1837 875/875/1838 878/878/1839
f 877/877/1840 879/879/1841 875/875/1842
f 879/879/1843 877/877/1844 880/880/1845
f 881/881/1846 882/882/1847 883/883/1848
f 882/882/1849 881/881/1850 884/884/1851
f 883/883/1852 885/885/1853 881/881/1854
f 885/885/1855 883/883/1856 886/886/1857
f 887/887/1858 888/888/1859 889/889/1860
f 888/888/1861 887/887/1862 890/890/1863
f 889/889/1864 891/891/1865 887/887/1866
f 891/891/1867 889/889/1868 892/892/1869
